defect_id,batch_id,defect_type,severity,defect_date,resolution_status
1,7636,Dimension Error,Low,2025-09-16,Resolved
2,8986,Material Defect,Low,2025-05-03,Scrapped
3,7990,Material Defect,Medium,2025-02-22,Under Review
4,3815,Dimension Error,Low,2025-07-18,Scrapped
5,933,Material Defect,Low,2025-07-24,Under Review
6,7592,Dimension Error,Medium,2025-01-29,Under Review
7,6994,Assembly Error,Low,2025-05-03,Resolved
8,9654,Electrical Failure,Medium,2025-02-14,Resolved
9,5797,Surface Damage,Low,2025-03-13,Resolved
10,1559,Material Defect,Medium,2025-06-24,Resolved
11,7683,Surface Damage,Medium,2025-06-25,Scrapped
12,8073,Dimension Error,Critical,2025-06-29,Scrapped
13,8732,Material Defect,Low,2025-05-28,Resolved
14,6137,Machine Error,Medium,2025-07-31,Under Review
15,4005,Material Defect,Critical,2025-02-08,Resolved
16,3119,Dimension Error,High,2025-06-14,Under Review
17,6568,Material Defect,Medium,2025-02-18,Scrapped
18,5576,Assembly Error,Medium,2025-11-15,Scrapped
19,2803,Surface Damage,Low,2025-09-18,Under Review
20,5612,Dimension Error,Medium,2025-01-27,Resolved
21,4416,Electrical Failure,Low,2025-09-23,Resolved
22,2954,Material Defect,Medium,2025-01-06,Scrapped
23,9933,Material Defect,High,2025-05-09,Scrapped
24,3097,Dimension Error,Low,2025-02-13,Scrapped
25,7936,Surface Damage,Low,2025-12-16,Resolved
26,6115,Dimension Error,High,2025-08-18,Under Review
27,8307,Surface Damage,Low,2025-04-15,Under Review
28,7562,Assembly Error,Medium,2025-05-30,Under Review
29,9643,Machine Error,Low,2025-03-31,Under Review
30,2201,Surface Damage,Medium,2025-05-22,Scrapped
31,5112,Material Defect,Critical,2025-01-19,Resolved
32,7703,Material Defect,Medium,2025-03-12,Under Review
33,2261,Dimension Error,Low,2025-09-16,Resolved
34,5374,Material Defect,Critical,2025-07-10,Scrapped
35,6917,Material Defect,High,2025-07-26,Scrapped
36,8760,Surface Damage,High,2025-10-22,Resolved
37,5106,Electrical Failure,Critical,2025-02-08,Resolved
38,9650,Electrical Failure,Critical,2025-12-18,Resolved
39,1869,Electrical Failure,Low,2025-03-03,Under Review
40,3197,Material Defect,Critical,2025-02-02,Resolved
41,6006,Electrical Failure,Medium,2025-08-12,Scrapped
42,5002,Machine Error,High,2025-08-17,Scrapped
43,315,Dimension Error,High,2025-11-12,Resolved
44,1906,Surface Damage,Medium,2025-11-05,Scrapped
45,3193,Electrical Failure,High,2025-09-18,Scrapped
46,6441,Machine Error,Critical,2025-09-08,Under Review
47,2294,Assembly Error,Critical,2025-02-03,Under Review
48,1958,Material Defect,Medium,2025-09-20,Under Review
49,3087,Dimension Error,Critical,2025-04-29,Under Review
50,4863,Electrical Failure,Critical,2025-07-24,Under Review
51,9919,Material Defect,Low,2025-11-29,Scrapped
52,1963,Material Defect,Medium,2025-03-18,Scrapped
53,728,Dimension Error,Low,2025-10-11,Under Review
54,1073,Surface Damage,Critical,2025-07-23,Scrapped
55,1413,Machine Error,Low,2025-07-21,Under Review
56,2102,Machine Error,Medium,2025-05-03,Under Review
57,1978,Assembly Error,Critical,2025-10-06,Resolved
58,6841,Assembly Error,Medium,2025-11-25,Resolved
59,8849,Material Defect,Critical,2025-05-02,Under Review
60,277,Electrical Failure,Medium,2025-06-23,Scrapped
61,8556,Dimension Error,High,2025-10-20,Resolved
62,7793,Material Defect,High,2025-12-08,Scrapped
63,8429,Material Defect,High,2025-03-22,Under Review
64,3718,Electrical Failure,High,2025-01-29,Resolved
65,139,Electrical Failure,Medium,2025-03-29,Scrapped
66,63,Surface Damage,Medium,2025-05-22,Scrapped
67,1276,Dimension Error,Low,2025-10-25,Scrapped
68,8468,Dimension Error,Low,2025-02-15,Resolved
69,2874,Dimension Error,Critical,2025-07-15,Resolved
70,5345,Electrical Failure,High,2025-05-19,Resolved
71,8028,Electrical Failure,High,2025-11-20,Under Review
72,9370,Dimension Error,Critical,2025-10-27,Under Review
73,5192,Material Defect,Critical,2025-08-30,Resolved
74,2487,Material Defect,Low,2025-07-30,Under Review
75,9583,Electrical Failure,High,2025-06-13,Under Review
76,5616,Dimension Error,High,2025-03-15,Under Review
77,7637,Machine Error,High,2025-01-27,Resolved
78,8772,Electrical Failure,Low,2025-11-13,Scrapped
79,6136,Machine Error,Medium,2025-12-18,Resolved
80,3738,Machine Error,Critical,2025-12-02,Scrapped
81,6747,Assembly Error,Low,2025-09-16,Scrapped
82,4727,Machine Error,High,2025-07-24,Resolved
83,3082,Electrical Failure,Critical,2025-01-18,Under Review
84,5761,Assembly Error,Low,2025-03-24,Under Review
85,4663,Assembly Error,High,2025-06-02,Under Review
86,5274,Electrical Failure,Critical,2025-01-14,Scrapped
87,1397,Surface Damage,Medium,2025-05-18,Scrapped
88,5904,Assembly Error,Medium,2025-11-26,Resolved
89,4493,Surface Damage,High,2025-12-03,Under Review
90,3118,Machine Error,Low,2025-09-05,Under Review
91,9750,Electrical Failure,High,2025-01-19,Scrapped
92,8223,Machine Error,High,2025-06-13,Scrapped
93,1687,Dimension Error,Low,2025-08-20,Scrapped
94,3357,Machine Error,Critical,2025-03-27,Under Review
95,2931,Assembly Error,Medium,2025-10-09,Under Review
96,2672,Material Defect,Critical,2025-06-05,Resolved
97,3102,Machine Error,Medium,2025-02-02,Resolved
98,7841,Electrical Failure,Low,2025-05-30,Resolved
99,6424,Machine Error,High,2025-03-04,Under Review
100,3636,Machine Error,Critical,2025-09-18,Resolved
101,8835,Material Defect,High,2025-02-22,Scrapped
102,3963,Machine Error,Medium,2025-04-11,Under Review
103,4574,Surface Damage,Low,2025-12-26,Scrapped
104,4742,Assembly Error,High,2025-09-04,Under Review
105,7421,Electrical Failure,High,2025-08-10,Under Review
106,726,Surface Damage,Critical,2025-05-17,Resolved
107,11,Dimension Error,Medium,2025-10-01,Under Review
108,4706,Machine Error,Low,2025-05-20,Resolved
109,3844,Assembly Error,High,2025-05-29,Scrapped
110,2087,Surface Damage,High,2025-07-29,Under Review
111,2932,Machine Error,Low,2025-12-14,Under Review
112,9461,Dimension Error,Medium,2025-06-26,Scrapped
113,1934,Machine Error,Critical,2025-03-04,Resolved
114,191,Electrical Failure,Critical,2025-05-02,Under Review
115,1849,Dimension Error,Medium,2025-06-25,Scrapped
116,9893,Surface Damage,Critical,2025-08-08,Resolved
117,9008,Material Defect,Critical,2025-06-15,Under Review
118,8997,Machine Error,High,2025-02-26,Resolved
119,4208,Material Defect,Low,2025-08-23,Resolved
120,7323,Machine Error,High,2025-05-04,Scrapped
121,539,Surface Damage,Critical,2025-05-19,Resolved
122,8715,Machine Error,High,2025-06-17,Under Review
123,2755,Dimension Error,Low,2025-06-07,Resolved
124,548,Assembly Error,Medium,2025-06-06,Scrapped
125,1291,Surface Damage,Medium,2025-11-02,Resolved
126,9216,Electrical Failure,Low,2025-03-11,Under Review
127,8524,Electrical Failure,High,2025-01-27,Under Review
128,6938,Surface Damage,High,2025-04-10,Scrapped
129,6037,Dimension Error,Critical,2025-07-17,Resolved
130,9194,Material Defect,Critical,2025-11-21,Resolved
131,3221,Material Defect,Low,2025-05-12,Under Review
132,8897,Machine Error,Low,2025-04-30,Resolved
133,7469,Surface Damage,Critical,2025-05-11,Under Review
134,4624,Material Defect,High,2025-08-09,Scrapped
135,5020,Machine Error,High,2025-12-03,Under Review
136,8627,Electrical Failure,High,2025-01-10,Scrapped
137,1003,Machine Error,Low,2025-01-27,Scrapped
138,9007,Assembly Error,Critical,2025-06-10,Scrapped
139,8685,Electrical Failure,High,2025-12-16,Resolved
140,186,Assembly Error,Low,2025-04-28,Scrapped
141,2765,Electrical Failure,Medium,2025-09-19,Resolved
142,1112,Assembly Error,Critical,2025-07-10,Scrapped
143,1403,Assembly Error,High,2025-06-26,Resolved
144,3602,Dimension Error,Medium,2025-07-19,Under Review
145,3102,Material Defect,High,2025-02-11,Resolved
146,6381,Material Defect,Critical,2025-03-21,Resolved
147,4219,Electrical Failure,Medium,2025-02-10,Resolved
148,2285,Material Defect,Low,2025-07-20,Resolved
149,3918,Surface Damage,Low,2025-07-27,Resolved
150,193,Machine Error,High,2025-03-20,Resolved
151,3633,Electrical Failure,High,2025-07-29,Resolved
152,1725,Surface Damage,Critical,2025-12-01,Resolved
153,9254,Assembly Error,High,2025-05-06,Scrapped
154,410,Machine Error,Critical,2025-11-13,Under Review
155,700,Assembly Error,Low,2025-05-04,Scrapped
156,7030,Material Defect,Critical,2025-01-01,Scrapped
157,7649,Dimension Error,Medium,2025-11-15,Resolved
158,807,Electrical Failure,High,2025-03-16,Resolved
159,922,Electrical Failure,High,2025-10-22,Scrapped
160,618,Material Defect,Medium,2025-03-28,Scrapped
161,3244,Machine Error,Critical,2025-07-07,Under Review
162,474,Dimension Error,Critical,2025-05-19,Scrapped
163,5586,Electrical Failure,Medium,2025-06-12,Under Review
164,5474,Dimension Error,Low,2025-04-01,Scrapped
165,5254,Dimension Error,Low,2025-05-14,Scrapped
166,7732,Assembly Error,Medium,2025-07-01,Resolved
167,9599,Electrical Failure,Low,2025-04-25,Resolved
168,8355,Material Defect,Low,2025-11-27,Resolved
169,6320,Dimension Error,Low,2025-05-18,Under Review
170,4707,Surface Damage,Medium,2025-08-30,Resolved
171,1406,Dimension Error,Low,2025-11-21,Under Review
172,6426,Material Defect,Low,2025-10-16,Resolved
173,7898,Surface Damage,Medium,2025-01-25,Under Review
174,7058,Dimension Error,Low,2025-02-13,Resolved
175,6578,Assembly Error,High,2025-05-19,Under Review
176,9185,Machine Error,High,2025-01-12,Resolved
177,7335,Surface Damage,Medium,2025-06-25,Resolved
178,9403,Assembly Error,Low,2025-09-27,Under Review
179,2745,Material Defect,High,2025-08-09,Resolved
180,6394,Surface Damage,Low,2025-03-13,Under Review
181,3849,Assembly Error,Critical,2025-07-04,Scrapped
182,2642,Assembly Error,Medium,2025-12-04,Resolved
183,5656,Surface Damage,Medium,2025-08-03,Resolved
184,1179,Surface Damage,Medium,2025-03-07,Under Review
185,281,Surface Damage,Medium,2025-08-01,Under Review
186,2760,Surface Damage,Medium,2025-05-10,Scrapped
187,638,Material Defect,Medium,2025-08-02,Under Review
188,3931,Assembly Error,Critical,2025-10-20,Under Review
189,7404,Assembly Error,Critical,2025-01-04,Scrapped
190,1982,Assembly Error,High,2025-05-31,Under Review
191,3218,Surface Damage,Medium,2025-11-01,Under Review
192,4491,Surface Damage,Low,2025-04-16,Under Review
193,3730,Material Defect,Medium,2025-12-05,Under Review
194,7960,Dimension Error,Medium,2025-07-21,Scrapped
195,5044,Electrical Failure,Medium,2025-08-27,Scrapped
196,1868,Surface Damage,Low,2025-07-03,Scrapped
197,5848,Machine Error,High,2025-06-14,Scrapped
198,5943,Dimension Error,Critical,2025-05-15,Resolved
199,1349,Machine Error,Low,2025-06-22,Resolved
200,3707,Material Defect,Low,2025-01-25,Under Review
201,9251,Machine Error,Medium,2025-02-06,Under Review
202,8675,Assembly Error,Medium,2025-09-12,Resolved
203,2375,Surface Damage,Low,2025-05-21,Under Review
204,5291,Material Defect,Low,2025-01-08,Resolved
205,348,Electrical Failure,Critical,2025-12-08,Scrapped
206,2767,Electrical Failure,Critical,2025-09-09,Scrapped
207,1435,Dimension Error,Critical,2025-04-28,Scrapped
208,9538,Surface Damage,Low,2025-06-25,Scrapped
209,4697,Material Defect,Critical,2025-03-04,Scrapped
210,5967,Surface Damage,Low,2025-11-14,Resolved
211,4367,Assembly Error,Critical,2025-03-01,Resolved
212,3257,Material Defect,Low,2025-04-16,Resolved
213,7964,Electrical Failure,Medium,2025-02-12,Resolved
214,1792,Machine Error,Medium,2025-03-25,Scrapped
215,6951,Material Defect,Medium,2025-09-26,Resolved
216,403,Material Defect,Critical,2025-01-13,Resolved
217,9252,Machine Error,Low,2025-02-07,Under Review
218,2285,Electrical Failure,Critical,2025-03-03,Resolved
219,8464,Dimension Error,Low,2025-10-22,Scrapped
220,5284,Surface Damage,Low,2025-03-27,Resolved
221,7156,Electrical Failure,Medium,2025-04-26,Under Review
222,4457,Dimension Error,Low,2025-07-19,Resolved
223,6395,Surface Damage,Low,2025-03-23,Scrapped
224,6940,Electrical Failure,High,2025-03-15,Scrapped
225,6732,Material Defect,Critical,2025-04-12,Under Review
226,1064,Dimension Error,Critical,2025-05-01,Under Review
227,2425,Surface Damage,High,2025-05-23,Scrapped
228,7605,Assembly Error,Critical,2025-10-20,Resolved
229,4761,Electrical Failure,Low,2025-03-28,Resolved
230,1900,Assembly Error,Low,2025-02-23,Under Review
231,6661,Assembly Error,Critical,2025-10-23,Under Review
232,3509,Dimension Error,Low,2025-07-12,Under Review
233,1230,Machine Error,Low,2025-02-04,Under Review
234,440,Electrical Failure,Low,2025-09-19,Resolved
235,2888,Electrical Failure,Medium,2025-02-18,Under Review
236,790,Assembly Error,Medium,2025-08-08,Resolved
237,9307,Machine Error,Critical,2025-04-28,Resolved
238,4762,Machine Error,Critical,2025-11-23,Under Review
239,5653,Dimension Error,Low,2025-02-16,Scrapped
240,224,Material Defect,Medium,2025-09-06,Resolved
241,7244,Assembly Error,High,2025-07-07,Scrapped
242,316,Dimension Error,Low,2025-06-27,Resolved
243,6174,Electrical Failure,Low,2025-04-08,Scrapped
244,4631,Dimension Error,High,2025-08-19,Scrapped
245,3942,Machine Error,Medium,2025-03-16,Scrapped
246,24,Dimension Error,Critical,2025-10-22,Under Review
247,5309,Dimension Error,High,2025-05-17,Under Review
248,4270,Assembly Error,High,2025-08-24,Scrapped
249,997,Material Defect,Medium,2025-06-13,Resolved
250,4125,Dimension Error,Critical,2025-05-24,Resolved
251,5243,Dimension Error,Low,2025-01-02,Resolved
252,3733,Material Defect,Medium,2025-09-04,Under Review
253,9073,Machine Error,Low,2025-06-30,Under Review
254,2742,Material Defect,High,2025-03-04,Resolved
255,6968,Material Defect,Low,2025-02-04,Resolved
256,7146,Assembly Error,Critical,2025-09-17,Scrapped
257,5422,Assembly Error,Low,2025-10-21,Scrapped
258,9159,Dimension Error,Low,2025-03-08,Under Review
259,9649,Surface Damage,Low,2025-06-06,Resolved
260,1539,Material Defect,Medium,2025-09-29,Resolved
261,2384,Machine Error,Low,2025-12-08,Under Review
262,2269,Electrical Failure,High,2025-07-18,Under Review
263,6004,Assembly Error,Critical,2025-04-04,Under Review
264,1173,Electrical Failure,Critical,2025-01-02,Under Review
265,1519,Assembly Error,High,2025-09-03,Resolved
266,1239,Electrical Failure,Low,2025-10-19,Resolved
267,3434,Surface Damage,High,2025-12-31,Under Review
268,4489,Dimension Error,High,2025-06-08,Under Review
269,1842,Assembly Error,High,2025-02-15,Scrapped
270,5690,Dimension Error,Critical,2025-05-12,Under Review
271,9675,Material Defect,High,2025-11-26,Scrapped
272,2475,Dimension Error,Low,2025-08-08,Resolved
273,6587,Electrical Failure,Low,2025-09-17,Resolved
274,1655,Assembly Error,High,2025-05-06,Under Review
275,3060,Assembly Error,Low,2025-11-28,Under Review
276,6043,Dimension Error,Medium,2025-10-04,Scrapped
277,9361,Material Defect,Low,2025-08-22,Under Review
278,1800,Surface Damage,Medium,2025-07-02,Scrapped
279,3439,Assembly Error,High,2025-03-16,Under Review
280,8454,Dimension Error,High,2025-11-13,Resolved
281,312,Material Defect,Low,2025-07-22,Under Review
282,4841,Dimension Error,Medium,2025-10-20,Scrapped
283,4716,Assembly Error,Critical,2025-09-24,Resolved
284,9436,Material Defect,Critical,2025-09-06,Under Review
285,8337,Machine Error,Low,2025-11-19,Scrapped
286,3885,Dimension Error,Low,2025-08-14,Under Review
287,8771,Material Defect,Critical,2025-12-26,Scrapped
288,1637,Dimension Error,Critical,2025-09-22,Scrapped
289,8404,Surface Damage,High,2025-03-27,Under Review
290,9273,Machine Error,Critical,2025-01-17,Under Review
291,5624,Machine Error,Low,2025-10-08,Under Review
292,5559,Machine Error,Critical,2025-12-07,Resolved
293,2887,Dimension Error,Critical,2025-12-02,Scrapped
294,4760,Assembly Error,Critical,2025-06-16,Under Review
295,1938,Dimension Error,Critical,2025-08-11,Scrapped
296,5936,Dimension Error,High,2025-04-17,Scrapped
297,8431,Surface Damage,Critical,2025-03-30,Under Review
298,4903,Machine Error,Medium,2025-08-15,Resolved
299,2291,Dimension Error,Medium,2025-11-29,Scrapped
300,8405,Surface Damage,Low,2025-08-24,Resolved
301,7139,Material Defect,Medium,2025-03-05,Resolved
302,9991,Electrical Failure,Critical,2025-07-26,Resolved
303,6779,Dimension Error,Low,2025-01-17,Scrapped
304,1445,Surface Damage,Critical,2025-10-30,Scrapped
305,4384,Material Defect,High,2025-02-28,Resolved
306,6282,Dimension Error,High,2025-02-03,Scrapped
307,1686,Assembly Error,Low,2025-06-02,Under Review
308,1775,Assembly Error,Medium,2025-01-20,Under Review
309,905,Machine Error,Low,2025-11-15,Under Review
310,6462,Assembly Error,Medium,2025-01-27,Under Review
311,3510,Electrical Failure,Medium,2025-03-30,Under Review
312,1259,Machine Error,High,2025-12-15,Scrapped
313,4139,Surface Damage,High,2025-07-06,Scrapped
314,6341,Surface Damage,Low,2025-05-22,Resolved
315,359,Electrical Failure,High,2025-02-20,Under Review
316,2018,Material Defect,Critical,2025-10-21,Resolved
317,3526,Assembly Error,High,2025-03-19,Scrapped
318,1298,Material Defect,Low,2025-05-18,Scrapped
319,5803,Assembly Error,Critical,2025-07-15,Under Review
320,8607,Dimension Error,High,2025-04-07,Resolved
321,5200,Assembly Error,Low,2025-10-08,Under Review
322,4810,Electrical Failure,High,2025-07-22,Resolved
323,4133,Material Defect,Medium,2025-09-30,Resolved
324,9674,Assembly Error,Critical,2025-12-02,Resolved
325,765,Electrical Failure,High,2025-08-13,Resolved
326,7917,Electrical Failure,Low,2025-03-09,Scrapped
327,7188,Dimension Error,Critical,2025-11-01,Under Review
328,1046,Material Defect,Low,2025-02-28,Under Review
329,4701,Material Defect,Medium,2025-12-26,Resolved
330,9752,Dimension Error,Medium,2025-05-11,Scrapped
331,287,Assembly Error,Critical,2025-11-30,Resolved
332,5357,Assembly Error,High,2025-09-02,Under Review
333,54,Surface Damage,High,2025-08-17,Resolved
334,5069,Electrical Failure,Medium,2025-06-11,Scrapped
335,1310,Surface Damage,Medium,2025-04-03,Under Review
336,5251,Electrical Failure,High,2025-01-01,Scrapped
337,8742,Material Defect,High,2025-03-17,Under Review
338,9484,Material Defect,Medium,2025-12-01,Scrapped
339,2152,Machine Error,Critical,2025-01-17,Resolved
340,9213,Electrical Failure,Critical,2025-10-25,Scrapped
341,7784,Surface Damage,Low,2025-12-24,Resolved
342,8843,Dimension Error,Critical,2025-05-18,Under Review
343,1353,Electrical Failure,Low,2025-09-18,Scrapped
344,9848,Dimension Error,Critical,2025-01-17,Under Review
345,8115,Electrical Failure,High,2025-08-22,Under Review
346,33,Assembly Error,Low,2025-04-03,Resolved
347,2655,Machine Error,Critical,2025-07-16,Resolved
348,7410,Dimension Error,Critical,2025-12-19,Resolved
349,5578,Surface Damage,High,2025-10-01,Resolved
350,9587,Material Defect,High,2025-10-28,Resolved
351,6721,Machine Error,Medium,2025-12-07,Scrapped
352,2980,Material Defect,Low,2025-11-02,Resolved
353,7096,Electrical Failure,High,2025-07-12,Scrapped
354,93,Machine Error,Medium,2025-06-01,Scrapped
355,8879,Assembly Error,Medium,2025-08-16,Resolved
356,4788,Material Defect,Medium,2025-04-11,Resolved
357,9645,Surface Damage,Low,2025-12-25,Scrapped
358,2008,Assembly Error,Critical,2025-04-11,Under Review
359,4657,Electrical Failure,Critical,2025-06-25,Resolved
360,2407,Dimension Error,Critical,2025-03-03,Scrapped
361,7098,Electrical Failure,Critical,2025-09-03,Under Review
362,4039,Material Defect,Low,2025-05-10,Scrapped
363,3109,Machine Error,Low,2025-06-27,Scrapped
364,8303,Surface Damage,Low,2025-04-27,Under Review
365,173,Surface Damage,High,2025-07-06,Under Review
366,6392,Assembly Error,High,2025-12-13,Resolved
367,8526,Machine Error,Critical,2025-03-07,Scrapped
368,6842,Surface Damage,Medium,2025-05-30,Resolved
369,6614,Dimension Error,Low,2025-02-01,Scrapped
370,3118,Material Defect,Low,2025-08-02,Resolved
371,4291,Surface Damage,Critical,2025-08-14,Scrapped
372,6200,Dimension Error,Medium,2025-02-03,Under Review
373,5537,Electrical Failure,High,2025-12-01,Resolved
374,9608,Electrical Failure,Low,2025-09-29,Scrapped
375,9582,Material Defect,Low,2025-10-01,Under Review
376,3864,Assembly Error,Medium,2025-12-07,Resolved
377,7018,Assembly Error,Medium,2025-08-25,Resolved
378,8426,Assembly Error,High,2025-03-26,Resolved
379,1104,Dimension Error,Low,2025-12-31,Scrapped
380,6629,Machine Error,Low,2025-02-03,Under Review
381,1071,Material Defect,Critical,2025-10-07,Scrapped
382,389,Electrical Failure,Low,2025-01-16,Resolved
383,4854,Assembly Error,Critical,2025-09-08,Under Review
384,9821,Assembly Error,Low,2025-12-23,Under Review
385,9116,Assembly Error,Medium,2025-06-02,Under Review
386,9418,Assembly Error,Medium,2025-12-12,Scrapped
387,5507,Assembly Error,High,2025-12-01,Scrapped
388,817,Material Defect,High,2025-12-26,Resolved
389,8473,Surface Damage,High,2025-04-19,Under Review
390,8016,Electrical Failure,High,2025-01-01,Under Review
391,5999,Machine Error,Critical,2025-06-25,Resolved
392,85,Assembly Error,Medium,2025-01-28,Under Review
393,3528,Machine Error,Critical,2025-08-10,Scrapped
394,1505,Machine Error,Low,2025-07-06,Resolved
395,8286,Material Defect,Medium,2025-07-22,Scrapped
396,9465,Electrical Failure,High,2025-03-09,Under Review
397,2448,Assembly Error,Critical,2025-04-15,Scrapped
398,5586,Surface Damage,Critical,2025-09-16,Under Review
399,4807,Assembly Error,Low,2025-09-12,Under Review
400,1734,Material Defect,High,2025-11-24,Under Review
401,4688,Machine Error,Low,2025-01-30,Resolved
402,7841,Material Defect,Medium,2025-06-09,Resolved
403,2374,Machine Error,Medium,2025-08-30,Resolved
404,7954,Dimension Error,High,2025-09-13,Scrapped
405,7406,Surface Damage,Low,2025-05-29,Under Review
406,4551,Electrical Failure,Critical,2025-02-16,Under Review
407,1442,Surface Damage,Low,2025-12-18,Resolved
408,1237,Dimension Error,Critical,2025-11-28,Under Review
409,5445,Assembly Error,Critical,2025-04-27,Scrapped
410,1252,Material Defect,Medium,2025-07-18,Resolved
411,3279,Assembly Error,Low,2025-12-03,Scrapped
412,5964,Assembly Error,High,2025-11-15,Under Review
413,4085,Dimension Error,Medium,2025-11-17,Resolved
414,9982,Dimension Error,Critical,2025-07-14,Resolved
415,2410,Surface Damage,Critical,2025-02-08,Resolved
416,4859,Surface Damage,Medium,2025-07-16,Under Review
417,5166,Assembly Error,Critical,2025-02-17,Scrapped
418,9601,Surface Damage,Critical,2025-06-11,Scrapped
419,7492,Electrical Failure,High,2025-09-10,Resolved
420,3709,Surface Damage,High,2025-12-03,Under Review
421,4320,Dimension Error,High,2025-11-07,Under Review
422,960,Assembly Error,Critical,2025-07-31,Under Review
423,4858,Machine Error,Critical,2025-02-07,Under Review
424,1473,Assembly Error,Critical,2025-12-09,Under Review
425,2813,Electrical Failure,High,2025-04-04,Resolved
426,9556,Dimension Error,High,2025-02-23,Scrapped
427,3829,Assembly Error,Low,2025-10-14,Resolved
428,1553,Machine Error,Critical,2025-10-17,Resolved
429,8515,Material Defect,High,2025-01-02,Scrapped
430,4857,Assembly Error,Low,2025-06-28,Resolved
431,436,Material Defect,Medium,2025-12-27,Scrapped
432,3298,Machine Error,High,2025-03-04,Under Review
433,300,Machine Error,Medium,2025-03-11,Under Review
434,4069,Dimension Error,Critical,2025-11-01,Under Review
435,2339,Assembly Error,High,2025-05-08,Resolved
436,9574,Assembly Error,High,2025-12-23,Scrapped
437,1913,Machine Error,Critical,2025-01-01,Scrapped
438,1973,Material Defect,High,2025-04-10,Resolved
439,4443,Machine Error,Medium,2025-06-22,Scrapped
440,5319,Dimension Error,Low,2025-03-04,Resolved
441,8093,Dimension Error,Critical,2025-04-28,Under Review
442,764,Machine Error,Critical,2025-10-13,Resolved
443,8490,Dimension Error,Low,2025-01-21,Scrapped
444,408,Material Defect,Medium,2025-06-20,Scrapped
445,6776,Assembly Error,Medium,2025-10-15,Resolved
446,7362,Machine Error,Critical,2025-12-22,Under Review
447,6101,Dimension Error,High,2025-01-13,Resolved
448,9834,Assembly Error,Critical,2025-08-23,Resolved
449,5004,Material Defect,Low,2025-03-26,Scrapped
450,1881,Electrical Failure,High,2025-07-06,Scrapped
451,3922,Machine Error,High,2025-12-12,Resolved
452,4704,Dimension Error,High,2025-03-04,Scrapped
453,677,Material Defect,Low,2025-11-27,Scrapped
454,3208,Electrical Failure,Medium,2025-02-22,Scrapped
455,4709,Electrical Failure,Low,2025-01-03,Under Review
456,4566,Machine Error,High,2025-11-30,Resolved
457,3050,Electrical Failure,Medium,2025-12-30,Under Review
458,823,Assembly Error,Medium,2025-02-10,Scrapped
459,5707,Electrical Failure,High,2025-04-27,Under Review
460,7607,Assembly Error,Critical,2025-04-02,Under Review
461,7044,Surface Damage,Low,2025-08-23,Under Review
462,1217,Dimension Error,Critical,2025-08-30,Scrapped
463,259,Dimension Error,Low,2025-09-02,Resolved
464,8367,Surface Damage,Low,2025-09-04,Under Review
465,5582,Surface Damage,Medium,2025-01-06,Scrapped
466,1158,Assembly Error,Critical,2025-08-23,Scrapped
467,789,Electrical Failure,Low,2025-11-09,Resolved
468,2870,Machine Error,Critical,2025-06-30,Resolved
469,4801,Electrical Failure,Medium,2025-02-10,Resolved
470,6710,Surface Damage,Medium,2025-03-03,Resolved
471,180,Machine Error,Critical,2025-12-02,Resolved
472,3841,Assembly Error,Medium,2025-04-14,Under Review
473,9420,Electrical Failure,Low,2025-02-26,Resolved
474,7875,Material Defect,Medium,2025-12-23,Under Review
475,4747,Dimension Error,High,2025-08-03,Under Review
476,9800,Machine Error,Low,2025-02-23,Scrapped
477,3470,Material Defect,High,2025-09-07,Resolved
478,4544,Machine Error,High,2025-08-06,Resolved
479,5338,Assembly Error,Medium,2025-12-12,Resolved
480,2168,Assembly Error,Critical,2025-05-07,Under Review
481,874,Dimension Error,Medium,2025-03-08,Resolved
482,5801,Electrical Failure,Critical,2025-05-01,Under Review
483,1535,Material Defect,Low,2025-08-26,Scrapped
484,7276,Dimension Error,Low,2025-11-06,Resolved
485,7579,Assembly Error,Critical,2025-05-28,Under Review
486,3449,Surface Damage,Low,2025-03-07,Scrapped
487,2179,Dimension Error,Critical,2025-06-04,Scrapped
488,1646,Machine Error,Medium,2025-05-30,Resolved
489,3948,Material Defect,Low,2025-06-14,Scrapped
490,7871,Assembly Error,Low,2025-08-26,Under Review
491,5335,Material Defect,Critical,2025-11-26,Scrapped
492,1133,Machine Error,Low,2025-08-26,Scrapped
493,6833,Surface Damage,Critical,2025-11-30,Scrapped
494,7015,Assembly Error,Critical,2025-07-19,Scrapped
495,630,Machine Error,Medium,2025-07-30,Scrapped
496,1473,Dimension Error,Critical,2025-02-26,Scrapped
497,1983,Dimension Error,Low,2025-01-30,Under Review
498,2202,Surface Damage,Medium,2025-05-17,Resolved
499,286,Electrical Failure,High,2025-09-27,Under Review
500,6585,Assembly Error,Medium,2025-10-10,Scrapped
501,8293,Electrical Failure,High,2025-09-05,Under Review
502,5884,Dimension Error,Critical,2025-01-27,Scrapped
503,8371,Material Defect,High,2025-11-30,Scrapped
504,7908,Assembly Error,Low,2025-11-10,Resolved
505,852,Surface Damage,Low,2025-06-08,Under Review
506,9165,Dimension Error,Low,2025-09-13,Under Review
507,1939,Assembly Error,High,2025-12-20,Resolved
508,2987,Electrical Failure,High,2025-12-27,Under Review
509,1470,Electrical Failure,Medium,2025-05-14,Under Review
510,8396,Surface Damage,Low,2025-11-27,Under Review
511,3712,Assembly Error,Medium,2025-10-15,Under Review
512,4121,Material Defect,Low,2025-10-15,Scrapped
513,7725,Electrical Failure,Medium,2025-07-27,Under Review
514,354,Surface Damage,Critical,2025-12-07,Scrapped
515,5107,Dimension Error,Low,2025-07-19,Under Review
516,578,Dimension Error,Medium,2025-05-16,Under Review
517,7914,Surface Damage,Low,2025-08-17,Scrapped
518,3227,Electrical Failure,Medium,2025-07-13,Resolved
519,4469,Electrical Failure,Critical,2025-02-18,Scrapped
520,6085,Machine Error,Medium,2025-12-29,Scrapped
521,8510,Assembly Error,Medium,2025-01-26,Resolved
522,1632,Dimension Error,Critical,2025-06-06,Under Review
523,1039,Electrical Failure,Medium,2025-05-22,Scrapped
524,4518,Dimension Error,Low,2025-03-23,Scrapped
525,9634,Electrical Failure,Critical,2025-05-08,Under Review
526,2627,Material Defect,Critical,2025-08-27,Scrapped
527,4569,Assembly Error,Medium,2025-10-27,Resolved
528,8670,Material Defect,Critical,2025-01-10,Resolved
529,67,Machine Error,Low,2025-08-08,Scrapped
530,7022,Material Defect,Low,2025-04-18,Scrapped
531,1194,Material Defect,Critical,2025-07-24,Scrapped
532,7623,Dimension Error,Medium,2025-01-23,Scrapped
533,7336,Machine Error,Medium,2025-06-20,Resolved
534,7499,Material Defect,High,2025-10-03,Under Review
535,7188,Dimension Error,Low,2025-11-10,Under Review
536,461,Dimension Error,Critical,2025-02-07,Under Review
537,507,Electrical Failure,Low,2025-10-12,Scrapped
538,4612,Surface Damage,Low,2025-08-13,Scrapped
539,560,Material Defect,Critical,2025-04-17,Under Review
540,9648,Dimension Error,Medium,2025-04-26,Resolved
541,236,Material Defect,Low,2025-07-07,Resolved
542,4935,Electrical Failure,Medium,2025-11-13,Under Review
543,6694,Dimension Error,Low,2025-01-03,Resolved
544,5814,Assembly Error,Critical,2025-07-25,Under Review
545,9993,Dimension Error,High,2025-07-01,Resolved
546,694,Material Defect,Medium,2025-03-24,Under Review
547,2837,Assembly Error,Medium,2025-04-08,Resolved
548,8220,Assembly Error,Medium,2025-05-09,Under Review
549,5409,Dimension Error,Critical,2025-05-20,Under Review
550,2632,Machine Error,Critical,2025-07-24,Scrapped
551,9583,Surface Damage,Low,2025-09-05,Scrapped
552,6785,Material Defect,High,2025-02-16,Resolved
553,3417,Assembly Error,Low,2025-02-10,Resolved
554,6249,Machine Error,Medium,2025-10-11,Scrapped
555,264,Assembly Error,Medium,2025-01-05,Scrapped
556,5552,Material Defect,Critical,2025-08-10,Under Review
557,8138,Assembly Error,Low,2025-10-03,Resolved
558,268,Dimension Error,High,2025-05-02,Scrapped
559,6961,Assembly Error,High,2025-07-24,Resolved
560,4802,Electrical Failure,Medium,2025-11-10,Under Review
561,4930,Electrical Failure,Critical,2025-09-13,Scrapped
562,4275,Assembly Error,Medium,2025-11-09,Resolved
563,3673,Electrical Failure,Low,2025-02-18,Under Review
564,9944,Assembly Error,Critical,2025-07-04,Scrapped
565,5971,Electrical Failure,Critical,2025-12-10,Scrapped
566,1468,Material Defect,High,2025-03-09,Resolved
567,6420,Electrical Failure,Critical,2025-06-08,Resolved
568,5067,Machine Error,High,2025-12-19,Resolved
569,2940,Machine Error,Medium,2025-08-27,Scrapped
570,2853,Surface Damage,Low,2025-05-07,Resolved
571,6185,Surface Damage,Critical,2025-12-01,Resolved
572,22,Machine Error,Critical,2025-04-04,Under Review
573,6092,Surface Damage,Low,2025-01-07,Under Review
574,7598,Material Defect,High,2025-12-26,Scrapped
575,4806,Dimension Error,Critical,2025-07-15,Resolved
576,1708,Surface Damage,Critical,2025-09-19,Resolved
577,2662,Machine Error,High,2025-09-07,Resolved
578,1455,Material Defect,Critical,2025-12-31,Resolved
579,5866,Dimension Error,Low,2025-03-20,Scrapped
580,7016,Dimension Error,High,2025-03-19,Under Review
581,1288,Surface Damage,Critical,2025-01-06,Under Review
582,2019,Assembly Error,Critical,2025-03-15,Resolved
583,7200,Electrical Failure,High,2025-09-21,Scrapped
584,7681,Material Defect,High,2025-09-21,Under Review
585,3609,Surface Damage,Low,2025-01-13,Resolved
586,1988,Machine Error,Low,2025-02-18,Resolved
587,23,Electrical Failure,Low,2025-02-12,Under Review
588,3417,Material Defect,High,2025-06-15,Resolved
589,2032,Dimension Error,Medium,2025-02-25,Resolved
590,1964,Electrical Failure,Critical,2025-03-08,Scrapped
591,3131,Surface Damage,Low,2025-05-07,Under Review
592,3425,Surface Damage,Critical,2025-01-23,Under Review
593,3796,Dimension Error,High,2025-07-31,Resolved
594,3871,Machine Error,Critical,2025-06-18,Scrapped
595,1692,Dimension Error,High,2025-04-29,Under Review
596,2186,Surface Damage,Medium,2025-07-31,Scrapped
597,628,Machine Error,High,2025-08-21,Under Review
598,7943,Electrical Failure,Medium,2025-11-07,Under Review
599,1747,Electrical Failure,Medium,2025-12-23,Scrapped
600,8896,Material Defect,Medium,2025-01-23,Under Review
601,7223,Electrical Failure,High,2025-04-22,Scrapped
602,3330,Dimension Error,Medium,2025-08-28,Scrapped
603,9284,Dimension Error,Low,2025-11-08,Resolved
604,4292,Surface Damage,Critical,2025-06-02,Scrapped
605,8547,Material Defect,Low,2025-03-19,Resolved
606,4962,Electrical Failure,High,2025-12-11,Resolved
607,9918,Machine Error,High,2025-05-15,Resolved
608,5998,Surface Damage,Critical,2025-03-11,Scrapped
609,8297,Material Defect,Critical,2025-06-02,Under Review
610,7102,Material Defect,Critical,2025-08-25,Resolved
611,5497,Material Defect,Low,2025-05-30,Under Review
612,6443,Material Defect,Medium,2025-08-21,Resolved
613,7112,Surface Damage,High,2025-07-15,Under Review
614,7201,Electrical Failure,Medium,2025-08-16,Under Review
615,3284,Dimension Error,Low,2025-04-08,Resolved
616,8584,Dimension Error,Low,2025-04-14,Resolved
617,8642,Dimension Error,Medium,2025-09-29,Resolved
618,1926,Material Defect,Medium,2025-07-10,Scrapped
619,706,Dimension Error,Critical,2025-01-28,Resolved
620,3553,Machine Error,Medium,2025-10-17,Resolved
621,1232,Material Defect,Low,2025-01-02,Resolved
622,3531,Assembly Error,Medium,2025-05-21,Resolved
623,6629,Material Defect,Medium,2025-05-06,Resolved
624,2296,Machine Error,Critical,2025-04-18,Under Review
625,2129,Assembly Error,High,2025-07-22,Resolved
626,6532,Surface Damage,Low,2025-02-03,Scrapped
627,958,Surface Damage,High,2025-03-07,Under Review
628,1087,Surface Damage,Critical,2025-09-18,Resolved
629,3450,Dimension Error,High,2025-09-06,Resolved
630,3485,Surface Damage,High,2025-01-03,Under Review
631,288,Electrical Failure,Medium,2025-07-12,Under Review
632,6147,Material Defect,Critical,2025-08-29,Scrapped
633,2752,Surface Damage,High,2025-02-20,Under Review
634,3259,Assembly Error,Medium,2025-02-28,Under Review
635,3934,Surface Damage,High,2025-05-14,Under Review
636,1641,Assembly Error,Low,2025-03-29,Under Review
637,5566,Electrical Failure,Low,2025-06-25,Under Review
638,7901,Machine Error,Medium,2025-02-16,Under Review
639,4870,Surface Damage,Low,2025-06-01,Scrapped
640,770,Machine Error,High,2025-05-30,Resolved
641,4212,Electrical Failure,High,2025-03-10,Under Review
642,7495,Dimension Error,Low,2025-09-30,Scrapped
643,5627,Electrical Failure,Medium,2025-11-23,Under Review
644,7437,Assembly Error,Low,2025-01-28,Under Review
645,4335,Dimension Error,Low,2025-05-30,Scrapped
646,5282,Surface Damage,Critical,2025-12-10,Under Review
647,3936,Assembly Error,Critical,2025-10-10,Scrapped
648,3087,Material Defect,Critical,2025-03-31,Under Review
649,2169,Dimension Error,Low,2025-12-31,Resolved
650,7361,Assembly Error,Critical,2025-12-05,Scrapped
651,9277,Dimension Error,Low,2025-08-25,Resolved
652,6494,Assembly Error,Low,2025-12-24,Under Review
653,4819,Material Defect,Low,2025-02-06,Resolved
654,4563,Material Defect,Critical,2025-12-24,Under Review
655,6103,Electrical Failure,Medium,2025-09-07,Under Review
656,848,Assembly Error,High,2025-07-30,Resolved
657,3921,Surface Damage,Medium,2025-05-18,Resolved
658,8284,Assembly Error,Low,2025-03-09,Under Review
659,2696,Dimension Error,High,2025-09-18,Scrapped
660,631,Assembly Error,Medium,2025-09-13,Scrapped
661,7942,Surface Damage,High,2025-05-08,Scrapped
662,4939,Electrical Failure,Medium,2025-08-24,Under Review
663,6910,Machine Error,Medium,2025-02-05,Resolved
664,6895,Electrical Failure,High,2025-09-28,Resolved
665,9674,Material Defect,Critical,2025-08-28,Scrapped
666,9310,Machine Error,Critical,2025-07-27,Under Review
667,9476,Surface Damage,Critical,2025-02-21,Under Review
668,448,Machine Error,Critical,2025-01-10,Resolved
669,7405,Surface Damage,High,2025-01-08,Under Review
670,6422,Dimension Error,High,2025-11-22,Scrapped
671,2598,Surface Damage,Low,2025-05-12,Scrapped
672,9070,Machine Error,Critical,2025-04-13,Scrapped
673,9777,Surface Damage,Low,2025-08-11,Scrapped
674,3408,Assembly Error,Low,2025-04-24,Resolved
675,540,Surface Damage,High,2025-08-28,Scrapped
676,440,Surface Damage,Medium,2025-10-08,Under Review
677,2566,Surface Damage,Low,2025-11-08,Resolved
678,7756,Material Defect,Low,2025-01-18,Scrapped
679,7800,Assembly Error,Medium,2025-03-05,Resolved
680,1684,Machine Error,Medium,2025-06-07,Under Review
681,7914,Material Defect,Medium,2025-11-29,Resolved
682,679,Surface Damage,Low,2025-03-06,Scrapped
683,1225,Surface Damage,High,2025-06-27,Resolved
684,3927,Surface Damage,Critical,2025-02-17,Scrapped
685,7856,Surface Damage,Critical,2025-06-05,Resolved
686,2436,Assembly Error,Low,2025-03-14,Resolved
687,3732,Electrical Failure,Critical,2025-08-28,Resolved
688,5619,Electrical Failure,High,2025-12-19,Under Review
689,2522,Electrical Failure,Medium,2025-02-08,Under Review
690,5445,Dimension Error,Medium,2025-04-01,Scrapped
691,2381,Assembly Error,Medium,2025-12-09,Scrapped
692,356,Dimension Error,High,2025-10-16,Resolved
693,3400,Dimension Error,Medium,2025-01-19,Scrapped
694,7467,Machine Error,Medium,2025-10-31,Under Review
695,7321,Machine Error,Low,2025-12-16,Scrapped
696,4220,Dimension Error,High,2025-11-27,Resolved
697,3880,Dimension Error,Critical,2025-09-06,Under Review
698,5014,Machine Error,Critical,2025-08-03,Under Review
699,6153,Surface Damage,High,2025-08-28,Scrapped
700,8118,Dimension Error,Critical,2025-08-16,Under Review
701,7961,Machine Error,Critical,2025-06-22,Resolved
702,3717,Electrical Failure,Critical,2025-03-17,Resolved
703,2107,Machine Error,High,2025-12-18,Under Review
704,276,Dimension Error,Critical,2026-01-01,Resolved
705,6863,Dimension Error,Critical,2025-03-01,Scrapped
706,9545,Assembly Error,Low,2025-11-25,Under Review
707,8399,Surface Damage,Medium,2025-08-23,Resolved
708,7838,Electrical Failure,Low,2025-05-29,Under Review
709,579,Surface Damage,Low,2025-03-13,Scrapped
710,9310,Material Defect,Low,2025-08-03,Under Review
711,8632,Electrical Failure,Low,2025-11-05,Resolved
712,9803,Dimension Error,Critical,2025-04-17,Under Review
713,6187,Electrical Failure,High,2025-03-24,Under Review
714,6329,Dimension Error,Critical,2025-06-12,Scrapped
715,7397,Surface Damage,High,2025-06-12,Resolved
716,1643,Electrical Failure,Low,2025-11-10,Scrapped
717,6676,Assembly Error,Low,2025-07-13,Under Review
718,3299,Assembly Error,Critical,2025-01-30,Scrapped
719,447,Electrical Failure,Medium,2025-06-23,Under Review
720,3058,Material Defect,Low,2025-06-25,Resolved
721,3756,Assembly Error,High,2025-09-17,Resolved
722,4709,Electrical Failure,Medium,2025-07-05,Resolved
723,5146,Electrical Failure,Low,2025-10-08,Scrapped
724,6718,Assembly Error,Medium,2025-10-19,Scrapped
725,7420,Dimension Error,Medium,2025-06-28,Resolved
726,1445,Surface Damage,High,2025-12-04,Scrapped
727,2488,Material Defect,Low,2025-11-27,Scrapped
728,3427,Machine Error,Critical,2025-09-01,Scrapped
729,4464,Machine Error,Critical,2025-07-04,Resolved
730,7776,Surface Damage,Medium,2025-02-18,Under Review
731,8928,Assembly Error,Critical,2025-09-11,Resolved
732,4867,Surface Damage,Medium,2025-03-12,Resolved
733,9117,Electrical Failure,High,2025-08-18,Under Review
734,780,Electrical Failure,High,2025-06-17,Under Review
735,4988,Assembly Error,Medium,2025-11-26,Scrapped
736,5035,Assembly Error,Low,2025-04-03,Scrapped
737,7396,Dimension Error,High,2025-06-16,Under Review
738,5545,Dimension Error,Medium,2025-09-21,Resolved
739,2592,Machine Error,Critical,2025-04-22,Scrapped
740,6569,Electrical Failure,Critical,2025-10-21,Scrapped
741,7570,Dimension Error,High,2025-06-29,Resolved
742,4027,Dimension Error,High,2025-05-03,Under Review
743,1128,Electrical Failure,High,2025-10-09,Scrapped
744,8527,Electrical Failure,High,2025-07-21,Under Review
745,3803,Machine Error,Low,2025-10-12,Resolved
746,4056,Electrical Failure,Medium,2025-11-30,Under Review
747,2921,Machine Error,Low,2025-07-01,Under Review
748,4059,Dimension Error,Low,2025-04-02,Under Review
749,2217,Electrical Failure,Medium,2025-07-03,Resolved
750,5547,Dimension Error,Low,2025-12-20,Scrapped
751,9000,Assembly Error,Low,2025-05-05,Resolved
752,5651,Electrical Failure,Critical,2025-09-12,Scrapped
753,1742,Surface Damage,High,2025-05-04,Scrapped
754,3771,Machine Error,Critical,2025-10-27,Scrapped
755,4637,Surface Damage,High,2025-11-23,Resolved
756,4750,Surface Damage,Medium,2025-05-04,Scrapped
757,2539,Machine Error,Low,2025-12-14,Resolved
758,8642,Material Defect,Low,2025-10-06,Under Review
759,338,Surface Damage,Low,2025-02-24,Resolved
760,6110,Machine Error,Critical,2025-05-27,Under Review
761,8133,Surface Damage,Medium,2025-12-19,Under Review
762,3879,Surface Damage,Low,2025-01-19,Under Review
763,1846,Surface Damage,Medium,2025-07-05,Under Review
764,6547,Dimension Error,Low,2025-07-31,Resolved
765,4838,Assembly Error,Critical,2025-04-10,Scrapped
766,134,Material Defect,Critical,2025-03-10,Under Review
767,8088,Material Defect,Critical,2025-07-08,Resolved
768,7201,Material Defect,High,2025-04-01,Scrapped
769,3511,Electrical Failure,Low,2025-02-02,Scrapped
770,7941,Electrical Failure,Critical,2025-12-08,Under Review
771,971,Surface Damage,High,2025-01-27,Resolved
772,7661,Material Defect,Critical,2025-02-27,Scrapped
773,5486,Dimension Error,Low,2025-09-25,Under Review
774,5458,Machine Error,High,2025-02-22,Under Review
775,4534,Material Defect,Low,2025-07-09,Scrapped
776,8035,Material Defect,Critical,2025-07-15,Resolved
777,6684,Assembly Error,High,2025-11-28,Under Review
778,7935,Dimension Error,Low,2025-09-12,Scrapped
779,3580,Electrical Failure,High,2025-10-01,Scrapped
780,6269,Machine Error,High,2025-12-02,Under Review
781,5898,Electrical Failure,Critical,2025-10-19,Resolved
782,1470,Assembly Error,Medium,2025-12-18,Resolved
783,7195,Assembly Error,Critical,2025-04-21,Scrapped
784,4627,Material Defect,Low,2025-03-29,Under Review
785,3375,Dimension Error,Critical,2025-08-12,Scrapped
786,4771,Dimension Error,Critical,2025-02-01,Resolved
787,3325,Dimension Error,Low,2025-04-11,Under Review
788,9092,Machine Error,Medium,2025-01-24,Resolved
789,3162,Material Defect,Critical,2025-12-24,Resolved
790,4328,Material Defect,Medium,2025-04-20,Scrapped
791,1478,Material Defect,Critical,2025-02-24,Scrapped
792,3733,Electrical Failure,Low,2025-10-24,Scrapped
793,363,Electrical Failure,Medium,2025-11-29,Resolved
794,1450,Assembly Error,Low,2025-10-02,Under Review
795,3020,Surface Damage,High,2025-07-08,Resolved
796,6138,Machine Error,Low,2025-04-15,Scrapped
797,4040,Assembly Error,High,2025-06-24,Scrapped
798,3240,Electrical Failure,Low,2025-09-08,Under Review
799,388,Electrical Failure,High,2025-01-14,Resolved
800,2874,Electrical Failure,Critical,2025-08-06,Under Review
801,9596,Dimension Error,Critical,2025-11-25,Resolved
802,1972,Dimension Error,High,2025-07-20,Under Review
803,6573,Assembly Error,Medium,2025-12-09,Resolved
804,4838,Machine Error,Medium,2025-07-12,Resolved
805,5038,Material Defect,Critical,2025-11-15,Resolved
806,9885,Electrical Failure,Medium,2025-12-18,Under Review
807,6746,Dimension Error,Medium,2025-02-10,Scrapped
808,15,Material Defect,Critical,2025-04-05,Under Review
809,1986,Surface Damage,High,2025-09-26,Under Review
810,33,Surface Damage,Medium,2025-09-15,Scrapped
811,2144,Machine Error,Medium,2025-07-02,Resolved
812,4421,Assembly Error,Critical,2025-04-17,Under Review
813,6688,Assembly Error,Critical,2025-10-04,Scrapped
814,4754,Electrical Failure,Low,2025-03-28,Scrapped
815,4844,Material Defect,Critical,2025-01-25,Under Review
816,955,Assembly Error,High,2025-07-13,Scrapped
817,61,Surface Damage,Critical,2025-11-17,Under Review
818,1998,Material Defect,Critical,2025-02-02,Scrapped
819,1602,Machine Error,High,2025-09-11,Under Review
820,1071,Dimension Error,Low,2025-03-27,Scrapped
821,350,Material Defect,Critical,2025-02-08,Under Review
822,6259,Surface Damage,High,2025-01-06,Under Review
823,3274,Assembly Error,Low,2025-04-13,Resolved
824,9151,Material Defect,Low,2025-02-08,Scrapped
825,1402,Machine Error,Critical,2025-03-14,Resolved
826,9801,Machine Error,Critical,2025-06-19,Under Review
827,2540,Surface Damage,Low,2025-02-16,Resolved
828,8108,Material Defect,High,2025-09-04,Under Review
829,8843,Surface Damage,Medium,2025-10-17,Resolved
830,4404,Dimension Error,Low,2025-11-14,Under Review
831,9791,Electrical Failure,High,2025-12-20,Under Review
832,1072,Electrical Failure,Medium,2025-10-19,Resolved
833,5386,Assembly Error,High,2025-08-27,Scrapped
834,9778,Machine Error,High,2025-04-06,Scrapped
835,2183,Dimension Error,Critical,2025-02-18,Under Review
836,1806,Electrical Failure,High,2025-03-14,Resolved
837,5004,Assembly Error,Medium,2025-06-20,Under Review
838,7893,Electrical Failure,High,2025-12-20,Resolved
839,1998,Surface Damage,High,2025-08-07,Scrapped
840,7913,Machine Error,Low,2025-08-08,Scrapped
841,1005,Surface Damage,High,2025-09-26,Under Review
842,2947,Machine Error,Low,2025-04-10,Resolved
843,1186,Electrical Failure,High,2025-11-25,Under Review
844,2132,Surface Damage,Low,2025-12-01,Resolved
845,3101,Dimension Error,Medium,2025-01-05,Scrapped
846,1480,Surface Damage,Critical,2025-09-23,Resolved
847,1575,Dimension Error,Medium,2025-11-23,Resolved
848,1107,Surface Damage,Low,2025-12-14,Resolved
849,177,Dimension Error,Critical,2025-03-02,Under Review
850,2910,Machine Error,High,2025-07-29,Resolved
851,8947,Material Defect,Low,2025-03-02,Scrapped
852,5091,Dimension Error,Medium,2025-07-09,Resolved
853,803,Machine Error,Low,2025-09-05,Resolved
854,3643,Machine Error,Critical,2025-07-31,Under Review
855,8170,Assembly Error,Medium,2025-12-13,Scrapped
856,5939,Surface Damage,Low,2025-06-10,Scrapped
857,442,Material Defect,Critical,2025-07-20,Resolved
858,6890,Dimension Error,Medium,2025-02-27,Scrapped
859,2904,Dimension Error,Low,2025-04-13,Under Review
860,5699,Material Defect,Medium,2025-11-04,Under Review
861,1979,Surface Damage,Low,2025-08-27,Under Review
862,713,Machine Error,Low,2025-01-01,Scrapped
863,2428,Surface Damage,Low,2025-04-19,Resolved
864,7227,Assembly Error,Critical,2025-11-21,Under Review
865,8353,Material Defect,Critical,2025-02-27,Scrapped
866,686,Assembly Error,Critical,2025-04-11,Scrapped
867,9175,Dimension Error,Low,2025-07-20,Resolved
868,3335,Machine Error,Critical,2025-07-22,Resolved
869,1882,Assembly Error,Medium,2025-02-06,Scrapped
870,6782,Surface Damage,Critical,2025-05-02,Scrapped
871,4533,Electrical Failure,Critical,2025-09-13,Resolved
872,6497,Machine Error,Low,2025-03-14,Resolved
873,5006,Surface Damage,Low,2025-05-11,Scrapped
874,9431,Assembly Error,Medium,2025-01-20,Under Review
875,5696,Dimension Error,Critical,2025-02-06,Scrapped
876,7384,Electrical Failure,High,2025-12-30,Scrapped
877,4138,Surface Damage,High,2025-09-01,Scrapped
878,9503,Surface Damage,Critical,2025-02-20,Under Review
879,7683,Dimension Error,Critical,2025-08-09,Under Review
880,7666,Material Defect,Medium,2025-03-26,Resolved
881,3162,Assembly Error,Medium,2025-07-06,Scrapped
882,5421,Electrical Failure,High,2025-05-27,Resolved
883,8810,Machine Error,Medium,2025-12-15,Resolved
884,1333,Dimension Error,Critical,2025-08-11,Under Review
885,4580,Dimension Error,Medium,2025-08-01,Resolved
886,9181,Material Defect,Low,2025-12-23,Resolved
887,1289,Dimension Error,Medium,2025-01-28,Under Review
888,5140,Material Defect,Medium,2025-04-29,Under Review
889,6934,Dimension Error,Medium,2025-06-12,Under Review
890,5738,Material Defect,Medium,2025-05-26,Resolved
891,2779,Surface Damage,Critical,2025-02-24,Under Review
892,9074,Material Defect,Low,2025-11-11,Under Review
893,5953,Assembly Error,High,2025-05-26,Under Review
894,8776,Machine Error,Low,2025-12-21,Scrapped
895,7519,Electrical Failure,High,2025-10-08,Resolved
896,9612,Machine Error,Medium,2025-12-26,Resolved
897,8051,Dimension Error,Low,2025-09-03,Under Review
898,2995,Assembly Error,Critical,2025-09-28,Scrapped
899,8375,Electrical Failure,Low,2025-09-29,Scrapped
900,7529,Machine Error,Medium,2025-10-31,Under Review
901,9966,Material Defect,Low,2025-06-05,Scrapped
902,6618,Electrical Failure,Low,2025-12-14,Scrapped
903,8304,Material Defect,Medium,2025-09-25,Resolved
904,5684,Machine Error,High,2025-04-08,Scrapped
905,9699,Dimension Error,High,2025-04-09,Scrapped
906,8216,Surface Damage,Medium,2025-03-26,Under Review
907,4328,Machine Error,Medium,2025-01-06,Resolved
908,4789,Dimension Error,Critical,2025-03-12,Scrapped
909,1078,Material Defect,Medium,2025-11-26,Resolved
910,9553,Material Defect,Critical,2025-10-25,Scrapped
911,9541,Assembly Error,Critical,2025-11-17,Scrapped
912,1599,Surface Damage,High,2025-07-28,Under Review
913,6296,Electrical Failure,Medium,2025-09-24,Under Review
914,371,Machine Error,Medium,2025-03-03,Under Review
915,5815,Surface Damage,Medium,2025-08-09,Resolved
916,3527,Surface Damage,Critical,2025-03-14,Resolved
917,8924,Material Defect,Critical,2025-09-12,Scrapped
918,1980,Material Defect,High,2025-03-28,Under Review
919,2320,Assembly Error,Low,2025-11-28,Under Review
920,1173,Material Defect,Medium,2025-03-08,Scrapped
921,5647,Electrical Failure,Low,2025-12-26,Resolved
922,8654,Surface Damage,Medium,2025-10-23,Resolved
923,9958,Dimension Error,Medium,2025-08-14,Scrapped
924,9340,Surface Damage,Low,2025-10-20,Resolved
925,601,Surface Damage,Low,2025-05-22,Under Review
926,8280,Surface Damage,High,2025-01-30,Scrapped
927,8619,Machine Error,Critical,2025-04-25,Under Review
928,650,Material Defect,Low,2025-11-05,Scrapped
929,1622,Assembly Error,Critical,2025-12-05,Scrapped
930,2755,Material Defect,Low,2025-12-16,Scrapped
931,8036,Surface Damage,Critical,2025-03-16,Under Review
932,6358,Dimension Error,Low,2025-10-03,Under Review
933,7908,Surface Damage,Low,2025-04-23,Under Review
934,5310,Material Defect,Low,2025-12-09,Under Review
935,5285,Machine Error,Medium,2025-07-05,Resolved
936,3180,Material Defect,High,2025-07-19,Resolved
937,5807,Machine Error,High,2025-08-03,Resolved
938,2103,Dimension Error,High,2025-03-21,Resolved
939,379,Machine Error,Medium,2025-05-07,Resolved
940,7007,Dimension Error,Low,2025-09-22,Under Review
941,9552,Electrical Failure,Critical,2025-11-09,Under Review
942,9522,Surface Damage,Critical,2025-02-10,Scrapped
943,3714,Assembly Error,Critical,2025-12-05,Under Review
944,8576,Surface Damage,Critical,2025-07-25,Resolved
945,6088,Assembly Error,Low,2025-01-21,Scrapped
946,1929,Material Defect,High,2025-12-13,Resolved
947,2776,Assembly Error,Low,2025-12-23,Under Review
948,6303,Surface Damage,Medium,2025-11-03,Under Review
949,833,Machine Error,Medium,2025-06-26,Under Review
950,7088,Material Defect,High,2025-07-18,Under Review
951,5133,Dimension Error,High,2025-01-12,Scrapped
952,7991,Surface Damage,High,2025-11-25,Scrapped
953,711,Dimension Error,High,2025-08-03,Scrapped
954,4780,Electrical Failure,High,2025-12-01,Under Review
955,8675,Assembly Error,Medium,2025-02-09,Under Review
956,4620,Dimension Error,Critical,2025-12-21,Scrapped
957,1448,Assembly Error,Critical,2025-02-03,Scrapped
958,9229,Assembly Error,Critical,2025-02-02,Scrapped
959,3786,Surface Damage,Medium,2025-07-06,Scrapped
960,5730,Material Defect,Critical,2025-02-09,Scrapped
961,4410,Electrical Failure,Critical,2025-06-18,Resolved
962,1027,Surface Damage,Medium,2025-12-09,Scrapped
963,6033,Electrical Failure,Medium,2025-01-01,Resolved
964,5854,Dimension Error,High,2025-03-14,Under Review
965,3991,Electrical Failure,High,2025-02-07,Under Review
966,2355,Material Defect,Critical,2025-12-09,Resolved
967,8214,Dimension Error,Low,2025-10-22,Scrapped
968,3301,Dimension Error,Low,2025-12-01,Under Review
969,6417,Electrical Failure,Critical,2025-09-16,Under Review
970,8399,Material Defect,High,2025-03-07,Resolved
971,6972,Electrical Failure,Critical,2025-04-09,Scrapped
972,1555,Machine Error,Low,2025-07-22,Resolved
973,9225,Dimension Error,High,2025-02-02,Scrapped
974,1626,Dimension Error,Medium,2025-04-02,Resolved
975,825,Material Defect,High,2025-02-14,Resolved
976,8481,Electrical Failure,Critical,2025-12-12,Resolved
977,4436,Electrical Failure,Critical,2025-06-28,Scrapped
978,1074,Assembly Error,Low,2025-07-24,Under Review
979,5257,Material Defect,Low,2025-02-19,Under Review
980,3954,Machine Error,Medium,2025-06-12,Resolved
981,5047,Material Defect,Low,2025-12-24,Resolved
982,7359,Electrical Failure,Medium,2025-02-22,Scrapped
983,2266,Surface Damage,Medium,2025-02-04,Scrapped
984,2692,Material Defect,Critical,2025-04-01,Resolved
985,2791,Surface Damage,High,2025-12-29,Resolved
986,9837,Assembly Error,Low,2025-07-10,Resolved
987,8252,Assembly Error,Medium,2025-04-15,Scrapped
988,8089,Surface Damage,Critical,2025-05-24,Under Review
989,8795,Assembly Error,Low,2025-06-28,Scrapped
990,9033,Surface Damage,High,2025-01-22,Under Review
991,9727,Material Defect,Low,2025-07-27,Scrapped
992,1391,Assembly Error,Medium,2025-04-16,Scrapped
993,7164,Surface Damage,Low,2025-12-01,Scrapped
994,3227,Assembly Error,High,2025-11-19,Resolved
995,7877,Material Defect,Critical,2025-11-18,Under Review
996,915,Assembly Error,Critical,2025-10-07,Under Review
997,985,Electrical Failure,Medium,2025-04-23,Resolved
998,6299,Dimension Error,High,2025-03-25,Scrapped
999,2776,Dimension Error,High,2025-08-27,Scrapped
1000,1478,Assembly Error,Critical,2025-07-26,Under Review
1001,7680,Dimension Error,Critical,2025-12-18,Under Review
1002,3961,Surface Damage,Medium,2025-08-15,Scrapped
1003,1977,Machine Error,High,2025-02-04,Resolved
1004,5001,Surface Damage,Medium,2025-06-12,Under Review
1005,9178,Assembly Error,Medium,2025-10-18,Resolved
1006,1183,Material Defect,Low,2025-01-31,Under Review
1007,3710,Material Defect,High,2025-09-07,Resolved
1008,8560,Dimension Error,Low,2025-05-28,Scrapped
1009,6336,Assembly Error,Critical,2025-08-13,Scrapped
1010,8141,Assembly Error,Critical,2025-01-03,Under Review
1011,8632,Dimension Error,Low,2025-10-10,Scrapped
1012,5483,Assembly Error,Medium,2025-07-14,Scrapped
1013,6978,Electrical Failure,Critical,2025-03-05,Scrapped
1014,6910,Assembly Error,Medium,2025-09-13,Under Review
1015,5572,Electrical Failure,Low,2025-03-01,Scrapped
1016,9695,Electrical Failure,Critical,2025-03-17,Scrapped
1017,4464,Assembly Error,Low,2025-03-17,Under Review
1018,5756,Assembly Error,Critical,2025-04-12,Scrapped
1019,3501,Machine Error,Low,2025-02-14,Scrapped
1020,4204,Dimension Error,Low,2025-11-28,Resolved
1021,263,Electrical Failure,Low,2025-04-16,Scrapped
1022,6037,Electrical Failure,Low,2025-07-02,Resolved
1023,4924,Dimension Error,Low,2025-04-02,Resolved
1024,3611,Assembly Error,Low,2025-02-15,Under Review
1025,7387,Assembly Error,High,2025-12-21,Under Review
1026,6863,Machine Error,Medium,2025-03-11,Scrapped
1027,889,Surface Damage,High,2025-08-07,Scrapped
1028,7980,Material Defect,High,2025-12-02,Scrapped
1029,4233,Machine Error,Medium,2025-10-16,Resolved
1030,1282,Assembly Error,Medium,2025-06-23,Resolved
1031,4620,Electrical Failure,Medium,2025-07-21,Scrapped
1032,1346,Material Defect,Medium,2025-08-17,Resolved
1033,9941,Electrical Failure,Low,2025-11-19,Under Review
1034,880,Material Defect,Medium,2025-09-20,Scrapped
1035,6756,Machine Error,Critical,2025-07-16,Scrapped
1036,4802,Dimension Error,High,2025-07-11,Resolved
1037,9689,Material Defect,High,2025-05-18,Scrapped
1038,5703,Assembly Error,Medium,2025-04-03,Under Review
1039,5973,Material Defect,High,2025-12-13,Under Review
1040,1542,Electrical Failure,Low,2025-07-24,Resolved
1041,4798,Assembly Error,Critical,2025-03-23,Resolved
1042,4083,Surface Damage,High,2025-05-29,Resolved
1043,8610,Electrical Failure,High,2025-05-31,Resolved
1044,2144,Dimension Error,Low,2025-10-31,Under Review
1045,9061,Machine Error,Critical,2025-04-23,Resolved
1046,2416,Material Defect,Critical,2025-05-19,Resolved
1047,7340,Assembly Error,Medium,2025-04-17,Resolved
1048,1863,Assembly Error,Low,2025-12-03,Under Review
1049,7457,Surface Damage,Critical,2025-01-12,Under Review
1050,518,Material Defect,High,2025-05-30,Under Review
1051,9292,Surface Damage,Low,2025-12-23,Under Review
1052,7078,Machine Error,High,2025-12-09,Resolved
1053,6346,Material Defect,High,2025-10-16,Under Review
1054,5141,Dimension Error,Medium,2025-06-27,Scrapped
1055,1210,Machine Error,Medium,2025-07-20,Scrapped
1056,7018,Dimension Error,High,2025-02-22,Scrapped
1057,4487,Material Defect,Medium,2025-12-20,Under Review
1058,6191,Assembly Error,Critical,2025-09-18,Scrapped
1059,8846,Dimension Error,Medium,2025-09-08,Under Review
1060,9254,Machine Error,High,2025-11-01,Resolved
1061,8114,Electrical Failure,Critical,2025-05-05,Under Review
1062,2990,Electrical Failure,Critical,2025-09-17,Under Review
1063,1817,Dimension Error,Critical,2025-12-16,Under Review
1064,8926,Dimension Error,Medium,2025-10-08,Scrapped
1065,193,Electrical Failure,Critical,2025-12-19,Scrapped
1066,8941,Electrical Failure,Medium,2025-01-26,Under Review
1067,5118,Surface Damage,Low,2025-04-21,Under Review
1068,108,Machine Error,Low,2025-11-09,Scrapped
1069,3548,Electrical Failure,Medium,2025-04-25,Resolved
1070,9467,Dimension Error,Low,2025-10-28,Under Review
1071,5560,Material Defect,High,2025-02-14,Under Review
1072,2870,Dimension Error,Medium,2025-08-09,Under Review
1073,2802,Machine Error,High,2025-05-11,Scrapped
1074,1899,Assembly Error,Low,2025-07-08,Under Review
1075,3224,Dimension Error,High,2025-11-07,Resolved
1076,8101,Assembly Error,Critical,2025-06-03,Under Review
1077,8424,Surface Damage,Critical,2025-04-04,Resolved
1078,1705,Material Defect,Critical,2025-07-18,Scrapped
1079,7568,Dimension Error,Critical,2025-08-16,Resolved
1080,3616,Assembly Error,Medium,2025-12-29,Resolved
1081,2829,Electrical Failure,Low,2025-07-23,Scrapped
1082,5560,Machine Error,Low,2025-07-02,Under Review
1083,8425,Dimension Error,Critical,2025-03-29,Scrapped
1084,2180,Material Defect,High,2025-06-23,Scrapped
1085,4991,Assembly Error,Critical,2025-09-19,Scrapped
1086,8781,Machine Error,Critical,2025-10-15,Resolved
1087,753,Electrical Failure,Medium,2025-10-23,Resolved
1088,8736,Dimension Error,Critical,2025-08-23,Under Review
1089,559,Electrical Failure,Critical,2025-03-07,Scrapped
1090,5413,Dimension Error,Critical,2025-03-08,Resolved
1091,3793,Machine Error,Medium,2026-01-01,Resolved
1092,3034,Material Defect,High,2025-08-22,Resolved
1093,2432,Surface Damage,Critical,2025-12-11,Resolved
1094,4364,Assembly Error,High,2025-11-05,Scrapped
1095,985,Machine Error,Low,2025-02-27,Under Review
1096,5615,Surface Damage,Critical,2025-12-20,Scrapped
1097,7049,Machine Error,Medium,2025-02-09,Scrapped
1098,633,Electrical Failure,High,2025-01-26,Scrapped
1099,8639,Assembly Error,Critical,2025-10-15,Resolved
1100,5660,Electrical Failure,High,2025-02-24,Resolved
1101,9964,Electrical Failure,High,2025-03-11,Under Review
1102,4882,Material Defect,Low,2025-07-05,Under Review
1103,8808,Dimension Error,High,2025-08-14,Under Review
1104,3614,Surface Damage,Critical,2025-07-11,Resolved
1105,9717,Machine Error,Medium,2025-04-03,Scrapped
1106,4583,Machine Error,High,2025-06-11,Under Review
1107,3238,Assembly Error,Critical,2025-03-03,Resolved
1108,2644,Dimension Error,Low,2025-03-15,Resolved
1109,1073,Electrical Failure,Low,2025-12-31,Scrapped
1110,8721,Surface Damage,Low,2025-02-04,Resolved
1111,2533,Dimension Error,Medium,2025-12-28,Resolved
1112,294,Machine Error,Critical,2025-06-16,Scrapped
1113,4916,Assembly Error,High,2025-11-14,Scrapped
1114,1504,Assembly Error,Medium,2025-06-05,Resolved
1115,4659,Dimension Error,Medium,2025-01-18,Resolved
1116,1929,Dimension Error,Critical,2025-01-02,Under Review
1117,3382,Machine Error,Low,2025-11-04,Resolved
1118,4522,Machine Error,Medium,2025-01-24,Scrapped
1119,1161,Material Defect,Low,2025-05-11,Scrapped
1120,561,Dimension Error,High,2025-07-17,Under Review
1121,9685,Surface Damage,Medium,2025-06-12,Scrapped
1122,8308,Assembly Error,Critical,2025-11-01,Scrapped
1123,4617,Dimension Error,Low,2025-09-11,Under Review
1124,7505,Surface Damage,Critical,2025-10-22,Under Review
1125,4183,Surface Damage,Low,2025-05-12,Scrapped
1126,3732,Surface Damage,Medium,2025-06-14,Scrapped
1127,4150,Electrical Failure,High,2025-10-20,Scrapped
1128,3262,Machine Error,High,2025-02-10,Resolved
1129,6578,Material Defect,Critical,2025-01-01,Scrapped
1130,2189,Surface Damage,Medium,2025-01-14,Under Review
1131,5093,Machine Error,Low,2025-06-03,Resolved
1132,5115,Assembly Error,Low,2025-07-28,Under Review
1133,5906,Electrical Failure,Critical,2025-08-05,Under Review
1134,6011,Electrical Failure,Medium,2025-03-12,Resolved
1135,5190,Electrical Failure,High,2025-02-04,Under Review
1136,4885,Assembly Error,Low,2025-05-25,Scrapped
1137,5700,Electrical Failure,Low,2025-12-16,Under Review
1138,9380,Material Defect,High,2025-01-14,Scrapped
1139,655,Surface Damage,Medium,2025-06-14,Scrapped
1140,3330,Surface Damage,Medium,2025-09-30,Scrapped
1141,1134,Dimension Error,Low,2025-12-10,Under Review
1142,5467,Assembly Error,High,2025-02-17,Under Review
1143,5769,Machine Error,Critical,2025-05-13,Scrapped
1144,8477,Electrical Failure,Medium,2025-04-09,Scrapped
1145,47,Dimension Error,Medium,2025-10-01,Under Review
1146,2713,Electrical Failure,Low,2025-11-07,Resolved
1147,8079,Assembly Error,Low,2025-05-19,Scrapped
1148,5159,Assembly Error,Medium,2025-12-13,Scrapped
1149,3268,Assembly Error,Low,2025-07-01,Resolved
1150,8408,Machine Error,Low,2025-08-15,Resolved
1151,990,Assembly Error,Low,2025-06-04,Scrapped
1152,5832,Dimension Error,High,2025-10-29,Scrapped
1153,3169,Electrical Failure,Critical,2025-03-05,Scrapped
1154,8316,Dimension Error,Medium,2025-11-30,Scrapped
1155,5862,Machine Error,Medium,2025-09-29,Under Review
1156,520,Machine Error,Low,2025-08-20,Under Review
1157,7707,Electrical Failure,High,2025-08-04,Under Review
1158,4139,Material Defect,Low,2025-06-19,Scrapped
1159,5719,Surface Damage,High,2025-07-10,Scrapped
1160,4954,Material Defect,Medium,2025-12-12,Resolved
1161,7537,Electrical Failure,Low,2025-02-21,Scrapped
1162,46,Machine Error,Low,2025-07-06,Scrapped
1163,8292,Machine Error,Critical,2025-10-04,Resolved
1164,2884,Electrical Failure,High,2025-03-16,Resolved
1165,5113,Surface Damage,Medium,2025-01-23,Resolved
1166,6687,Assembly Error,High,2025-02-15,Under Review
1167,4649,Material Defect,Critical,2025-07-04,Under Review
1168,4006,Dimension Error,Critical,2025-11-13,Scrapped
1169,5204,Material Defect,Critical,2025-12-07,Under Review
1170,8273,Material Defect,Critical,2025-02-01,Scrapped
1171,4578,Dimension Error,Low,2025-09-16,Under Review
1172,5570,Machine Error,Medium,2025-08-16,Scrapped
1173,5450,Assembly Error,Low,2025-09-17,Under Review
1174,938,Material Defect,Critical,2025-11-15,Resolved
1175,5800,Material Defect,Medium,2025-05-09,Resolved
1176,4686,Electrical Failure,Medium,2025-12-02,Under Review
1177,9620,Assembly Error,Critical,2026-01-01,Resolved
1178,6386,Material Defect,Low,2025-06-01,Under Review
1179,6888,Material Defect,Critical,2025-01-26,Resolved
1180,1849,Machine Error,Low,2025-09-29,Scrapped
1181,9396,Electrical Failure,Critical,2025-11-30,Under Review
1182,6130,Surface Damage,Critical,2025-03-30,Scrapped
1183,5861,Surface Damage,Low,2025-01-21,Under Review
1184,9236,Dimension Error,High,2025-09-26,Resolved
1185,8834,Material Defect,Low,2025-06-13,Scrapped
1186,9044,Assembly Error,Low,2025-05-01,Resolved
1187,1031,Assembly Error,Critical,2025-01-19,Under Review
1188,2224,Surface Damage,Low,2025-02-28,Resolved
1189,4377,Material Defect,Critical,2025-02-05,Resolved
1190,2957,Machine Error,Critical,2025-10-21,Scrapped
1191,6783,Electrical Failure,Critical,2025-02-03,Scrapped
1192,5255,Machine Error,Critical,2025-04-28,Scrapped
1193,3722,Assembly Error,Critical,2025-01-30,Scrapped
1194,7784,Machine Error,Low,2025-01-14,Under Review
1195,9384,Dimension Error,Low,2025-10-28,Under Review
1196,4730,Surface Damage,Medium,2025-07-31,Under Review
1197,4580,Machine Error,High,2025-02-06,Scrapped
1198,2906,Material Defect,Low,2025-09-06,Resolved
1199,5459,Electrical Failure,Critical,2025-09-12,Scrapped
1200,204,Assembly Error,High,2025-07-07,Under Review
1201,9901,Machine Error,Medium,2025-04-21,Scrapped
1202,6620,Dimension Error,High,2025-09-29,Under Review
1203,6860,Surface Damage,Critical,2025-02-15,Scrapped
1204,1572,Material Defect,Critical,2025-10-24,Scrapped
1205,571,Electrical Failure,Medium,2025-02-05,Scrapped
1206,2930,Dimension Error,Medium,2025-05-08,Scrapped
1207,2398,Machine Error,High,2025-12-13,Scrapped
1208,6758,Electrical Failure,Low,2025-01-01,Under Review
1209,8622,Surface Damage,Low,2025-02-16,Under Review
1210,5652,Surface Damage,Medium,2025-03-29,Resolved
1211,717,Assembly Error,Critical,2025-05-23,Under Review
1212,3165,Material Defect,Low,2025-05-14,Resolved
1213,7763,Machine Error,High,2025-12-22,Scrapped
1214,5348,Assembly Error,Medium,2025-12-03,Under Review
1215,8325,Assembly Error,Low,2025-12-01,Resolved
1216,9353,Surface Damage,Low,2025-02-20,Scrapped
1217,3908,Dimension Error,Medium,2025-09-08,Resolved
1218,6210,Material Defect,High,2025-09-24,Scrapped
1219,4529,Assembly Error,Medium,2025-04-27,Under Review
1220,2089,Electrical Failure,Medium,2025-11-13,Scrapped
1221,8478,Assembly Error,Medium,2025-07-28,Scrapped
1222,6195,Dimension Error,Low,2025-05-01,Scrapped
1223,9632,Machine Error,Critical,2025-04-06,Scrapped
1224,4603,Material Defect,Low,2025-04-25,Scrapped
1225,7059,Machine Error,Medium,2025-06-05,Scrapped
1226,8189,Electrical Failure,Low,2025-02-27,Under Review
1227,832,Assembly Error,High,2025-08-16,Scrapped
1228,5455,Machine Error,Critical,2025-07-07,Under Review
1229,4560,Electrical Failure,Low,2025-09-10,Under Review
1230,5517,Electrical Failure,High,2025-08-03,Scrapped
1231,5540,Material Defect,Critical,2025-07-04,Scrapped
1232,6035,Machine Error,High,2025-07-08,Under Review
1233,5234,Dimension Error,Low,2025-09-24,Scrapped
1234,3085,Material Defect,Critical,2025-01-02,Resolved
1235,5606,Assembly Error,Low,2025-09-04,Scrapped
1236,8344,Material Defect,Low,2025-12-24,Under Review
1237,5908,Dimension Error,High,2025-03-16,Under Review
1238,9089,Dimension Error,Low,2025-01-04,Resolved
1239,7416,Surface Damage,Low,2025-07-21,Scrapped
1240,1994,Material Defect,Low,2025-07-10,Scrapped
1241,9306,Machine Error,Medium,2025-03-06,Scrapped
1242,8872,Material Defect,Low,2025-03-13,Scrapped
1243,7727,Machine Error,Low,2025-04-26,Resolved
1244,7686,Electrical Failure,Critical,2025-07-24,Scrapped
1245,3389,Machine Error,Low,2025-11-25,Under Review
1246,3559,Electrical Failure,Critical,2025-11-25,Resolved
1247,6002,Dimension Error,Medium,2025-10-16,Resolved
1248,2172,Machine Error,Critical,2025-06-22,Resolved
1249,6338,Assembly Error,Low,2025-07-07,Resolved
1250,6654,Surface Damage,Medium,2025-03-10,Resolved
1251,6162,Machine Error,Low,2025-03-01,Under Review
1252,5922,Dimension Error,High,2025-01-23,Resolved
1253,8666,Machine Error,High,2025-03-22,Scrapped
1254,490,Surface Damage,Medium,2025-08-06,Under Review
1255,4697,Surface Damage,Medium,2025-05-05,Scrapped
1256,2660,Electrical Failure,Critical,2025-03-09,Under Review
1257,3065,Electrical Failure,Low,2025-04-14,Scrapped
1258,8219,Electrical Failure,Medium,2025-08-24,Under Review
1259,3168,Dimension Error,High,2025-02-01,Resolved
1260,1043,Material Defect,High,2025-03-01,Resolved
1261,330,Surface Damage,High,2025-09-01,Under Review
1262,2058,Assembly Error,High,2025-08-30,Under Review
1263,8947,Surface Damage,High,2025-08-20,Scrapped
1264,4188,Material Defect,Critical,2025-04-16,Scrapped
1265,2264,Material Defect,High,2025-10-06,Resolved
1266,1687,Electrical Failure,Low,2025-06-05,Resolved
1267,421,Machine Error,High,2025-05-22,Resolved
1268,7925,Electrical Failure,High,2025-11-26,Scrapped
1269,3508,Surface Damage,Low,2025-05-26,Under Review
1270,9398,Dimension Error,Low,2025-12-25,Resolved
1271,3399,Material Defect,Critical,2025-07-15,Resolved
1272,6842,Dimension Error,Low,2025-03-15,Resolved
1273,4783,Electrical Failure,Critical,2025-09-03,Scrapped
1274,9295,Dimension Error,Low,2025-09-07,Resolved
1275,4428,Assembly Error,Critical,2025-08-08,Scrapped
1276,2595,Machine Error,Medium,2025-04-23,Under Review
1277,9677,Surface Damage,Critical,2025-05-01,Resolved
1278,8485,Electrical Failure,High,2025-03-03,Scrapped
1279,7220,Material Defect,Low,2025-03-30,Resolved
1280,9196,Dimension Error,Low,2025-04-12,Scrapped
1281,5709,Material Defect,High,2025-08-30,Under Review
1282,8271,Dimension Error,Low,2025-09-26,Scrapped
1283,9614,Dimension Error,Low,2025-07-21,Resolved
1284,1876,Machine Error,High,2025-01-12,Scrapped
1285,300,Material Defect,Low,2025-11-27,Under Review
1286,399,Material Defect,Medium,2025-05-20,Scrapped
1287,3400,Material Defect,Medium,2025-02-24,Scrapped
1288,4676,Dimension Error,Critical,2025-12-09,Resolved
1289,8577,Material Defect,Medium,2025-01-16,Under Review
1290,1697,Surface Damage,Medium,2025-09-08,Scrapped
1291,8266,Machine Error,High,2025-05-09,Scrapped
1292,1152,Electrical Failure,Medium,2025-08-24,Resolved
1293,6944,Machine Error,Low,2025-03-31,Resolved
1294,8104,Surface Damage,Critical,2025-02-08,Scrapped
1295,6158,Machine Error,High,2025-05-30,Resolved
1296,3225,Dimension Error,Low,2025-10-26,Under Review
1297,4905,Material Defect,Low,2025-03-15,Resolved
1298,2605,Assembly Error,Critical,2025-03-20,Under Review
1299,2090,Surface Damage,Medium,2025-05-22,Resolved
1300,4011,Electrical Failure,Critical,2025-09-13,Under Review
1301,6075,Machine Error,Medium,2025-07-16,Resolved
1302,6431,Material Defect,Critical,2025-05-23,Resolved
1303,1623,Electrical Failure,Critical,2025-07-07,Resolved
1304,8450,Assembly Error,Medium,2025-01-29,Scrapped
1305,306,Dimension Error,Medium,2025-03-16,Scrapped
1306,2022,Electrical Failure,Critical,2025-03-14,Scrapped
1307,1597,Assembly Error,Medium,2025-09-09,Resolved
1308,9020,Machine Error,Low,2025-04-02,Scrapped
1309,9139,Electrical Failure,Critical,2025-09-08,Resolved
1310,5658,Electrical Failure,Critical,2025-07-02,Under Review
1311,400,Material Defect,Low,2025-08-30,Scrapped
1312,6417,Surface Damage,Critical,2025-02-24,Under Review
1313,9239,Surface Damage,Low,2025-08-23,Under Review
1314,9751,Machine Error,Critical,2025-03-05,Resolved
1315,9609,Dimension Error,Critical,2025-08-24,Resolved
1316,2491,Electrical Failure,Critical,2025-05-17,Under Review
1317,8911,Surface Damage,Critical,2025-07-01,Resolved
1318,4578,Material Defect,Critical,2025-05-17,Under Review
1319,8299,Material Defect,Low,2025-09-12,Under Review
1320,3191,Assembly Error,Medium,2025-08-01,Resolved
1321,7723,Surface Damage,Low,2025-08-27,Under Review
1322,7791,Dimension Error,Critical,2025-09-26,Under Review
1323,5122,Assembly Error,Critical,2025-10-24,Under Review
1324,9962,Material Defect,High,2025-06-17,Scrapped
1325,2351,Assembly Error,Medium,2025-05-05,Resolved
1326,2736,Material Defect,Low,2025-07-09,Under Review
1327,4110,Assembly Error,Low,2025-11-16,Under Review
1328,2120,Assembly Error,Low,2025-06-25,Resolved
1329,346,Machine Error,Medium,2025-08-20,Scrapped
1330,5456,Electrical Failure,Medium,2025-06-15,Resolved
1331,6859,Dimension Error,Critical,2025-11-27,Resolved
1332,3774,Surface Damage,Medium,2025-08-17,Resolved
1333,2865,Dimension Error,Medium,2025-06-27,Scrapped
1334,9132,Electrical Failure,Low,2025-09-17,Scrapped
1335,9335,Dimension Error,Low,2025-05-26,Under Review
1336,6752,Electrical Failure,Critical,2025-06-10,Scrapped
1337,9506,Electrical Failure,Medium,2025-03-12,Resolved
1338,5025,Electrical Failure,Medium,2025-01-28,Scrapped
1339,4755,Machine Error,Critical,2025-06-07,Under Review
1340,7021,Electrical Failure,Medium,2025-06-17,Under Review
1341,9192,Machine Error,High,2025-06-19,Resolved
1342,8309,Assembly Error,Medium,2025-04-24,Under Review
1343,4412,Material Defect,Medium,2025-10-12,Resolved
1344,6185,Material Defect,Low,2025-05-29,Scrapped
1345,1093,Surface Damage,Medium,2025-05-28,Scrapped
1346,6814,Surface Damage,High,2025-09-09,Under Review
1347,6327,Assembly Error,Critical,2025-08-29,Resolved
1348,4927,Machine Error,Medium,2025-01-30,Scrapped
1349,2201,Machine Error,Critical,2025-08-12,Resolved
1350,5835,Electrical Failure,Critical,2025-08-18,Resolved
1351,3818,Material Defect,Medium,2025-08-20,Scrapped
1352,3800,Surface Damage,Low,2025-05-18,Resolved
1353,6623,Surface Damage,Low,2025-04-23,Scrapped
1354,6409,Electrical Failure,Low,2025-11-12,Under Review
1355,9007,Dimension Error,Critical,2025-11-17,Scrapped
1356,382,Material Defect,Medium,2025-06-06,Resolved
1357,5861,Material Defect,Low,2025-09-23,Under Review
1358,7955,Dimension Error,Medium,2025-11-05,Resolved
1359,6352,Assembly Error,Low,2025-09-25,Under Review
1360,4910,Dimension Error,Critical,2025-06-29,Scrapped
1361,5872,Machine Error,Critical,2025-03-31,Under Review
1362,6856,Assembly Error,High,2025-08-24,Scrapped
1363,461,Electrical Failure,Medium,2025-05-09,Scrapped
1364,9325,Material Defect,High,2025-03-30,Resolved
1365,5502,Assembly Error,Medium,2025-10-29,Resolved
1366,2813,Material Defect,Critical,2025-12-01,Scrapped
1367,304,Assembly Error,Medium,2025-04-13,Under Review
1368,5484,Machine Error,Critical,2025-08-03,Scrapped
1369,9616,Material Defect,Critical,2025-07-25,Resolved
1370,9070,Assembly Error,Medium,2025-03-23,Resolved
1371,2231,Dimension Error,High,2025-06-11,Under Review
1372,5957,Material Defect,High,2025-05-20,Under Review
1373,582,Dimension Error,Low,2025-08-08,Under Review
1374,8118,Surface Damage,Critical,2025-08-09,Under Review
1375,1315,Material Defect,High,2025-10-09,Scrapped
1376,2659,Surface Damage,High,2025-07-11,Scrapped
1377,343,Electrical Failure,Medium,2025-07-26,Scrapped
1378,2341,Material Defect,Medium,2025-09-04,Under Review
1379,8445,Material Defect,Medium,2025-06-14,Scrapped
1380,5333,Electrical Failure,Medium,2025-11-05,Under Review
1381,7039,Dimension Error,Low,2025-03-15,Under Review
1382,7853,Surface Damage,Low,2025-06-24,Scrapped
1383,1270,Dimension Error,Low,2025-10-26,Resolved
1384,1097,Electrical Failure,Critical,2025-02-11,Under Review
1385,799,Electrical Failure,Low,2025-04-17,Resolved
1386,2904,Dimension Error,High,2025-06-03,Resolved
1387,1301,Material Defect,Critical,2025-01-05,Under Review
1388,9156,Dimension Error,High,2025-12-08,Resolved
1389,5892,Material Defect,Low,2025-06-19,Scrapped
1390,434,Assembly Error,Low,2025-10-01,Under Review
1391,8833,Dimension Error,Medium,2025-01-22,Resolved
1392,2125,Electrical Failure,Critical,2025-01-22,Scrapped
1393,6218,Surface Damage,Low,2025-02-18,Scrapped
1394,3129,Dimension Error,Low,2025-02-16,Under Review
1395,1814,Machine Error,Medium,2025-12-27,Resolved
1396,3462,Material Defect,High,2025-06-24,Resolved
1397,9864,Machine Error,Low,2025-08-13,Under Review
1398,7711,Machine Error,High,2025-02-25,Under Review
1399,7106,Assembly Error,High,2025-01-18,Scrapped
1400,3759,Electrical Failure,Medium,2025-05-29,Resolved
1401,1148,Assembly Error,Low,2025-01-10,Resolved
1402,1337,Assembly Error,Critical,2025-06-01,Scrapped
1403,3707,Surface Damage,Medium,2025-06-01,Resolved
1404,5663,Dimension Error,Critical,2025-07-13,Resolved
1405,5189,Assembly Error,Low,2025-07-03,Scrapped
1406,4321,Dimension Error,Low,2025-11-10,Scrapped
1407,2787,Dimension Error,Low,2025-03-29,Resolved
1408,696,Assembly Error,Medium,2025-07-22,Resolved
1409,2332,Assembly Error,Critical,2025-08-02,Resolved
1410,304,Assembly Error,Critical,2025-10-29,Resolved
1411,9105,Assembly Error,Low,2025-02-26,Scrapped
1412,2973,Assembly Error,Medium,2025-03-17,Scrapped
1413,7178,Material Defect,Critical,2025-11-18,Under Review
1414,5093,Machine Error,High,2025-08-02,Under Review
1415,6471,Machine Error,Low,2025-07-04,Resolved
1416,6389,Material Defect,Medium,2025-11-02,Resolved
1417,8430,Assembly Error,Critical,2025-04-08,Scrapped
1418,5941,Electrical Failure,Critical,2025-02-15,Scrapped
1419,3552,Dimension Error,High,2025-12-07,Scrapped
1420,2948,Material Defect,Critical,2025-02-12,Resolved
1421,2628,Surface Damage,Critical,2025-02-28,Resolved
1422,820,Assembly Error,Critical,2025-07-21,Scrapped
1423,305,Dimension Error,High,2025-12-27,Scrapped
1424,3963,Dimension Error,Critical,2025-07-09,Resolved
1425,6361,Assembly Error,High,2025-05-18,Resolved
1426,8342,Surface Damage,High,2025-09-05,Resolved
1427,6281,Material Defect,Medium,2025-04-05,Scrapped
1428,3064,Assembly Error,Low,2025-11-06,Resolved
1429,2001,Assembly Error,Low,2025-08-17,Under Review
1430,8413,Assembly Error,High,2025-04-20,Scrapped
1431,9209,Material Defect,Low,2025-06-30,Resolved
1432,1878,Machine Error,Medium,2025-07-16,Scrapped
1433,1906,Machine Error,Medium,2025-08-22,Resolved
1434,9652,Dimension Error,Medium,2025-06-25,Under Review
1435,5003,Dimension Error,Medium,2025-03-12,Scrapped
1436,3644,Dimension Error,Critical,2025-12-12,Resolved
1437,7995,Machine Error,High,2025-10-04,Under Review
1438,7592,Dimension Error,Medium,2025-12-01,Under Review
1439,2929,Dimension Error,High,2025-09-15,Resolved
1440,2960,Dimension Error,Low,2025-03-29,Under Review
1441,5701,Surface Damage,Medium,2025-05-07,Scrapped
1442,839,Assembly Error,Medium,2025-01-21,Resolved
1443,1623,Electrical Failure,Medium,2025-12-04,Resolved
1444,1132,Dimension Error,Medium,2025-06-11,Under Review
1445,3005,Material Defect,Medium,2025-03-12,Under Review
1446,150,Dimension Error,Medium,2025-10-13,Scrapped
1447,8172,Surface Damage,High,2025-05-17,Under Review
1448,4527,Electrical Failure,Critical,2025-06-29,Under Review
1449,4981,Machine Error,Critical,2025-08-29,Scrapped
1450,380,Material Defect,Medium,2025-12-25,Under Review
1451,6507,Surface Damage,Medium,2025-11-27,Resolved
1452,7947,Electrical Failure,Low,2025-11-12,Under Review
1453,505,Dimension Error,Low,2025-08-10,Resolved
1454,5597,Assembly Error,Medium,2025-05-23,Under Review
1455,7818,Surface Damage,Low,2025-04-02,Scrapped
1456,5716,Material Defect,Low,2025-03-28,Resolved
1457,6835,Material Defect,High,2025-09-05,Under Review
1458,8372,Electrical Failure,Medium,2025-06-30,Resolved
1459,9994,Electrical Failure,Medium,2025-07-21,Scrapped
1460,1584,Electrical Failure,Low,2025-11-18,Scrapped
1461,6306,Assembly Error,Low,2025-06-27,Under Review
1462,491,Surface Damage,Medium,2025-11-15,Scrapped
1463,7358,Electrical Failure,Low,2025-10-23,Scrapped
1464,9716,Machine Error,Critical,2025-10-05,Resolved
1465,4778,Electrical Failure,Low,2025-09-30,Resolved
1466,3785,Surface Damage,High,2025-10-14,Under Review
1467,4775,Dimension Error,Medium,2025-11-26,Under Review
1468,5837,Dimension Error,Critical,2025-12-25,Resolved
1469,5678,Assembly Error,Medium,2025-08-02,Resolved
1470,1492,Electrical Failure,Low,2025-12-30,Under Review
1471,2401,Machine Error,High,2025-03-31,Under Review
1472,5731,Surface Damage,High,2025-10-20,Resolved
1473,1001,Electrical Failure,Medium,2025-03-09,Under Review
1474,9690,Assembly Error,Low,2025-03-24,Scrapped
1475,4888,Dimension Error,High,2025-09-17,Under Review
1476,6866,Material Defect,Medium,2025-09-21,Resolved
1477,5692,Electrical Failure,Low,2025-09-16,Scrapped
1478,9399,Electrical Failure,Low,2025-05-29,Resolved
1479,4642,Surface Damage,Low,2025-02-17,Resolved
1480,8917,Assembly Error,High,2025-05-27,Resolved
1481,9417,Machine Error,Medium,2025-09-30,Scrapped
1482,1188,Dimension Error,Critical,2025-09-12,Scrapped
1483,796,Assembly Error,Low,2025-05-14,Scrapped
1484,7980,Electrical Failure,High,2025-10-17,Resolved
1485,429,Surface Damage,High,2025-03-31,Under Review
1486,6248,Electrical Failure,Critical,2025-10-08,Scrapped
1487,514,Assembly Error,Medium,2025-07-06,Under Review
1488,3987,Dimension Error,Medium,2025-05-01,Scrapped
1489,1535,Material Defect,Medium,2025-06-30,Resolved
1490,8699,Material Defect,High,2025-05-18,Resolved
1491,2725,Dimension Error,Medium,2025-06-04,Resolved
1492,1688,Dimension Error,Low,2025-07-25,Scrapped
1493,7839,Material Defect,Low,2025-05-03,Under Review
1494,1628,Surface Damage,Medium,2025-06-12,Resolved
1495,6562,Material Defect,High,2025-02-16,Resolved
1496,5669,Electrical Failure,Low,2025-09-02,Under Review
1497,7790,Surface Damage,High,2025-12-28,Under Review
1498,1586,Surface Damage,Low,2025-07-16,Scrapped
1499,3580,Machine Error,Low,2025-03-29,Resolved
1500,1151,Material Defect,Medium,2025-12-28,Under Review
1501,1470,Assembly Error,High,2025-12-08,Resolved
1502,933,Assembly Error,High,2025-09-14,Under Review
1503,9316,Material Defect,Critical,2025-02-01,Under Review
1504,3674,Dimension Error,Critical,2025-02-22,Resolved
1505,2604,Electrical Failure,Medium,2025-12-10,Resolved
1506,3402,Machine Error,High,2025-03-06,Resolved
1507,6206,Assembly Error,High,2025-09-02,Scrapped
1508,2538,Electrical Failure,Low,2025-12-28,Scrapped
1509,7055,Machine Error,High,2025-12-20,Under Review
1510,6505,Material Defect,High,2025-06-10,Under Review
1511,4310,Machine Error,Critical,2025-05-25,Resolved
1512,795,Electrical Failure,High,2025-06-06,Scrapped
1513,2370,Assembly Error,Medium,2025-07-03,Resolved
1514,5766,Electrical Failure,High,2025-09-28,Scrapped
1515,4024,Surface Damage,Medium,2025-10-30,Under Review
1516,7890,Machine Error,Critical,2025-10-08,Under Review
1517,103,Material Defect,High,2025-04-13,Under Review
1518,9309,Surface Damage,Critical,2025-03-16,Scrapped
1519,3460,Material Defect,Critical,2025-10-29,Scrapped
1520,2265,Surface Damage,Critical,2025-06-07,Resolved
1521,5291,Electrical Failure,High,2025-07-28,Scrapped
1522,3927,Machine Error,Medium,2025-09-12,Resolved
1523,5160,Machine Error,Critical,2025-10-23,Resolved
1524,591,Machine Error,High,2025-11-12,Scrapped
1525,2819,Material Defect,Medium,2025-04-15,Scrapped
1526,40,Surface Damage,Low,2025-06-03,Under Review
1527,2157,Material Defect,Low,2025-02-15,Under Review
1528,8520,Assembly Error,High,2025-03-06,Resolved
1529,3467,Material Defect,High,2025-01-27,Under Review
1530,2314,Material Defect,Critical,2025-12-25,Resolved
1531,5348,Dimension Error,Low,2025-03-13,Under Review
1532,8767,Surface Damage,High,2025-06-23,Under Review
1533,2644,Surface Damage,Low,2025-03-26,Resolved
1534,2259,Assembly Error,Medium,2025-09-29,Resolved
1535,1495,Assembly Error,Medium,2025-11-13,Resolved
1536,2918,Material Defect,Low,2025-11-27,Under Review
1537,241,Dimension Error,Low,2025-05-24,Under Review
1538,9921,Machine Error,High,2025-09-22,Resolved
1539,8997,Assembly Error,Low,2025-06-05,Under Review
1540,2934,Dimension Error,Low,2025-12-29,Scrapped
1541,9783,Assembly Error,High,2025-09-13,Resolved
1542,4748,Surface Damage,High,2025-01-17,Scrapped
1543,1432,Surface Damage,High,2025-02-08,Under Review
1544,2028,Assembly Error,Medium,2025-07-23,Under Review
1545,8106,Material Defect,Critical,2025-03-09,Scrapped
1546,5820,Surface Damage,Low,2025-07-22,Under Review
1547,4101,Assembly Error,Medium,2025-05-11,Resolved
1548,9325,Assembly Error,Low,2026-01-01,Resolved
1549,2995,Dimension Error,High,2025-07-09,Under Review
1550,6806,Dimension Error,High,2025-04-25,Resolved
1551,7494,Electrical Failure,Medium,2025-08-25,Scrapped
1552,9423,Dimension Error,High,2025-11-22,Under Review
1553,44,Assembly Error,Low,2025-11-27,Scrapped
1554,3181,Machine Error,Medium,2025-03-08,Under Review
1555,353,Material Defect,Critical,2025-05-05,Under Review
1556,491,Machine Error,High,2025-11-21,Scrapped
1557,6039,Electrical Failure,Critical,2025-05-01,Under Review
1558,453,Material Defect,High,2025-12-24,Scrapped
1559,136,Electrical Failure,Medium,2025-08-23,Resolved
1560,3122,Material Defect,Medium,2025-09-29,Resolved
1561,4181,Material Defect,Medium,2025-11-07,Resolved
1562,9858,Material Defect,High,2025-09-15,Under Review
1563,8773,Assembly Error,High,2025-12-15,Under Review
1564,3284,Dimension Error,Medium,2025-12-17,Scrapped
1565,3978,Dimension Error,Critical,2025-12-14,Under Review
1566,6071,Dimension Error,Medium,2025-07-24,Resolved
1567,5935,Surface Damage,Medium,2025-08-05,Scrapped
1568,7624,Electrical Failure,High,2025-10-01,Scrapped
1569,7633,Surface Damage,Low,2025-11-09,Scrapped
1570,323,Dimension Error,Low,2025-09-08,Resolved
1571,4098,Assembly Error,Medium,2025-07-13,Scrapped
1572,3990,Electrical Failure,Medium,2025-02-05,Resolved
1573,3447,Electrical Failure,Low,2025-08-03,Resolved
1574,2968,Material Defect,Critical,2025-01-04,Scrapped
1575,6862,Material Defect,Medium,2025-09-03,Under Review
1576,9618,Assembly Error,High,2025-10-04,Under Review
1577,5209,Dimension Error,High,2025-05-06,Scrapped
1578,9999,Machine Error,High,2025-08-09,Scrapped
1579,3804,Dimension Error,Low,2025-02-13,Scrapped
1580,3718,Dimension Error,Critical,2025-07-10,Under Review
1581,2487,Surface Damage,Medium,2025-04-26,Under Review
1582,3534,Surface Damage,Critical,2025-11-25,Scrapped
1583,758,Dimension Error,Critical,2025-07-27,Resolved
1584,6761,Dimension Error,High,2025-09-18,Under Review
1585,1623,Machine Error,High,2025-04-01,Under Review
1586,4316,Material Defect,High,2025-10-06,Under Review
1587,8214,Dimension Error,Medium,2025-07-20,Under Review
1588,8211,Machine Error,Medium,2025-10-16,Resolved
1589,1366,Assembly Error,Critical,2025-11-06,Resolved
1590,7941,Surface Damage,Medium,2025-03-14,Scrapped
1591,4128,Material Defect,High,2025-07-24,Under Review
1592,4054,Surface Damage,Medium,2025-01-26,Under Review
1593,3592,Material Defect,Critical,2025-03-04,Scrapped
1594,5062,Surface Damage,High,2025-05-14,Scrapped
1595,9414,Machine Error,Low,2025-08-01,Resolved
1596,5624,Material Defect,Medium,2025-08-05,Under Review
1597,4305,Surface Damage,High,2025-03-30,Scrapped
1598,3492,Dimension Error,Medium,2025-12-07,Scrapped
1599,9881,Surface Damage,High,2025-11-03,Under Review
1600,3274,Surface Damage,High,2025-04-13,Scrapped
1601,8651,Assembly Error,Low,2025-05-19,Resolved
1602,1863,Assembly Error,High,2025-01-03,Resolved
1603,848,Surface Damage,Low,2025-08-04,Scrapped
1604,5352,Surface Damage,Medium,2025-06-05,Under Review
1605,8564,Dimension Error,Medium,2025-08-31,Scrapped
1606,9284,Surface Damage,Low,2025-02-10,Resolved
1607,3101,Assembly Error,High,2025-11-30,Under Review
1608,9951,Assembly Error,Medium,2025-01-24,Under Review
1609,9936,Dimension Error,Medium,2025-02-20,Scrapped
1610,1906,Dimension Error,High,2025-05-10,Resolved
1611,3,Surface Damage,Medium,2025-05-18,Resolved
1612,568,Electrical Failure,High,2025-09-27,Under Review
1613,3274,Electrical Failure,Low,2025-10-01,Resolved
1614,9393,Surface Damage,High,2025-06-25,Resolved
1615,7580,Dimension Error,Medium,2025-11-06,Resolved
1616,1008,Assembly Error,Critical,2025-08-19,Scrapped
1617,2540,Electrical Failure,High,2025-07-23,Under Review
1618,8641,Assembly Error,Low,2025-01-22,Under Review
1619,7899,Machine Error,Low,2025-06-27,Scrapped
1620,6227,Material Defect,High,2025-07-01,Resolved
1621,2855,Surface Damage,Medium,2025-12-25,Scrapped
1622,5462,Machine Error,Medium,2025-05-30,Resolved
1623,7230,Electrical Failure,High,2025-04-28,Resolved
1624,5299,Surface Damage,Medium,2025-12-02,Resolved
1625,5705,Machine Error,Critical,2025-10-06,Resolved
1626,7367,Electrical Failure,Critical,2025-11-03,Resolved
1627,3614,Assembly Error,Low,2025-05-18,Scrapped
1628,8524,Electrical Failure,Critical,2025-08-09,Resolved
1629,3792,Electrical Failure,Critical,2025-09-28,Resolved
1630,2242,Machine Error,Critical,2025-09-19,Scrapped
1631,8559,Machine Error,Medium,2025-02-15,Scrapped
1632,3735,Dimension Error,High,2025-08-09,Under Review
1633,1228,Material Defect,Medium,2025-08-02,Scrapped
1634,7168,Assembly Error,Critical,2025-06-18,Resolved
1635,1812,Assembly Error,High,2025-04-07,Scrapped
1636,9406,Machine Error,Medium,2025-05-05,Scrapped
1637,8186,Assembly Error,Critical,2025-11-16,Scrapped
1638,2635,Dimension Error,Critical,2025-04-15,Scrapped
1639,2223,Dimension Error,High,2025-02-19,Resolved
1640,6542,Electrical Failure,Medium,2025-09-12,Resolved
1641,362,Assembly Error,Medium,2025-12-01,Scrapped
1642,5376,Machine Error,Medium,2025-03-27,Resolved
1643,6543,Dimension Error,Low,2025-01-23,Scrapped
1644,2192,Dimension Error,Low,2025-02-24,Under Review
1645,85,Material Defect,Low,2025-02-01,Scrapped
1646,290,Electrical Failure,Low,2025-08-10,Scrapped
1647,2715,Electrical Failure,Critical,2025-10-27,Resolved
1648,5866,Electrical Failure,High,2025-06-01,Scrapped
1649,326,Assembly Error,Medium,2025-10-09,Under Review
1650,5666,Material Defect,Medium,2025-11-01,Scrapped
1651,5057,Machine Error,Medium,2025-12-24,Under Review
1652,3922,Material Defect,Critical,2025-07-26,Resolved
1653,9232,Electrical Failure,High,2025-12-04,Resolved
1654,1899,Machine Error,Critical,2025-06-30,Resolved
1655,5286,Surface Damage,High,2025-08-27,Resolved
1656,2276,Surface Damage,Medium,2025-07-29,Scrapped
1657,3274,Dimension Error,High,2025-11-21,Scrapped
1658,3161,Electrical Failure,High,2025-11-03,Under Review
1659,2301,Surface Damage,Low,2025-04-11,Resolved
1660,2085,Assembly Error,Low,2025-07-13,Resolved
1661,282,Surface Damage,Low,2025-05-08,Under Review
1662,9842,Machine Error,High,2025-08-25,Resolved
1663,2764,Electrical Failure,Critical,2025-06-15,Scrapped
1664,7681,Material Defect,Medium,2025-12-03,Scrapped
1665,1343,Surface Damage,High,2025-11-06,Resolved
1666,1561,Surface Damage,Medium,2025-10-17,Scrapped
1667,4639,Machine Error,Medium,2025-04-02,Under Review
1668,1307,Material Defect,High,2025-05-07,Under Review
1669,2958,Assembly Error,Critical,2025-08-05,Under Review
1670,5660,Surface Damage,High,2025-10-03,Resolved
1671,5161,Machine Error,High,2025-11-05,Under Review
1672,2044,Material Defect,Medium,2025-07-07,Scrapped
1673,5991,Machine Error,Medium,2025-03-27,Resolved
1674,2920,Dimension Error,Critical,2025-08-16,Scrapped
1675,7579,Electrical Failure,Low,2025-01-31,Scrapped
1676,6808,Electrical Failure,Critical,2025-04-10,Under Review
1677,9139,Electrical Failure,Medium,2025-08-31,Under Review
1678,3126,Surface Damage,High,2025-09-05,Under Review
1679,6059,Assembly Error,Medium,2025-10-10,Under Review
1680,4416,Material Defect,Low,2025-02-16,Under Review
1681,5702,Surface Damage,Low,2025-06-03,Under Review
1682,6107,Surface Damage,Critical,2025-02-24,Under Review
1683,1522,Surface Damage,Medium,2025-11-19,Resolved
1684,2284,Dimension Error,Low,2025-06-10,Under Review
1685,4185,Machine Error,Critical,2025-11-23,Under Review
1686,8,Dimension Error,Critical,2025-04-08,Scrapped
1687,675,Assembly Error,Medium,2025-04-23,Resolved
1688,4870,Electrical Failure,High,2025-01-23,Scrapped
1689,5223,Dimension Error,Low,2025-04-04,Resolved
1690,7969,Electrical Failure,Medium,2025-10-14,Scrapped
1691,9450,Machine Error,Low,2025-01-24,Scrapped
1692,4379,Surface Damage,Medium,2025-11-08,Scrapped
1693,2613,Surface Damage,Medium,2025-07-13,Under Review
1694,8749,Material Defect,Critical,2025-04-20,Scrapped
1695,6426,Material Defect,Low,2025-06-04,Under Review
1696,7024,Dimension Error,High,2025-01-18,Resolved
1697,5655,Machine Error,Critical,2025-08-18,Resolved
1698,5682,Dimension Error,Low,2025-06-07,Scrapped
1699,2561,Dimension Error,Medium,2025-07-21,Scrapped
1700,800,Assembly Error,Low,2025-08-07,Scrapped
1701,3060,Surface Damage,Low,2025-09-17,Resolved
1702,7539,Electrical Failure,Critical,2025-06-13,Scrapped
1703,7801,Surface Damage,High,2025-01-30,Scrapped
1704,1490,Dimension Error,Medium,2025-06-29,Scrapped
1705,1172,Assembly Error,Medium,2025-01-09,Under Review
1706,1369,Dimension Error,Low,2025-11-28,Resolved
1707,9930,Material Defect,Low,2025-12-16,Scrapped
1708,350,Material Defect,Low,2025-10-08,Resolved
1709,8233,Electrical Failure,Low,2025-12-01,Under Review
1710,6099,Surface Damage,Medium,2025-11-09,Under Review
1711,6892,Material Defect,Medium,2025-07-30,Scrapped
1712,8306,Surface Damage,High,2025-07-29,Resolved
1713,4895,Material Defect,Critical,2025-04-19,Scrapped
1714,3015,Machine Error,Critical,2025-04-12,Resolved
1715,7416,Electrical Failure,Medium,2025-01-15,Resolved
1716,8188,Assembly Error,High,2025-08-20,Scrapped
1717,9977,Surface Damage,Low,2025-01-10,Scrapped
1718,8166,Material Defect,High,2025-10-31,Scrapped
1719,6919,Material Defect,Medium,2025-10-03,Under Review
1720,7426,Machine Error,Critical,2025-05-24,Resolved
1721,2399,Assembly Error,Critical,2025-02-09,Under Review
1722,529,Machine Error,High,2025-02-16,Scrapped
1723,8441,Dimension Error,Critical,2025-11-05,Under Review
1724,8922,Material Defect,High,2025-07-07,Under Review
1725,4172,Machine Error,Medium,2025-02-24,Resolved
1726,9367,Machine Error,High,2025-02-06,Under Review
1727,7533,Assembly Error,Critical,2025-05-21,Scrapped
1728,348,Material Defect,High,2025-11-19,Resolved
1729,4558,Surface Damage,Low,2025-03-25,Under Review
1730,4671,Assembly Error,Medium,2025-03-03,Under Review
1731,5186,Dimension Error,Critical,2025-02-16,Resolved
1732,7142,Machine Error,High,2025-03-09,Under Review
1733,705,Assembly Error,Low,2025-01-16,Resolved
1734,4925,Dimension Error,Low,2025-01-19,Scrapped
1735,2882,Electrical Failure,Critical,2025-06-20,Under Review
1736,4040,Electrical Failure,Critical,2025-03-28,Scrapped
1737,3031,Machine Error,High,2025-11-17,Resolved
1738,2441,Surface Damage,Critical,2025-12-21,Resolved
1739,7233,Electrical Failure,Low,2025-05-29,Scrapped
1740,9172,Material Defect,Critical,2025-08-28,Resolved
1741,2651,Machine Error,Medium,2025-10-07,Under Review
1742,8564,Material Defect,Medium,2025-10-07,Resolved
1743,9945,Assembly Error,Medium,2025-10-12,Under Review
1744,1444,Assembly Error,Medium,2025-02-18,Scrapped
1745,7394,Material Defect,Medium,2025-06-22,Under Review
1746,2154,Assembly Error,High,2025-09-06,Scrapped
1747,9317,Material Defect,Medium,2025-08-05,Under Review
1748,5067,Surface Damage,Low,2025-12-17,Scrapped
1749,9560,Dimension Error,Low,2025-08-23,Under Review
1750,5813,Surface Damage,Critical,2025-09-12,Resolved
1751,3177,Assembly Error,High,2025-01-17,Under Review
1752,497,Material Defect,Medium,2025-07-20,Scrapped
1753,8216,Assembly Error,High,2025-12-17,Resolved
1754,3766,Dimension Error,Medium,2025-08-22,Scrapped
1755,8944,Surface Damage,High,2025-11-17,Resolved
1756,2433,Dimension Error,Medium,2025-03-19,Resolved
1757,8902,Electrical Failure,Critical,2025-05-07,Under Review
1758,7032,Machine Error,Low,2025-07-18,Under Review
1759,9415,Material Defect,Low,2025-10-17,Scrapped
1760,3125,Dimension Error,Critical,2025-10-27,Scrapped
1761,7072,Material Defect,High,2025-08-23,Under Review
1762,8138,Electrical Failure,Medium,2025-11-05,Scrapped
1763,8938,Material Defect,Critical,2025-12-09,Scrapped
1764,8788,Surface Damage,High,2025-10-11,Under Review
1765,2281,Machine Error,Medium,2025-06-03,Resolved
1766,7337,Dimension Error,Critical,2025-11-18,Resolved
1767,3734,Machine Error,Critical,2025-03-31,Resolved
1768,407,Assembly Error,High,2025-04-12,Under Review
1769,7953,Surface Damage,High,2025-11-05,Resolved
1770,6516,Machine Error,Medium,2025-09-12,Under Review
1771,8352,Dimension Error,Low,2025-08-12,Scrapped
1772,3397,Electrical Failure,Low,2025-11-01,Under Review
1773,8379,Dimension Error,Medium,2025-06-01,Under Review
1774,3453,Machine Error,High,2025-06-06,Under Review
1775,6626,Dimension Error,Critical,2025-03-21,Under Review
1776,3340,Electrical Failure,High,2025-10-31,Resolved
1777,671,Machine Error,Low,2025-11-10,Under Review
1778,5616,Assembly Error,Low,2025-01-15,Scrapped
1779,8105,Electrical Failure,Critical,2025-01-14,Under Review
1780,2362,Dimension Error,Critical,2025-08-29,Resolved
1781,867,Electrical Failure,Low,2025-03-07,Under Review
1782,4826,Dimension Error,Medium,2025-07-21,Scrapped
1783,8571,Dimension Error,Critical,2025-09-18,Scrapped
1784,4879,Machine Error,High,2025-09-05,Under Review
1785,7848,Electrical Failure,High,2025-01-09,Resolved
1786,2575,Electrical Failure,High,2025-12-01,Under Review
1787,6910,Dimension Error,Critical,2025-01-16,Scrapped
1788,3242,Dimension Error,Low,2025-11-17,Resolved
1789,1500,Electrical Failure,Medium,2025-09-23,Resolved
1790,3153,Material Defect,High,2025-03-22,Under Review
1791,2534,Dimension Error,Critical,2025-06-17,Resolved
1792,5184,Machine Error,High,2025-02-13,Resolved
1793,2565,Electrical Failure,Low,2025-05-19,Under Review
1794,7820,Material Defect,High,2025-09-13,Under Review
1795,649,Assembly Error,Critical,2025-05-15,Under Review
1796,2526,Surface Damage,Critical,2025-11-15,Under Review
1797,9854,Assembly Error,High,2025-08-15,Resolved
1798,7416,Machine Error,Low,2025-03-15,Scrapped
1799,4278,Electrical Failure,Medium,2025-01-08,Scrapped
1800,9510,Dimension Error,High,2025-07-13,Under Review
1801,7308,Assembly Error,Medium,2025-08-10,Scrapped
1802,3325,Surface Damage,Medium,2025-07-28,Resolved
1803,6479,Machine Error,Low,2025-12-31,Under Review
1804,4331,Electrical Failure,Medium,2025-02-19,Resolved
1805,635,Machine Error,Critical,2025-03-11,Scrapped
1806,2621,Machine Error,Low,2025-08-04,Under Review
1807,5153,Machine Error,Low,2025-01-26,Scrapped
1808,1948,Dimension Error,Low,2025-04-29,Under Review
1809,1815,Assembly Error,High,2025-02-02,Scrapped
1810,4153,Electrical Failure,Critical,2025-03-25,Under Review
1811,1474,Dimension Error,Low,2025-04-24,Scrapped
1812,2672,Assembly Error,High,2025-01-03,Resolved
1813,5912,Machine Error,High,2025-12-16,Resolved
1814,8645,Assembly Error,Low,2025-12-08,Resolved
1815,8924,Dimension Error,Low,2025-01-04,Under Review
1816,2965,Dimension Error,Medium,2025-07-12,Scrapped
1817,6244,Assembly Error,Medium,2025-03-14,Resolved
1818,9581,Machine Error,Low,2025-11-04,Resolved
1819,6598,Electrical Failure,Medium,2025-11-16,Under Review
1820,8455,Dimension Error,High,2025-11-21,Resolved
1821,5141,Electrical Failure,High,2025-12-18,Scrapped
1822,5584,Assembly Error,Low,2025-11-12,Under Review
1823,6756,Surface Damage,Medium,2025-09-01,Scrapped
1824,2661,Dimension Error,Low,2025-01-26,Resolved
1825,3961,Machine Error,High,2025-09-25,Scrapped
1826,9268,Material Defect,Critical,2025-12-31,Under Review
1827,9454,Assembly Error,Critical,2025-04-10,Under Review
1828,1799,Surface Damage,Critical,2025-03-19,Resolved
1829,6954,Surface Damage,High,2025-01-12,Scrapped
1830,7408,Material Defect,Medium,2025-09-02,Resolved
1831,894,Material Defect,Critical,2025-04-04,Under Review
1832,7531,Electrical Failure,Medium,2025-05-05,Scrapped
1833,4186,Material Defect,Medium,2025-02-10,Resolved
1834,2206,Surface Damage,Medium,2025-08-02,Under Review
1835,8019,Assembly Error,Low,2025-06-25,Resolved
1836,671,Electrical Failure,Critical,2025-02-20,Resolved
1837,364,Machine Error,High,2025-05-03,Under Review
1838,3085,Dimension Error,High,2025-10-09,Under Review
1839,8621,Assembly Error,High,2025-03-07,Scrapped
1840,6320,Dimension Error,Medium,2025-09-19,Scrapped
1841,91,Material Defect,Medium,2025-01-18,Resolved
1842,8681,Dimension Error,Low,2025-03-11,Scrapped
1843,3120,Electrical Failure,Medium,2025-02-17,Scrapped
1844,300,Material Defect,Low,2025-11-06,Resolved
1845,1383,Surface Damage,Medium,2025-06-15,Under Review
1846,7216,Electrical Failure,Critical,2025-07-01,Scrapped
1847,7434,Surface Damage,Critical,2025-01-07,Resolved
1848,1897,Machine Error,Medium,2025-01-07,Resolved
1849,1770,Surface Damage,Medium,2025-07-01,Resolved
1850,7887,Surface Damage,Critical,2025-09-20,Resolved
1851,5334,Electrical Failure,Medium,2025-08-10,Scrapped
1852,2553,Material Defect,Low,2025-07-23,Scrapped
1853,4088,Assembly Error,Critical,2025-05-05,Under Review
1854,4838,Material Defect,Critical,2025-11-01,Resolved
1855,7328,Electrical Failure,Low,2025-09-16,Scrapped
1856,6907,Material Defect,High,2025-01-02,Scrapped
1857,2001,Surface Damage,High,2025-09-19,Scrapped
1858,9551,Assembly Error,Low,2025-06-24,Resolved
1859,5276,Assembly Error,Low,2025-12-03,Resolved
1860,6297,Dimension Error,Low,2026-01-01,Under Review
1861,3326,Material Defect,Low,2025-08-08,Under Review
1862,7512,Electrical Failure,Medium,2025-08-15,Scrapped
1863,9487,Machine Error,Low,2025-09-29,Resolved
1864,2272,Electrical Failure,Medium,2025-03-01,Resolved
1865,595,Dimension Error,Low,2026-01-01,Under Review
1866,3024,Surface Damage,High,2025-05-20,Under Review
1867,9061,Dimension Error,Low,2025-07-29,Resolved
1868,8306,Assembly Error,Critical,2025-03-10,Scrapped
1869,2867,Electrical Failure,Critical,2025-07-18,Resolved
1870,8339,Machine Error,Medium,2025-03-25,Under Review
1871,9265,Material Defect,Medium,2025-02-07,Scrapped
1872,7668,Material Defect,Medium,2025-10-26,Scrapped
1873,8098,Surface Damage,High,2025-11-06,Scrapped
1874,8616,Assembly Error,High,2025-03-04,Scrapped
1875,4565,Machine Error,Low,2025-10-28,Under Review
1876,7485,Machine Error,Critical,2025-09-02,Under Review
1877,7943,Electrical Failure,Low,2025-02-24,Resolved
1878,2267,Dimension Error,High,2025-04-08,Under Review
1879,281,Dimension Error,Low,2025-09-18,Resolved
1880,4638,Electrical Failure,Medium,2025-02-21,Scrapped
1881,2870,Machine Error,Low,2025-04-01,Under Review
1882,6586,Electrical Failure,Medium,2025-08-04,Resolved
1883,5929,Dimension Error,Medium,2025-07-19,Resolved
1884,5497,Surface Damage,Medium,2025-07-08,Resolved
1885,8334,Surface Damage,Medium,2025-12-15,Scrapped
1886,2479,Machine Error,Medium,2025-04-27,Under Review
1887,8075,Surface Damage,Low,2025-11-11,Scrapped
1888,7089,Assembly Error,Critical,2025-07-13,Resolved
1889,1010,Machine Error,Critical,2025-02-06,Resolved
1890,8832,Electrical Failure,Medium,2025-09-29,Scrapped
1891,2191,Material Defect,Critical,2025-09-13,Scrapped
1892,4907,Assembly Error,High,2025-02-07,Scrapped
1893,9049,Dimension Error,High,2025-01-19,Scrapped
1894,6559,Surface Damage,Critical,2025-08-20,Resolved
1895,4299,Assembly Error,High,2025-05-29,Under Review
1896,6735,Assembly Error,Low,2025-05-30,Scrapped
1897,459,Material Defect,Low,2025-10-24,Under Review
1898,1574,Assembly Error,Critical,2025-02-26,Resolved
1899,5572,Electrical Failure,High,2025-10-30,Under Review
1900,3104,Dimension Error,High,2025-03-17,Resolved
1901,1599,Electrical Failure,Low,2025-11-21,Scrapped
1902,3669,Electrical Failure,Medium,2025-10-31,Scrapped
1903,1706,Material Defect,Low,2025-10-04,Resolved
1904,5943,Surface Damage,High,2025-05-06,Resolved
1905,9042,Dimension Error,High,2025-11-15,Scrapped
1906,8528,Surface Damage,Medium,2025-03-29,Resolved
1907,1998,Electrical Failure,High,2025-10-19,Under Review
1908,9516,Assembly Error,High,2025-10-15,Under Review
1909,4747,Dimension Error,Medium,2025-04-11,Scrapped
1910,6307,Surface Damage,Critical,2025-01-13,Under Review
1911,1066,Dimension Error,High,2025-11-26,Scrapped
1912,8591,Surface Damage,Critical,2025-01-01,Scrapped
1913,9443,Dimension Error,Low,2025-11-19,Resolved
1914,3681,Electrical Failure,High,2025-06-27,Resolved
1915,2839,Material Defect,Low,2025-08-26,Scrapped
1916,9404,Electrical Failure,Critical,2025-10-23,Under Review
1917,4564,Electrical Failure,Critical,2025-01-30,Scrapped
1918,6185,Surface Damage,Critical,2025-01-30,Resolved
1919,1391,Surface Damage,Critical,2025-04-12,Scrapped
1920,5537,Machine Error,Low,2025-11-21,Scrapped
1921,6695,Electrical Failure,Critical,2025-09-01,Resolved
1922,4901,Assembly Error,Low,2025-09-30,Under Review
1923,3489,Assembly Error,Medium,2025-02-26,Scrapped
1924,1845,Assembly Error,Critical,2025-11-05,Under Review
1925,6183,Dimension Error,Low,2025-04-27,Scrapped
1926,5213,Electrical Failure,Low,2025-10-09,Resolved
1927,5855,Dimension Error,High,2025-07-27,Resolved
1928,9571,Assembly Error,Critical,2025-01-17,Under Review
1929,3491,Assembly Error,High,2025-02-15,Under Review
1930,7785,Dimension Error,Medium,2025-10-27,Under Review
1931,3607,Electrical Failure,Low,2025-05-18,Resolved
1932,4090,Material Defect,Low,2025-10-11,Under Review
1933,8244,Machine Error,Critical,2025-09-22,Resolved
1934,1775,Dimension Error,Critical,2025-01-31,Resolved
1935,9999,Surface Damage,Low,2025-01-06,Under Review
1936,2562,Surface Damage,High,2025-06-28,Under Review
1937,8340,Dimension Error,Low,2025-01-19,Resolved
1938,1460,Assembly Error,Critical,2025-05-07,Under Review
1939,2435,Material Defect,Medium,2025-04-21,Resolved
1940,2487,Surface Damage,Critical,2025-06-09,Scrapped
1941,6316,Material Defect,Low,2025-12-07,Scrapped
1942,6572,Machine Error,Medium,2025-09-18,Scrapped
1943,2002,Assembly Error,Medium,2025-02-26,Scrapped
1944,2483,Surface Damage,Medium,2025-12-27,Resolved
1945,6688,Machine Error,Low,2025-03-03,Resolved
1946,3643,Material Defect,Critical,2025-05-25,Resolved
1947,5836,Surface Damage,Medium,2025-07-15,Resolved
1948,6173,Material Defect,Critical,2025-03-25,Under Review
1949,4986,Assembly Error,Low,2025-06-01,Resolved
1950,9224,Surface Damage,Medium,2025-05-10,Resolved
1951,8850,Assembly Error,Medium,2025-08-26,Scrapped
1952,2489,Assembly Error,High,2025-05-01,Under Review
1953,5344,Machine Error,Critical,2025-06-01,Resolved
1954,3316,Surface Damage,High,2025-05-16,Resolved
1955,5667,Electrical Failure,High,2025-09-17,Scrapped
1956,8681,Dimension Error,Medium,2025-08-07,Under Review
1957,2605,Material Defect,Low,2025-07-15,Scrapped
1958,9223,Material Defect,Medium,2025-01-10,Under Review
1959,5998,Assembly Error,Medium,2025-09-25,Scrapped
1960,2088,Material Defect,Medium,2025-01-01,Scrapped
1961,4106,Material Defect,Critical,2025-08-27,Resolved
1962,7694,Assembly Error,Low,2025-12-02,Resolved
1963,1776,Material Defect,Critical,2025-01-31,Scrapped
1964,5006,Surface Damage,High,2025-03-20,Under Review
1965,62,Assembly Error,Medium,2025-12-24,Under Review
1966,5609,Surface Damage,Medium,2025-07-30,Under Review
1967,1821,Surface Damage,Low,2025-10-02,Under Review
1968,9567,Material Defect,Medium,2025-04-29,Resolved
1969,5895,Surface Damage,Medium,2025-07-19,Under Review
1970,3793,Dimension Error,Critical,2025-05-01,Scrapped
1971,1819,Electrical Failure,Low,2025-08-07,Scrapped
1972,8604,Surface Damage,Medium,2025-08-02,Under Review
1973,8239,Machine Error,High,2025-09-01,Scrapped
1974,6981,Electrical Failure,High,2025-07-01,Under Review
1975,5146,Machine Error,High,2025-11-06,Scrapped
1976,6634,Assembly Error,Low,2025-04-27,Resolved
1977,1072,Electrical Failure,High,2025-05-30,Scrapped
1978,3317,Assembly Error,Medium,2025-08-15,Resolved
1979,2099,Machine Error,Low,2025-08-01,Scrapped
1980,3744,Assembly Error,High,2025-02-01,Under Review
1981,8467,Dimension Error,Critical,2025-12-23,Under Review
1982,4952,Dimension Error,Critical,2025-01-01,Resolved
1983,9444,Machine Error,Critical,2025-07-15,Under Review
1984,5694,Material Defect,Medium,2025-01-26,Scrapped
1985,1326,Machine Error,Medium,2025-06-23,Under Review
1986,8210,Assembly Error,Medium,2025-12-02,Under Review
1987,5874,Electrical Failure,Low,2025-02-07,Under Review
1988,7289,Electrical Failure,Low,2025-01-19,Under Review
1989,5729,Dimension Error,High,2025-05-24,Scrapped
1990,4106,Electrical Failure,High,2025-11-18,Resolved
1991,2625,Dimension Error,Low,2025-06-14,Scrapped
1992,1206,Dimension Error,Medium,2025-09-05,Under Review
1993,6301,Material Defect,High,2025-09-25,Under Review
1994,9195,Dimension Error,Critical,2025-11-30,Scrapped
1995,8728,Surface Damage,Critical,2025-10-04,Resolved
1996,3387,Machine Error,High,2025-11-07,Scrapped
1997,9402,Dimension Error,Low,2025-03-19,Under Review
1998,1637,Material Defect,High,2025-06-28,Scrapped
1999,1372,Surface Damage,Low,2025-04-05,Scrapped
2000,6963,Machine Error,Low,2025-01-21,Under Review
2001,906,Machine Error,Low,2025-03-07,Scrapped
2002,1722,Electrical Failure,Medium,2025-11-04,Resolved
2003,3838,Material Defect,Medium,2025-12-08,Under Review
2004,4761,Dimension Error,High,2025-04-25,Scrapped
2005,4370,Material Defect,Medium,2025-12-02,Resolved
2006,8050,Surface Damage,High,2025-03-17,Under Review
2007,5849,Surface Damage,High,2025-01-26,Scrapped
2008,4174,Surface Damage,Low,2025-02-02,Scrapped
2009,1506,Machine Error,Medium,2025-06-20,Under Review
2010,3019,Electrical Failure,Critical,2025-02-24,Resolved
2011,9300,Dimension Error,High,2025-01-23,Under Review
2012,9194,Surface Damage,Low,2025-11-27,Scrapped
2013,7458,Surface Damage,Medium,2025-03-29,Under Review
2014,7329,Machine Error,Critical,2025-07-04,Scrapped
2015,4234,Dimension Error,Critical,2025-07-06,Resolved
2016,4185,Surface Damage,Medium,2025-12-01,Scrapped
2017,1106,Assembly Error,Medium,2025-02-19,Under Review
2018,3245,Dimension Error,Medium,2025-02-16,Scrapped
2019,4507,Material Defect,Low,2025-07-30,Resolved
2020,9050,Machine Error,Medium,2025-06-15,Under Review
2021,8617,Material Defect,High,2025-12-27,Scrapped
2022,1932,Electrical Failure,Critical,2025-03-16,Under Review
2023,8986,Electrical Failure,High,2025-07-30,Under Review
2024,3132,Electrical Failure,Low,2025-10-03,Scrapped
2025,6763,Material Defect,Medium,2025-10-25,Resolved
2026,8047,Material Defect,High,2025-10-21,Scrapped
2027,3402,Assembly Error,Medium,2025-02-18,Under Review
2028,2785,Surface Damage,Critical,2025-06-09,Resolved
2029,1842,Assembly Error,Critical,2025-08-30,Resolved
2030,2912,Material Defect,Low,2025-12-18,Resolved
2031,990,Machine Error,Critical,2025-10-25,Scrapped
2032,8874,Assembly Error,Low,2025-08-20,Scrapped
2033,8420,Surface Damage,High,2025-02-17,Under Review
2034,5382,Dimension Error,Medium,2025-09-24,Under Review
2035,7285,Material Defect,Critical,2025-11-02,Under Review
2036,2612,Electrical Failure,Medium,2025-01-22,Under Review
2037,9615,Electrical Failure,Medium,2025-12-15,Resolved
2038,4090,Surface Damage,Medium,2025-10-24,Resolved
2039,8637,Electrical Failure,High,2025-11-13,Under Review
2040,7001,Machine Error,Medium,2025-04-16,Scrapped
2041,8624,Assembly Error,High,2025-10-02,Scrapped
2042,9582,Assembly Error,Critical,2025-02-16,Resolved
2043,9639,Machine Error,Low,2025-11-26,Under Review
2044,5448,Assembly Error,High,2025-09-10,Under Review
2045,2132,Dimension Error,Medium,2025-09-06,Resolved
2046,9022,Electrical Failure,High,2025-12-28,Resolved
2047,9028,Surface Damage,Critical,2025-05-27,Resolved
2048,3305,Electrical Failure,Critical,2025-09-28,Resolved
2049,8110,Material Defect,Medium,2025-10-31,Resolved
2050,9028,Electrical Failure,High,2025-02-10,Scrapped
2051,5339,Dimension Error,Low,2025-08-01,Scrapped
2052,7634,Machine Error,Critical,2025-05-14,Scrapped
2053,5947,Surface Damage,Medium,2025-07-28,Scrapped
2054,5908,Electrical Failure,Low,2025-10-04,Scrapped
2055,7515,Material Defect,Medium,2025-07-26,Under Review
2056,4549,Material Defect,High,2025-11-21,Resolved
2057,9904,Assembly Error,Critical,2025-08-01,Under Review
2058,1912,Assembly Error,Low,2025-05-05,Scrapped
2059,1274,Dimension Error,Low,2025-03-07,Scrapped
2060,9271,Assembly Error,Medium,2025-11-30,Resolved
2061,2480,Material Defect,High,2025-01-13,Scrapped
2062,9946,Machine Error,Critical,2025-08-25,Resolved
2063,1518,Machine Error,Medium,2025-01-05,Scrapped
2064,869,Electrical Failure,Medium,2025-01-23,Scrapped
2065,6285,Assembly Error,High,2025-06-19,Under Review
2066,2988,Machine Error,Low,2025-11-12,Scrapped
2067,3645,Assembly Error,Medium,2025-03-07,Under Review
2068,1292,Assembly Error,Medium,2025-11-26,Scrapped
2069,7866,Dimension Error,Medium,2025-09-28,Under Review
2070,3487,Electrical Failure,High,2025-01-30,Under Review
2071,7682,Dimension Error,Low,2025-01-07,Scrapped
2072,1954,Electrical Failure,Medium,2025-05-21,Resolved
2073,2951,Electrical Failure,Medium,2025-05-13,Resolved
2074,980,Assembly Error,High,2025-11-02,Resolved
2075,1778,Material Defect,Medium,2025-02-09,Under Review
2076,2358,Machine Error,Critical,2025-10-24,Scrapped
2077,8036,Surface Damage,High,2025-11-17,Resolved
2078,1032,Surface Damage,High,2025-09-05,Under Review
2079,2567,Electrical Failure,Medium,2025-11-01,Resolved
2080,7731,Surface Damage,Low,2025-03-10,Under Review
2081,6766,Material Defect,Critical,2025-12-29,Scrapped
2082,7934,Dimension Error,Critical,2025-05-30,Scrapped
2083,3248,Dimension Error,High,2025-02-15,Scrapped
2084,3594,Dimension Error,High,2025-12-03,Scrapped
2085,9168,Dimension Error,Low,2025-06-14,Resolved
2086,4089,Surface Damage,Critical,2025-02-19,Under Review
2087,9830,Surface Damage,Low,2025-12-31,Under Review
2088,9594,Dimension Error,Medium,2025-10-21,Under Review
2089,9446,Machine Error,High,2025-02-14,Under Review
2090,4773,Electrical Failure,Low,2025-08-13,Resolved
2091,9554,Machine Error,High,2025-10-18,Resolved
2092,2140,Dimension Error,Critical,2025-02-13,Scrapped
2093,3838,Dimension Error,Low,2025-01-06,Under Review
2094,9240,Machine Error,Medium,2025-10-14,Scrapped
2095,4888,Material Defect,Low,2025-03-24,Under Review
2096,6557,Assembly Error,Medium,2025-03-18,Under Review
2097,8332,Dimension Error,Medium,2025-03-28,Scrapped
2098,1970,Material Defect,Medium,2025-08-09,Scrapped
2099,3236,Material Defect,Medium,2025-08-25,Resolved
2100,50,Assembly Error,Low,2025-09-22,Under Review
2101,18,Material Defect,Critical,2025-03-16,Scrapped
2102,8382,Dimension Error,Critical,2025-09-01,Resolved
2103,111,Material Defect,High,2025-11-03,Resolved
2104,3412,Material Defect,High,2025-04-05,Scrapped
2105,5344,Assembly Error,High,2025-05-23,Scrapped
2106,2990,Electrical Failure,High,2025-07-27,Under Review
2107,4405,Electrical Failure,Critical,2025-07-20,Scrapped
2108,1837,Surface Damage,High,2025-12-23,Under Review
2109,6653,Electrical Failure,Medium,2025-10-23,Under Review
2110,7640,Material Defect,Low,2025-12-25,Scrapped
2111,4534,Dimension Error,Low,2025-05-20,Resolved
2112,8933,Material Defect,High,2025-11-30,Under Review
2113,3679,Electrical Failure,High,2025-09-30,Under Review
2114,996,Material Defect,High,2025-01-25,Scrapped
2115,6287,Surface Damage,Critical,2025-12-15,Scrapped
2116,2847,Machine Error,Medium,2026-01-01,Resolved
2117,10,Dimension Error,Low,2025-02-02,Resolved
2118,7416,Assembly Error,Critical,2025-12-25,Scrapped
2119,5258,Electrical Failure,Low,2025-01-06,Resolved
2120,5886,Assembly Error,Medium,2025-12-28,Under Review
2121,2889,Assembly Error,Critical,2025-03-30,Scrapped
2122,2798,Assembly Error,High,2025-03-03,Under Review
2123,1543,Machine Error,Low,2025-11-24,Under Review
2124,8173,Machine Error,High,2025-03-19,Scrapped
2125,9932,Assembly Error,High,2025-03-28,Scrapped
2126,9560,Assembly Error,Low,2025-08-21,Under Review
2127,7367,Electrical Failure,High,2025-02-05,Resolved
2128,7298,Electrical Failure,High,2025-08-27,Resolved
2129,9102,Electrical Failure,Critical,2025-12-24,Resolved
2130,6568,Machine Error,Medium,2025-07-18,Resolved
2131,9341,Assembly Error,Critical,2025-01-09,Under Review
2132,863,Dimension Error,High,2025-03-19,Resolved
2133,657,Electrical Failure,Critical,2025-04-02,Under Review
2134,8481,Machine Error,High,2025-04-18,Under Review
2135,3064,Electrical Failure,High,2025-02-02,Resolved
2136,381,Material Defect,High,2025-08-29,Scrapped
2137,5556,Dimension Error,High,2025-02-26,Scrapped
2138,7783,Material Defect,Medium,2025-02-08,Under Review
2139,7503,Dimension Error,Medium,2025-02-19,Resolved
2140,3860,Surface Damage,Low,2025-02-20,Under Review
2141,8830,Electrical Failure,Critical,2025-12-19,Scrapped
2142,8061,Surface Damage,High,2025-06-11,Resolved
2143,8566,Surface Damage,High,2025-01-31,Under Review
2144,5676,Surface Damage,High,2025-11-26,Scrapped
2145,8356,Surface Damage,Critical,2025-07-03,Scrapped
2146,8398,Electrical Failure,Low,2025-12-07,Resolved
2147,3936,Machine Error,Medium,2025-05-28,Under Review
2148,7416,Dimension Error,Medium,2025-01-13,Resolved
2149,7231,Electrical Failure,High,2025-01-01,Scrapped
2150,5088,Electrical Failure,Low,2025-10-08,Scrapped
2151,5766,Machine Error,Medium,2025-03-12,Resolved
2152,4962,Machine Error,Medium,2025-03-13,Under Review
2153,1608,Assembly Error,Medium,2025-07-02,Under Review
2154,2601,Dimension Error,Medium,2025-02-07,Under Review
2155,3968,Electrical Failure,High,2025-12-23,Resolved
2156,7368,Machine Error,High,2026-01-01,Under Review
2157,496,Assembly Error,High,2025-02-21,Scrapped
2158,8861,Electrical Failure,Medium,2025-11-26,Resolved
2159,6,Machine Error,Low,2025-05-17,Scrapped
2160,3730,Electrical Failure,High,2025-04-09,Under Review
2161,8992,Machine Error,Low,2025-12-17,Scrapped
2162,4180,Machine Error,High,2025-08-08,Under Review
2163,5083,Material Defect,Critical,2025-05-01,Scrapped
2164,6168,Machine Error,Medium,2025-08-20,Under Review
2165,263,Assembly Error,Low,2025-09-03,Under Review
2166,5823,Surface Damage,Critical,2025-08-21,Under Review
2167,8206,Electrical Failure,Medium,2025-03-10,Resolved
2168,4736,Electrical Failure,Critical,2025-02-21,Under Review
2169,353,Dimension Error,High,2025-10-29,Under Review
2170,4235,Surface Damage,Low,2025-01-15,Scrapped
2171,9654,Electrical Failure,High,2025-01-04,Resolved
2172,713,Surface Damage,Low,2025-05-28,Under Review
2173,7409,Machine Error,High,2025-09-28,Scrapped
2174,2718,Electrical Failure,Low,2025-05-17,Scrapped
2175,8196,Assembly Error,High,2025-09-30,Scrapped
2176,7211,Material Defect,High,2025-04-30,Under Review
2177,5448,Material Defect,High,2025-10-09,Scrapped
2178,41,Surface Damage,Low,2025-04-03,Under Review
2179,782,Surface Damage,High,2025-11-30,Scrapped
2180,1727,Machine Error,Medium,2025-05-14,Scrapped
2181,8448,Electrical Failure,Medium,2025-01-01,Scrapped
2182,1630,Dimension Error,Critical,2025-03-05,Scrapped
2183,2411,Electrical Failure,Medium,2025-01-05,Scrapped
2184,8389,Dimension Error,Medium,2025-06-05,Under Review
2185,3761,Machine Error,Medium,2025-09-15,Scrapped
2186,7529,Material Defect,Medium,2025-05-16,Scrapped
2187,8076,Assembly Error,Low,2025-01-08,Under Review
2188,8275,Material Defect,Low,2025-07-25,Scrapped
2189,2311,Dimension Error,Critical,2025-08-17,Scrapped
2190,4532,Surface Damage,High,2025-11-24,Resolved
2191,5370,Surface Damage,Medium,2025-09-17,Scrapped
2192,4472,Machine Error,Critical,2025-12-13,Scrapped
2193,8998,Material Defect,Critical,2025-08-07,Resolved
2194,1967,Surface Damage,Low,2025-01-11,Scrapped
2195,8422,Dimension Error,Critical,2025-10-13,Scrapped
2196,7525,Electrical Failure,Medium,2025-11-22,Resolved
2197,972,Surface Damage,Low,2025-06-09,Scrapped
2198,7906,Electrical Failure,Low,2025-08-31,Scrapped
2199,7070,Dimension Error,Critical,2025-02-25,Scrapped
2200,6700,Dimension Error,High,2025-05-29,Under Review
2201,3239,Electrical Failure,Critical,2025-07-22,Under Review
2202,7692,Machine Error,High,2025-02-18,Under Review
2203,1607,Assembly Error,Low,2025-07-09,Resolved
2204,3235,Dimension Error,High,2026-01-01,Scrapped
2205,3472,Material Defect,Medium,2025-03-17,Under Review
2206,7751,Dimension Error,Critical,2025-01-25,Under Review
2207,2930,Dimension Error,High,2025-04-25,Scrapped
2208,3726,Electrical Failure,Critical,2025-04-25,Under Review
2209,5451,Electrical Failure,Low,2025-04-22,Resolved
2210,9410,Surface Damage,High,2025-11-25,Under Review
2211,5296,Surface Damage,Medium,2025-12-18,Under Review
2212,3560,Machine Error,Critical,2025-12-06,Resolved
2213,3610,Electrical Failure,Medium,2025-02-07,Under Review
2214,6026,Material Defect,High,2025-10-13,Resolved
2215,3747,Electrical Failure,Low,2025-07-30,Scrapped
2216,9594,Surface Damage,Low,2025-01-04,Scrapped
2217,9503,Surface Damage,Critical,2025-12-06,Resolved
2218,5581,Dimension Error,Critical,2025-03-23,Resolved
2219,1235,Assembly Error,Low,2025-01-04,Resolved
2220,2253,Machine Error,High,2025-08-03,Resolved
2221,7764,Dimension Error,Critical,2025-01-15,Scrapped
2222,4804,Dimension Error,Critical,2025-06-08,Resolved
2223,3564,Assembly Error,High,2025-09-05,Scrapped
2224,429,Material Defect,Low,2025-02-27,Under Review
2225,5284,Electrical Failure,Low,2025-01-14,Scrapped
2226,4880,Machine Error,Low,2025-04-30,Resolved
2227,4499,Surface Damage,High,2025-11-10,Resolved
2228,3154,Electrical Failure,Critical,2025-02-13,Under Review
2229,2208,Electrical Failure,Low,2025-06-26,Under Review
2230,4224,Material Defect,High,2025-12-17,Under Review
2231,6148,Assembly Error,High,2025-02-21,Under Review
2232,9183,Machine Error,Medium,2025-09-25,Scrapped
2233,177,Electrical Failure,High,2025-05-10,Resolved
2234,4560,Surface Damage,High,2025-06-30,Resolved
2235,4513,Machine Error,Medium,2025-11-30,Under Review
2236,1056,Material Defect,Low,2025-12-15,Under Review
2237,3629,Dimension Error,Medium,2025-01-25,Scrapped
2238,2114,Assembly Error,Critical,2025-01-05,Under Review
2239,5823,Assembly Error,Critical,2025-10-19,Resolved
2240,5993,Assembly Error,Critical,2025-01-01,Under Review
2241,6768,Electrical Failure,Low,2025-01-26,Under Review
2242,7771,Material Defect,High,2025-12-06,Scrapped
2243,3635,Material Defect,Critical,2025-03-19,Resolved
2244,920,Machine Error,Low,2025-12-23,Scrapped
2245,4708,Material Defect,Low,2025-06-29,Under Review
2246,2949,Surface Damage,Low,2025-10-07,Scrapped
2247,386,Dimension Error,High,2025-09-19,Scrapped
2248,8267,Material Defect,Critical,2025-07-11,Under Review
2249,3058,Machine Error,Low,2025-06-10,Scrapped
2250,9012,Electrical Failure,Low,2025-04-20,Scrapped
2251,7873,Electrical Failure,High,2025-01-02,Resolved
2252,2453,Surface Damage,High,2025-06-23,Scrapped
2253,2982,Surface Damage,Medium,2025-04-12,Scrapped
2254,3622,Electrical Failure,High,2025-06-25,Scrapped
2255,5935,Electrical Failure,Critical,2025-09-05,Under Review
2256,9039,Assembly Error,Critical,2025-10-22,Under Review
2257,5025,Material Defect,Medium,2025-04-29,Under Review
2258,9544,Surface Damage,Medium,2025-01-07,Under Review
2259,6927,Machine Error,Critical,2025-03-25,Under Review
2260,8235,Assembly Error,High,2025-04-12,Under Review
2261,1298,Dimension Error,High,2025-06-11,Scrapped
2262,6488,Material Defect,Critical,2025-03-09,Scrapped
2263,4499,Material Defect,Low,2025-12-21,Resolved
2264,7361,Surface Damage,Medium,2025-12-08,Scrapped
2265,3578,Assembly Error,Medium,2025-05-25,Resolved
2266,3492,Material Defect,High,2025-08-22,Scrapped
2267,9307,Dimension Error,Critical,2025-04-05,Resolved
2268,4300,Material Defect,Medium,2025-11-11,Under Review
2269,1193,Assembly Error,Critical,2025-12-05,Scrapped
2270,9039,Material Defect,Low,2025-06-23,Scrapped
2271,4292,Dimension Error,Critical,2025-04-16,Resolved
2272,6057,Assembly Error,Medium,2025-07-28,Under Review
2273,5287,Material Defect,High,2025-09-21,Under Review
2274,205,Electrical Failure,Medium,2025-09-14,Resolved
2275,2374,Dimension Error,Critical,2025-06-13,Resolved
2276,699,Dimension Error,Critical,2025-08-08,Resolved
2277,75,Surface Damage,High,2025-10-05,Scrapped
2278,4286,Machine Error,Critical,2025-11-19,Scrapped
2279,9941,Electrical Failure,Low,2025-05-12,Under Review
2280,8377,Surface Damage,High,2025-09-13,Resolved
2281,8985,Surface Damage,Medium,2025-08-08,Scrapped
2282,9871,Surface Damage,Low,2025-11-26,Under Review
2283,4296,Dimension Error,Low,2025-04-26,Resolved
2284,9465,Machine Error,Low,2025-06-27,Resolved
2285,5409,Dimension Error,High,2025-02-16,Under Review
2286,7838,Electrical Failure,High,2025-09-13,Scrapped
2287,8938,Dimension Error,Medium,2025-10-30,Scrapped
2288,3573,Material Defect,Low,2025-05-07,Scrapped
2289,7081,Electrical Failure,Critical,2025-02-02,Scrapped
2290,4407,Surface Damage,Critical,2025-07-16,Resolved
2291,4383,Electrical Failure,Critical,2025-01-11,Scrapped
2292,4761,Surface Damage,High,2025-05-17,Scrapped
2293,3813,Surface Damage,Medium,2025-07-14,Resolved
2294,785,Dimension Error,Low,2025-02-16,Under Review
2295,8772,Electrical Failure,High,2025-10-26,Resolved
2296,7621,Dimension Error,Medium,2025-12-25,Resolved
2297,4492,Dimension Error,Critical,2025-03-21,Resolved
2298,5010,Surface Damage,High,2025-10-12,Resolved
2299,9539,Surface Damage,High,2025-03-13,Scrapped
2300,6635,Machine Error,Medium,2025-05-07,Resolved
2301,6406,Assembly Error,Low,2025-11-04,Scrapped
2302,848,Surface Damage,High,2025-07-30,Under Review
2303,7840,Assembly Error,Critical,2025-04-25,Under Review
2304,4457,Material Defect,High,2025-10-31,Scrapped
2305,9780,Assembly Error,Medium,2025-05-13,Under Review
2306,1040,Machine Error,Medium,2025-04-17,Resolved
2307,7654,Dimension Error,Medium,2025-03-31,Resolved
2308,5891,Surface Damage,Low,2025-02-16,Under Review
2309,4789,Material Defect,High,2025-02-10,Scrapped
2310,8088,Assembly Error,Critical,2025-09-24,Resolved
2311,687,Material Defect,Critical,2025-05-07,Resolved
2312,2037,Machine Error,Medium,2025-12-23,Scrapped
2313,1147,Machine Error,Low,2025-12-13,Resolved
2314,6583,Material Defect,Medium,2025-07-21,Scrapped
2315,4466,Surface Damage,Medium,2025-11-04,Under Review
2316,5669,Surface Damage,High,2025-04-12,Scrapped
2317,7521,Dimension Error,High,2025-09-20,Resolved
2318,2696,Electrical Failure,Low,2025-10-11,Scrapped
2319,8503,Electrical Failure,High,2025-05-19,Under Review
2320,4245,Machine Error,High,2025-02-03,Resolved
2321,7693,Surface Damage,Critical,2025-08-05,Resolved
2322,5851,Dimension Error,Critical,2025-08-23,Scrapped
2323,5945,Assembly Error,Low,2025-02-07,Scrapped
2324,8100,Electrical Failure,High,2025-05-14,Under Review
2325,2080,Material Defect,High,2025-07-05,Scrapped
2326,2657,Surface Damage,High,2025-09-15,Under Review
2327,6707,Machine Error,High,2025-09-13,Resolved
2328,4862,Material Defect,Medium,2025-01-26,Scrapped
2329,3487,Surface Damage,Critical,2025-05-01,Under Review
2330,9302,Assembly Error,Low,2025-02-18,Scrapped
2331,7276,Machine Error,Medium,2025-05-11,Resolved
2332,7897,Electrical Failure,High,2025-06-02,Under Review
2333,8813,Dimension Error,High,2025-11-03,Scrapped
2334,2829,Dimension Error,Low,2025-07-10,Scrapped
2335,5595,Machine Error,Critical,2025-05-15,Resolved
2336,619,Electrical Failure,Medium,2025-03-28,Resolved
2337,2977,Electrical Failure,Medium,2025-09-12,Under Review
2338,9179,Machine Error,Low,2025-03-06,Under Review
2339,614,Dimension Error,Medium,2025-06-23,Scrapped
2340,2302,Dimension Error,Low,2025-02-21,Under Review
2341,7623,Electrical Failure,High,2025-06-04,Resolved
2342,5064,Surface Damage,Medium,2025-12-25,Scrapped
2343,7545,Material Defect,Low,2025-03-08,Under Review
2344,8473,Material Defect,Low,2025-04-10,Scrapped
2345,6744,Surface Damage,Critical,2025-05-17,Resolved
2346,7107,Electrical Failure,High,2025-03-16,Scrapped
2347,4854,Assembly Error,Critical,2025-07-19,Resolved
2348,7203,Electrical Failure,Critical,2025-09-24,Scrapped
2349,5997,Assembly Error,Critical,2025-03-14,Resolved
2350,528,Electrical Failure,High,2025-03-22,Resolved
2351,1989,Machine Error,Low,2025-03-21,Resolved
2352,281,Dimension Error,Low,2025-12-04,Under Review
2353,6549,Machine Error,Low,2025-10-30,Scrapped
2354,5796,Dimension Error,Critical,2025-10-26,Resolved
2355,8118,Material Defect,Medium,2025-11-24,Resolved
2356,2437,Surface Damage,High,2025-07-28,Under Review
2357,4498,Dimension Error,Medium,2025-04-27,Scrapped
2358,810,Electrical Failure,Low,2025-10-02,Resolved
2359,6437,Dimension Error,High,2025-07-05,Under Review
2360,8818,Surface Damage,Critical,2025-02-06,Resolved
2361,4162,Surface Damage,Medium,2025-02-23,Scrapped
2362,2332,Dimension Error,Critical,2025-10-09,Resolved
2363,4387,Dimension Error,High,2025-12-16,Resolved
2364,3623,Surface Damage,High,2025-11-30,Under Review
2365,6185,Surface Damage,Low,2025-07-04,Scrapped
2366,615,Surface Damage,High,2025-08-11,Under Review
2367,6591,Surface Damage,Critical,2025-07-19,Scrapped
2368,9813,Surface Damage,Medium,2025-02-02,Resolved
2369,9674,Electrical Failure,Critical,2025-03-01,Resolved
2370,4875,Material Defect,Critical,2025-07-17,Scrapped
2371,6637,Electrical Failure,Medium,2025-10-25,Resolved
2372,7432,Electrical Failure,Medium,2025-06-15,Scrapped
2373,3636,Dimension Error,Critical,2025-10-28,Resolved
2374,3112,Machine Error,Medium,2025-11-02,Resolved
2375,1135,Material Defect,Medium,2025-07-04,Resolved
2376,7455,Surface Damage,Low,2025-05-04,Under Review
2377,4607,Surface Damage,Critical,2025-05-10,Under Review
2378,5114,Assembly Error,Medium,2025-05-08,Under Review
2379,1421,Dimension Error,Critical,2025-05-13,Resolved
2380,4445,Electrical Failure,Medium,2025-05-15,Under Review
2381,8464,Assembly Error,Critical,2025-08-13,Under Review
2382,7558,Material Defect,Low,2025-07-27,Resolved
2383,8254,Surface Damage,Low,2025-05-12,Under Review
2384,9844,Dimension Error,Critical,2025-07-16,Under Review
2385,5000,Material Defect,Medium,2025-06-20,Under Review
2386,3062,Material Defect,High,2025-07-13,Resolved
2387,3922,Assembly Error,Low,2025-10-14,Resolved
2388,4143,Assembly Error,Low,2025-06-01,Scrapped
2389,8782,Surface Damage,High,2025-04-26,Scrapped
2390,6606,Dimension Error,Low,2025-09-21,Resolved
2391,9439,Assembly Error,Critical,2025-02-28,Under Review
2392,8376,Dimension Error,Low,2025-08-30,Under Review
2393,3043,Assembly Error,Critical,2025-06-25,Resolved
2394,7965,Material Defect,Low,2025-08-09,Scrapped
2395,22,Material Defect,Critical,2025-05-29,Resolved
2396,7366,Machine Error,Low,2025-11-09,Scrapped
2397,6986,Surface Damage,Critical,2025-09-18,Scrapped
2398,5712,Electrical Failure,Medium,2025-09-21,Scrapped
2399,3343,Electrical Failure,Medium,2025-01-18,Scrapped
2400,556,Assembly Error,Low,2025-05-07,Under Review
2401,5791,Machine Error,Low,2025-06-29,Resolved
2402,7471,Material Defect,Critical,2025-09-25,Resolved
2403,5042,Material Defect,Low,2025-07-24,Scrapped
2404,2862,Dimension Error,Medium,2025-11-24,Resolved
2405,6282,Surface Damage,Medium,2025-03-11,Under Review
2406,8680,Machine Error,Medium,2025-04-01,Resolved
2407,1190,Assembly Error,Low,2025-07-13,Under Review
2408,2781,Material Defect,Medium,2025-04-13,Resolved
2409,8073,Machine Error,Low,2025-06-17,Under Review
2410,6795,Dimension Error,High,2025-06-03,Scrapped
2411,1416,Material Defect,Critical,2025-01-28,Scrapped
2412,2639,Surface Damage,Critical,2025-11-16,Under Review
2413,653,Surface Damage,Medium,2025-03-05,Scrapped
2414,5451,Machine Error,Medium,2025-06-11,Under Review
2415,1392,Electrical Failure,Low,2025-08-06,Scrapped
2416,9165,Material Defect,Critical,2025-05-25,Under Review
2417,5120,Assembly Error,Medium,2025-05-15,Under Review
2418,2271,Surface Damage,High,2025-12-07,Resolved
2419,84,Electrical Failure,Critical,2025-09-14,Resolved
2420,6054,Material Defect,Medium,2025-04-08,Resolved
2421,1682,Machine Error,Medium,2025-02-07,Under Review
2422,5616,Dimension Error,Medium,2025-09-10,Resolved
2423,5389,Material Defect,Critical,2025-02-17,Under Review
2424,6700,Surface Damage,Critical,2025-09-03,Scrapped
2425,8838,Machine Error,High,2025-12-31,Resolved
2426,3060,Surface Damage,Low,2025-10-11,Resolved
2427,7868,Electrical Failure,High,2025-02-07,Resolved
2428,846,Machine Error,Critical,2025-09-14,Under Review
2429,1953,Electrical Failure,Critical,2025-09-06,Resolved
2430,9518,Dimension Error,High,2025-10-07,Under Review
2431,9247,Surface Damage,High,2025-12-04,Scrapped
2432,752,Surface Damage,Low,2025-12-11,Under Review
2433,5662,Electrical Failure,High,2025-12-26,Resolved
2434,8033,Machine Error,High,2025-01-13,Scrapped
2435,3871,Electrical Failure,Medium,2025-03-03,Under Review
2436,3169,Dimension Error,Medium,2025-04-03,Resolved
2437,221,Surface Damage,High,2025-02-11,Resolved
2438,7940,Material Defect,Medium,2025-01-09,Scrapped
2439,5265,Assembly Error,Medium,2025-08-28,Scrapped
2440,9488,Machine Error,High,2025-01-19,Under Review
2441,3297,Assembly Error,Critical,2025-03-14,Under Review
2442,183,Dimension Error,High,2025-03-18,Resolved
2443,1359,Assembly Error,Medium,2025-10-16,Under Review
2444,477,Machine Error,Critical,2025-12-02,Scrapped
2445,6545,Assembly Error,Medium,2025-11-09,Scrapped
2446,6034,Electrical Failure,High,2025-11-26,Scrapped
2447,6340,Assembly Error,Low,2025-10-15,Under Review
2448,9094,Surface Damage,High,2025-01-02,Resolved
2449,4073,Machine Error,Low,2025-08-06,Scrapped
2450,2818,Material Defect,Critical,2025-05-27,Resolved
2451,963,Material Defect,Medium,2025-02-03,Resolved
2452,5265,Dimension Error,Low,2025-02-28,Under Review
2453,1686,Dimension Error,Medium,2025-04-29,Scrapped
2454,5334,Material Defect,High,2025-03-25,Resolved
2455,3793,Material Defect,Medium,2025-04-09,Resolved
2456,9528,Assembly Error,Low,2025-11-16,Under Review
2457,6651,Electrical Failure,Critical,2025-03-10,Resolved
2458,5534,Dimension Error,Low,2025-08-03,Scrapped
2459,4778,Machine Error,High,2025-12-01,Under Review
2460,1299,Dimension Error,Low,2025-01-19,Resolved
2461,4848,Machine Error,High,2025-02-24,Under Review
2462,3175,Electrical Failure,High,2025-01-25,Scrapped
2463,5392,Electrical Failure,Critical,2025-05-15,Resolved
2464,4678,Dimension Error,Medium,2025-04-13,Scrapped
2465,1467,Machine Error,Low,2025-12-19,Resolved
2466,4652,Surface Damage,Low,2025-10-22,Under Review
2467,9254,Machine Error,High,2025-03-18,Resolved
2468,9422,Material Defect,Medium,2025-03-29,Under Review
2469,5066,Assembly Error,Critical,2025-05-24,Under Review
2470,1793,Assembly Error,Critical,2025-12-03,Under Review
2471,6785,Assembly Error,Medium,2025-06-17,Under Review
2472,7183,Surface Damage,Critical,2025-02-11,Scrapped
2473,9829,Machine Error,Low,2025-05-18,Under Review
2474,2495,Material Defect,Medium,2025-11-19,Under Review
2475,8324,Surface Damage,Low,2025-03-18,Scrapped
2476,8436,Material Defect,High,2025-06-17,Resolved
2477,6252,Material Defect,High,2025-12-27,Scrapped
2478,9915,Machine Error,Critical,2025-02-19,Scrapped
2479,7971,Machine Error,Low,2025-12-24,Scrapped
2480,6901,Electrical Failure,Low,2025-04-28,Resolved
2481,5929,Electrical Failure,High,2025-10-07,Resolved
2482,3819,Surface Damage,Low,2025-03-26,Under Review
2483,1732,Material Defect,High,2025-02-14,Under Review
2484,1130,Surface Damage,Medium,2025-07-26,Under Review
2485,5127,Electrical Failure,Medium,2025-11-07,Resolved
2486,5819,Surface Damage,Critical,2025-07-02,Under Review
2487,3390,Surface Damage,Low,2025-11-13,Scrapped
2488,872,Surface Damage,Critical,2025-01-05,Scrapped
2489,5347,Electrical Failure,Medium,2025-11-03,Resolved
2490,5830,Material Defect,Critical,2025-06-04,Under Review
2491,7062,Assembly Error,Low,2025-02-14,Scrapped
2492,587,Assembly Error,Critical,2025-11-26,Under Review
2493,8524,Surface Damage,Low,2025-11-04,Under Review
2494,7149,Material Defect,Low,2025-02-06,Under Review
2495,290,Machine Error,Low,2025-12-26,Resolved
2496,6092,Material Defect,Low,2025-07-28,Scrapped
2497,4588,Surface Damage,High,2025-11-11,Scrapped
2498,6447,Dimension Error,High,2025-01-06,Resolved
2499,4187,Electrical Failure,Medium,2025-02-15,Resolved
2500,3876,Assembly Error,High,2025-10-29,Under Review
2501,9563,Surface Damage,Critical,2025-04-17,Under Review
2502,317,Surface Damage,Critical,2025-12-25,Under Review
2503,8761,Assembly Error,Critical,2025-02-04,Under Review
2504,7087,Machine Error,Low,2025-10-21,Scrapped
2505,3682,Machine Error,Medium,2025-07-11,Under Review
2506,995,Electrical Failure,Critical,2025-11-21,Under Review
2507,9411,Surface Damage,High,2025-08-26,Under Review
2508,400,Surface Damage,Low,2025-06-07,Resolved
2509,7075,Dimension Error,Medium,2025-01-06,Scrapped
2510,6733,Assembly Error,Low,2025-01-16,Resolved
2511,8508,Electrical Failure,High,2025-06-19,Scrapped
2512,2260,Material Defect,Low,2025-07-09,Under Review
2513,6944,Machine Error,Low,2025-10-20,Resolved
2514,3315,Surface Damage,Low,2025-11-14,Resolved
2515,8502,Electrical Failure,Critical,2025-09-25,Under Review
2516,5241,Dimension Error,Medium,2025-08-26,Scrapped
2517,4163,Material Defect,Critical,2025-02-08,Resolved
2518,4909,Electrical Failure,Critical,2025-11-24,Scrapped
2519,6768,Surface Damage,Low,2025-11-13,Scrapped
2520,826,Electrical Failure,Low,2025-04-15,Scrapped
2521,2103,Electrical Failure,Low,2025-05-08,Resolved
2522,8325,Assembly Error,Critical,2025-07-24,Scrapped
2523,8717,Assembly Error,High,2025-11-12,Resolved
2524,1774,Dimension Error,High,2025-06-27,Under Review
2525,782,Dimension Error,Critical,2025-11-20,Under Review
2526,7439,Electrical Failure,Low,2025-04-17,Scrapped
2527,76,Assembly Error,Medium,2025-06-28,Resolved
2528,2974,Machine Error,Medium,2025-01-28,Scrapped
2529,6576,Surface Damage,Low,2025-04-21,Scrapped
2530,3080,Machine Error,Critical,2025-05-29,Scrapped
2531,81,Material Defect,Medium,2025-09-25,Under Review
2532,3881,Assembly Error,Critical,2025-05-09,Under Review
2533,8976,Electrical Failure,Medium,2025-01-11,Scrapped
2534,5850,Machine Error,Low,2025-12-06,Resolved
2535,3593,Machine Error,Low,2025-03-03,Scrapped
2536,671,Surface Damage,Critical,2025-05-14,Under Review
2537,7187,Machine Error,High,2026-01-01,Resolved
2538,4716,Material Defect,Critical,2025-03-10,Scrapped
2539,9309,Electrical Failure,High,2025-04-29,Scrapped
2540,56,Surface Damage,Medium,2025-09-15,Resolved
2541,833,Assembly Error,Low,2025-12-22,Resolved
2542,170,Electrical Failure,High,2025-01-18,Scrapped
2543,7901,Material Defect,Medium,2025-10-15,Scrapped
2544,7439,Assembly Error,Critical,2025-10-05,Scrapped
2545,3904,Material Defect,High,2025-05-14,Scrapped
2546,7253,Material Defect,Low,2025-08-21,Under Review
2547,8201,Assembly Error,Critical,2025-06-01,Under Review
2548,2132,Material Defect,High,2025-09-04,Scrapped
2549,5990,Electrical Failure,High,2025-04-30,Scrapped
2550,5338,Dimension Error,Low,2025-09-16,Scrapped
2551,7990,Dimension Error,Critical,2025-02-03,Scrapped
2552,1542,Material Defect,Critical,2025-12-11,Scrapped
2553,57,Material Defect,Medium,2025-01-23,Resolved
2554,5102,Material Defect,Low,2025-01-20,Resolved
2555,8516,Surface Damage,Critical,2025-05-11,Resolved
2556,9754,Electrical Failure,Low,2025-03-04,Scrapped
2557,489,Surface Damage,Critical,2025-05-05,Scrapped
2558,9033,Material Defect,Low,2025-08-16,Under Review
2559,1441,Dimension Error,Low,2025-09-16,Scrapped
2560,9582,Material Defect,High,2025-07-18,Scrapped
2561,5892,Dimension Error,Low,2025-02-28,Resolved
2562,4843,Dimension Error,Low,2026-01-01,Under Review
2563,3779,Dimension Error,Medium,2025-04-14,Resolved
2564,8865,Material Defect,Critical,2025-10-22,Scrapped
2565,9957,Dimension Error,Low,2025-09-14,Under Review
2566,7990,Machine Error,Low,2025-05-17,Under Review
2567,5642,Material Defect,Low,2025-08-08,Under Review
2568,1575,Material Defect,Critical,2025-04-08,Resolved
2569,5124,Dimension Error,Medium,2025-03-29,Scrapped
2570,1878,Surface Damage,Medium,2025-03-03,Under Review
2571,6243,Electrical Failure,Critical,2025-02-19,Scrapped
2572,2387,Surface Damage,Medium,2025-11-16,Under Review
2573,8230,Dimension Error,High,2025-09-03,Scrapped
2574,8759,Material Defect,High,2025-12-07,Resolved
2575,7545,Surface Damage,Critical,2025-04-26,Scrapped
2576,9890,Machine Error,Critical,2025-06-27,Scrapped
2577,6179,Electrical Failure,Low,2025-02-28,Scrapped
2578,8411,Assembly Error,High,2025-07-05,Resolved
2579,7769,Dimension Error,High,2025-02-23,Scrapped
2580,2274,Assembly Error,Critical,2025-12-19,Resolved
2581,6891,Electrical Failure,Low,2025-08-03,Resolved
2582,6360,Surface Damage,High,2025-01-21,Scrapped
2583,382,Electrical Failure,Low,2025-03-18,Scrapped
2584,1125,Assembly Error,Low,2025-06-16,Resolved
2585,8116,Surface Damage,Critical,2025-04-10,Under Review
2586,579,Assembly Error,Low,2025-01-26,Under Review
2587,5863,Material Defect,Low,2025-09-28,Scrapped
2588,3263,Material Defect,High,2025-12-23,Resolved
2589,6526,Dimension Error,High,2025-11-24,Under Review
2590,4743,Assembly Error,Low,2025-11-14,Under Review
2591,719,Surface Damage,Medium,2025-02-22,Scrapped
2592,5797,Material Defect,Low,2025-07-19,Under Review
2593,3093,Assembly Error,Critical,2025-05-13,Resolved
2594,9608,Surface Damage,Critical,2025-10-16,Resolved
2595,630,Surface Damage,Low,2025-08-31,Resolved
2596,4258,Machine Error,Medium,2025-10-19,Under Review
2597,2330,Electrical Failure,Low,2025-03-25,Resolved
2598,5138,Assembly Error,Medium,2025-04-29,Under Review
2599,929,Electrical Failure,Low,2025-01-19,Scrapped
2600,4547,Assembly Error,Critical,2025-10-08,Scrapped
2601,6387,Dimension Error,Critical,2025-06-21,Scrapped
2602,7222,Dimension Error,High,2025-06-04,Scrapped
2603,9655,Dimension Error,Low,2025-12-11,Under Review
2604,7193,Material Defect,High,2025-08-16,Scrapped
2605,7676,Assembly Error,High,2025-06-25,Under Review
2606,214,Material Defect,Critical,2025-08-25,Resolved
2607,1155,Assembly Error,Medium,2025-06-06,Scrapped
2608,3121,Dimension Error,Critical,2025-05-18,Scrapped
2609,2001,Surface Damage,High,2025-07-13,Under Review
2610,5591,Assembly Error,High,2025-12-20,Under Review
2611,3761,Material Defect,High,2025-08-16,Scrapped
2612,4985,Dimension Error,Low,2025-11-28,Resolved
2613,9629,Electrical Failure,Low,2025-08-29,Resolved
2614,4885,Material Defect,Low,2025-01-12,Scrapped
2615,8213,Dimension Error,Medium,2025-11-22,Resolved
2616,8499,Material Defect,Low,2025-04-11,Under Review
2617,8677,Dimension Error,Critical,2025-05-23,Scrapped
2618,7900,Material Defect,Critical,2025-12-13,Under Review
2619,2455,Machine Error,Medium,2025-02-09,Scrapped
2620,3134,Material Defect,Critical,2025-12-25,Under Review
2621,2434,Assembly Error,Critical,2025-02-09,Scrapped
2622,8215,Assembly Error,Critical,2025-04-28,Resolved
2623,9736,Assembly Error,Medium,2025-11-21,Resolved
2624,6812,Machine Error,Low,2025-09-26,Resolved
2625,4035,Surface Damage,Medium,2025-11-03,Scrapped
2626,3304,Material Defect,Medium,2025-05-16,Scrapped
2627,6133,Electrical Failure,High,2025-02-06,Under Review
2628,6191,Electrical Failure,Critical,2025-04-04,Resolved
2629,9121,Material Defect,Low,2025-12-29,Resolved
2630,7327,Dimension Error,Critical,2025-07-26,Resolved
2631,3438,Material Defect,Low,2025-08-28,Resolved
2632,5448,Dimension Error,Critical,2025-08-07,Scrapped
2633,8782,Electrical Failure,Medium,2025-05-15,Scrapped
2634,3594,Dimension Error,Critical,2025-03-06,Resolved
2635,1851,Electrical Failure,High,2025-06-16,Under Review
2636,1551,Electrical Failure,Low,2025-02-17,Resolved
2637,157,Machine Error,High,2025-03-12,Resolved
2638,499,Assembly Error,Low,2025-09-25,Resolved
2639,149,Dimension Error,Low,2025-11-24,Scrapped
2640,4475,Material Defect,Critical,2025-01-05,Under Review
2641,7259,Surface Damage,Low,2025-06-17,Scrapped
2642,6383,Machine Error,Low,2025-12-27,Under Review
2643,316,Assembly Error,Low,2025-05-08,Under Review
2644,6882,Machine Error,Medium,2025-08-25,Scrapped
2645,3481,Electrical Failure,High,2025-10-24,Resolved
2646,972,Surface Damage,Critical,2025-10-11,Scrapped
2647,8186,Assembly Error,Low,2025-08-24,Scrapped
2648,8441,Surface Damage,High,2025-06-08,Scrapped
2649,6899,Electrical Failure,Medium,2025-01-28,Scrapped
2650,9427,Electrical Failure,High,2025-07-14,Scrapped
2651,5411,Surface Damage,Medium,2025-01-28,Resolved
2652,9366,Material Defect,Medium,2025-08-23,Scrapped
2653,3320,Machine Error,Critical,2025-04-15,Resolved
2654,8650,Dimension Error,Low,2025-10-09,Scrapped
2655,4586,Material Defect,Medium,2025-05-17,Resolved
2656,1874,Electrical Failure,High,2025-01-23,Scrapped
2657,156,Dimension Error,High,2025-02-07,Scrapped
2658,4880,Electrical Failure,High,2025-02-11,Resolved
2659,1147,Surface Damage,Critical,2025-09-27,Resolved
2660,489,Machine Error,High,2025-07-27,Under Review
2661,97,Electrical Failure,Medium,2025-03-05,Under Review
2662,4740,Assembly Error,High,2025-12-03,Under Review
2663,2591,Surface Damage,High,2025-10-11,Scrapped
2664,5722,Surface Damage,High,2025-11-15,Resolved
2665,1537,Electrical Failure,Medium,2025-03-23,Scrapped
2666,139,Surface Damage,Low,2025-06-11,Under Review
2667,9164,Assembly Error,Medium,2025-02-12,Resolved
2668,2338,Dimension Error,High,2025-09-13,Resolved
2669,5737,Assembly Error,Low,2025-12-15,Under Review
2670,3126,Surface Damage,High,2025-01-05,Scrapped
2671,8483,Electrical Failure,Medium,2025-02-21,Under Review
2672,2188,Assembly Error,Medium,2025-04-30,Resolved
2673,9405,Dimension Error,Low,2025-06-10,Under Review
2674,8542,Machine Error,Critical,2025-07-30,Under Review
2675,6325,Dimension Error,High,2025-06-23,Resolved
2676,6635,Machine Error,Low,2025-02-17,Scrapped
2677,1626,Machine Error,Medium,2025-03-10,Scrapped
2678,5571,Assembly Error,Medium,2025-07-12,Resolved
2679,2518,Material Defect,High,2025-03-30,Resolved
2680,3320,Surface Damage,Medium,2025-05-10,Resolved
2681,9065,Electrical Failure,Critical,2025-11-20,Under Review
2682,1019,Material Defect,High,2025-04-10,Under Review
2683,503,Material Defect,Medium,2025-09-16,Resolved
2684,3119,Machine Error,Low,2025-04-02,Scrapped
2685,3122,Material Defect,Medium,2025-03-03,Under Review
2686,2354,Assembly Error,Medium,2025-01-26,Resolved
2687,5781,Machine Error,High,2025-11-04,Scrapped
2688,8404,Material Defect,Low,2025-03-21,Scrapped
2689,162,Electrical Failure,Critical,2025-03-16,Resolved
2690,8525,Dimension Error,Medium,2025-03-27,Resolved
2691,1954,Machine Error,Medium,2025-05-03,Under Review
2692,7894,Assembly Error,Critical,2025-01-08,Under Review
2693,5442,Surface Damage,Critical,2025-06-04,Scrapped
2694,8699,Electrical Failure,High,2025-09-15,Resolved
2695,4399,Surface Damage,Critical,2025-04-12,Resolved
2696,5083,Surface Damage,Medium,2025-03-20,Resolved
2697,8836,Assembly Error,High,2025-12-28,Scrapped
2698,2035,Assembly Error,Low,2025-03-09,Scrapped
2699,380,Assembly Error,Low,2025-05-24,Resolved
2700,7783,Assembly Error,Low,2025-11-23,Under Review
2701,734,Material Defect,Low,2025-06-30,Scrapped
2702,4901,Machine Error,Low,2025-09-19,Resolved
2703,7372,Dimension Error,Critical,2025-03-28,Resolved
2704,6974,Dimension Error,Low,2025-12-28,Scrapped
2705,3503,Material Defect,High,2025-05-29,Scrapped
2706,307,Dimension Error,Critical,2025-04-30,Scrapped
2707,2940,Dimension Error,Low,2025-11-12,Resolved
2708,2660,Surface Damage,Medium,2025-10-24,Under Review
2709,7845,Assembly Error,Critical,2025-11-26,Scrapped
2710,9421,Material Defect,Low,2025-04-16,Resolved
2711,7655,Material Defect,Critical,2025-05-30,Scrapped
2712,724,Dimension Error,Critical,2025-08-27,Resolved
2713,9874,Surface Damage,Critical,2025-06-08,Under Review
2714,7997,Machine Error,Medium,2025-01-27,Resolved
2715,2447,Dimension Error,Medium,2025-01-09,Under Review
2716,4689,Material Defect,Critical,2025-07-19,Under Review
2717,7957,Surface Damage,High,2025-02-13,Scrapped
2718,9268,Assembly Error,Medium,2025-10-08,Under Review
2719,8417,Electrical Failure,High,2025-05-12,Resolved
2720,8306,Assembly Error,Critical,2025-10-05,Resolved
2721,4582,Material Defect,Low,2025-08-25,Resolved
2722,2590,Machine Error,Critical,2025-08-10,Under Review
2723,5500,Surface Damage,Low,2025-02-07,Under Review
2724,6985,Electrical Failure,Critical,2025-03-26,Resolved
2725,4036,Material Defect,Low,2025-11-01,Scrapped
2726,5421,Machine Error,Low,2025-07-28,Under Review
2727,1354,Surface Damage,Critical,2025-05-05,Under Review
2728,1369,Surface Damage,Low,2025-09-28,Under Review
2729,2962,Electrical Failure,Medium,2025-01-04,Under Review
2730,4185,Machine Error,Low,2025-07-14,Resolved
2731,5153,Assembly Error,High,2025-06-24,Under Review
2732,7570,Surface Damage,High,2025-04-26,Scrapped
2733,8138,Material Defect,Critical,2025-10-06,Under Review
2734,3855,Surface Damage,Medium,2025-05-13,Under Review
2735,6645,Electrical Failure,Low,2025-12-08,Under Review
2736,4058,Electrical Failure,High,2025-06-27,Scrapped
2737,2850,Surface Damage,High,2025-10-26,Under Review
2738,7885,Dimension Error,Low,2025-06-09,Under Review
2739,8298,Surface Damage,Critical,2025-04-03,Under Review
2740,9801,Surface Damage,Critical,2025-03-04,Scrapped
2741,9217,Dimension Error,Critical,2025-05-25,Under Review
2742,511,Machine Error,Low,2025-09-03,Resolved
2743,6347,Dimension Error,Low,2025-05-25,Under Review
2744,3861,Dimension Error,High,2025-03-16,Resolved
2745,8450,Assembly Error,Medium,2025-04-21,Scrapped
2746,9438,Electrical Failure,Medium,2025-05-08,Scrapped
2747,9280,Electrical Failure,Critical,2025-10-03,Scrapped
2748,8049,Surface Damage,Medium,2025-09-14,Resolved
2749,3295,Surface Damage,High,2025-10-04,Under Review
2750,3308,Dimension Error,Critical,2025-06-25,Under Review
2751,2798,Material Defect,Low,2025-08-13,Under Review
2752,9843,Electrical Failure,Medium,2025-08-30,Under Review
2753,4951,Surface Damage,Medium,2025-10-11,Under Review
2754,7711,Dimension Error,Low,2025-06-16,Resolved
2755,353,Surface Damage,High,2025-06-01,Under Review
2756,1949,Machine Error,Low,2025-09-05,Resolved
2757,901,Electrical Failure,Critical,2025-11-21,Scrapped
2758,4156,Assembly Error,Medium,2025-07-22,Scrapped
2759,5889,Electrical Failure,Low,2025-03-02,Resolved
2760,7842,Dimension Error,Medium,2025-05-14,Resolved
2761,1609,Dimension Error,Critical,2025-02-23,Under Review
2762,170,Machine Error,Medium,2025-01-02,Scrapped
2763,3964,Assembly Error,Critical,2025-08-14,Scrapped
2764,542,Assembly Error,Low,2025-07-20,Under Review
2765,9875,Machine Error,Critical,2025-02-15,Resolved
2766,4378,Assembly Error,Critical,2025-07-02,Resolved
2767,7436,Surface Damage,Low,2025-07-05,Scrapped
2768,9960,Machine Error,Low,2025-10-03,Scrapped
2769,5393,Assembly Error,Low,2025-12-13,Under Review
2770,463,Surface Damage,Critical,2025-11-17,Scrapped
2771,8315,Electrical Failure,Critical,2025-07-24,Scrapped
2772,6267,Assembly Error,High,2025-05-18,Scrapped
2773,7413,Dimension Error,Low,2025-10-06,Resolved
2774,2902,Material Defect,Critical,2025-11-29,Under Review
2775,6513,Material Defect,Low,2025-04-17,Resolved
2776,582,Electrical Failure,Medium,2025-06-22,Resolved
2777,8442,Assembly Error,High,2025-09-01,Under Review
2778,7658,Electrical Failure,High,2025-11-15,Scrapped
2779,9285,Machine Error,High,2025-01-27,Under Review
2780,9598,Machine Error,Medium,2026-01-01,Resolved
2781,2279,Assembly Error,High,2025-09-20,Under Review
2782,9959,Surface Damage,Critical,2025-07-07,Scrapped
2783,6990,Material Defect,Medium,2025-04-16,Under Review
2784,6024,Surface Damage,High,2025-06-12,Scrapped
2785,7933,Electrical Failure,Medium,2025-04-25,Resolved
2786,7220,Assembly Error,Critical,2025-07-19,Resolved
2787,9477,Electrical Failure,High,2025-12-20,Scrapped
2788,2078,Assembly Error,Low,2025-07-07,Resolved
2789,310,Machine Error,Medium,2025-02-04,Resolved
2790,216,Machine Error,Critical,2025-11-27,Scrapped
2791,5670,Material Defect,Medium,2025-04-25,Scrapped
2792,7112,Dimension Error,High,2025-11-15,Under Review
2793,5911,Surface Damage,Medium,2025-05-14,Scrapped
2794,7473,Surface Damage,High,2025-02-25,Under Review
2795,8568,Dimension Error,Critical,2025-10-23,Resolved
2796,3799,Dimension Error,Low,2025-05-27,Under Review
2797,4550,Surface Damage,Low,2025-03-05,Scrapped
2798,583,Dimension Error,Low,2025-11-25,Scrapped
2799,8432,Dimension Error,Low,2025-08-26,Resolved
2800,164,Machine Error,Low,2025-05-23,Scrapped
2801,7380,Surface Damage,Low,2025-09-22,Under Review
2802,8981,Dimension Error,High,2025-07-27,Under Review
2803,1,Dimension Error,Medium,2025-11-20,Scrapped
2804,3378,Material Defect,Low,2025-09-15,Scrapped
2805,2946,Assembly Error,Critical,2025-10-05,Scrapped
2806,2163,Electrical Failure,Low,2025-07-16,Scrapped
2807,7266,Assembly Error,High,2025-02-02,Resolved
2808,6525,Material Defect,Medium,2025-08-05,Under Review
2809,1706,Dimension Error,Medium,2025-05-14,Under Review
2810,4695,Dimension Error,Critical,2026-01-01,Scrapped
2811,2496,Material Defect,Critical,2025-07-01,Scrapped
2812,3023,Assembly Error,Low,2025-10-01,Scrapped
2813,7456,Electrical Failure,Medium,2025-04-04,Under Review
2814,4947,Surface Damage,Critical,2025-09-07,Resolved
2815,584,Assembly Error,High,2025-09-26,Resolved
2816,7063,Electrical Failure,Medium,2025-12-11,Scrapped
2817,142,Dimension Error,Critical,2025-05-06,Under Review
2818,5731,Machine Error,High,2025-02-27,Resolved
2819,9197,Surface Damage,Critical,2025-02-11,Under Review
2820,1867,Material Defect,High,2025-12-30,Resolved
2821,2145,Dimension Error,Medium,2025-08-14,Scrapped
2822,652,Assembly Error,Medium,2025-06-17,Under Review
2823,7809,Dimension Error,Critical,2025-12-26,Resolved
2824,3979,Machine Error,High,2025-10-24,Under Review
2825,6932,Electrical Failure,Medium,2025-03-25,Resolved
2826,6061,Dimension Error,High,2025-12-05,Resolved
2827,859,Assembly Error,Low,2025-12-24,Under Review
2828,1718,Assembly Error,Critical,2025-06-18,Scrapped
2829,9771,Dimension Error,High,2025-01-19,Resolved
2830,2972,Material Defect,High,2025-10-30,Under Review
2831,4233,Electrical Failure,High,2025-07-02,Under Review
2832,3271,Dimension Error,Medium,2025-11-29,Under Review
2833,7462,Material Defect,Low,2025-02-15,Under Review
2834,448,Assembly Error,Low,2025-06-22,Scrapped
2835,4799,Dimension Error,High,2025-01-11,Resolved
2836,2945,Material Defect,Medium,2025-06-25,Under Review
2837,5913,Electrical Failure,Critical,2025-03-05,Under Review
2838,3003,Machine Error,Critical,2025-09-15,Under Review
2839,2219,Material Defect,Low,2025-01-11,Resolved
2840,5366,Machine Error,Critical,2025-06-21,Scrapped
2841,2453,Assembly Error,Critical,2025-02-16,Scrapped
2842,3305,Material Defect,Critical,2025-06-19,Scrapped
2843,3103,Electrical Failure,Critical,2025-07-04,Scrapped
2844,3498,Assembly Error,Low,2025-12-18,Under Review
2845,2126,Surface Damage,Critical,2025-06-03,Resolved
2846,9277,Electrical Failure,Low,2025-12-14,Scrapped
2847,9918,Surface Damage,Critical,2025-10-30,Under Review
2848,3219,Electrical Failure,Medium,2025-08-10,Resolved
2849,1621,Surface Damage,High,2025-06-13,Scrapped
2850,6614,Machine Error,Medium,2025-06-26,Scrapped
2851,1042,Material Defect,Critical,2025-03-24,Scrapped
2852,408,Assembly Error,Critical,2025-02-26,Resolved
2853,7506,Electrical Failure,Medium,2025-05-21,Resolved
2854,5949,Dimension Error,Medium,2025-01-11,Resolved
2855,5893,Dimension Error,High,2025-12-10,Resolved
2856,8988,Assembly Error,High,2025-08-30,Scrapped
2857,2611,Machine Error,Low,2025-08-28,Scrapped
2858,2691,Electrical Failure,Medium,2025-07-26,Resolved
2859,4552,Dimension Error,Low,2025-02-19,Scrapped
2860,770,Surface Damage,Low,2025-10-18,Resolved
2861,7439,Machine Error,Low,2025-10-27,Resolved
2862,2812,Assembly Error,Critical,2025-05-10,Under Review
2863,3336,Surface Damage,Medium,2025-06-23,Resolved
2864,1807,Electrical Failure,Low,2025-06-13,Resolved
2865,7691,Material Defect,Medium,2025-07-28,Scrapped
2866,9947,Machine Error,Critical,2025-10-04,Resolved
2867,2567,Electrical Failure,Low,2025-02-25,Scrapped
2868,9520,Surface Damage,Critical,2025-08-24,Under Review
2869,8457,Electrical Failure,High,2025-10-22,Under Review
2870,6756,Machine Error,Low,2025-05-17,Resolved
2871,7278,Material Defect,Low,2025-12-27,Under Review
2872,9084,Machine Error,Medium,2025-05-21,Scrapped
2873,2192,Surface Damage,Medium,2025-12-26,Resolved
2874,8182,Assembly Error,Low,2025-01-24,Scrapped
2875,6813,Material Defect,Medium,2025-01-23,Under Review
2876,1544,Electrical Failure,Low,2025-08-06,Resolved
2877,9162,Dimension Error,Critical,2025-08-16,Scrapped
2878,9793,Dimension Error,High,2025-08-04,Resolved
2879,9694,Material Defect,Low,2025-04-05,Under Review
2880,6086,Assembly Error,High,2025-11-13,Resolved
2881,3118,Dimension Error,Low,2025-06-04,Scrapped
2882,5818,Surface Damage,High,2025-07-12,Under Review
2883,406,Assembly Error,High,2025-12-28,Scrapped
2884,1580,Material Defect,Medium,2025-05-05,Under Review
2885,8916,Machine Error,High,2025-06-02,Resolved
2886,6195,Assembly Error,Medium,2025-06-26,Scrapped
2887,9325,Machine Error,Low,2025-06-29,Resolved
2888,4092,Machine Error,Critical,2025-08-11,Resolved
2889,8869,Material Defect,Critical,2025-02-04,Resolved
2890,6487,Dimension Error,Critical,2025-10-20,Under Review
2891,236,Surface Damage,Medium,2025-10-11,Scrapped
2892,5025,Surface Damage,High,2025-07-11,Resolved
2893,8430,Material Defect,Low,2025-06-23,Under Review
2894,7952,Electrical Failure,Medium,2025-12-30,Under Review
2895,6087,Dimension Error,High,2025-09-10,Scrapped
2896,79,Assembly Error,High,2025-07-12,Scrapped
2897,7252,Surface Damage,Low,2025-03-19,Resolved
2898,8186,Assembly Error,Medium,2025-09-02,Scrapped
2899,9084,Electrical Failure,Medium,2025-09-22,Under Review
2900,2532,Assembly Error,Low,2025-11-30,Resolved
2901,794,Assembly Error,Low,2025-05-10,Resolved
2902,1744,Dimension Error,High,2025-08-01,Under Review
2903,5724,Assembly Error,High,2025-12-05,Scrapped
2904,9412,Material Defect,Medium,2025-10-02,Under Review
2905,2954,Machine Error,Low,2025-05-04,Resolved
2906,973,Surface Damage,Low,2025-10-24,Resolved
2907,5739,Surface Damage,High,2025-10-30,Scrapped
2908,8921,Material Defect,Medium,2025-05-20,Scrapped
2909,8944,Electrical Failure,Medium,2025-08-30,Scrapped
2910,8793,Assembly Error,High,2025-04-05,Resolved
2911,4562,Material Defect,Medium,2025-05-13,Scrapped
2912,6648,Assembly Error,High,2025-08-01,Scrapped
2913,2105,Surface Damage,High,2025-01-29,Resolved
2914,163,Surface Damage,Medium,2025-06-22,Resolved
2915,4668,Assembly Error,Medium,2025-08-13,Scrapped
2916,4532,Assembly Error,Low,2025-06-10,Under Review
2917,5259,Surface Damage,Critical,2025-10-06,Scrapped
2918,7997,Machine Error,Medium,2025-05-12,Under Review
2919,1314,Machine Error,Low,2025-10-11,Under Review
2920,7472,Electrical Failure,Low,2025-03-05,Resolved
2921,2822,Electrical Failure,Low,2025-11-26,Under Review
2922,6914,Material Defect,Medium,2026-01-01,Scrapped
2923,9213,Material Defect,High,2025-01-06,Scrapped
2924,3759,Material Defect,High,2025-05-07,Resolved
2925,6447,Assembly Error,Low,2025-10-04,Resolved
2926,2362,Electrical Failure,Low,2025-05-19,Under Review
2927,6013,Material Defect,Low,2025-01-07,Scrapped
2928,2086,Machine Error,Low,2025-12-19,Resolved
2929,1842,Assembly Error,High,2025-04-15,Under Review
2930,7450,Electrical Failure,High,2025-01-08,Under Review
2931,586,Machine Error,Low,2025-03-11,Resolved
2932,4406,Assembly Error,Medium,2025-11-16,Under Review
2933,5380,Surface Damage,High,2025-12-21,Scrapped
2934,5736,Dimension Error,Low,2025-03-30,Scrapped
2935,231,Assembly Error,Medium,2025-02-07,Resolved
2936,3660,Assembly Error,Medium,2025-10-31,Scrapped
2937,9093,Machine Error,Critical,2025-05-19,Scrapped
2938,4395,Material Defect,Critical,2025-05-02,Under Review
2939,3022,Electrical Failure,Medium,2025-06-09,Under Review
2940,4305,Dimension Error,Critical,2025-02-16,Under Review
2941,2624,Dimension Error,Low,2025-11-27,Scrapped
2942,3343,Electrical Failure,High,2025-11-08,Scrapped
2943,101,Machine Error,High,2025-11-04,Under Review
2944,4291,Assembly Error,High,2025-04-14,Under Review
2945,4220,Dimension Error,Critical,2026-01-01,Under Review
2946,3413,Assembly Error,High,2025-06-07,Scrapped
2947,3608,Surface Damage,Critical,2025-12-07,Scrapped
2948,4412,Surface Damage,Critical,2025-07-06,Resolved
2949,8227,Machine Error,Critical,2025-07-27,Resolved
2950,7056,Material Defect,Critical,2025-04-16,Under Review
2951,9979,Machine Error,Medium,2025-10-23,Under Review
2952,2736,Surface Damage,Low,2025-07-27,Resolved
2953,7929,Machine Error,High,2025-11-19,Resolved
2954,6087,Assembly Error,Medium,2025-01-03,Resolved
2955,6449,Electrical Failure,Medium,2025-06-17,Resolved
2956,3263,Surface Damage,Medium,2025-05-17,Scrapped
2957,7965,Dimension Error,Critical,2025-04-02,Under Review
2958,2252,Surface Damage,High,2025-04-30,Resolved
2959,1666,Surface Damage,Medium,2025-07-28,Scrapped
2960,4465,Dimension Error,Low,2025-10-25,Resolved
2961,8333,Dimension Error,Critical,2025-12-31,Scrapped
2962,6825,Material Defect,Critical,2025-05-02,Under Review
2963,8082,Electrical Failure,Medium,2025-08-21,Scrapped
2964,5637,Material Defect,Critical,2025-06-24,Scrapped
2965,7591,Machine Error,Low,2025-06-02,Under Review
2966,3487,Electrical Failure,Medium,2025-10-04,Scrapped
2967,9100,Machine Error,High,2025-10-17,Under Review
2968,4854,Surface Damage,Low,2025-03-06,Resolved
2969,9954,Electrical Failure,Critical,2025-07-28,Under Review
2970,7517,Electrical Failure,Low,2025-04-03,Scrapped
2971,699,Dimension Error,Medium,2025-10-16,Scrapped
2972,2983,Machine Error,High,2025-03-09,Resolved
2973,5946,Surface Damage,Low,2025-05-11,Scrapped
2974,6345,Machine Error,Critical,2025-08-01,Scrapped
2975,9430,Material Defect,Critical,2025-11-14,Scrapped
2976,4297,Surface Damage,Medium,2025-07-14,Resolved
2977,7581,Machine Error,Critical,2025-12-18,Scrapped
2978,4694,Machine Error,High,2025-06-14,Under Review
2979,7155,Material Defect,Critical,2025-09-01,Scrapped
2980,16,Assembly Error,Critical,2025-10-09,Resolved
2981,7045,Electrical Failure,Medium,2025-12-21,Scrapped
2982,9555,Material Defect,High,2025-05-10,Under Review
2983,4070,Material Defect,Low,2025-03-27,Resolved
2984,8659,Dimension Error,Medium,2025-07-13,Under Review
2985,5210,Machine Error,Medium,2025-10-07,Scrapped
2986,6269,Electrical Failure,Low,2025-11-27,Scrapped
2987,893,Electrical Failure,Critical,2025-01-03,Resolved
2988,7980,Machine Error,Low,2025-10-03,Under Review
2989,9255,Dimension Error,Low,2025-04-19,Scrapped
2990,6338,Assembly Error,Critical,2025-11-24,Scrapped
2991,5954,Material Defect,Low,2025-11-10,Resolved
2992,6733,Dimension Error,High,2025-09-29,Scrapped
2993,8839,Surface Damage,High,2025-03-11,Scrapped
2994,9636,Material Defect,Low,2025-09-07,Scrapped
2995,4527,Material Defect,Medium,2025-08-17,Scrapped
2996,9019,Machine Error,Critical,2025-09-20,Under Review
2997,4188,Electrical Failure,Critical,2025-06-06,Under Review
2998,1722,Surface Damage,Critical,2025-09-22,Resolved
2999,4088,Electrical Failure,Critical,2025-01-21,Scrapped
3000,6695,Assembly Error,Critical,2025-04-19,Resolved
