usage_id,batch_id,material_id,quantity_used,unit
1,5410,31,290.86,Liters
2,3889,115,205.64,Pieces
3,1486,74,484.03,Liters
4,8766,95,33.24,Liters
5,3156,105,173.18,Pieces
6,804,145,238.73,Pieces
7,553,34,117.97,Pieces
8,6829,63,443.33,Liters
9,5315,73,134.29,Kg
10,2149,58,298.3,Pieces
11,2192,20,454.24,Liters
12,7946,66,25.84,Kg
13,2925,101,216.25,Kg
14,2366,42,392.57,Kg
15,99,5,188.72,Pieces
16,8983,4,103.98,Liters
17,7315,145,165.04,Liters
18,1320,125,124.97,Liters
19,7047,57,98.42,Kg
20,2526,115,256.47,Pieces
21,5671,92,278.6,Pieces
22,3338,28,36.68,Pieces
23,5443,127,339.19,Pieces
24,1635,118,493.24,Pieces
25,665,8,112.03,Liters
26,3738,120,473.12,Pieces
27,9476,146,474.31,Kg
28,537,50,370.6,Pieces
29,4606,22,20.63,Liters
30,6752,36,288.47,Kg
31,3912,147,453.58,Pieces
32,5473,53,386.45,Pieces
33,6847,135,395.47,Pieces
34,5799,66,215.44,Pieces
35,5064,103,454.92,Liters
36,6039,73,203.79,Kg
37,9369,139,122.77,Pieces
38,255,15,16.57,Liters
39,5774,26,365.37,Pieces
40,5044,25,139.25,Liters
41,2218,6,129.28,Pieces
42,4151,108,293.98,Liters
43,849,12,158.1,Kg
44,5299,51,128.0,Liters
45,1258,90,181.17,Liters
46,1117,20,420.3,Liters
47,922,143,190.34,Liters
48,2095,76,306.6,Kg
49,3403,62,93.24,Pieces
50,6277,148,399.02,Liters
51,8000,124,455.07,Kg
52,246,137,394.12,Kg
53,6573,69,277.98,Liters
54,2956,67,164.82,Liters
55,4448,121,96.27,Pieces
56,713,120,433.72,Kg
57,2737,40,358.73,Liters
58,5418,145,319.33,Liters
59,5180,124,493.98,Liters
60,1304,134,400.72,Kg
61,3795,96,67.78,Pieces
62,8085,121,257.94,Liters
63,7023,135,475.12,Pieces
64,1487,74,366.63,Pieces
65,5943,96,113.88,Pieces
66,8766,96,43.88,Pieces
67,5739,59,120.43,Kg
68,9269,67,389.25,Kg
69,811,73,307.64,Kg
70,744,120,7.44,Pieces
71,5533,63,195.06,Kg
72,6523,140,136.58,Pieces
73,7758,70,417.56,Kg
74,6895,13,194.07,Liters
75,5190,73,491.62,Liters
76,1982,136,387.01,Pieces
77,5777,55,448.78,Liters
78,1349,34,313.7,Kg
79,3086,11,92.91,Kg
80,6912,23,36.04,Liters
81,8152,36,175.63,Pieces
82,5421,46,242.39,Pieces
83,8993,62,472.35,Pieces
84,9937,122,28.06,Kg
85,8693,117,315.96,Kg
86,3455,67,268.25,Kg
87,1395,120,492.92,Pieces
88,3039,61,356.51,Pieces
89,9807,77,411.16,Kg
90,935,44,256.51,Kg
91,4492,120,115.11,Liters
92,8852,127,464.99,Liters
93,5409,110,276.58,Pieces
94,7868,116,65.83,Liters
95,7363,54,448.22,Kg
96,7192,38,300.2,Liters
97,7736,30,302.95,Kg
98,6626,43,43.03,Kg
99,8403,128,301.74,Pieces
100,9552,2,224.25,Liters
101,4654,63,263.57,Pieces
102,1049,27,5.71,Pieces
103,4174,33,148.29,Pieces
104,896,16,269.33,Liters
105,7362,63,303.38,Pieces
106,495,59,117.34,Pieces
107,4754,147,1.7,Kg
108,7502,106,171.52,Liters
109,9990,112,150.17,Kg
110,3808,108,336.38,Kg
111,1655,113,499.03,Pieces
112,4157,21,153.29,Liters
113,8735,21,440.55,Pieces
114,7710,142,207.73,Pieces
115,8172,78,441.88,Pieces
116,4121,144,422.42,Pieces
117,4032,139,7.49,Pieces
118,2444,119,221.1,Pieces
119,6211,64,245.25,Pieces
120,7713,10,22.46,Liters
121,9780,104,192.13,Pieces
122,8571,16,468.35,Pieces
123,2002,4,288.34,Liters
124,5225,75,216.83,Pieces
125,7671,70,470.51,Kg
126,7451,38,196.4,Kg
127,2447,69,408.8,Kg
128,4895,18,338.72,Liters
129,7523,13,433.02,Kg
130,5965,34,165.75,Liters
131,5606,72,145.31,Kg
132,8161,67,90.33,Pieces
133,7534,126,188.43,Liters
134,6525,113,167.84,Kg
135,6001,96,416.25,Liters
136,4589,90,373.38,Liters
137,9631,112,284.74,Pieces
138,4462,96,489.26,Kg
139,1801,62,224.92,Pieces
140,1349,110,223.25,Liters
141,1419,109,379.36,Liters
142,4542,77,234.02,Kg
143,8017,64,408.41,Kg
144,9274,132,267.47,Kg
145,8656,149,344.94,Pieces
146,6243,77,21.57,Kg
147,9409,100,93.07,Liters
148,9661,29,382.01,Liters
149,1082,128,299.68,Liters
150,3629,69,485.69,Pieces
151,6420,41,396.15,Kg
152,1680,14,144.78,Kg
153,214,88,57.62,Pieces
154,6730,45,371.63,Liters
155,6156,70,245.15,Pieces
156,8072,84,170.89,Liters
157,3671,23,310.0,Pieces
158,1119,11,438.98,Kg
159,9208,47,241.84,Liters
160,6023,35,470.42,Pieces
161,5110,98,86.89,Pieces
162,4861,138,336.37,Pieces
163,2362,139,134.23,Pieces
164,7548,117,451.38,Liters
165,6580,84,135.3,Liters
166,7362,111,221.29,Liters
167,755,22,397.61,Kg
168,4509,110,224.67,Pieces
169,347,106,240.18,Liters
170,5397,117,294.21,Kg
171,5811,43,238.57,Liters
172,2548,146,144.3,Liters
173,334,17,259.66,Liters
174,5770,38,21.9,Liters
175,1809,13,141.21,Kg
176,231,17,270.42,Kg
177,4593,29,242.0,Liters
178,5486,86,207.6,Liters
179,1924,133,23.57,Pieces
180,7249,90,403.15,Liters
181,7173,8,123.91,Kg
182,6063,130,168.76,Kg
183,5437,101,61.41,Pieces
184,6420,79,453.78,Liters
185,9104,30,150.56,Liters
186,6607,119,18.68,Pieces
187,6647,11,427.26,Kg
188,3839,132,405.48,Liters
189,7483,124,349.45,Pieces
190,7066,69,83.57,Kg
191,8851,37,452.29,Kg
192,3718,37,60.63,Kg
193,5230,78,95.19,Kg
194,6918,28,187.13,Liters
195,5080,108,422.39,Kg
196,7720,83,205.85,Kg
197,3088,55,467.3,Liters
198,3437,14,60.76,Kg
199,268,127,67.89,Liters
200,6415,111,119.13,Liters
201,3742,69,61.84,Pieces
202,3210,79,399.95,Pieces
203,5589,139,266.95,Pieces
204,4983,13,315.35,Pieces
205,3262,108,448.03,Kg
206,7601,80,2.92,Liters
207,2357,107,305.92,Liters
208,5002,99,264.94,Kg
209,2015,54,264.93,Kg
210,7847,9,460.71,Pieces
211,8656,134,487.04,Liters
212,1135,145,149.79,Kg
213,1133,68,388.72,Kg
214,134,119,174.44,Pieces
215,5464,148,36.46,Liters
216,3737,11,178.3,Liters
217,5807,35,224.23,Kg
218,1068,20,469.02,Liters
219,3964,22,57.37,Kg
220,4283,29,311.97,Liters
221,1450,125,337.05,Pieces
222,4812,114,170.31,Liters
223,1597,75,132.42,Liters
224,720,55,293.01,Liters
225,646,90,498.2,Pieces
226,5727,24,366.23,Liters
227,9794,61,498.6,Kg
228,7048,106,404.12,Liters
229,645,37,17.43,Pieces
230,4839,10,296.68,Pieces
231,8883,150,125.85,Liters
232,4078,77,144.23,Liters
233,6949,53,92.23,Liters
234,2510,31,60.9,Kg
235,9615,74,325.41,Liters
236,43,136,69.88,Kg
237,3389,67,48.48,Kg
238,2287,59,53.57,Kg
239,3954,62,396.31,Pieces
240,7272,119,39.13,Pieces
241,8970,83,363.85,Kg
242,8730,27,10.93,Liters
243,5409,135,277.67,Pieces
244,806,50,465.19,Liters
245,3399,37,237.71,Liters
246,7249,104,37.79,Kg
247,699,35,5.21,Pieces
248,5450,66,345.65,Kg
249,3732,49,461.93,Pieces
250,9744,14,179.0,Liters
251,2038,46,493.42,Kg
252,5241,62,488.19,Kg
253,6557,75,194.5,Kg
254,8977,61,374.89,Pieces
255,7275,59,340.31,Liters
256,5690,20,113.86,Kg
257,3255,141,451.58,Kg
258,7585,39,337.62,Liters
259,7884,43,186.4,Liters
260,880,62,408.95,Pieces
261,9075,53,198.66,Pieces
262,3144,29,239.97,Pieces
263,3382,56,273.43,Kg
264,9392,36,173.31,Pieces
265,1759,80,330.38,Kg
266,726,30,207.93,Pieces
267,5015,89,450.87,Pieces
268,1073,110,489.91,Kg
269,9612,86,277.27,Liters
270,8365,136,325.55,Liters
271,9633,5,59.84,Pieces
272,395,44,328.49,Pieces
273,8912,59,203.78,Pieces
274,7000,131,41.0,Pieces
275,7871,45,182.27,Liters
276,2090,85,379.35,Liters
277,9189,144,125.86,Pieces
278,4525,11,373.62,Kg
279,8453,48,262.99,Kg
280,716,109,18.58,Kg
281,9614,5,408.58,Liters
282,8129,112,341.34,Kg
283,3626,7,168.98,Kg
284,5317,60,323.75,Liters
285,3301,63,333.92,Kg
286,8722,51,227.09,Kg
287,5762,53,493.8,Kg
288,2179,87,287.15,Pieces
289,3213,49,116.49,Pieces
290,9542,136,215.86,Liters
291,1421,74,169.55,Pieces
292,3340,19,413.89,Kg
293,6674,93,193.14,Pieces
294,8031,138,496.51,Liters
295,8471,23,324.27,Kg
296,640,67,400.27,Liters
297,3649,40,78.51,Liters
298,5182,19,86.56,Kg
299,2890,144,146.45,Liters
300,2148,45,117.37,Pieces
301,4437,41,368.13,Kg
302,4124,4,117.23,Pieces
303,5430,140,349.71,Pieces
304,7095,38,36.03,Kg
305,7621,98,248.26,Pieces
306,2516,73,221.64,Kg
307,2267,87,374.65,Pieces
308,5046,41,474.25,Kg
309,9373,14,55.61,Kg
310,3966,150,320.09,Liters
311,5591,30,293.6,Kg
312,454,148,470.03,Liters
313,87,72,336.82,Liters
314,6770,25,351.97,Kg
315,1003,72,138.3,Kg
316,7355,149,190.39,Kg
317,619,52,169.23,Pieces
318,7400,6,312.38,Liters
319,2842,57,253.55,Liters
320,5512,95,324.52,Pieces
321,6115,145,181.16,Liters
322,4792,11,247.43,Liters
323,4938,101,140.24,Liters
324,3684,11,115.14,Pieces
325,342,30,123.73,Kg
326,1927,122,74.56,Pieces
327,614,43,262.72,Liters
328,2376,109,31.66,Liters
329,732,75,17.52,Liters
330,9639,137,109.72,Liters
331,3402,102,193.56,Pieces
332,721,19,340.13,Kg
333,7625,42,122.52,Pieces
334,5448,45,93.61,Pieces
335,4784,63,275.09,Pieces
336,2238,97,449.95,Liters
337,5722,46,54.08,Liters
338,8009,139,330.46,Pieces
339,6340,72,463.81,Pieces
340,3918,56,69.91,Liters
341,281,132,241.53,Pieces
342,8232,106,334.03,Kg
343,9000,87,81.51,Liters
344,6048,90,382.45,Kg
345,3785,78,491.55,Kg
346,356,27,459.76,Liters
347,5212,49,191.12,Kg
348,490,140,460.13,Kg
349,330,51,315.59,Kg
350,2594,43,457.38,Kg
351,4801,84,153.83,Kg
352,3834,57,38.05,Liters
353,7957,77,388.08,Liters
354,709,102,196.17,Pieces
355,8914,56,483.77,Pieces
356,8868,126,167.95,Kg
357,262,73,369.48,Liters
358,288,39,34.14,Liters
359,6333,13,407.87,Kg
360,8243,106,291.35,Kg
361,4654,39,248.97,Pieces
362,7984,16,477.82,Liters
363,4260,3,416.79,Pieces
364,4935,32,462.08,Pieces
365,98,128,253.16,Pieces
366,6475,135,316.29,Kg
367,4962,95,188.03,Liters
368,7962,79,71.9,Liters
369,4342,63,433.77,Pieces
370,3793,61,42.58,Kg
371,3840,126,460.71,Kg
372,6078,7,376.92,Kg
373,6428,20,39.33,Pieces
374,5862,76,393.85,Kg
375,9708,30,1.22,Pieces
376,7959,145,446.32,Liters
377,2071,82,395.63,Kg
378,827,1,287.42,Kg
379,8468,92,268.93,Liters
380,5320,35,160.45,Pieces
381,3895,89,492.05,Pieces
382,2036,136,186.0,Kg
383,3640,60,292.48,Liters
384,4023,20,43.1,Liters
385,5781,123,258.62,Kg
386,1066,28,177.51,Liters
387,9940,84,202.61,Pieces
388,4593,8,432.4,Kg
389,6517,78,160.66,Kg
390,8615,139,152.7,Liters
391,8785,94,147.86,Pieces
392,8029,103,165.0,Pieces
393,4092,39,26.05,Liters
394,4833,53,201.24,Liters
395,4899,95,164.04,Liters
396,2014,102,497.5,Kg
397,6643,111,459.89,Liters
398,6521,3,378.98,Pieces
399,8898,128,454.82,Liters
400,5624,7,262.17,Liters
401,1004,113,9.63,Liters
402,2931,82,298.36,Pieces
403,1084,4,366.39,Pieces
404,7778,126,129.71,Kg
405,6610,13,109.33,Kg
406,2274,138,10.29,Liters
407,7506,32,160.37,Liters
408,6002,35,314.57,Kg
409,4050,73,7.28,Kg
410,208,33,170.51,Kg
411,7746,46,349.88,Liters
412,4235,122,361.94,Kg
413,5006,97,423.66,Pieces
414,1850,40,326.16,Liters
415,9555,24,247.85,Kg
416,7910,79,442.37,Liters
417,5299,65,452.75,Kg
418,6113,139,291.82,Kg
419,1494,138,428.53,Liters
420,9769,76,74.24,Kg
421,557,35,240.84,Liters
422,8184,84,431.21,Liters
423,2356,64,195.5,Pieces
424,4009,75,273.56,Kg
425,5205,3,421.11,Pieces
426,7965,36,431.58,Liters
427,1041,35,174.94,Pieces
428,5533,41,109.74,Liters
429,8907,120,317.53,Kg
430,4905,123,222.61,Liters
431,7623,67,281.22,Kg
432,575,106,391.31,Pieces
433,4879,24,362.79,Pieces
434,3327,59,270.36,Liters
435,2765,112,458.54,Liters
436,4122,9,185.94,Kg
437,5133,125,224.99,Liters
438,2040,115,240.88,Liters
439,2320,126,201.35,Kg
440,6403,96,193.19,Kg
441,8424,43,137.26,Liters
442,4552,119,364.09,Kg
443,4619,4,246.17,Liters
444,8308,145,486.79,Liters
445,4793,89,126.87,Kg
446,4917,15,299.06,Kg
447,2591,124,84.18,Kg
448,8454,113,370.49,Kg
449,2820,109,14.49,Pieces
450,1147,92,157.69,Pieces
451,1689,93,87.37,Kg
452,9939,143,171.42,Kg
453,5660,83,340.79,Pieces
454,316,14,466.84,Kg
455,1089,142,411.03,Liters
456,6026,51,369.84,Liters
457,4689,25,416.98,Pieces
458,494,146,383.35,Kg
459,451,117,375.98,Kg
460,952,62,392.21,Kg
461,8171,98,298.53,Pieces
462,4965,5,363.73,Pieces
463,4635,45,86.91,Pieces
464,3589,43,159.04,Kg
465,1160,19,254.96,Liters
466,6805,34,313.01,Kg
467,9880,39,198.3,Liters
468,3441,114,460.81,Pieces
469,2337,16,382.38,Pieces
470,3103,4,178.72,Kg
471,400,2,253.78,Liters
472,8888,21,143.02,Liters
473,9709,106,436.54,Liters
474,3190,34,439.79,Liters
475,5795,53,399.18,Liters
476,7037,108,100.15,Liters
477,4562,35,108.84,Liters
478,9747,142,58.76,Pieces
479,7043,116,377.06,Liters
480,2315,12,428.16,Kg
481,3783,61,122.75,Pieces
482,4367,99,118.29,Kg
483,1090,43,346.18,Kg
484,5402,9,312.73,Kg
485,103,63,489.94,Pieces
486,2808,35,257.03,Liters
487,2347,76,254.41,Kg
488,5719,11,237.71,Pieces
489,2627,80,400.92,Liters
490,9133,82,40.75,Kg
491,8867,63,44.12,Kg
492,6251,144,206.31,Liters
493,7952,102,449.65,Kg
494,4745,1,106.95,Pieces
495,8614,50,384.09,Pieces
496,5386,7,6.18,Pieces
497,7064,105,209.51,Liters
498,1654,78,408.59,Liters
499,9492,38,1.45,Kg
500,3005,39,348.24,Liters
501,3074,134,21.09,Pieces
502,272,70,313.24,Kg
503,8000,3,160.23,Kg
504,1411,74,291.17,Kg
505,1900,15,404.31,Kg
506,6681,99,265.71,Kg
507,4979,101,430.33,Kg
508,6810,131,485.51,Liters
509,4689,97,73.89,Liters
510,2996,79,433.05,Pieces
511,5452,79,7.97,Liters
512,8434,140,78.11,Liters
513,2538,125,426.8,Pieces
514,7658,32,297.25,Pieces
515,1890,84,98.94,Liters
516,3616,4,183.06,Kg
517,3446,1,378.53,Kg
518,4728,46,427.07,Liters
519,7662,83,262.17,Liters
520,7243,114,180.36,Pieces
521,4469,22,55.58,Liters
522,1173,3,245.85,Liters
523,6639,39,14.08,Kg
524,1923,30,109.4,Liters
525,1863,54,106.93,Pieces
526,7234,136,129.4,Pieces
527,9860,136,265.81,Liters
528,4235,49,3.57,Liters
529,1126,138,345.14,Pieces
530,7831,92,454.76,Kg
531,4618,106,299.29,Liters
532,2622,46,227.0,Pieces
533,6768,125,436.6,Pieces
534,2036,135,449.97,Kg
535,8,98,426.31,Kg
536,5571,105,417.08,Liters
537,8040,80,239.26,Pieces
538,7992,65,141.19,Pieces
539,9508,59,93.82,Pieces
540,4888,1,484.8,Pieces
541,4970,62,22.3,Liters
542,4187,133,272.21,Liters
543,2717,65,103.02,Liters
544,406,137,426.38,Pieces
545,8688,121,287.4,Kg
546,7750,136,251.41,Kg
547,9488,113,278.38,Liters
548,5226,70,69.2,Liters
549,8166,49,183.55,Pieces
550,9149,96,465.59,Kg
551,9643,119,450.27,Pieces
552,567,27,252.71,Pieces
553,3699,2,68.5,Pieces
554,761,106,4.45,Kg
555,6346,13,190.15,Kg
556,1770,113,303.58,Liters
557,3676,82,281.48,Kg
558,6007,90,358.67,Pieces
559,7039,95,116.04,Liters
560,3453,119,499.31,Kg
561,6926,66,15.81,Kg
562,438,59,382.93,Pieces
563,7611,84,244.23,Pieces
564,4873,30,5.53,Liters
565,4366,125,418.22,Liters
566,1335,124,368.48,Pieces
567,1512,16,218.21,Kg
568,4684,104,448.34,Liters
569,8049,130,499.27,Kg
570,9791,22,497.48,Pieces
571,2426,115,325.41,Pieces
572,4284,145,228.66,Liters
573,8582,15,450.52,Pieces
574,509,73,417.08,Liters
575,8145,123,214.35,Liters
576,8842,29,475.87,Liters
577,147,95,24.79,Kg
578,5311,91,334.53,Kg
579,9323,62,307.21,Liters
580,8265,37,324.62,Liters
581,8622,147,87.61,Liters
582,3155,9,223.05,Kg
583,8302,58,110.42,Kg
584,9983,6,497.83,Pieces
585,5678,59,87.88,Kg
586,4669,45,117.44,Pieces
587,2659,77,187.54,Kg
588,1359,105,312.32,Kg
589,7291,103,360.35,Pieces
590,4693,96,432.51,Kg
591,7485,78,131.38,Liters
592,1549,100,476.61,Pieces
593,7515,4,18.59,Pieces
594,673,142,455.75,Kg
595,2835,6,355.66,Kg
596,4782,34,448.57,Pieces
597,7483,8,169.59,Pieces
598,7585,4,184.17,Liters
599,9918,127,288.64,Pieces
600,4208,62,467.91,Liters
601,9013,121,446.58,Pieces
602,772,36,479.58,Kg
603,3674,132,230.45,Kg
604,1184,93,342.69,Kg
605,782,40,37.72,Kg
606,9563,138,332.52,Liters
607,1877,93,204.79,Liters
608,8378,20,189.07,Pieces
609,3337,2,453.95,Liters
610,3481,127,74.42,Pieces
611,7227,4,85.68,Liters
612,327,144,201.86,Pieces
613,2382,50,5.73,Pieces
614,7327,119,203.63,Liters
615,2324,126,37.1,Pieces
616,7138,109,44.98,Kg
617,2657,144,428.89,Pieces
618,1288,135,28.38,Kg
619,7415,58,205.55,Pieces
620,9542,56,478.39,Kg
621,9515,7,245.35,Liters
622,9313,57,476.95,Kg
623,5404,129,145.65,Pieces
624,4011,141,493.36,Kg
625,3565,27,378.68,Pieces
626,7209,86,75.61,Pieces
627,5971,14,149.87,Pieces
628,8419,32,324.05,Pieces
629,3225,149,336.92,Liters
630,8470,120,42.73,Liters
631,8463,78,173.27,Kg
632,3811,122,27.35,Liters
633,6803,135,288.76,Liters
634,7052,52,4.92,Pieces
635,9162,103,7.83,Kg
636,2136,56,42.12,Pieces
637,9336,7,343.99,Pieces
638,8084,133,335.86,Kg
639,6199,146,327.82,Liters
640,1371,75,432.01,Liters
641,6732,46,8.67,Kg
642,7766,32,494.54,Kg
643,5881,32,233.66,Liters
644,8301,86,411.66,Kg
645,5257,139,251.4,Pieces
646,9278,42,383.03,Kg
647,8906,12,158.94,Pieces
648,3408,121,5.38,Liters
649,6066,18,209.7,Liters
650,3636,42,38.99,Kg
651,9762,90,164.23,Liters
652,7339,145,112.01,Pieces
653,6831,100,110.87,Liters
654,3845,28,117.04,Liters
655,9496,81,242.09,Kg
656,2066,142,492.91,Kg
657,7908,79,280.47,Kg
658,2936,40,291.36,Pieces
659,8072,63,21.62,Kg
660,6863,28,254.3,Pieces
661,3440,107,241.95,Pieces
662,806,5,422.4,Pieces
663,1691,6,209.7,Kg
664,8941,107,257.82,Pieces
665,6690,113,426.94,Pieces
666,5802,131,454.3,Kg
667,5437,101,123.32,Kg
668,978,18,319.64,Pieces
669,1348,41,328.69,Pieces
670,2574,141,303.5,Liters
671,3564,56,471.21,Liters
672,2446,11,295.18,Kg
673,5905,111,260.25,Liters
674,357,62,100.41,Liters
675,5909,63,219.85,Kg
676,6936,23,308.63,Liters
677,7255,138,84.8,Kg
678,2232,112,255.94,Pieces
679,7730,99,393.86,Kg
680,8866,83,66.48,Kg
681,5464,20,84.41,Kg
682,6434,85,342.91,Kg
683,860,69,4.12,Kg
684,8804,143,361.53,Liters
685,4198,53,156.8,Liters
686,7378,84,151.83,Liters
687,4435,30,427.45,Kg
688,4946,58,26.21,Kg
689,1458,56,460.74,Liters
690,127,11,407.29,Liters
691,2929,75,122.87,Liters
692,1262,38,230.84,Liters
693,414,3,268.12,Liters
694,7736,24,374.7,Pieces
695,7182,19,105.06,Pieces
696,6120,99,320.93,Kg
697,4626,105,259.4,Liters
698,8505,140,222.21,Pieces
699,418,67,148.24,Kg
700,6619,88,360.29,Pieces
701,2891,142,464.09,Liters
702,7702,81,328.23,Pieces
703,5872,19,319.73,Pieces
704,3984,99,176.17,Kg
705,132,78,152.15,Liters
706,8249,147,367.24,Pieces
707,3520,34,396.28,Pieces
708,2079,32,153.94,Kg
709,1440,61,173.59,Pieces
710,4772,57,444.56,Liters
711,2253,69,120.9,Kg
712,119,93,488.94,Liters
713,8168,140,6.27,Liters
714,7365,51,64.28,Liters
715,1530,137,420.54,Liters
716,9457,15,482.7,Liters
717,4874,128,19.76,Pieces
718,6428,59,322.81,Pieces
719,6929,95,11.37,Pieces
720,8634,49,214.89,Kg
721,4009,71,213.12,Pieces
722,4764,74,19.61,Liters
723,5507,40,404.25,Pieces
724,7520,58,317.73,Kg
725,3673,94,230.84,Kg
726,1156,88,275.7,Liters
727,5280,70,98.96,Pieces
728,9617,137,54.07,Kg
729,5749,57,340.34,Pieces
730,3144,80,38.48,Pieces
731,7810,100,325.52,Kg
732,3360,86,270.18,Pieces
733,6295,86,157.3,Kg
734,9766,27,163.56,Pieces
735,8597,126,135.2,Kg
736,5345,4,80.98,Liters
737,8741,85,169.36,Kg
738,6269,53,208.7,Pieces
739,9999,43,17.25,Liters
740,8341,137,457.3,Pieces
741,4356,1,57.41,Pieces
742,4227,127,276.48,Pieces
743,6855,63,6.28,Kg
744,9173,125,331.23,Pieces
745,1436,106,132.63,Pieces
746,6345,123,473.82,Kg
747,4983,31,177.83,Kg
748,6458,50,212.26,Kg
749,2919,34,226.07,Kg
750,2904,118,115.2,Liters
751,6517,38,332.49,Pieces
752,9686,85,267.48,Pieces
753,7935,149,62.72,Liters
754,732,1,307.44,Kg
755,3211,107,475.41,Liters
756,171,33,452.95,Liters
757,6993,94,183.32,Liters
758,1285,90,4.56,Liters
759,4866,21,462.38,Kg
760,5676,62,217.45,Pieces
761,8512,7,142.96,Kg
762,84,104,231.43,Kg
763,7038,11,145.86,Pieces
764,837,26,94.75,Liters
765,4819,78,447.62,Pieces
766,8550,70,52.84,Pieces
767,9917,55,91.89,Liters
768,302,133,395.9,Pieces
769,5244,31,330.7,Kg
770,6884,144,413.98,Kg
771,5126,44,386.07,Pieces
772,4303,45,34.99,Liters
773,6330,86,269.41,Liters
774,9585,34,86.93,Kg
775,1710,54,114.05,Pieces
776,3901,96,62.23,Pieces
777,7412,53,118.17,Kg
778,6920,34,373.44,Pieces
779,6163,75,23.08,Pieces
780,1907,28,104.7,Kg
781,7047,1,445.62,Pieces
782,2652,128,197.02,Kg
783,2183,116,67.93,Liters
784,5783,144,413.56,Liters
785,7569,60,441.74,Liters
786,7971,57,127.82,Kg
787,8869,150,113.62,Liters
788,4068,87,247.21,Kg
789,5702,50,324.88,Pieces
790,7906,28,149.08,Liters
791,1008,32,179.14,Kg
792,478,134,76.74,Pieces
793,1385,84,359.42,Liters
794,7208,57,269.18,Kg
795,1469,15,285.96,Pieces
796,8877,18,470.41,Kg
797,1425,62,324.83,Pieces
798,7801,22,116.68,Liters
799,8686,85,267.33,Pieces
800,5487,108,75.81,Pieces
801,1704,66,376.58,Kg
802,1292,68,196.13,Pieces
803,1579,131,56.04,Liters
804,8841,129,203.87,Liters
805,568,126,489.48,Liters
806,2408,83,399.29,Kg
807,1428,42,326.72,Pieces
808,2546,135,474.12,Liters
809,9024,16,85.88,Kg
810,8608,35,434.07,Kg
811,5613,94,142.85,Pieces
812,6402,23,100.91,Pieces
813,7244,137,310.66,Kg
814,3342,114,233.37,Liters
815,7720,136,94.3,Pieces
816,4065,97,387.85,Pieces
817,9065,34,283.46,Liters
818,2032,80,126.09,Pieces
819,9128,22,198.47,Pieces
820,4842,133,242.24,Kg
821,6408,150,124.99,Pieces
822,1313,86,398.48,Pieces
823,8674,50,37.04,Liters
824,1857,14,283.35,Pieces
825,980,100,105.03,Liters
826,7412,129,260.96,Kg
827,6930,26,38.68,Pieces
828,6815,118,357.12,Kg
829,9379,86,316.59,Kg
830,226,21,485.17,Kg
831,1440,101,465.0,Pieces
832,5388,10,443.33,Pieces
833,6100,79,367.6,Pieces
834,9786,73,140.35,Liters
835,1516,14,358.65,Pieces
836,3657,92,219.3,Kg
837,609,69,334.16,Kg
838,8307,111,218.04,Pieces
839,2011,37,176.28,Pieces
840,372,10,454.98,Liters
841,1100,91,166.8,Pieces
842,7002,49,39.76,Kg
843,6453,92,448.68,Liters
844,9603,108,103.55,Liters
845,3272,81,165.65,Pieces
846,5207,69,25.86,Liters
847,3102,16,223.83,Kg
848,1815,77,313.39,Kg
849,2192,87,346.49,Pieces
850,3267,50,118.23,Kg
851,3940,8,204.98,Kg
852,8815,32,490.15,Liters
853,7604,103,174.09,Pieces
854,634,83,115.93,Pieces
855,8400,82,319.34,Kg
856,2892,28,95.57,Kg
857,6165,58,249.4,Kg
858,5641,30,201.57,Pieces
859,9067,80,217.92,Pieces
860,1034,108,62.0,Liters
861,2483,4,202.83,Liters
862,9685,69,434.32,Liters
863,4998,150,399.57,Kg
864,5036,64,120.33,Pieces
865,5796,134,219.42,Pieces
866,2307,53,93.64,Kg
867,3405,149,383.22,Kg
868,5322,72,442.58,Liters
869,8451,60,153.96,Pieces
870,5831,75,477.76,Kg
871,1937,6,210.39,Liters
872,6016,144,398.69,Pieces
873,6221,134,121.71,Liters
874,5460,78,425.93,Pieces
875,5331,117,17.97,Pieces
876,3576,94,254.46,Liters
877,9570,89,495.61,Liters
878,1375,124,29.35,Liters
879,5219,95,121.47,Kg
880,9680,112,370.67,Liters
881,9301,75,398.54,Pieces
882,6316,95,166.68,Kg
883,7222,88,377.32,Liters
884,6458,87,197.14,Kg
885,2814,113,415.65,Liters
886,7333,15,425.85,Pieces
887,2177,114,494.16,Kg
888,3091,39,226.4,Liters
889,7654,149,36.32,Pieces
890,3738,111,33.08,Kg
891,3292,115,97.06,Liters
892,2268,26,122.89,Liters
893,27,137,389.24,Pieces
894,3505,128,398.01,Pieces
895,2617,45,363.67,Liters
896,3271,103,343.96,Liters
897,6765,41,46.26,Pieces
898,9702,92,99.78,Kg
899,3929,92,359.9,Pieces
900,7208,23,435.84,Liters
901,704,94,161.78,Pieces
902,2421,2,408.15,Pieces
903,4331,61,101.41,Pieces
904,1800,112,312.9,Liters
905,5103,73,352.57,Pieces
906,3389,82,300.64,Pieces
907,1428,109,251.68,Pieces
908,7911,24,205.94,Pieces
909,5994,61,419.58,Liters
910,9659,142,410.86,Pieces
911,5232,99,70.11,Kg
912,3491,71,455.61,Liters
913,5691,131,224.27,Liters
914,4469,139,247.63,Kg
915,4338,91,209.16,Kg
916,1238,124,285.28,Liters
917,5722,60,168.29,Kg
918,8566,14,337.37,Pieces
919,1856,83,83.7,Kg
920,3083,10,64.18,Liters
921,5410,43,45.03,Liters
922,3116,140,220.9,Kg
923,7140,142,422.61,Liters
924,5740,113,103.86,Pieces
925,9569,84,89.25,Liters
926,5798,113,341.14,Kg
927,2403,128,219.97,Kg
928,5634,60,289.05,Kg
929,7584,43,244.19,Liters
930,3334,9,33.33,Kg
931,4353,31,396.31,Kg
932,1983,60,35.87,Kg
933,3519,86,421.1,Kg
934,4260,72,132.19,Liters
935,5927,128,303.78,Kg
936,3958,147,139.62,Liters
937,2491,92,108.45,Kg
938,4220,117,426.25,Kg
939,1912,8,354.6,Kg
940,7136,11,48.57,Liters
941,2110,118,400.87,Liters
942,277,118,318.56,Pieces
943,2868,32,8.99,Liters
944,2354,82,200.94,Kg
945,54,38,225.51,Pieces
946,5175,68,447.19,Kg
947,7364,64,455.53,Kg
948,6791,53,431.61,Kg
949,7441,27,478.9,Pieces
950,7580,150,475.94,Liters
951,3876,60,430.97,Liters
952,1268,11,173.41,Kg
953,632,113,423.22,Kg
954,9590,32,475.91,Kg
955,6495,58,249.86,Kg
956,6126,111,107.11,Pieces
957,7733,72,24.31,Liters
958,3008,117,467.8,Liters
959,8474,55,326.68,Pieces
960,5610,36,393.62,Kg
961,3718,89,372.65,Pieces
962,1311,88,278.1,Pieces
963,8127,130,383.09,Liters
964,2413,106,267.46,Liters
965,1530,133,12.85,Liters
966,8455,119,228.04,Kg
967,5025,61,308.93,Kg
968,2935,148,176.44,Kg
969,8586,79,90.51,Kg
970,6650,135,310.93,Liters
971,6176,89,427.03,Pieces
972,6373,137,26.36,Pieces
973,824,126,30.65,Liters
974,1240,122,414.38,Liters
975,7477,129,167.84,Liters
976,1903,17,250.61,Kg
977,4602,143,395.64,Liters
978,2312,121,143.32,Liters
979,3622,15,134.84,Pieces
980,6455,92,368.33,Kg
981,3011,5,108.7,Kg
982,1633,117,260.86,Pieces
983,5458,99,401.45,Liters
984,4946,128,185.0,Pieces
985,5039,125,224.73,Kg
986,4151,19,111.54,Kg
987,6835,77,281.01,Kg
988,9115,115,211.76,Kg
989,8238,71,395.37,Kg
990,7657,70,225.1,Kg
991,462,26,434.61,Liters
992,7660,100,69.38,Liters
993,5018,53,418.1,Kg
994,5570,62,174.55,Kg
995,4358,42,429.62,Kg
996,4359,104,337.67,Liters
997,6171,145,2.11,Pieces
998,3331,4,406.32,Kg
999,280,136,204.8,Kg
1000,6673,63,324.14,Pieces
1001,9875,132,67.62,Liters
1002,4691,68,467.85,Liters
1003,5549,140,346.89,Kg
1004,7142,85,79.75,Liters
1005,9637,97,398.07,Liters
1006,7043,84,170.28,Pieces
1007,3218,139,121.65,Pieces
1008,3229,43,160.41,Pieces
1009,6024,90,350.47,Kg
1010,3065,2,487.95,Kg
1011,1435,63,381.85,Kg
1012,9081,68,182.63,Kg
1013,6259,69,111.53,Pieces
1014,3091,32,83.32,Liters
1015,7313,50,128.73,Pieces
1016,7453,67,145.01,Kg
1017,5509,135,444.46,Pieces
1018,4915,62,260.87,Kg
1019,7852,91,20.85,Liters
1020,2424,76,234.83,Kg
1021,2033,141,358.73,Kg
1022,1180,73,285.93,Kg
1023,1986,42,461.33,Liters
1024,175,111,351.54,Liters
1025,140,109,217.07,Pieces
1026,5509,38,386.18,Pieces
1027,6171,34,110.77,Kg
1028,5113,35,86.01,Liters
1029,1354,89,426.09,Kg
1030,6427,30,82.93,Pieces
1031,4242,49,166.63,Pieces
1032,5198,28,251.07,Liters
1033,318,116,32.86,Pieces
1034,9600,75,443.98,Kg
1035,5517,37,396.3,Kg
1036,1561,143,346.85,Kg
1037,9392,5,48.61,Liters
1038,3264,85,249.94,Kg
1039,2551,18,10.76,Liters
1040,8716,144,331.23,Liters
1041,6501,129,4.66,Liters
1042,1854,7,361.8,Liters
1043,7264,117,480.23,Kg
1044,5077,150,139.25,Kg
1045,308,142,478.3,Kg
1046,4497,41,276.89,Liters
1047,6138,100,481.01,Pieces
1048,1065,64,189.79,Liters
1049,3810,69,272.63,Kg
1050,4415,91,269.11,Kg
1051,9160,102,102.01,Liters
1052,6178,46,232.98,Kg
1053,6638,27,403.61,Kg
1054,4053,57,220.31,Kg
1055,9876,51,389.86,Kg
1056,3401,41,495.51,Pieces
1057,2728,88,68.39,Kg
1058,3626,128,353.4,Kg
1059,2005,127,313.06,Kg
1060,140,57,84.27,Pieces
1061,1500,101,258.6,Liters
1062,4894,123,325.25,Kg
1063,7525,121,183.42,Liters
1064,7890,125,330.06,Liters
1065,5194,86,330.01,Pieces
1066,4889,64,369.93,Liters
1067,4955,137,100.54,Liters
1068,4786,84,172.85,Kg
1069,8188,109,133.42,Kg
1070,6381,20,121.24,Pieces
1071,9294,112,362.42,Kg
1072,4047,48,47.58,Liters
1073,2209,11,139.19,Liters
1074,3474,62,488.51,Kg
1075,2210,77,248.34,Liters
1076,7512,86,57.22,Pieces
1077,5174,81,491.36,Kg
1078,1153,57,368.94,Liters
1079,997,68,66.04,Kg
1080,6493,4,381.14,Liters
1081,7220,104,485.14,Pieces
1082,5238,65,215.52,Liters
1083,9181,2,248.33,Pieces
1084,7425,122,246.5,Pieces
1085,8808,29,194.96,Pieces
1086,5070,48,354.01,Liters
1087,5787,37,17.48,Pieces
1088,3315,21,12.98,Kg
1089,9986,24,100.18,Pieces
1090,3964,133,137.16,Kg
1091,4087,127,173.88,Liters
1092,877,30,265.24,Pieces
1093,2237,81,434.26,Kg
1094,8960,80,184.8,Pieces
1095,9412,39,195.66,Pieces
1096,4550,23,239.26,Kg
1097,1048,94,221.22,Kg
1098,181,35,57.66,Liters
1099,4005,2,417.71,Pieces
1100,957,45,413.37,Pieces
1101,6127,127,230.9,Pieces
1102,9234,128,239.38,Pieces
1103,4696,38,496.95,Liters
1104,2512,95,392.04,Kg
1105,4563,100,88.01,Pieces
1106,6961,62,330.43,Liters
1107,4831,93,260.73,Pieces
1108,3790,61,241.6,Kg
1109,6801,136,164.22,Liters
1110,1655,81,250.29,Kg
1111,6734,103,438.33,Pieces
1112,8306,107,249.54,Kg
1113,764,134,474.26,Pieces
1114,4413,64,108.88,Liters
1115,286,37,353.09,Kg
1116,8623,30,486.88,Liters
1117,5206,49,421.27,Pieces
1118,7810,144,293.51,Pieces
1119,3578,58,5.8,Pieces
1120,9385,130,260.24,Liters
1121,3428,135,457.3,Pieces
1122,8454,138,145.83,Pieces
1123,6343,43,92.37,Liters
1124,2225,9,78.54,Liters
1125,1537,81,15.08,Pieces
1126,5818,76,120.17,Pieces
1127,4617,13,479.54,Pieces
1128,3457,138,4.79,Pieces
1129,2253,18,365.47,Pieces
1130,1290,21,282.26,Pieces
1131,6117,102,177.22,Pieces
1132,9797,81,297.58,Kg
1133,5085,95,150.29,Pieces
1134,8570,23,217.87,Liters
1135,6326,95,400.06,Liters
1136,7626,119,386.74,Pieces
1137,5661,76,156.16,Kg
1138,1890,47,462.69,Kg
1139,5111,62,458.58,Kg
1140,2098,141,262.92,Pieces
1141,4052,104,70.64,Kg
1142,3442,116,491.03,Liters
1143,4456,146,275.62,Kg
1144,3616,145,78.21,Kg
1145,7523,61,157.78,Kg
1146,6693,67,331.89,Pieces
1147,4036,131,38.28,Liters
1148,3241,13,443.9,Kg
1149,2980,93,368.32,Pieces
1150,8846,142,92.9,Kg
1151,8697,43,416.19,Pieces
1152,5411,39,50.18,Liters
1153,5091,91,251.13,Liters
1154,1335,107,290.01,Pieces
1155,4531,37,48.61,Pieces
1156,2110,103,383.8,Pieces
1157,7254,137,185.06,Liters
1158,9914,43,295.82,Liters
1159,1321,5,412.97,Pieces
1160,8653,54,80.34,Liters
1161,2890,1,251.56,Pieces
1162,4232,73,192.33,Kg
1163,4508,150,89.38,Pieces
1164,7618,76,419.56,Kg
1165,9664,149,290.37,Pieces
1166,3183,1,135.0,Kg
1167,3199,95,37.58,Liters
1168,8334,62,3.6,Kg
1169,7330,43,230.68,Kg
1170,7732,72,19.31,Pieces
1171,7987,122,452.94,Kg
1172,6358,114,250.86,Liters
1173,7380,92,340.95,Liters
1174,1142,140,415.06,Liters
1175,4577,84,386.88,Kg
1176,6130,17,69.29,Kg
1177,3476,34,156.02,Kg
1178,9742,77,47.88,Pieces
1179,8757,61,241.08,Pieces
1180,54,69,423.31,Pieces
1181,240,140,208.58,Pieces
1182,5339,88,456.88,Pieces
1183,6907,57,242.24,Kg
1184,803,29,139.43,Kg
1185,6058,143,316.2,Pieces
1186,9487,65,181.81,Liters
1187,3517,135,276.45,Kg
1188,6922,69,248.15,Pieces
1189,3460,104,109.62,Kg
1190,2214,75,17.0,Kg
1191,4099,12,488.21,Pieces
1192,5084,13,228.87,Liters
1193,1873,115,90.0,Pieces
1194,689,107,9.41,Kg
1195,743,67,462.02,Liters
1196,2441,89,455.66,Liters
1197,9486,146,396.87,Pieces
1198,2325,46,188.52,Pieces
1199,9499,91,23.14,Liters
1200,8498,98,399.63,Liters
1201,9398,96,138.82,Liters
1202,7604,117,451.46,Kg
1203,7835,132,334.76,Pieces
1204,8699,87,499.74,Liters
1205,7388,107,302.71,Pieces
1206,5743,19,107.7,Liters
1207,5980,22,201.08,Liters
1208,6656,132,55.01,Liters
1209,819,133,203.95,Pieces
1210,30,18,348.26,Liters
1211,7112,128,124.41,Liters
1212,4667,54,300.02,Liters
1213,4976,99,491.2,Pieces
1214,9136,111,178.53,Kg
1215,1336,145,360.47,Pieces
1216,6720,5,139.88,Pieces
1217,9529,139,166.93,Liters
1218,8868,97,175.24,Pieces
1219,6231,53,442.81,Pieces
1220,491,52,313.74,Kg
1221,9474,12,489.99,Kg
1222,3213,63,106.28,Liters
1223,5834,112,275.77,Liters
1224,1511,132,303.69,Pieces
1225,3319,64,245.4,Liters
1226,4929,125,443.3,Kg
1227,1263,83,98.02,Liters
1228,635,115,202.36,Liters
1229,9436,62,75.82,Kg
1230,5851,16,222.67,Pieces
1231,812,50,152.43,Liters
1232,1894,117,273.23,Pieces
1233,4644,35,141.99,Liters
1234,9877,51,55.93,Pieces
1235,5830,103,419.07,Liters
1236,291,75,467.71,Liters
1237,6186,92,319.97,Pieces
1238,3955,44,32.9,Kg
1239,1845,20,23.46,Liters
1240,4642,146,15.32,Kg
1241,42,2,496.82,Liters
1242,1607,31,258.54,Pieces
1243,2339,137,378.21,Pieces
1244,2277,61,329.07,Liters
1245,5817,105,159.83,Pieces
1246,7661,93,487.14,Liters
1247,3739,105,221.06,Liters
1248,5076,95,173.45,Liters
1249,1144,98,320.19,Kg
1250,3922,11,187.96,Liters
1251,1520,110,492.78,Liters
1252,3373,7,186.07,Liters
1253,46,57,447.36,Kg
1254,9069,12,60.47,Liters
1255,5049,130,173.63,Liters
1256,9061,83,80.11,Pieces
1257,3890,77,477.54,Kg
1258,6899,107,483.62,Kg
1259,1761,36,352.76,Pieces
1260,6037,19,367.16,Kg
1261,2833,34,250.77,Liters
1262,7757,131,176.44,Pieces
1263,3547,20,320.6,Pieces
1264,7620,150,68.55,Liters
1265,4811,111,99.54,Liters
1266,9991,80,237.13,Kg
1267,8848,58,415.73,Liters
1268,6486,135,66.33,Kg
1269,6641,142,106.48,Liters
1270,355,128,196.76,Pieces
1271,5775,30,283.31,Liters
1272,330,148,92.15,Kg
1273,5766,84,58.38,Kg
1274,2879,150,156.79,Kg
1275,6169,129,475.15,Liters
1276,1200,31,329.78,Pieces
1277,4202,128,102.9,Liters
1278,8848,69,348.89,Liters
1279,6706,102,21.16,Kg
1280,4403,106,22.51,Pieces
1281,2631,65,445.33,Liters
1282,2132,43,295.0,Liters
1283,2632,9,274.45,Pieces
1284,4626,113,376.23,Kg
1285,1691,125,404.55,Liters
1286,9521,130,252.0,Kg
1287,3475,134,194.5,Kg
1288,3567,73,148.5,Kg
1289,197,40,415.71,Liters
1290,547,18,460.81,Pieces
1291,9771,21,188.14,Liters
1292,464,6,332.81,Kg
1293,7514,49,431.02,Kg
1294,9092,122,128.11,Pieces
1295,9081,30,397.57,Kg
1296,2541,106,40.66,Liters
1297,7175,38,230.34,Pieces
1298,2763,77,164.08,Liters
1299,874,61,354.66,Kg
1300,9228,111,472.32,Liters
1301,9340,128,95.96,Kg
1302,8419,8,430.99,Kg
1303,5673,124,407.59,Pieces
1304,6814,137,495.75,Liters
1305,9534,44,475.15,Pieces
1306,6113,59,174.01,Pieces
1307,4754,62,221.37,Pieces
1308,9900,21,379.96,Pieces
1309,9528,8,51.2,Kg
1310,4707,89,223.63,Pieces
1311,5090,1,108.78,Pieces
1312,7189,136,214.09,Liters
1313,2980,135,28.44,Pieces
1314,2653,56,142.85,Pieces
1315,3424,13,90.03,Liters
1316,827,55,404.51,Pieces
1317,8946,44,250.32,Pieces
1318,2446,114,100.75,Kg
1319,4926,136,196.11,Liters
1320,6428,35,135.25,Kg
1321,4137,57,348.35,Pieces
1322,391,75,119.51,Pieces
1323,9642,131,61.31,Pieces
1324,1474,103,189.14,Liters
1325,9694,115,483.18,Pieces
1326,1411,9,380.22,Liters
1327,9842,26,299.73,Liters
1328,9993,120,5.21,Kg
1329,3104,7,266.5,Pieces
1330,5218,48,20.99,Pieces
1331,4628,99,212.58,Liters
1332,5329,7,176.62,Pieces
1333,9441,144,316.51,Pieces
1334,6565,136,394.82,Pieces
1335,1472,143,425.08,Liters
1336,3101,108,7.75,Kg
1337,5990,31,260.1,Pieces
1338,7925,110,457.35,Pieces
1339,7467,20,147.59,Kg
1340,1652,59,314.37,Liters
1341,61,146,86.8,Pieces
1342,6663,10,31.67,Kg
1343,3434,97,121.96,Pieces
1344,1261,43,361.17,Kg
1345,6492,138,169.64,Kg
1346,9314,98,370.52,Pieces
1347,6548,142,472.46,Kg
1348,597,136,321.48,Liters
1349,3330,126,276.53,Kg
1350,2699,87,487.13,Liters
1351,2218,50,432.78,Pieces
1352,2819,15,213.43,Pieces
1353,9347,34,360.05,Liters
1354,8437,105,12.17,Kg
1355,4223,52,492.52,Kg
1356,7807,97,253.38,Liters
1357,321,114,415.89,Kg
1358,2493,126,417.5,Kg
1359,1974,102,437.6,Pieces
1360,7621,31,374.38,Liters
1361,815,140,414.21,Pieces
1362,7268,106,139.64,Liters
1363,3156,20,162.65,Kg
1364,4642,67,495.43,Pieces
1365,4329,91,451.27,Liters
1366,1826,68,404.56,Pieces
1367,8403,10,458.55,Liters
1368,566,117,395.32,Liters
1369,3084,99,71.39,Liters
1370,7023,138,277.3,Liters
1371,2660,63,411.07,Kg
1372,9736,1,483.4,Pieces
1373,7309,90,224.99,Liters
1374,540,130,142.8,Liters
1375,7722,102,329.18,Pieces
1376,5973,14,208.79,Liters
1377,5348,47,361.98,Pieces
1378,7095,82,139.36,Kg
1379,7127,104,225.47,Kg
1380,8796,43,490.62,Kg
1381,6618,56,274.63,Liters
1382,5558,13,56.56,Kg
1383,7647,134,169.18,Kg
1384,9239,132,209.98,Kg
1385,4221,111,484.54,Liters
1386,8136,29,240.51,Pieces
1387,5356,95,51.6,Pieces
1388,5965,34,294.96,Kg
1389,9862,91,287.7,Pieces
1390,758,106,101.94,Pieces
1391,6422,123,174.79,Pieces
1392,5873,61,81.52,Kg
1393,1769,17,463.26,Liters
1394,3985,121,296.2,Kg
1395,8364,51,334.4,Pieces
1396,1428,109,181.11,Liters
1397,8773,59,377.5,Pieces
1398,6867,139,185.47,Pieces
1399,262,73,270.62,Liters
1400,8659,12,362.02,Pieces
1401,5181,143,225.83,Liters
1402,983,47,123.6,Liters
1403,5573,82,314.03,Pieces
1404,4494,11,332.6,Kg
1405,7777,41,484.3,Liters
1406,6917,57,129.24,Liters
1407,2786,32,17.03,Liters
1408,871,92,57.51,Pieces
1409,7738,116,398.77,Liters
1410,2214,120,448.95,Liters
1411,6367,39,301.77,Pieces
1412,6490,55,323.71,Liters
1413,2984,83,298.14,Pieces
1414,6273,142,182.78,Pieces
1415,622,73,19.43,Pieces
1416,6374,30,325.24,Pieces
1417,9309,33,165.94,Kg
1418,2460,89,177.22,Pieces
1419,9855,104,404.75,Pieces
1420,6684,25,54.43,Pieces
1421,4589,124,4.18,Kg
1422,5288,36,331.6,Kg
1423,7884,7,243.45,Liters
1424,5409,79,335.9,Pieces
1425,7343,27,121.38,Pieces
1426,5722,28,215.69,Kg
1427,8255,128,229.59,Pieces
1428,6107,69,223.27,Liters
1429,5029,47,444.74,Kg
1430,8707,37,498.05,Pieces
1431,5329,148,286.92,Liters
1432,5282,104,426.99,Liters
1433,3417,140,346.43,Pieces
1434,910,144,94.98,Liters
1435,4233,147,263.97,Liters
1436,2439,108,282.58,Pieces
1437,994,63,246.04,Kg
1438,3849,133,485.15,Liters
1439,3309,26,43.35,Kg
1440,8798,9,83.74,Kg
1441,9151,38,143.25,Liters
1442,9700,120,440.88,Kg
1443,2743,39,390.85,Liters
1444,2692,4,164.74,Kg
1445,4968,117,53.44,Kg
1446,7672,16,326.79,Liters
1447,5501,49,22.92,Liters
1448,4254,5,324.58,Kg
1449,9602,77,395.04,Pieces
1450,8455,29,428.24,Kg
1451,310,81,436.47,Liters
1452,3321,149,115.71,Kg
1453,6124,132,40.37,Liters
1454,9307,130,446.76,Kg
1455,2591,18,11.38,Kg
1456,9209,96,11.22,Kg
1457,8213,78,309.35,Liters
1458,9799,45,2.71,Kg
1459,5147,47,175.86,Kg
1460,7677,48,334.31,Pieces
1461,3351,125,338.06,Kg
1462,1892,134,404.53,Kg
1463,9777,54,102.07,Liters
1464,5310,88,401.09,Pieces
1465,714,45,29.88,Kg
1466,9941,27,93.76,Kg
1467,3495,74,346.55,Pieces
1468,6084,120,430.57,Pieces
1469,9450,117,408.67,Kg
1470,5139,43,301.17,Liters
1471,6781,122,115.57,Kg
1472,9535,42,498.18,Kg
1473,1688,43,243.69,Pieces
1474,5073,147,383.98,Liters
1475,9704,22,130.23,Kg
1476,6371,49,85.97,Liters
1477,7493,53,488.25,Pieces
1478,8841,27,381.57,Kg
1479,4424,45,74.9,Liters
1480,2401,88,256.58,Kg
1481,1961,84,22.05,Kg
1482,4605,12,90.66,Liters
1483,5750,29,322.88,Pieces
1484,9005,38,378.38,Kg
1485,4200,117,309.04,Pieces
1486,6719,47,346.59,Liters
1487,4166,135,303.25,Pieces
1488,8062,73,175.53,Pieces
1489,7202,129,440.73,Pieces
1490,1730,91,165.48,Kg
1491,8549,26,156.53,Pieces
1492,5949,132,222.41,Kg
1493,2904,148,489.47,Pieces
1494,357,124,325.87,Kg
1495,9511,121,356.29,Kg
1496,4100,90,498.49,Kg
1497,1206,37,53.16,Pieces
1498,9501,51,84.01,Kg
1499,4991,83,475.09,Pieces
1500,3221,61,413.11,Pieces
1501,3123,34,427.56,Kg
1502,3685,3,163.18,Kg
1503,9034,126,422.73,Kg
1504,7226,114,207.68,Pieces
1505,3425,69,49.71,Pieces
1506,6370,42,244.6,Kg
1507,4984,77,486.09,Pieces
1508,6479,57,393.7,Pieces
1509,5587,139,433.39,Pieces
1510,185,76,150.95,Kg
1511,8034,97,108.55,Kg
1512,3205,15,129.25,Pieces
1513,5787,116,223.23,Liters
1514,4236,143,194.77,Kg
1515,7253,24,279.26,Liters
1516,8479,40,131.48,Kg
1517,7137,9,343.08,Pieces
1518,7379,102,244.87,Pieces
1519,6498,103,324.75,Pieces
1520,7903,37,478.85,Kg
1521,843,16,38.34,Pieces
1522,2034,32,29.2,Kg
1523,6253,132,312.27,Liters
1524,3444,91,413.71,Pieces
1525,3538,18,370.85,Liters
1526,4460,53,317.22,Liters
1527,8342,45,459.53,Pieces
1528,3876,109,192.86,Liters
1529,1044,113,416.58,Pieces
1530,8189,87,437.73,Liters
1531,8910,144,266.17,Liters
1532,1705,135,247.38,Kg
1533,3147,141,34.15,Liters
1534,1982,72,210.61,Pieces
1535,8023,32,379.75,Pieces
1536,6284,94,498.76,Liters
1537,1919,105,187.52,Pieces
1538,4994,134,317.65,Kg
1539,8429,95,118.95,Kg
1540,1203,80,228.87,Liters
1541,2682,43,11.84,Liters
1542,3405,38,155.12,Liters
1543,5298,47,56.04,Kg
1544,7763,132,196.37,Pieces
1545,3597,76,185.26,Liters
1546,4897,150,334.51,Kg
1547,2112,43,205.21,Pieces
1548,7647,55,343.92,Pieces
1549,4663,12,82.61,Pieces
1550,7571,145,414.67,Kg
1551,9787,106,453.52,Pieces
1552,3075,83,326.92,Liters
1553,6314,33,326.37,Kg
1554,4095,45,21.08,Pieces
1555,7828,46,316.0,Kg
1556,6305,43,399.72,Pieces
1557,7902,34,80.09,Pieces
1558,6172,141,435.39,Liters
1559,3891,78,202.8,Kg
1560,8499,20,326.54,Kg
1561,2395,57,332.71,Kg
1562,1051,95,415.97,Pieces
1563,4294,29,385.35,Kg
1564,8176,31,383.17,Kg
1565,8168,23,359.09,Kg
1566,2253,71,231.52,Kg
1567,9664,9,353.79,Pieces
1568,4877,138,292.82,Pieces
1569,7226,91,270.05,Liters
1570,719,7,243.38,Liters
1571,4422,51,184.35,Pieces
1572,9004,39,247.83,Pieces
1573,9758,71,327.08,Pieces
1574,8565,6,286.99,Liters
1575,6313,140,271.65,Liters
1576,2538,48,316.61,Kg
1577,7863,81,491.42,Liters
1578,3119,15,200.12,Pieces
1579,9761,125,477.07,Liters
1580,8778,109,456.03,Liters
1581,2753,142,235.81,Kg
1582,85,11,327.92,Kg
1583,8050,132,124.58,Liters
1584,8232,145,242.89,Pieces
1585,5588,80,16.81,Liters
1586,2067,103,109.1,Kg
1587,114,105,162.71,Liters
1588,295,39,498.43,Liters
1589,5779,47,182.33,Pieces
1590,3422,15,233.39,Kg
1591,9147,137,314.46,Kg
1592,6229,95,213.52,Liters
1593,1282,27,253.29,Liters
1594,3654,4,190.87,Pieces
1595,2519,108,48.72,Liters
1596,6588,88,210.5,Pieces
1597,3997,32,478.87,Pieces
1598,20,125,232.42,Kg
1599,7800,78,362.08,Kg
1600,9628,132,497.05,Liters
1601,1202,139,232.92,Kg
1602,860,57,255.71,Pieces
1603,7381,14,47.72,Kg
1604,1328,79,73.9,Liters
1605,6873,18,221.55,Kg
1606,6583,110,457.57,Kg
1607,1411,142,104.88,Pieces
1608,5298,43,434.57,Pieces
1609,7600,132,205.72,Liters
1610,425,38,464.57,Liters
1611,4075,40,480.81,Liters
1612,1995,108,320.56,Pieces
1613,5682,142,62.27,Kg
1614,6195,145,230.27,Liters
1615,3243,89,136.66,Pieces
1616,4728,69,409.58,Liters
1617,2037,62,419.79,Kg
1618,7739,95,145.34,Pieces
1619,6846,40,250.79,Kg
1620,2270,4,236.23,Pieces
1621,2960,122,142.68,Kg
1622,7502,70,6.04,Liters
1623,3130,71,331.89,Kg
1624,6944,56,185.52,Pieces
1625,9852,80,171.68,Liters
1626,8925,121,116.55,Kg
1627,8457,46,124.24,Kg
1628,8002,87,170.13,Pieces
1629,8857,96,171.19,Kg
1630,7270,142,12.38,Pieces
1631,7115,112,122.41,Pieces
1632,5626,142,159.99,Liters
1633,5212,112,28.23,Kg
1634,9985,61,378.96,Kg
1635,613,118,80.91,Pieces
1636,104,142,94.56,Pieces
1637,7615,66,466.05,Kg
1638,2051,46,42.26,Kg
1639,8084,113,337.02,Pieces
1640,1353,147,251.51,Pieces
1641,470,103,230.04,Liters
1642,1800,53,76.88,Kg
1643,2613,10,184.62,Liters
1644,7832,113,109.11,Kg
1645,163,83,343.57,Liters
1646,5793,144,110.93,Liters
1647,4854,102,487.81,Liters
1648,7769,81,403.32,Pieces
1649,5822,10,119.29,Liters
1650,4789,91,201.81,Kg
1651,1199,88,66.72,Pieces
1652,7542,132,180.7,Kg
1653,1658,83,213.14,Liters
1654,878,67,242.21,Pieces
1655,9578,105,441.0,Pieces
1656,3922,97,69.61,Kg
1657,4860,114,287.85,Pieces
1658,2967,31,354.55,Pieces
1659,4392,18,325.58,Liters
1660,5798,107,100.63,Pieces
1661,5175,60,379.25,Pieces
1662,4121,48,235.15,Pieces
1663,1941,134,84.06,Kg
1664,1174,125,21.75,Liters
1665,5421,146,316.76,Pieces
1666,6641,94,20.26,Kg
1667,8760,96,310.87,Kg
1668,5930,42,341.97,Kg
1669,685,101,137.36,Liters
1670,1874,44,339.24,Pieces
1671,1369,51,466.99,Pieces
1672,9245,135,399.67,Liters
1673,1296,87,479.68,Liters
1674,6335,37,168.96,Pieces
1675,8088,125,127.89,Kg
1676,3390,113,444.45,Liters
1677,2996,48,488.46,Kg
1678,9993,1,117.65,Pieces
1679,5895,6,443.51,Kg
1680,3220,9,4.27,Kg
1681,8262,49,275.83,Kg
1682,4743,67,338.5,Liters
1683,186,7,457.27,Pieces
1684,6592,64,79.76,Kg
1685,9535,80,191.47,Pieces
1686,7593,133,8.38,Liters
1687,4231,105,425.88,Pieces
1688,5438,18,139.82,Kg
1689,131,127,220.31,Kg
1690,929,73,342.62,Liters
1691,4815,97,378.21,Kg
1692,181,128,284.57,Pieces
1693,7438,52,310.75,Kg
1694,6458,133,260.57,Liters
1695,3863,149,19.67,Liters
1696,366,3,298.63,Pieces
1697,2402,87,361.88,Pieces
1698,8359,50,191.02,Liters
1699,1765,106,163.9,Liters
1700,1899,28,477.0,Kg
1701,9741,120,373.55,Kg
1702,1370,137,55.38,Liters
1703,5258,44,352.71,Liters
1704,7483,75,375.2,Pieces
1705,5946,13,347.02,Liters
1706,5779,123,377.55,Pieces
1707,5680,128,415.1,Liters
1708,7108,127,358.98,Kg
1709,6967,2,438.53,Liters
1710,3492,38,392.31,Pieces
1711,8721,62,486.05,Pieces
1712,1212,47,179.87,Pieces
1713,7040,148,273.8,Pieces
1714,6498,55,120.8,Liters
1715,8861,40,271.62,Kg
1716,9455,58,105.39,Liters
1717,1441,18,497.69,Liters
1718,4849,76,477.54,Pieces
1719,3646,141,484.64,Liters
1720,7495,76,343.27,Liters
1721,7016,112,475.2,Kg
1722,5669,82,318.83,Kg
1723,7562,11,417.33,Kg
1724,9817,23,105.35,Kg
1725,8560,143,419.99,Kg
1726,9989,35,79.66,Pieces
1727,1052,51,60.25,Liters
1728,4759,31,469.11,Kg
1729,4193,14,247.61,Pieces
1730,4681,126,305.03,Liters
1731,8023,146,321.84,Liters
1732,5008,73,308.6,Pieces
1733,8997,141,166.87,Liters
1734,4337,26,358.23,Kg
1735,9165,126,264.66,Kg
1736,4712,84,462.34,Pieces
1737,2698,25,166.64,Kg
1738,4598,85,363.95,Pieces
1739,9706,2,479.81,Pieces
1740,5651,31,391.02,Kg
1741,3698,94,489.37,Liters
1742,9236,85,363.58,Kg
1743,5434,27,296.87,Kg
1744,3423,117,137.7,Pieces
1745,4964,106,12.03,Pieces
1746,3752,40,133.36,Pieces
1747,9872,6,49.36,Liters
1748,1546,65,228.64,Pieces
1749,8225,135,125.47,Liters
1750,1191,84,18.29,Pieces
1751,7421,9,333.41,Kg
1752,8496,70,235.13,Pieces
1753,9323,134,244.67,Kg
1754,8082,25,434.67,Liters
1755,1686,4,163.57,Liters
1756,7423,52,239.48,Liters
1757,4139,99,164.35,Kg
1758,6906,28,230.43,Kg
1759,4502,57,171.66,Kg
1760,2470,9,416.24,Liters
1761,5659,67,145.88,Pieces
1762,7841,68,255.07,Pieces
1763,229,7,250.3,Liters
1764,1742,48,158.15,Kg
1765,2479,40,127.95,Kg
1766,8289,134,334.84,Liters
1767,7380,48,231.18,Kg
1768,8634,48,96.98,Liters
1769,4868,131,271.24,Liters
1770,4823,123,162.16,Liters
1771,388,63,111.5,Pieces
1772,6239,106,28.77,Kg
1773,1642,42,239.53,Pieces
1774,3030,48,52.47,Pieces
1775,6714,137,306.33,Pieces
1776,8698,110,439.26,Kg
1777,794,64,315.36,Liters
1778,170,107,352.16,Pieces
1779,5477,82,372.21,Liters
1780,852,132,151.02,Liters
1781,7076,122,287.72,Liters
1782,5886,94,202.86,Liters
1783,8631,110,295.02,Pieces
1784,6191,62,167.96,Kg
1785,6397,70,479.19,Kg
1786,4373,6,457.31,Liters
1787,576,83,3.72,Kg
1788,9914,1,267.37,Pieces
1789,3902,24,369.23,Pieces
1790,6173,124,238.95,Pieces
1791,8508,33,449.81,Liters
1792,6886,131,413.03,Kg
1793,3127,49,168.4,Kg
1794,7665,140,356.8,Pieces
1795,146,113,289.81,Pieces
1796,237,71,173.99,Liters
1797,7626,68,420.28,Kg
1798,2101,136,327.93,Liters
1799,3253,93,391.48,Kg
1800,6130,11,478.79,Liters
1801,4897,78,451.63,Kg
1802,4120,8,46.64,Liters
1803,895,32,79.99,Liters
1804,8996,147,79.65,Pieces
1805,5149,3,390.86,Kg
1806,5531,146,389.73,Kg
1807,6782,56,324.36,Liters
1808,329,122,32.12,Pieces
1809,4278,150,378.18,Pieces
1810,337,131,5.34,Kg
1811,4145,129,133.74,Kg
1812,8324,59,373.86,Pieces
1813,8193,114,420.9,Liters
1814,6116,15,82.66,Liters
1815,5451,52,451.3,Pieces
1816,2877,20,450.3,Pieces
1817,2098,146,68.22,Liters
1818,2120,8,474.49,Kg
1819,6451,141,139.19,Liters
1820,1181,134,382.51,Liters
1821,9477,73,309.27,Pieces
1822,5828,65,38.21,Pieces
1823,2787,16,133.11,Pieces
1824,2662,45,97.77,Pieces
1825,706,5,157.51,Liters
1826,3818,17,249.64,Liters
1827,3456,79,68.17,Pieces
1828,9420,124,59.91,Liters
1829,2919,18,268.16,Kg
1830,6281,34,61.85,Liters
1831,850,49,346.24,Liters
1832,8509,56,408.21,Pieces
1833,9494,94,436.19,Liters
1834,8138,112,260.56,Liters
1835,1232,132,417.51,Liters
1836,5752,113,213.03,Liters
1837,3830,45,135.59,Liters
1838,4835,2,250.15,Liters
1839,9250,133,351.55,Pieces
1840,5910,67,211.4,Pieces
1841,9696,137,405.9,Kg
1842,2455,58,364.98,Pieces
1843,2293,24,407.95,Liters
1844,7692,93,364.05,Kg
1845,7023,17,483.03,Kg
1846,1801,136,8.85,Liters
1847,7401,12,235.39,Kg
1848,3171,24,186.42,Liters
1849,7302,125,23.58,Liters
1850,7501,39,178.21,Pieces
1851,6404,114,285.39,Liters
1852,7429,18,290.73,Pieces
1853,7251,16,174.72,Kg
1854,3028,31,388.65,Pieces
1855,5264,38,271.01,Liters
1856,1323,88,242.07,Kg
1857,1580,106,378.16,Kg
1858,9501,103,118.26,Liters
1859,3827,126,325.45,Liters
1860,61,1,491.71,Pieces
1861,9337,102,176.87,Liters
1862,277,134,95.9,Liters
1863,4852,133,378.82,Pieces
1864,1494,135,359.48,Liters
1865,8028,107,427.39,Liters
1866,9056,99,161.4,Kg
1867,8347,48,194.22,Pieces
1868,2557,54,472.04,Kg
1869,7244,102,160.85,Kg
1870,4772,81,360.03,Kg
1871,5617,33,190.69,Pieces
1872,828,56,348.63,Liters
1873,4994,150,415.48,Pieces
1874,7274,90,109.58,Liters
1875,8151,22,393.04,Kg
1876,6324,4,410.63,Liters
1877,3455,111,373.66,Pieces
1878,447,53,393.13,Liters
1879,6780,56,258.67,Kg
1880,5027,148,482.54,Kg
1881,8836,133,475.1,Pieces
1882,7468,71,173.68,Pieces
1883,6805,146,389.96,Pieces
1884,4424,143,233.5,Pieces
1885,3294,146,47.5,Pieces
1886,1422,43,117.28,Pieces
1887,4818,103,429.16,Liters
1888,6060,120,175.32,Liters
1889,1846,130,325.95,Pieces
1890,4109,96,162.84,Liters
1891,2088,88,294.12,Pieces
1892,7744,16,283.78,Pieces
1893,1784,64,479.59,Liters
1894,77,148,58.57,Kg
1895,5051,147,479.45,Liters
1896,7603,112,422.0,Pieces
1897,3332,134,244.27,Liters
1898,926,14,407.44,Kg
1899,5153,107,117.49,Pieces
1900,6083,115,232.12,Kg
1901,9988,69,451.22,Liters
1902,5338,31,238.74,Liters
1903,3270,113,163.75,Liters
1904,1884,95,220.73,Liters
1905,6077,116,205.41,Liters
1906,638,107,107.01,Liters
1907,3115,42,81.28,Pieces
1908,8743,1,41.42,Kg
1909,440,124,100.67,Pieces
1910,4625,78,434.62,Liters
1911,3545,123,33.13,Kg
1912,5875,17,290.17,Pieces
1913,7952,139,393.94,Kg
1914,9328,71,24.32,Liters
1915,7222,78,360.91,Liters
1916,4823,117,351.71,Liters
1917,1758,56,287.47,Pieces
1918,822,114,255.84,Pieces
1919,1205,139,217.34,Pieces
1920,1733,101,203.82,Kg
1921,5384,30,192.6,Kg
1922,9441,26,149.47,Liters
1923,8034,98,189.61,Kg
1924,1957,93,254.78,Pieces
1925,5097,131,98.48,Pieces
1926,5588,91,213.09,Liters
1927,2452,122,155.11,Liters
1928,1380,30,255.09,Liters
1929,6187,85,169.95,Pieces
1930,1448,78,122.64,Kg
1931,5109,122,446.5,Pieces
1932,6426,132,37.46,Liters
1933,1180,107,178.83,Kg
1934,8372,5,362.87,Kg
1935,6969,100,255.35,Kg
1936,2521,21,96.99,Kg
1937,6809,144,416.03,Kg
1938,7603,133,20.7,Liters
1939,7186,117,107.28,Liters
1940,9987,70,271.93,Kg
1941,4830,59,68.91,Liters
1942,4689,31,109.04,Pieces
1943,4431,70,350.97,Liters
1944,8657,112,38.25,Kg
1945,9633,80,357.55,Liters
1946,8096,84,22.71,Liters
1947,1083,10,370.11,Pieces
1948,3303,103,61.51,Kg
1949,4957,31,434.91,Kg
1950,1072,53,38.05,Pieces
1951,7994,101,421.7,Kg
1952,5940,61,105.99,Kg
1953,5853,122,297.14,Pieces
1954,3864,102,346.18,Pieces
1955,8944,106,108.88,Liters
1956,9669,119,370.78,Liters
1957,12,72,97.73,Kg
1958,7726,140,168.67,Pieces
1959,928,75,391.41,Kg
1960,919,146,394.47,Kg
1961,5000,108,448.54,Liters
1962,7764,125,255.11,Liters
1963,1513,46,486.87,Kg
1964,5189,51,273.67,Kg
1965,9148,141,470.5,Liters
1966,4556,130,324.71,Liters
1967,9144,127,390.06,Liters
1968,3488,90,315.84,Liters
1969,6083,130,377.95,Kg
1970,9423,15,336.89,Liters
1971,3026,60,37.35,Pieces
1972,2463,105,310.31,Liters
1973,5783,150,139.26,Liters
1974,5532,44,41.4,Liters
1975,732,135,150.21,Kg
1976,1387,25,216.15,Kg
1977,6869,146,6.91,Kg
1978,3396,135,106.04,Kg
1979,9156,141,158.47,Kg
1980,1345,26,177.68,Kg
1981,2762,54,69.29,Pieces
1982,4518,53,309.73,Kg
1983,8504,48,93.09,Liters
1984,9474,125,338.02,Liters
1985,3516,26,138.94,Kg
1986,7145,135,98.87,Pieces
1987,265,10,257.68,Pieces
1988,504,70,398.74,Pieces
1989,5517,57,380.85,Liters
1990,9151,143,344.33,Liters
1991,562,118,313.47,Pieces
1992,6088,145,295.85,Liters
1993,1567,106,351.11,Liters
1994,8018,66,452.18,Pieces
1995,3133,22,59.71,Pieces
1996,2200,35,106.72,Pieces
1997,8480,133,370.93,Liters
1998,9865,48,362.51,Pieces
1999,3397,94,325.3,Liters
2000,7376,2,470.52,Pieces
2001,6406,63,296.14,Liters
2002,5738,124,474.33,Pieces
2003,7576,129,289.94,Kg
2004,165,36,407.33,Pieces
2005,7242,14,358.25,Liters
2006,8287,49,13.04,Kg
2007,4501,122,155.45,Liters
2008,5205,4,327.58,Pieces
2009,2088,120,145.36,Liters
2010,9458,111,50.06,Kg
2011,5934,15,294.57,Liters
2012,4695,61,98.65,Kg
2013,749,84,329.99,Kg
2014,5683,12,226.37,Pieces
2015,4498,143,460.54,Pieces
2016,7055,17,463.9,Liters
2017,4517,124,492.1,Liters
2018,2161,31,491.36,Kg
2019,878,112,282.97,Kg
2020,6375,130,123.58,Pieces
2021,5480,56,219.54,Kg
2022,9939,38,183.33,Pieces
2023,8363,117,425.23,Kg
2024,981,24,220.36,Kg
2025,3047,47,83.75,Pieces
2026,7162,128,128.01,Liters
2027,7115,104,100.16,Pieces
2028,6966,118,289.92,Kg
2029,6137,44,152.48,Liters
2030,6619,130,98.12,Liters
2031,8770,120,376.55,Pieces
2032,293,104,34.3,Pieces
2033,9630,90,405.96,Pieces
2034,5071,110,355.41,Liters
2035,5952,54,67.53,Kg
2036,5514,118,71.23,Kg
2037,7557,95,98.27,Kg
2038,3815,40,78.35,Pieces
2039,670,99,470.23,Liters
2040,2879,131,270.21,Liters
2041,7060,87,236.26,Liters
2042,3441,74,484.94,Liters
2043,4867,20,210.1,Pieces
2044,7701,35,116.08,Kg
2045,1387,43,85.84,Kg
2046,6573,58,235.69,Pieces
2047,1486,45,76.32,Kg
2048,3858,131,245.2,Kg
2049,9244,123,54.0,Kg
2050,9734,3,136.35,Pieces
2051,6064,3,433.13,Pieces
2052,9723,65,82.85,Liters
2053,1633,86,173.81,Pieces
2054,1921,128,300.19,Pieces
2055,966,3,107.69,Liters
2056,5701,59,343.58,Kg
2057,5552,90,324.83,Liters
2058,5980,28,33.97,Kg
2059,9990,52,324.04,Pieces
2060,2413,145,228.24,Liters
2061,6325,67,113.54,Pieces
2062,9938,13,483.49,Pieces
2063,8999,149,254.82,Pieces
2064,2730,98,470.5,Kg
2065,3890,103,440.03,Liters
2066,8713,75,470.15,Pieces
2067,36,88,297.85,Kg
2068,5922,40,155.29,Pieces
2069,7209,85,280.95,Pieces
2070,6701,114,308.3,Liters
2071,953,88,313.82,Pieces
2072,9925,49,267.22,Pieces
2073,3947,9,273.19,Kg
2074,1726,122,82.39,Kg
2075,9497,52,200.14,Kg
2076,2090,45,331.3,Kg
2077,166,118,356.45,Pieces
2078,6759,44,286.06,Liters
2079,4930,71,358.02,Liters
2080,3283,24,166.6,Kg
2081,958,21,265.89,Liters
2082,921,16,54.34,Liters
2083,8096,120,291.01,Kg
2084,1313,35,295.65,Pieces
2085,28,12,331.75,Kg
2086,4308,108,87.3,Pieces
2087,6062,61,321.94,Pieces
2088,6531,115,75.02,Liters
2089,7648,69,371.1,Kg
2090,8132,25,399.13,Pieces
2091,1432,141,257.48,Kg
2092,459,103,155.26,Kg
2093,1859,110,6.13,Kg
2094,2673,120,295.8,Kg
2095,7185,113,107.07,Pieces
2096,7054,140,281.2,Liters
2097,2182,109,381.09,Pieces
2098,2616,92,107.34,Kg
2099,5668,102,51.1,Pieces
2100,4454,82,117.59,Liters
2101,5551,142,9.57,Liters
2102,4407,8,443.61,Kg
2103,9030,130,65.15,Kg
2104,5919,27,265.24,Liters
2105,6091,59,138.58,Liters
2106,3382,33,486.9,Liters
2107,3666,27,304.82,Kg
2108,161,97,301.6,Kg
2109,5401,79,320.57,Kg
2110,3734,63,366.48,Liters
2111,9817,9,105.85,Pieces
2112,513,104,384.2,Pieces
2113,5693,36,39.11,Kg
2114,3747,50,322.91,Pieces
2115,406,111,92.67,Pieces
2116,1747,57,447.5,Kg
2117,4151,141,75.3,Liters
2118,978,116,89.06,Kg
2119,648,144,336.08,Pieces
2120,3736,33,494.55,Pieces
2121,4334,11,57.54,Liters
2122,2966,102,316.65,Pieces
2123,5457,2,256.88,Pieces
2124,6546,114,147.82,Pieces
2125,9841,140,469.2,Pieces
2126,9218,122,244.38,Kg
2127,4841,102,299.61,Pieces
2128,2516,49,446.83,Kg
2129,1269,79,215.47,Liters
2130,2491,146,199.85,Liters
2131,7055,67,158.82,Pieces
2132,3764,66,488.68,Pieces
2133,2576,93,133.35,Kg
2134,7697,137,389.64,Liters
2135,6693,4,153.97,Liters
2136,504,149,237.24,Pieces
2137,2881,93,205.81,Liters
2138,749,57,412.26,Pieces
2139,959,113,389.09,Kg
2140,5,46,321.17,Kg
2141,5544,96,340.76,Pieces
2142,2705,20,443.55,Liters
2143,6170,123,87.27,Liters
2144,299,122,115.68,Pieces
2145,5275,71,37.63,Liters
2146,1131,137,207.69,Liters
2147,7442,77,141.53,Kg
2148,8954,46,2.58,Pieces
2149,8684,8,367.64,Liters
2150,270,53,273.11,Pieces
2151,4390,116,97.4,Liters
2152,957,138,367.82,Pieces
2153,9984,137,56.56,Pieces
2154,1467,109,246.91,Liters
2155,2464,28,35.4,Liters
2156,5268,127,466.67,Liters
2157,5428,47,410.36,Liters
2158,2360,82,240.43,Pieces
2159,8456,132,178.17,Pieces
2160,3346,121,35.73,Kg
2161,5331,70,29.11,Kg
2162,3175,92,88.4,Liters
2163,1367,34,289.24,Liters
2164,7428,121,231.83,Pieces
2165,6496,93,109.79,Pieces
2166,7120,102,484.44,Pieces
2167,1096,88,195.6,Kg
2168,927,86,66.17,Kg
2169,7503,14,438.24,Pieces
2170,2872,41,62.8,Liters
2171,5395,25,483.61,Liters
2172,5413,5,237.23,Kg
2173,9951,79,96.95,Kg
2174,7805,6,316.22,Liters
2175,6370,111,151.22,Liters
2176,5466,4,8.79,Liters
2177,6907,89,237.7,Liters
2178,4151,114,460.63,Pieces
2179,8890,40,214.67,Liters
2180,4581,47,205.84,Kg
2181,1161,147,86.62,Kg
2182,9700,47,16.33,Pieces
2183,6267,93,170.7,Pieces
2184,5516,65,153.19,Liters
2185,4875,28,249.93,Kg
2186,9965,92,338.71,Pieces
2187,6662,43,47.85,Pieces
2188,1237,143,414.66,Kg
2189,4492,45,280.32,Pieces
2190,8533,105,55.32,Kg
2191,255,60,137.12,Liters
2192,6394,64,219.61,Kg
2193,9758,87,330.3,Pieces
2194,5748,64,268.01,Liters
2195,3774,84,393.1,Pieces
2196,6509,71,268.68,Liters
2197,5477,41,466.47,Pieces
2198,6114,147,423.33,Pieces
2199,9009,52,81.24,Kg
2200,8163,18,25.11,Kg
2201,2097,30,380.92,Liters
2202,6117,98,30.34,Kg
2203,7447,109,265.45,Pieces
2204,9264,20,172.31,Kg
2205,9502,49,136.71,Pieces
2206,291,11,332.55,Pieces
2207,5730,44,393.64,Kg
2208,671,93,162.91,Pieces
2209,8091,129,263.04,Pieces
2210,5687,107,421.56,Kg
2211,8904,94,84.12,Pieces
2212,5761,15,155.47,Liters
2213,7262,61,255.41,Liters
2214,9263,142,348.44,Kg
2215,9272,53,425.38,Kg
2216,6746,72,176.15,Kg
2217,1110,142,7.65,Kg
2218,433,68,412.28,Pieces
2219,765,107,321.41,Liters
2220,9318,49,248.19,Liters
2221,4430,135,318.1,Kg
2222,1547,24,406.97,Liters
2223,6964,139,443.69,Kg
2224,5468,94,294.16,Liters
2225,3277,119,485.25,Liters
2226,1720,52,415.96,Kg
2227,693,49,478.37,Kg
2228,6113,98,353.38,Liters
2229,8453,136,40.55,Pieces
2230,5360,102,116.3,Pieces
2231,1901,61,86.28,Liters
2232,6394,90,322.14,Liters
2233,9470,131,18.05,Pieces
2234,7012,122,440.85,Kg
2235,4441,74,190.24,Kg
2236,8737,82,39.27,Liters
2237,7480,76,226.52,Kg
2238,2850,86,178.95,Liters
2239,6812,104,272.8,Kg
2240,6952,144,15.55,Kg
2241,3963,111,429.14,Liters
2242,509,130,25.62,Kg
2243,1004,78,475.52,Kg
2244,5091,16,96.86,Pieces
2245,2472,75,370.93,Liters
2246,5734,32,323.13,Pieces
2247,5199,66,320.87,Pieces
2248,2312,141,139.02,Kg
2249,2968,128,228.64,Kg
2250,6311,44,358.83,Kg
2251,6414,65,145.56,Kg
2252,9801,83,445.11,Pieces
2253,9986,14,201.76,Liters
2254,1080,71,425.36,Liters
2255,5554,2,319.45,Kg
2256,9308,53,188.64,Kg
2257,2510,148,4.96,Kg
2258,832,104,24.7,Liters
2259,563,134,404.73,Kg
2260,7646,13,160.09,Kg
2261,4194,92,138.45,Kg
2262,1867,148,432.16,Liters
2263,8296,11,68.96,Liters
2264,5437,147,420.3,Liters
2265,3745,122,423.99,Kg
2266,2248,12,408.86,Liters
2267,8661,117,245.85,Liters
2268,7767,112,176.45,Liters
2269,4297,16,455.87,Liters
2270,5705,11,192.71,Kg
2271,2240,108,78.49,Liters
2272,8956,42,171.93,Kg
2273,8002,64,181.89,Kg
2274,3181,95,130.48,Liters
2275,9516,2,193.17,Liters
2276,405,120,229.88,Liters
2277,8309,115,343.89,Pieces
2278,2785,65,90.8,Pieces
2279,8105,18,243.1,Pieces
2280,3308,54,157.45,Kg
2281,8680,49,143.11,Liters
2282,9667,20,424.74,Kg
2283,7721,144,313.74,Pieces
2284,951,67,293.11,Kg
2285,7532,143,76.32,Pieces
2286,5215,96,361.22,Liters
2287,7793,32,380.58,Pieces
2288,3448,141,246.65,Kg
2289,8141,78,84.28,Kg
2290,2478,127,346.85,Pieces
2291,71,23,478.17,Kg
2292,505,51,53.82,Kg
2293,5869,128,78.31,Kg
2294,8575,88,397.12,Pieces
2295,1442,35,338.53,Kg
2296,2073,139,108.65,Liters
2297,2842,11,91.69,Liters
2298,5583,27,329.2,Pieces
2299,927,13,417.07,Liters
2300,8214,7,44.4,Pieces
2301,718,57,478.53,Pieces
2302,4363,80,155.88,Kg
2303,5237,51,361.06,Pieces
2304,9814,48,436.35,Pieces
2305,465,7,292.02,Pieces
2306,4508,28,182.26,Pieces
2307,8917,100,210.68,Liters
2308,8042,7,288.96,Liters
2309,5959,15,489.74,Liters
2310,6459,50,455.29,Pieces
2311,629,82,87.31,Kg
2312,3610,94,491.69,Kg
2313,3430,143,248.43,Kg
2314,8160,10,177.32,Pieces
2315,9359,129,198.29,Liters
2316,5449,18,481.87,Kg
2317,6110,60,124.89,Pieces
2318,6076,135,138.49,Liters
2319,8826,118,338.51,Kg
2320,5393,130,395.14,Kg
2321,1245,77,295.1,Liters
2322,6616,41,113.42,Kg
2323,357,95,143.78,Pieces
2324,5963,125,298.75,Kg
2325,5934,108,261.91,Liters
2326,9064,33,303.42,Liters
2327,7570,144,88.92,Kg
2328,776,128,468.28,Kg
2329,3709,93,278.06,Kg
2330,2506,102,2.68,Pieces
2331,8137,113,492.05,Kg
2332,7114,64,127.79,Liters
2333,8078,102,467.63,Pieces
2334,4760,56,132.91,Kg
2335,5025,58,266.19,Pieces
2336,5099,48,274.91,Pieces
2337,3328,104,284.1,Kg
2338,6015,133,429.58,Pieces
2339,8808,93,354.96,Liters
2340,9924,123,245.32,Liters
2341,6735,10,23.89,Liters
2342,7705,143,277.9,Liters
2343,7201,43,443.84,Kg
2344,3939,108,356.28,Pieces
2345,9790,97,392.79,Liters
2346,9930,89,102.74,Liters
2347,8117,71,476.78,Pieces
2348,1182,28,398.95,Pieces
2349,4105,142,209.65,Pieces
2350,9892,4,295.17,Kg
2351,2309,96,31.07,Kg
2352,4407,70,165.5,Pieces
2353,3771,129,160.31,Pieces
2354,6494,87,367.97,Kg
2355,9422,130,201.44,Pieces
2356,937,140,362.25,Pieces
2357,1890,35,208.98,Liters
2358,9439,23,388.42,Pieces
2359,1589,31,265.35,Liters
2360,1322,82,10.84,Kg
2361,7951,38,135.46,Pieces
2362,8564,85,476.46,Pieces
2363,8679,129,341.87,Liters
2364,9265,135,484.2,Kg
2365,6565,41,219.45,Kg
2366,2927,14,135.32,Pieces
2367,7631,68,491.85,Liters
2368,7986,138,254.85,Pieces
2369,7110,85,102.06,Kg
2370,5669,44,408.93,Pieces
2371,984,82,76.07,Pieces
2372,2323,24,275.82,Kg
2373,8636,43,328.78,Liters
2374,2365,29,95.25,Pieces
2375,6013,27,339.55,Liters
2376,1484,57,416.81,Liters
2377,2922,6,15.14,Kg
2378,4416,56,322.28,Liters
2379,5645,18,201.11,Pieces
2380,4169,123,15.74,Liters
2381,4798,8,177.27,Kg
2382,3127,81,352.79,Pieces
2383,808,17,398.93,Pieces
2384,5484,49,416.58,Kg
2385,251,81,64.27,Liters
2386,2933,107,406.84,Pieces
2387,7260,138,45.24,Kg
2388,6111,90,328.5,Kg
2389,6114,42,79.81,Liters
2390,1380,50,116.66,Pieces
2391,9600,127,241.09,Kg
2392,4699,66,97.51,Liters
2393,5209,75,49.7,Kg
2394,7066,83,32.05,Kg
2395,6983,92,203.31,Liters
2396,4851,120,272.06,Pieces
2397,9895,22,167.41,Pieces
2398,7390,64,250.91,Kg
2399,8188,110,234.51,Liters
2400,7974,65,362.5,Liters
2401,8769,22,477.94,Liters
2402,8076,4,492.71,Kg
2403,3733,116,355.87,Pieces
2404,9522,76,127.22,Pieces
2405,8800,84,339.63,Pieces
2406,6631,140,2.97,Pieces
2407,4029,8,371.44,Kg
2408,6591,99,319.34,Pieces
2409,3260,51,426.16,Liters
2410,8264,111,44.29,Kg
2411,1125,129,22.13,Liters
2412,5710,24,426.64,Kg
2413,2465,128,31.53,Kg
2414,6585,128,100.46,Kg
2415,1240,33,161.12,Liters
2416,7728,145,379.99,Pieces
2417,3712,4,166.01,Liters
2418,9905,70,56.14,Liters
2419,6445,79,28.38,Liters
2420,3685,149,309.65,Kg
2421,3213,63,295.36,Pieces
2422,7852,25,109.95,Pieces
2423,603,43,264.75,Liters
2424,1577,2,210.48,Kg
2425,9592,94,407.64,Pieces
2426,8478,83,398.24,Pieces
2427,4328,137,499.74,Pieces
2428,5749,24,442.33,Liters
2429,106,2,469.74,Liters
2430,5513,36,1.36,Kg
2431,9037,129,96.22,Liters
2432,820,84,86.44,Kg
2433,7927,147,218.32,Kg
2434,6105,144,471.97,Kg
2435,2118,18,69.22,Pieces
2436,5813,125,414.0,Kg
2437,7473,71,19.93,Kg
2438,5253,38,486.56,Kg
2439,892,81,341.26,Liters
2440,7390,116,420.14,Pieces
2441,378,109,316.55,Liters
2442,7002,72,485.34,Pieces
2443,8618,24,55.42,Liters
2444,8518,112,65.73,Pieces
2445,280,42,239.45,Liters
2446,8300,59,125.18,Kg
2447,7257,90,369.05,Kg
2448,1330,54,23.54,Pieces
2449,9893,54,431.81,Pieces
2450,5041,55,248.73,Liters
2451,8324,19,194.52,Liters
2452,575,138,335.82,Pieces
2453,2858,92,235.8,Kg
2454,2988,64,195.85,Liters
2455,1584,112,487.05,Liters
2456,6468,120,51.95,Kg
2457,382,65,54.65,Pieces
2458,1665,39,105.05,Kg
2459,8288,89,31.18,Liters
2460,1974,50,349.61,Liters
2461,3456,37,475.78,Liters
2462,1466,129,486.71,Liters
2463,1378,144,3.59,Liters
2464,3715,119,126.64,Pieces
2465,3729,49,121.86,Liters
2466,7878,148,385.07,Liters
2467,7052,19,447.27,Pieces
2468,7428,13,195.53,Liters
2469,4450,85,353.38,Kg
2470,5404,139,44.01,Liters
2471,9982,8,51.59,Kg
2472,1539,47,498.04,Pieces
2473,6914,122,245.39,Kg
2474,7349,1,109.53,Kg
2475,4782,117,328.56,Liters
2476,1511,31,103.19,Kg
2477,8106,56,274.36,Pieces
2478,8687,136,353.74,Liters
2479,8522,102,293.14,Kg
2480,2207,87,144.86,Pieces
2481,5648,146,170.27,Pieces
2482,9627,116,391.54,Pieces
2483,7446,69,412.08,Liters
2484,3827,131,324.2,Kg
2485,7306,39,355.57,Liters
2486,3386,14,267.99,Pieces
2487,3610,82,126.79,Kg
2488,3116,91,51.79,Kg
2489,34,104,278.1,Kg
2490,5305,99,205.82,Liters
2491,7913,129,99.75,Kg
2492,9419,68,405.46,Liters
2493,5730,146,488.91,Kg
2494,5960,145,258.59,Pieces
2495,1955,142,205.41,Liters
2496,9019,78,432.98,Pieces
2497,4178,83,499.16,Kg
2498,7872,69,253.9,Kg
2499,5128,32,410.46,Liters
2500,40,149,293.19,Kg
2501,1295,115,375.69,Pieces
2502,346,66,232.67,Liters
2503,5956,120,455.7,Liters
2504,6205,47,128.67,Liters
2505,6533,36,101.09,Kg
2506,1905,96,252.53,Liters
2507,410,13,364.92,Liters
2508,1865,77,57.36,Liters
2509,7160,80,467.64,Liters
2510,9957,84,320.24,Liters
2511,2976,76,281.4,Pieces
2512,3669,63,247.91,Kg
2513,3597,72,384.46,Kg
2514,2429,83,36.61,Liters
2515,9846,138,418.17,Liters
2516,7960,77,397.03,Kg
2517,1262,7,220.15,Liters
2518,2825,5,34.36,Pieces
2519,5706,90,113.83,Kg
2520,6724,126,430.19,Pieces
2521,245,124,219.54,Liters
2522,9603,28,135.44,Liters
2523,1063,2,277.43,Kg
2524,861,117,373.45,Pieces
2525,1354,40,408.39,Liters
2526,1214,129,315.01,Kg
2527,4868,97,38.06,Pieces
2528,8121,86,130.04,Pieces
2529,3686,75,259.49,Kg
2530,5249,73,51.89,Pieces
2531,9489,143,320.04,Kg
2532,5927,115,376.45,Kg
2533,5881,10,458.8,Liters
2534,1172,148,51.42,Liters
2535,5348,25,324.2,Kg
2536,3714,32,15.53,Kg
2537,9404,100,473.99,Liters
2538,8366,27,208.48,Kg
2539,7945,14,467.21,Kg
2540,9584,29,141.84,Liters
2541,7341,132,134.86,Pieces
2542,9158,45,102.43,Liters
2543,5946,21,155.78,Kg
2544,5912,79,53.05,Liters
2545,8715,116,106.8,Liters
2546,4079,120,389.53,Pieces
2547,9459,81,15.52,Pieces
2548,8575,35,157.19,Kg
2549,6264,75,290.09,Liters
2550,7527,84,56.55,Kg
2551,3495,72,415.48,Kg
2552,9627,121,1.69,Kg
2553,7099,1,230.68,Kg
2554,5887,115,26.72,Pieces
2555,1014,128,390.12,Kg
2556,3200,140,39.35,Liters
2557,984,42,331.97,Pieces
2558,5469,70,217.12,Kg
2559,2914,99,336.29,Kg
2560,5775,90,395.24,Kg
2561,5316,66,148.75,Pieces
2562,3819,4,209.98,Kg
2563,9298,41,434.91,Pieces
2564,5166,138,249.88,Liters
2565,2159,19,146.66,Pieces
2566,2716,97,82.37,Kg
2567,8881,96,15.23,Liters
2568,6300,142,196.5,Pieces
2569,5941,134,52.21,Pieces
2570,6732,60,410.34,Pieces
2571,3874,144,254.98,Pieces
2572,9550,37,322.35,Kg
2573,6693,50,271.48,Pieces
2574,8011,90,437.44,Liters
2575,9934,34,160.69,Kg
2576,8552,97,172.4,Liters
2577,6585,133,286.81,Liters
2578,4608,37,237.7,Kg
2579,2365,2,417.89,Pieces
2580,5835,99,492.08,Liters
2581,6016,123,296.49,Pieces
2582,7185,81,420.84,Pieces
2583,3208,123,353.58,Pieces
2584,1191,3,181.95,Kg
2585,9702,149,248.9,Pieces
2586,2859,28,213.22,Liters
2587,1089,81,257.21,Liters
2588,5773,96,304.65,Pieces
2589,5615,106,312.7,Liters
2590,1475,57,462.86,Pieces
2591,4308,118,56.78,Liters
2592,3546,37,391.25,Liters
2593,1263,36,321.45,Kg
2594,3311,15,192.78,Kg
2595,7600,82,43.6,Pieces
2596,2784,143,197.79,Pieces
2597,9114,78,156.71,Liters
2598,8149,137,37.85,Pieces
2599,5777,83,78.45,Kg
2600,8150,106,254.58,Kg
2601,3419,127,99.21,Pieces
2602,7830,10,383.92,Kg
2603,7653,47,491.57,Kg
2604,5424,14,200.78,Pieces
2605,3026,7,464.07,Pieces
2606,4977,147,400.1,Kg
2607,2625,115,32.96,Liters
2608,5963,20,202.52,Liters
2609,1579,129,322.21,Liters
2610,1897,126,435.39,Liters
2611,2264,6,186.35,Kg
2612,43,145,80.03,Liters
2613,6295,52,77.42,Pieces
2614,5830,102,10.24,Liters
2615,7078,12,99.41,Kg
2616,4614,66,252.38,Pieces
2617,4937,28,220.89,Kg
2618,7717,133,144.39,Pieces
2619,1040,38,378.32,Pieces
2620,7937,34,272.96,Liters
2621,6622,94,381.79,Liters
2622,2799,60,132.04,Liters
2623,3283,30,305.32,Liters
2624,4777,15,161.23,Kg
2625,475,90,235.38,Pieces
2626,1323,51,171.96,Liters
2627,6006,137,416.85,Liters
2628,1933,8,269.96,Pieces
2629,1004,140,283.6,Liters
2630,7226,86,138.56,Kg
2631,4185,4,37.69,Pieces
2632,9271,123,37.94,Kg
2633,6184,111,41.78,Liters
2634,504,80,206.46,Pieces
2635,9748,19,12.57,Liters
2636,9472,145,278.32,Kg
2637,5807,45,279.43,Kg
2638,8884,45,48.03,Liters
2639,2839,72,17.64,Pieces
2640,893,149,437.53,Kg
2641,3964,71,161.89,Kg
2642,7234,102,421.13,Pieces
2643,6653,88,12.27,Liters
2644,7572,130,431.74,Kg
2645,172,101,312.83,Pieces
2646,8066,133,331.65,Pieces
2647,4168,129,193.68,Liters
2648,6193,140,385.96,Pieces
2649,6193,83,269.17,Pieces
2650,8855,67,247.7,Pieces
2651,9942,14,81.54,Liters
2652,4387,113,430.29,Liters
2653,4764,135,54.63,Liters
2654,7749,128,332.01,Pieces
2655,760,2,252.23,Pieces
2656,9714,33,11.54,Pieces
2657,889,127,123.26,Pieces
2658,8046,25,235.94,Kg
2659,4461,104,453.27,Liters
2660,5754,112,433.92,Liters
2661,9824,46,415.49,Pieces
2662,6065,34,455.49,Kg
2663,9517,15,178.6,Kg
2664,7052,136,9.34,Pieces
2665,7482,9,313.68,Pieces
2666,6921,131,146.07,Pieces
2667,6444,55,150.35,Kg
2668,5410,93,434.11,Kg
2669,2354,45,485.19,Liters
2670,8203,43,232.79,Kg
2671,2718,2,54.89,Liters
2672,2490,46,461.44,Kg
2673,9045,98,111.49,Liters
2674,1130,57,11.33,Liters
2675,8866,14,42.95,Liters
2676,7174,10,452.53,Kg
2677,5811,131,21.18,Kg
2678,7774,144,294.05,Kg
2679,8714,138,428.97,Pieces
2680,5044,29,29.98,Kg
2681,5971,130,302.98,Kg
2682,6155,14,479.3,Liters
2683,3242,119,50.37,Pieces
2684,5798,132,73.42,Kg
2685,6469,20,399.92,Pieces
2686,3660,71,90.59,Kg
2687,1749,16,111.39,Kg
2688,5351,140,38.47,Pieces
2689,4384,117,304.14,Liters
2690,2210,50,440.4,Liters
2691,8707,43,463.9,Liters
2692,9284,84,478.73,Pieces
2693,7093,61,261.81,Liters
2694,5824,68,65.92,Liters
2695,6622,61,280.18,Liters
2696,2266,105,289.31,Pieces
2697,5606,126,412.41,Pieces
2698,4614,80,416.23,Liters
2699,1078,94,337.23,Liters
2700,3027,149,230.66,Kg
2701,6931,137,337.49,Liters
2702,2042,8,196.26,Liters
2703,1291,67,406.86,Liters
2704,3751,70,374.4,Liters
2705,7924,99,475.96,Pieces
2706,8375,70,1.45,Kg
2707,8965,83,456.88,Pieces
2708,5257,125,456.35,Liters
2709,7682,33,485.68,Kg
2710,2162,80,110.59,Liters
2711,5336,120,21.63,Kg
2712,9232,45,479.49,Kg
2713,7105,26,2.17,Liters
2714,6233,83,189.38,Liters
2715,5198,65,403.07,Pieces
2716,165,124,166.71,Kg
2717,1802,125,221.03,Pieces
2718,6193,30,59.18,Liters
2719,3064,3,182.25,Liters
2720,6303,144,196.09,Kg
2721,8927,55,179.4,Pieces
2722,4321,111,382.98,Kg
2723,4256,143,326.95,Kg
2724,5559,140,156.23,Kg
2725,1104,147,484.54,Kg
2726,2232,98,493.93,Liters
2727,2362,146,368.52,Kg
2728,7488,30,283.41,Pieces
2729,4614,146,347.18,Liters
2730,3416,58,3.54,Pieces
2731,7590,119,382.52,Liters
2732,5750,136,295.98,Pieces
2733,8374,23,123.69,Liters
2734,4591,41,334.05,Liters
2735,3403,12,55.11,Liters
2736,3422,69,21.52,Liters
2737,1229,58,168.33,Liters
2738,7093,61,110.98,Pieces
2739,9518,123,250.74,Pieces
2740,2079,17,170.2,Kg
2741,2565,101,449.04,Pieces
2742,5320,52,487.47,Liters
2743,8941,75,395.68,Kg
2744,6772,129,142.37,Liters
2745,5673,139,205.77,Liters
2746,9496,5,32.74,Kg
2747,9725,87,116.7,Pieces
2748,1702,144,257.04,Liters
2749,6285,95,36.6,Kg
2750,7945,116,68.44,Pieces
2751,9457,97,344.01,Pieces
2752,1039,44,369.37,Pieces
2753,7720,92,96.13,Kg
2754,6159,103,22.48,Kg
2755,5950,47,145.63,Pieces
2756,4439,124,285.5,Kg
2757,2453,118,454.56,Kg
2758,1750,67,189.63,Pieces
2759,1415,35,154.17,Liters
2760,9136,123,52.11,Liters
2761,9777,42,68.68,Pieces
2762,2646,101,17.6,Liters
2763,1611,43,263.49,Pieces
2764,8540,38,331.13,Pieces
2765,2502,122,301.31,Pieces
2766,6526,30,228.38,Pieces
2767,5908,5,189.39,Kg
2768,1068,39,65.76,Pieces
2769,4538,59,61.49,Liters
2770,3366,78,233.66,Pieces
2771,427,66,285.99,Pieces
2772,7954,122,306.65,Liters
2773,3948,46,85.32,Pieces
2774,3734,110,311.67,Liters
2775,13,18,68.2,Kg
2776,7490,141,255.62,Kg
2777,8060,85,370.76,Pieces
2778,6591,84,271.62,Pieces
2779,7059,32,198.35,Pieces
2780,6176,71,87.82,Kg
2781,178,68,435.46,Kg
2782,821,145,209.57,Liters
2783,300,135,415.16,Pieces
2784,7002,63,224.7,Liters
2785,5924,56,31.95,Kg
2786,961,90,233.83,Liters
2787,3466,36,371.48,Kg
2788,5309,43,244.7,Liters
2789,246,82,405.02,Liters
2790,6813,129,357.43,Pieces
2791,1330,52,245.95,Kg
2792,5622,146,206.5,Liters
2793,8932,113,387.58,Liters
2794,9048,68,296.49,Liters
2795,7069,110,44.62,Liters
2796,4146,143,1.31,Pieces
2797,7746,84,450.98,Liters
2798,9175,4,107.66,Pieces
2799,5993,1,87.96,Liters
2800,4000,54,389.57,Kg
2801,8473,102,234.88,Kg
2802,4270,127,273.44,Kg
2803,1437,107,347.83,Kg
2804,8551,114,316.13,Kg
2805,7590,55,265.52,Kg
2806,1811,96,228.92,Liters
2807,3249,63,188.69,Pieces
2808,2316,135,178.79,Kg
2809,7165,85,391.03,Pieces
2810,5823,56,44.03,Liters
2811,476,142,67.12,Pieces
2812,2016,122,46.03,Kg
2813,5246,101,40.96,Kg
2814,5177,54,137.43,Pieces
2815,4539,132,164.58,Kg
2816,6970,118,436.35,Liters
2817,9675,96,185.54,Pieces
2818,292,100,311.03,Pieces
2819,3753,70,340.33,Liters
2820,6518,19,356.12,Kg
2821,712,4,404.09,Pieces
2822,7495,126,317.03,Pieces
2823,2425,94,314.78,Pieces
2824,6293,34,333.73,Kg
2825,6031,27,145.97,Pieces
2826,1480,32,382.8,Pieces
2827,7724,82,168.24,Pieces
2828,2699,41,442.9,Pieces
2829,3222,106,34.63,Pieces
2830,669,57,51.04,Liters
2831,3833,59,473.3,Kg
2832,9714,56,190.13,Kg
2833,5463,89,377.28,Pieces
2834,2165,82,346.57,Liters
2835,5034,42,29.27,Pieces
2836,7447,129,390.2,Kg
2837,3090,116,440.42,Kg
2838,5750,63,220.84,Kg
2839,7375,52,405.62,Kg
2840,9751,120,291.77,Pieces
2841,5879,87,366.81,Pieces
2842,6076,102,335.01,Kg
2843,459,95,149.52,Liters
2844,3101,93,347.06,Kg
2845,8800,110,107.48,Liters
2846,5114,96,245.86,Liters
2847,1454,101,253.36,Kg
2848,3590,143,493.67,Pieces
2849,7723,34,245.09,Kg
2850,2081,88,242.58,Pieces
2851,1791,47,57.39,Pieces
2852,9466,81,31.94,Kg
2853,8367,149,363.84,Kg
2854,3804,5,376.46,Kg
2855,2974,90,277.88,Pieces
2856,5223,22,440.83,Kg
2857,7110,95,170.7,Kg
2858,5650,99,301.36,Kg
2859,1429,117,178.96,Liters
2860,1552,119,114.38,Pieces
2861,433,110,170.18,Pieces
2862,9482,62,283.17,Liters
2863,9194,65,312.91,Pieces
2864,9976,86,137.54,Kg
2865,3376,113,327.98,Liters
2866,5668,13,32.25,Pieces
2867,6471,96,429.98,Liters
2868,9533,40,271.36,Kg
2869,1986,14,423.63,Liters
2870,5257,130,166.58,Liters
2871,7414,138,487.6,Kg
2872,8634,19,267.38,Kg
2873,6891,113,461.64,Liters
2874,7434,150,77.99,Pieces
2875,4065,51,420.18,Liters
2876,8734,36,414.2,Kg
2877,3229,122,326.62,Pieces
2878,5615,90,407.07,Kg
2879,3375,85,383.5,Liters
2880,6006,99,108.86,Pieces
2881,3195,137,191.57,Pieces
2882,678,85,88.63,Pieces
2883,649,1,309.41,Kg
2884,90,140,189.09,Liters
2885,5471,12,482.45,Liters
2886,7227,34,475.59,Kg
2887,1565,51,476.1,Pieces
2888,4593,15,470.07,Liters
2889,4980,45,303.98,Kg
2890,2942,100,177.26,Liters
2891,1244,143,6.24,Pieces
2892,5592,140,198.72,Liters
2893,8418,76,318.42,Pieces
2894,9667,124,302.77,Liters
2895,5843,144,321.72,Kg
2896,1948,73,19.4,Liters
2897,4922,115,223.73,Liters
2898,8448,138,425.43,Liters
2899,3337,140,215.64,Pieces
2900,7209,111,133.23,Liters
2901,260,91,54.24,Kg
2902,9276,1,409.09,Pieces
2903,8867,43,351.07,Kg
2904,2395,8,218.98,Pieces
2905,8638,30,422.2,Liters
2906,5211,141,153.77,Kg
2907,5392,90,316.32,Liters
2908,6399,124,133.64,Kg
2909,5950,75,14.55,Kg
2910,1323,101,489.92,Pieces
2911,3041,2,74.56,Liters
2912,598,63,288.89,Liters
2913,8678,109,140.61,Pieces
2914,5510,106,227.9,Pieces
2915,384,122,360.15,Pieces
2916,3620,125,96.37,Pieces
2917,966,21,358.11,Liters
2918,9966,127,45.11,Liters
2919,1887,89,474.79,Liters
2920,4327,1,445.53,Pieces
2921,2197,112,12.24,Kg
2922,2040,109,15.48,Kg
2923,8859,19,345.05,Liters
2924,9512,105,172.75,Liters
2925,8458,37,338.75,Liters
2926,2256,136,488.16,Kg
2927,9753,23,137.94,Liters
2928,5193,85,238.8,Kg
2929,1515,82,257.86,Liters
2930,6055,39,329.1,Pieces
2931,8220,32,292.53,Pieces
2932,2131,90,113.08,Kg
2933,8179,99,65.84,Kg
2934,6980,99,244.37,Pieces
2935,7341,50,324.38,Kg
2936,8185,15,39.47,Liters
2937,1695,94,304.02,Pieces
2938,8611,60,190.82,Liters
2939,9037,31,448.24,Pieces
2940,1401,19,297.52,Pieces
2941,8787,135,4.04,Liters
2942,4349,10,348.18,Liters
2943,6982,17,100.65,Liters
2944,1850,145,100.84,Pieces
2945,5648,17,222.42,Pieces
2946,1964,138,164.02,Kg
2947,5805,90,250.69,Pieces
2948,1586,113,96.64,Pieces
2949,2486,44,383.29,Kg
2950,5346,56,338.6,Kg
2951,3697,96,424.98,Pieces
2952,3481,61,121.12,Kg
2953,5631,10,69.76,Liters
2954,5121,62,442.38,Liters
2955,4581,104,423.67,Kg
2956,8325,134,380.89,Pieces
2957,4517,70,338.85,Liters
2958,5405,73,101.4,Kg
2959,8589,122,40.31,Kg
2960,2449,129,484.89,Kg
2961,3776,115,386.96,Liters
2962,1767,5,29.95,Kg
2963,4457,58,412.33,Liters
2964,1547,41,370.1,Liters
2965,7493,3,394.02,Liters
2966,3198,19,168.32,Pieces
2967,6796,27,73.1,Liters
2968,6831,63,466.17,Kg
2969,4772,1,440.54,Pieces
2970,4131,111,301.31,Liters
2971,6985,112,390.61,Liters
2972,816,59,60.07,Pieces
2973,8473,48,214.31,Liters
2974,5607,75,405.18,Kg
2975,4399,126,359.21,Liters
2976,8682,65,198.0,Liters
2977,8857,92,393.21,Kg
2978,7701,78,372.3,Kg
2979,4838,93,40.92,Liters
2980,7216,70,144.71,Pieces
2981,4925,69,432.58,Liters
2982,4440,26,149.68,Liters
2983,6511,36,199.0,Pieces
2984,3487,78,330.87,Liters
2985,1971,30,152.34,Kg
2986,3560,130,265.74,Kg
2987,5805,37,371.32,Liters
2988,2778,20,343.93,Kg
2989,3074,12,93.2,Pieces
2990,2293,30,218.09,Liters
2991,4729,40,172.95,Liters
2992,6632,19,227.0,Liters
2993,5833,59,5.01,Kg
2994,4009,81,153.71,Kg
2995,8332,54,136.27,Liters
2996,1527,135,255.99,Kg
2997,3845,144,146.67,Liters
2998,9028,125,236.16,Kg
2999,6601,89,370.79,Pieces
3000,706,112,95.59,Pieces
3001,1568,35,58.0,Kg
3002,482,128,160.02,Pieces
3003,5307,120,310.6,Pieces
3004,7514,91,495.76,Pieces
3005,2091,70,338.75,Pieces
3006,6154,111,370.76,Pieces
3007,8099,33,117.95,Pieces
3008,9680,31,234.77,Pieces
3009,287,149,242.87,Kg
3010,6178,58,456.48,Pieces
3011,1925,135,18.63,Liters
3012,6828,110,100.63,Kg
3013,1274,108,320.9,Pieces
3014,5466,124,101.06,Liters
3015,4026,145,287.91,Liters
3016,2320,71,35.02,Liters
3017,889,133,219.44,Kg
3018,2496,120,359.84,Pieces
3019,8724,17,243.85,Kg
3020,7507,78,438.77,Kg
3021,1167,78,457.98,Pieces
3022,1214,10,262.43,Pieces
3023,3346,138,398.2,Pieces
3024,3257,108,8.08,Kg
3025,3591,3,309.87,Kg
3026,4157,110,73.01,Liters
3027,5342,67,150.25,Kg
3028,7368,149,429.03,Kg
3029,3180,45,13.19,Pieces
3030,7626,55,284.42,Pieces
3031,5726,3,88.68,Kg
3032,580,68,317.09,Pieces
3033,177,21,275.29,Pieces
3034,9302,19,417.07,Kg
3035,1016,104,189.76,Liters
3036,2236,13,175.66,Pieces
3037,7826,71,337.89,Liters
3038,8525,15,1.78,Kg
3039,1532,37,58.26,Pieces
3040,729,11,474.37,Liters
3041,6643,133,326.91,Pieces
3042,1808,131,228.04,Pieces
3043,3285,105,432.18,Kg
3044,3099,45,340.95,Pieces
3045,2166,53,317.39,Liters
3046,2558,145,34.31,Kg
3047,5920,4,409.25,Liters
3048,3858,55,200.78,Kg
3049,8639,49,60.5,Kg
3050,3330,19,298.15,Kg
3051,146,82,309.01,Pieces
3052,3701,83,462.72,Pieces
3053,2400,133,265.34,Liters
3054,5282,110,160.06,Pieces
3055,1022,130,384.67,Liters
3056,2496,149,257.15,Liters
3057,5802,139,482.77,Liters
3058,8140,73,47.6,Pieces
3059,6193,2,345.49,Pieces
3060,2826,31,121.31,Liters
3061,3842,55,296.73,Liters
3062,57,60,57.02,Kg
3063,2952,60,479.59,Pieces
3064,8080,127,374.49,Liters
3065,1236,30,60.41,Liters
3066,8253,110,484.47,Kg
3067,6572,112,393.84,Kg
3068,673,29,156.7,Liters
3069,7192,31,414.86,Liters
3070,5263,131,460.07,Kg
3071,8734,38,360.37,Kg
3072,1412,111,211.28,Liters
3073,7507,138,375.05,Kg
3074,3679,17,77.38,Kg
3075,7805,125,37.15,Pieces
3076,9825,117,297.15,Liters
3077,7486,54,145.88,Pieces
3078,9685,99,227.53,Pieces
3079,7159,71,462.65,Kg
3080,2595,81,265.0,Kg
3081,4704,68,170.66,Pieces
3082,6977,136,178.4,Pieces
3083,3437,40,251.56,Kg
3084,6330,11,7.77,Liters
3085,4603,58,481.49,Kg
3086,5799,13,333.23,Pieces
3087,2289,115,162.09,Pieces
3088,1567,141,371.53,Liters
3089,7163,13,323.17,Kg
3090,7634,67,320.37,Liters
3091,8499,43,172.49,Kg
3092,2345,26,171.65,Pieces
3093,5220,19,182.23,Liters
3094,5164,148,396.26,Kg
3095,1983,63,185.32,Pieces
3096,7572,8,497.98,Liters
3097,8182,105,84.98,Kg
3098,267,36,75.13,Kg
3099,9105,20,304.41,Pieces
3100,9829,90,238.86,Kg
3101,707,77,199.65,Liters
3102,5932,13,481.98,Kg
3103,1291,86,261.66,Kg
3104,2295,17,387.31,Pieces
3105,2919,112,274.28,Pieces
3106,6212,49,88.25,Liters
3107,5785,99,397.08,Pieces
3108,957,5,230.9,Kg
3109,2626,5,299.22,Pieces
3110,1943,130,227.97,Liters
3111,3256,33,177.35,Kg
3112,3848,139,419.3,Liters
3113,6151,106,142.05,Liters
3114,1390,121,34.33,Liters
3115,2985,20,480.32,Liters
3116,7766,103,468.26,Liters
3117,9217,77,357.51,Liters
3118,505,8,487.66,Liters
3119,193,3,132.54,Kg
3120,8642,70,126.17,Liters
3121,2288,8,183.36,Liters
3122,3302,116,440.59,Kg
3123,8652,149,234.85,Liters
3124,3206,4,51.87,Liters
3125,4933,101,53.81,Liters
3126,8869,124,79.62,Kg
3127,164,16,365.79,Kg
3128,4084,125,114.42,Liters
3129,6627,39,323.06,Liters
3130,9800,84,405.5,Liters
3131,1563,16,391.97,Liters
3132,9452,5,131.12,Kg
3133,2554,33,66.04,Kg
3134,9116,77,112.97,Pieces
3135,8954,80,343.97,Pieces
3136,1886,93,287.89,Kg
3137,6948,89,62.31,Kg
3138,7176,3,103.08,Liters
3139,1646,111,463.67,Pieces
3140,3530,47,87.08,Liters
3141,2701,61,153.21,Kg
3142,3455,40,199.96,Kg
3143,5828,91,54.92,Kg
3144,5181,127,130.54,Kg
3145,7199,33,133.26,Pieces
3146,1057,115,140.78,Pieces
3147,239,69,160.74,Liters
3148,536,63,203.96,Kg
3149,2273,78,34.01,Liters
3150,5204,104,353.79,Kg
3151,7839,125,39.36,Kg
3152,2322,8,384.93,Liters
3153,2,75,104.61,Kg
3154,4003,123,324.63,Kg
3155,2241,104,492.61,Kg
3156,5446,124,279.59,Liters
3157,9729,27,415.36,Kg
3158,6979,136,402.74,Kg
3159,379,100,437.29,Liters
3160,2518,1,90.87,Liters
3161,2565,18,395.15,Pieces
3162,2427,71,160.88,Liters
3163,6060,27,471.47,Kg
3164,3544,19,214.58,Pieces
3165,4949,115,444.67,Kg
3166,1491,54,101.28,Kg
3167,100,38,341.42,Kg
3168,6066,66,56.28,Kg
3169,9014,118,128.81,Liters
3170,5284,61,479.12,Kg
3171,9655,119,362.36,Kg
3172,2811,36,489.29,Pieces
3173,6720,108,438.65,Kg
3174,9728,94,308.32,Liters
3175,3297,99,117.48,Kg
3176,3075,86,472.05,Kg
3177,5911,67,483.92,Kg
3178,3278,81,439.95,Liters
3179,5852,17,458.69,Liters
3180,2285,70,343.93,Pieces
3181,5170,92,254.07,Liters
3182,1756,127,254.59,Pieces
3183,9510,32,138.44,Pieces
3184,5283,70,174.0,Kg
3185,6759,9,16.95,Liters
3186,8147,29,466.76,Liters
3187,2991,70,418.22,Liters
3188,2086,40,4.11,Liters
3189,6964,123,209.65,Liters
3190,277,26,341.82,Kg
3191,9460,43,387.71,Pieces
3192,4917,40,472.64,Liters
3193,6422,117,330.67,Kg
3194,7098,70,197.31,Pieces
3195,6710,56,134.38,Kg
3196,3757,76,115.74,Pieces
3197,7376,111,159.55,Kg
3198,1461,43,294.81,Pieces
3199,6819,105,62.7,Liters
3200,245,40,404.37,Kg
3201,4136,141,375.68,Pieces
3202,4898,145,125.25,Liters
3203,1037,57,368.86,Pieces
3204,9864,121,74.34,Pieces
3205,4253,15,223.07,Liters
3206,3053,6,366.03,Kg
3207,5519,13,4.85,Kg
3208,4750,120,391.76,Kg
3209,140,80,123.15,Liters
3210,3288,67,60.56,Kg
3211,4667,75,33.91,Kg
3212,8598,53,203.82,Liters
3213,492,75,207.85,Pieces
3214,6240,74,7.99,Liters
3215,8898,30,156.55,Liters
3216,2716,148,330.15,Liters
3217,5093,9,291.87,Liters
3218,9369,4,242.15,Kg
3219,3714,23,265.91,Pieces
3220,3057,34,463.98,Pieces
3221,8617,48,406.43,Pieces
3222,6217,50,389.33,Liters
3223,9751,65,477.63,Pieces
3224,1943,86,243.66,Pieces
3225,2799,113,227.63,Pieces
3226,8434,44,448.91,Pieces
3227,7457,74,129.48,Liters
3228,4658,11,231.73,Pieces
3229,3852,73,437.05,Pieces
3230,7691,59,134.4,Kg
3231,8289,87,350.24,Kg
3232,2122,40,82.91,Kg
3233,2779,138,105.58,Pieces
3234,3317,140,184.86,Pieces
3235,8763,126,492.24,Liters
3236,6064,145,150.71,Kg
3237,4066,91,389.54,Liters
3238,9501,67,198.38,Pieces
3239,9430,98,320.99,Liters
3240,1586,133,231.73,Pieces
3241,6458,72,275.03,Liters
3242,1930,34,113.29,Liters
3243,5255,99,295.95,Liters
3244,976,132,208.97,Liters
3245,416,108,415.95,Liters
3246,5709,148,127.42,Kg
3247,1619,123,319.62,Kg
3248,5648,86,137.45,Kg
3249,5673,8,16.86,Kg
3250,1884,87,48.78,Pieces
3251,663,105,361.21,Kg
3252,4452,76,93.59,Kg
3253,678,85,17.7,Pieces
3254,7703,104,441.89,Liters
3255,4707,84,260.34,Kg
3256,6211,72,73.58,Kg
3257,1748,81,189.75,Kg
3258,1319,91,78.25,Liters
3259,4903,27,281.39,Liters
3260,2124,118,41.14,Liters
3261,2203,113,443.1,Kg
3262,5972,49,72.08,Liters
3263,2049,119,198.08,Liters
3264,5605,56,422.67,Kg
3265,3186,34,463.86,Kg
3266,1706,81,483.73,Pieces
3267,3107,67,454.01,Liters
3268,3833,114,354.27,Kg
3269,798,30,125.83,Liters
3270,2755,102,422.09,Kg
3271,3581,78,123.43,Liters
3272,8496,62,428.02,Kg
3273,125,35,275.79,Liters
3274,1504,140,410.55,Kg
3275,3147,88,470.23,Liters
3276,1960,8,439.98,Pieces
3277,4734,94,73.13,Kg
3278,9440,77,186.46,Liters
3279,2024,128,99.14,Liters
3280,9650,135,230.25,Kg
3281,4295,119,245.27,Kg
3282,5563,57,314.3,Kg
3283,1448,23,319.44,Pieces
3284,6495,73,123.29,Liters
3285,5681,101,410.43,Kg
3286,9772,94,215.78,Liters
3287,9760,128,342.2,Kg
3288,3797,121,195.14,Liters
3289,4154,47,100.18,Liters
3290,1657,79,274.35,Pieces
3291,8154,53,152.34,Liters
3292,7827,56,263.78,Pieces
3293,9014,65,404.81,Kg
3294,9818,79,2.25,Liters
3295,2881,86,1.44,Kg
3296,5409,48,487.12,Liters
3297,6901,61,122.67,Pieces
3298,5927,85,344.43,Liters
3299,2723,86,463.22,Liters
3300,1853,101,185.75,Kg
3301,9219,115,329.86,Liters
3302,8695,97,42.56,Kg
3303,8709,92,366.02,Liters
3304,7603,2,162.02,Kg
3305,7509,145,439.94,Pieces
3306,9831,89,35.91,Pieces
3307,679,19,258.83,Liters
3308,5856,120,292.63,Liters
3309,7627,38,292.45,Liters
3310,928,89,147.9,Liters
3311,5897,124,359.47,Pieces
3312,3080,45,430.89,Kg
3313,8192,134,412.38,Liters
3314,5609,52,490.32,Kg
3315,9775,85,334.49,Liters
3316,5124,81,330.16,Pieces
3317,7995,41,464.68,Pieces
3318,130,140,496.44,Kg
3319,3537,138,458.16,Pieces
3320,820,42,232.34,Liters
3321,6417,52,200.77,Pieces
3322,3667,14,145.04,Liters
3323,1424,79,39.11,Kg
3324,3919,36,369.17,Pieces
3325,1146,129,343.0,Kg
3326,7400,76,88.37,Kg
3327,9472,77,55.58,Pieces
3328,2500,50,78.13,Pieces
3329,6345,67,283.13,Liters
3330,436,135,127.58,Pieces
3331,4264,26,428.44,Liters
3332,7297,1,382.29,Liters
3333,462,74,145.65,Liters
3334,5313,6,435.09,Liters
3335,3176,113,487.76,Liters
3336,3048,49,209.58,Kg
3337,5432,66,399.62,Kg
3338,8673,50,378.18,Liters
3339,9791,118,222.88,Pieces
3340,388,113,11.0,Liters
3341,1319,46,421.03,Liters
3342,3206,18,76.06,Kg
3343,4897,118,135.27,Pieces
3344,1274,65,345.45,Pieces
3345,668,45,88.65,Pieces
3346,5739,42,193.54,Liters
3347,6421,42,437.48,Liters
3348,6775,94,265.48,Liters
3349,2525,145,171.35,Liters
3350,1081,146,307.21,Kg
3351,2412,36,231.79,Liters
3352,731,121,81.88,Liters
3353,5206,16,236.77,Liters
3354,6636,115,475.97,Liters
3355,4856,73,152.28,Liters
3356,6501,18,47.89,Liters
3357,6288,100,75.09,Pieces
3358,5179,108,465.4,Pieces
3359,2854,54,249.32,Pieces
3360,4768,65,68.89,Liters
3361,151,47,62.57,Liters
3362,132,122,485.52,Pieces
3363,7036,105,154.13,Pieces
3364,4796,51,335.04,Pieces
3365,3050,111,404.48,Liters
3366,3961,16,426.4,Pieces
3367,8024,100,95.6,Liters
3368,7678,118,93.09,Kg
3369,3346,101,464.98,Kg
3370,4162,97,443.75,Liters
3371,2423,4,283.25,Kg
3372,8186,141,287.16,Liters
3373,9088,89,484.45,Pieces
3374,1223,36,316.17,Pieces
3375,9966,90,142.62,Kg
3376,7609,102,281.51,Kg
3377,8960,64,116.14,Pieces
3378,730,79,173.08,Pieces
3379,5259,98,81.29,Liters
3380,7971,63,224.84,Pieces
3381,3670,110,440.0,Liters
3382,793,47,229.06,Liters
3383,3133,150,204.8,Pieces
3384,3589,127,264.21,Kg
3385,984,66,331.77,Kg
3386,2262,93,46.57,Kg
3387,3181,137,480.64,Liters
3388,2776,130,442.41,Liters
3389,5160,98,127.58,Kg
3390,120,143,184.11,Liters
3391,5016,94,429.37,Liters
3392,9310,147,188.85,Kg
3393,5692,69,373.77,Liters
3394,3933,45,214.49,Pieces
3395,1767,114,331.78,Kg
3396,7042,51,309.39,Liters
3397,2748,137,65.38,Kg
3398,2066,99,178.81,Kg
3399,7618,119,427.23,Liters
3400,7550,132,126.69,Pieces
3401,3582,68,79.35,Pieces
3402,7188,147,108.67,Kg
3403,2315,127,103.82,Kg
3404,2862,64,209.84,Liters
3405,5295,48,474.92,Pieces
3406,1071,69,342.92,Kg
3407,7458,16,434.2,Kg
3408,5652,105,455.11,Kg
3409,7431,82,333.2,Kg
3410,8517,26,207.04,Pieces
3411,5135,120,314.87,Kg
3412,8834,115,490.1,Pieces
3413,7597,12,55.28,Pieces
3414,5942,99,276.59,Liters
3415,7073,58,403.3,Pieces
3416,138,29,251.19,Kg
3417,7821,129,252.56,Liters
3418,9510,138,496.02,Kg
3419,8680,24,35.15,Pieces
3420,219,34,342.56,Liters
3421,5805,31,320.01,Liters
3422,8066,124,250.87,Liters
3423,466,125,69.41,Liters
3424,8233,149,167.71,Liters
3425,7755,144,442.66,Pieces
3426,1284,149,485.83,Pieces
3427,2830,13,452.25,Liters
3428,4497,11,18.55,Liters
3429,1098,135,296.68,Kg
3430,3809,108,32.75,Liters
3431,8558,124,44.06,Pieces
3432,8860,6,227.35,Liters
3433,6397,35,379.15,Pieces
3434,1154,96,282.9,Kg
3435,5963,99,283.71,Pieces
3436,7828,106,459.97,Kg
3437,5086,6,409.48,Liters
3438,4890,103,364.51,Pieces
3439,7893,83,237.34,Pieces
3440,3119,61,435.84,Liters
3441,8126,131,341.69,Liters
3442,5682,101,151.9,Liters
3443,5315,1,317.18,Kg
3444,5015,118,397.97,Kg
3445,168,129,436.78,Liters
3446,1105,136,281.95,Kg
3447,6375,102,105.49,Liters
3448,3045,47,179.86,Pieces
3449,1557,17,325.22,Kg
3450,5889,37,93.0,Kg
3451,7494,16,37.52,Liters
3452,1193,143,139.48,Pieces
3453,1857,33,6.91,Liters
3454,7585,140,279.94,Liters
3455,1384,19,355.54,Pieces
3456,8765,93,91.9,Pieces
3457,8700,26,418.96,Liters
3458,5166,103,373.35,Liters
3459,6212,53,75.64,Liters
3460,1166,48,81.37,Pieces
3461,2518,118,34.09,Kg
3462,594,56,312.61,Kg
3463,166,41,189.13,Liters
3464,9878,46,374.97,Liters
3465,651,119,377.51,Kg
3466,8257,93,398.56,Liters
3467,4360,135,473.49,Pieces
3468,1187,141,10.04,Liters
3469,9085,13,172.88,Liters
3470,6158,111,464.03,Liters
3471,8114,130,22.54,Pieces
3472,1657,128,113.0,Pieces
3473,144,26,479.15,Kg
3474,3526,93,150.25,Kg
3475,3375,24,360.24,Pieces
3476,8420,133,122.39,Kg
3477,7158,25,59.11,Kg
3478,7234,107,272.6,Pieces
3479,2819,105,290.82,Pieces
3480,6176,54,267.86,Kg
3481,9986,45,151.25,Liters
3482,7682,91,435.96,Pieces
3483,6802,80,313.53,Pieces
3484,9830,17,231.21,Pieces
3485,85,41,263.07,Kg
3486,8443,19,273.13,Kg
3487,6295,75,12.98,Liters
3488,4947,86,484.31,Liters
3489,2808,41,392.95,Liters
3490,7861,59,153.99,Kg
3491,8721,67,2.67,Kg
3492,7586,89,323.24,Kg
3493,7289,128,7.16,Kg
3494,3279,92,156.68,Kg
3495,7965,120,195.43,Liters
3496,1500,53,183.16,Liters
3497,7767,23,184.8,Liters
3498,4897,68,107.19,Pieces
3499,1530,85,309.07,Liters
3500,6477,35,202.34,Pieces
3501,3661,52,479.2,Kg
3502,6618,59,261.31,Liters
3503,7678,115,359.22,Kg
3504,2323,124,20.09,Kg
3505,1792,105,11.17,Pieces
3506,8205,115,333.79,Pieces
3507,8561,99,430.87,Pieces
3508,2796,39,55.24,Kg
3509,7078,131,480.78,Liters
3510,4175,69,227.19,Pieces
3511,2056,128,468.59,Pieces
3512,7814,85,92.4,Kg
3513,3811,76,83.86,Liters
3514,4538,145,364.29,Pieces
3515,2873,68,448.03,Liters
3516,2195,127,251.2,Kg
3517,3065,69,380.96,Pieces
3518,9673,134,268.5,Kg
3519,5807,79,10.49,Liters
3520,1434,84,155.63,Liters
3521,1947,22,47.3,Pieces
3522,4915,103,122.63,Liters
3523,2997,85,433.17,Liters
3524,1138,42,61.23,Kg
3525,6183,120,20.35,Pieces
3526,4866,89,496.19,Liters
3527,2508,85,162.49,Pieces
3528,3275,150,132.46,Pieces
3529,2236,121,485.41,Liters
3530,9654,18,153.21,Kg
3531,6957,65,7.58,Kg
3532,7872,52,69.37,Liters
3533,5013,103,465.36,Liters
3534,812,12,462.76,Liters
3535,765,116,34.56,Kg
3536,5859,143,493.87,Liters
3537,6614,32,132.63,Liters
3538,5055,62,362.29,Kg
3539,3544,25,267.23,Kg
3540,3294,90,409.91,Pieces
3541,8222,66,491.67,Kg
3542,8693,80,257.23,Liters
3543,1161,77,457.46,Kg
3544,8903,145,134.55,Kg
3545,5516,66,193.13,Liters
3546,2848,43,49.56,Kg
3547,941,15,100.47,Pieces
3548,8832,87,225.37,Liters
3549,9663,106,107.31,Liters
3550,6209,86,281.31,Kg
3551,9300,1,485.53,Kg
3552,4688,79,125.48,Pieces
3553,5030,139,146.36,Liters
3554,6234,104,130.11,Liters
3555,9025,120,266.66,Kg
3556,156,49,253.73,Kg
3557,4328,43,159.44,Kg
3558,146,49,273.26,Kg
3559,4340,123,382.93,Kg
3560,9125,28,70.82,Liters
3561,5748,77,68.09,Kg
3562,6108,35,127.55,Liters
3563,2305,19,295.53,Liters
3564,1037,61,413.38,Kg
3565,9819,92,201.45,Kg
3566,7248,44,376.09,Pieces
3567,7233,10,263.99,Kg
3568,8243,45,252.93,Liters
3569,270,20,233.32,Liters
3570,346,54,424.61,Kg
3571,7370,132,195.61,Kg
3572,8457,37,372.96,Liters
3573,5178,107,102.21,Kg
3574,7038,10,379.55,Pieces
3575,8629,4,68.8,Liters
3576,8290,60,28.49,Kg
3577,6926,112,368.0,Pieces
3578,7654,148,104.25,Pieces
3579,4629,118,472.13,Pieces
3580,173,147,134.61,Liters
3581,5514,59,47.7,Pieces
3582,8878,68,212.99,Liters
3583,266,43,479.79,Liters
3584,3441,84,237.05,Liters
3585,686,145,201.51,Liters
3586,6972,97,392.31,Liters
3587,1735,126,130.99,Pieces
3588,2799,62,47.29,Pieces
3589,1149,109,417.28,Pieces
3590,7800,139,458.23,Pieces
3591,4900,69,195.72,Liters
3592,2142,55,143.23,Pieces
3593,9361,77,7.84,Pieces
3594,2231,56,93.41,Kg
3595,2750,41,412.48,Liters
3596,1535,28,280.59,Pieces
3597,1823,7,423.35,Pieces
3598,6110,43,387.67,Liters
3599,5857,19,31.17,Liters
3600,7124,117,496.69,Liters
3601,9266,115,469.1,Pieces
3602,175,89,400.49,Liters
3603,6944,20,153.49,Pieces
3604,9465,75,160.47,Kg
3605,4319,111,217.74,Kg
3606,4133,67,480.49,Pieces
3607,9359,60,347.73,Liters
3608,5756,24,410.13,Kg
3609,6682,46,330.28,Pieces
3610,4814,144,171.0,Pieces
3611,604,146,20.86,Pieces
3612,209,104,71.37,Liters
3613,6547,139,120.82,Liters
3614,705,37,191.58,Pieces
3615,287,78,364.07,Kg
3616,8674,113,370.4,Liters
3617,7887,75,290.05,Pieces
3618,746,22,457.89,Pieces
3619,8721,4,406.57,Pieces
3620,7183,52,404.11,Pieces
3621,8473,147,464.5,Liters
3622,8726,60,315.24,Liters
3623,2846,76,61.85,Kg
3624,1452,111,156.98,Liters
3625,8490,70,455.55,Pieces
3626,3524,59,331.08,Liters
3627,1890,119,28.89,Pieces
3628,9199,54,156.21,Kg
3629,9203,29,119.24,Kg
3630,4777,144,99.73,Pieces
3631,7594,74,384.94,Liters
3632,5931,93,64.27,Pieces
3633,9924,35,229.12,Kg
3634,5507,126,472.22,Pieces
3635,9675,100,353.05,Kg
3636,4287,23,446.88,Kg
3637,3035,116,15.85,Kg
3638,2213,139,245.02,Pieces
3639,1802,46,463.02,Pieces
3640,1420,16,212.51,Liters
3641,8429,142,325.58,Kg
3642,2227,30,129.02,Kg
3643,4475,12,150.42,Pieces
3644,5715,71,251.16,Liters
3645,8177,84,277.47,Liters
3646,1377,82,263.82,Kg
3647,7565,19,187.8,Pieces
3648,6066,121,79.07,Kg
3649,3770,21,92.57,Pieces
3650,3249,115,197.13,Kg
3651,9,75,321.43,Pieces
3652,413,90,375.35,Liters
3653,7519,132,261.28,Liters
3654,7512,127,354.79,Kg
3655,7007,93,101.9,Kg
3656,3613,29,275.35,Kg
3657,3316,136,455.55,Liters
3658,4781,86,207.87,Kg
3659,4988,103,330.51,Kg
3660,2217,24,224.55,Pieces
3661,2965,113,62.06,Liters
3662,1492,68,24.6,Kg
3663,787,114,385.43,Pieces
3664,2502,123,189.13,Liters
3665,8056,33,219.68,Liters
3666,8076,114,306.75,Pieces
3667,4212,31,494.99,Liters
3668,6899,64,60.9,Pieces
3669,2393,63,186.48,Liters
3670,8009,113,463.28,Pieces
3671,1782,106,113.49,Kg
3672,8729,137,196.23,Pieces
3673,3962,111,445.94,Pieces
3674,5473,79,71.21,Liters
3675,9795,36,243.13,Liters
3676,8319,75,82.18,Pieces
3677,7031,103,305.86,Kg
3678,4160,16,153.31,Kg
3679,8351,49,22.71,Liters
3680,1178,7,154.28,Kg
3681,2431,18,200.04,Kg
3682,1275,133,55.55,Pieces
3683,9969,111,274.16,Kg
3684,6947,51,328.43,Liters
3685,1395,71,150.95,Liters
3686,6970,97,332.59,Kg
3687,470,90,266.0,Liters
3688,4621,59,472.9,Pieces
3689,6551,77,9.6,Pieces
3690,8929,19,408.0,Kg
3691,1742,55,71.55,Liters
3692,7426,42,79.82,Liters
3693,1150,67,401.06,Pieces
3694,4471,27,470.57,Pieces
3695,4611,114,197.06,Pieces
3696,3054,128,1.44,Pieces
3697,4890,28,182.73,Liters
3698,6137,115,283.66,Pieces
3699,5770,39,406.98,Kg
3700,8182,30,302.58,Kg
3701,3784,38,413.43,Liters
3702,299,89,57.16,Kg
3703,519,75,228.68,Kg
3704,2486,143,134.23,Liters
3705,6410,83,348.9,Kg
3706,1735,105,403.93,Kg
3707,4341,18,114.3,Kg
3708,3196,75,220.36,Pieces
3709,2957,67,190.43,Kg
3710,2543,18,483.6,Kg
3711,6758,84,191.29,Pieces
3712,9660,141,309.95,Pieces
3713,942,79,218.2,Liters
3714,5938,43,2.24,Liters
3715,8533,50,218.76,Kg
3716,6969,76,47.84,Kg
3717,5979,73,441.81,Kg
3718,3501,25,152.88,Kg
3719,6172,27,400.3,Pieces
3720,5632,38,474.19,Pieces
3721,1878,38,93.83,Liters
3722,8055,134,177.73,Liters
3723,7040,9,295.22,Kg
3724,7459,20,399.17,Liters
3725,5219,33,43.0,Kg
3726,9769,83,401.05,Kg
3727,8076,111,72.35,Pieces
3728,9189,5,81.1,Kg
3729,3695,132,140.08,Kg
3730,3008,136,498.32,Kg
3731,85,146,223.77,Liters
3732,7383,68,26.51,Kg
3733,1563,95,229.46,Liters
3734,8461,16,351.75,Liters
3735,3696,68,476.55,Kg
3736,3506,30,398.23,Liters
3737,1803,107,209.89,Pieces
3738,635,90,9.54,Liters
3739,793,144,370.76,Pieces
3740,6747,110,92.92,Kg
3741,9973,39,366.48,Kg
3742,928,142,366.8,Kg
3743,7147,123,229.76,Pieces
3744,4672,37,469.21,Kg
3745,2798,74,139.35,Pieces
3746,8547,109,445.44,Liters
3747,1438,112,309.65,Liters
3748,5707,55,197.67,Pieces
3749,8240,87,156.48,Pieces
3750,1635,6,337.4,Kg
3751,3932,129,334.04,Liters
3752,9973,143,115.06,Kg
3753,4323,28,335.29,Liters
3754,3135,25,189.78,Pieces
3755,9870,52,434.22,Liters
3756,4680,127,414.2,Liters
3757,5370,33,166.45,Liters
3758,6737,24,405.98,Kg
3759,4130,30,91.51,Pieces
3760,5680,88,435.2,Liters
3761,1266,33,327.56,Pieces
3762,2588,114,260.65,Liters
3763,5675,42,186.77,Pieces
3764,1233,43,196.99,Liters
3765,4420,145,159.01,Pieces
3766,6512,48,177.13,Liters
3767,6438,24,8.19,Pieces
3768,2558,38,389.59,Pieces
3769,4731,84,426.44,Pieces
3770,7104,63,128.7,Kg
3771,2510,88,357.22,Kg
3772,9284,69,17.11,Liters
3773,9309,124,203.41,Kg
3774,7255,19,15.71,Liters
3775,1307,15,239.05,Pieces
3776,9785,114,2.32,Pieces
3777,4885,42,147.07,Pieces
3778,6150,4,34.7,Liters
3779,7526,101,291.35,Liters
3780,878,113,421.27,Pieces
3781,2690,145,128.52,Pieces
3782,2126,115,316.46,Kg
3783,7550,115,103.77,Liters
3784,8448,113,231.53,Kg
3785,8438,35,179.62,Kg
3786,8399,106,220.9,Pieces
3787,2377,115,482.93,Liters
3788,4633,12,479.72,Liters
3789,7957,7,245.44,Pieces
3790,4937,129,336.5,Pieces
3791,9647,33,65.46,Pieces
3792,3258,42,173.91,Kg
3793,8156,18,410.58,Liters
3794,2801,11,469.63,Pieces
3795,6305,82,319.3,Kg
3796,4766,90,76.61,Kg
3797,6115,89,460.2,Kg
3798,2161,41,357.38,Liters
3799,392,44,56.87,Kg
3800,9225,54,205.17,Kg
3801,4369,134,189.0,Kg
3802,207,122,401.95,Liters
3803,4159,9,214.99,Liters
3804,1952,7,284.44,Liters
3805,9998,84,40.9,Pieces
3806,8232,150,164.64,Pieces
3807,5477,111,81.96,Liters
3808,2285,119,194.34,Pieces
3809,2306,91,413.67,Liters
3810,3776,51,80.83,Kg
3811,7930,3,153.1,Pieces
3812,5568,47,454.47,Liters
3813,5487,149,288.93,Kg
3814,7989,94,356.4,Liters
3815,2440,2,498.39,Liters
3816,5487,95,227.18,Kg
3817,654,140,293.91,Liters
3818,5294,75,453.6,Pieces
3819,257,59,438.83,Pieces
3820,5054,106,49.28,Liters
3821,2724,87,316.01,Liters
3822,910,76,104.51,Pieces
3823,9372,15,234.11,Liters
3824,8614,2,84.82,Kg
3825,2392,111,28.94,Pieces
3826,7238,47,443.59,Kg
3827,5155,138,420.94,Kg
3828,6077,91,267.46,Liters
3829,8067,136,490.98,Liters
3830,6494,105,45.27,Kg
3831,908,126,179.76,Pieces
3832,2995,72,165.03,Pieces
3833,9185,125,246.17,Kg
3834,9848,65,170.42,Liters
3835,9830,90,250.43,Kg
3836,2327,120,116.56,Pieces
3837,954,23,224.56,Kg
3838,9489,150,136.53,Kg
3839,5156,73,93.09,Pieces
3840,6340,56,277.6,Liters
3841,6397,48,143.91,Liters
3842,4358,132,133.9,Kg
3843,6254,71,193.02,Liters
3844,950,33,362.89,Liters
3845,8459,81,128.19,Kg
3846,2663,51,175.34,Liters
3847,1279,43,278.98,Liters
3848,4994,118,341.03,Liters
3849,3780,145,81.14,Liters
3850,9624,17,421.18,Kg
3851,3866,98,238.82,Pieces
3852,8121,53,337.07,Pieces
3853,191,100,471.72,Liters
3854,1118,81,199.78,Liters
3855,5156,144,257.28,Kg
3856,437,116,222.95,Kg
3857,2752,55,331.0,Pieces
3858,2530,106,183.32,Kg
3859,2675,106,151.8,Liters
3860,8386,51,491.21,Liters
3861,7118,100,109.67,Liters
3862,4641,113,293.16,Pieces
3863,8305,106,135.51,Kg
3864,5965,102,20.22,Kg
3865,6353,31,162.78,Liters
3866,4363,124,401.55,Liters
3867,5577,77,172.23,Pieces
3868,1407,139,328.44,Pieces
3869,1219,56,148.56,Kg
3870,3953,7,132.18,Pieces
3871,760,64,96.26,Liters
3872,149,70,310.27,Liters
3873,9688,32,229.79,Pieces
3874,4848,139,216.49,Kg
3875,5508,27,401.8,Pieces
3876,9160,58,360.86,Pieces
3877,5888,98,445.31,Kg
3878,6167,33,121.38,Liters
3879,1873,73,278.16,Pieces
3880,6919,76,453.42,Kg
3881,3348,92,347.51,Kg
3882,2299,38,356.57,Pieces
3883,9587,15,15.2,Pieces
3884,7194,111,130.63,Pieces
3885,1215,110,166.28,Pieces
3886,2264,13,95.27,Liters
3887,7548,40,190.8,Pieces
3888,1151,17,63.33,Pieces
3889,7135,59,193.29,Pieces
3890,2512,28,144.32,Kg
3891,6891,108,313.04,Kg
3892,2495,90,499.79,Kg
3893,2426,119,388.9,Liters
3894,5740,114,134.75,Pieces
3895,4670,134,405.47,Liters
3896,8928,12,358.31,Pieces
3897,2564,11,123.42,Kg
3898,5163,47,442.01,Kg
3899,4585,133,264.52,Liters
3900,6779,101,401.74,Pieces
3901,2382,50,328.86,Pieces
3902,5931,12,447.49,Liters
3903,3998,31,19.31,Pieces
3904,1861,145,426.2,Liters
3905,2509,122,454.15,Pieces
3906,1190,58,360.17,Kg
3907,7570,83,412.45,Kg
3908,4398,106,185.12,Liters
3909,9349,142,156.76,Kg
3910,8805,94,147.44,Liters
3911,5997,36,95.76,Liters
3912,9889,140,400.46,Kg
3913,1652,93,223.51,Kg
3914,7922,148,464.13,Liters
3915,6334,117,181.19,Kg
3916,2805,45,316.77,Kg
3917,7016,4,194.5,Pieces
3918,984,97,293.36,Liters
3919,8482,22,53.09,Kg
3920,5962,120,12.24,Kg
3921,1818,70,106.73,Pieces
3922,9563,44,442.81,Liters
3923,4026,109,246.93,Liters
3924,4004,115,51.6,Pieces
3925,6927,62,64.12,Pieces
3926,6925,132,96.68,Kg
3927,5422,147,76.67,Pieces
3928,4792,112,365.62,Kg
3929,4249,139,254.67,Liters
3930,6543,56,406.88,Kg
3931,1622,124,40.21,Pieces
3932,4288,95,220.28,Pieces
3933,2785,146,297.4,Pieces
3934,35,45,104.66,Pieces
3935,3030,122,52.38,Liters
3936,1165,22,267.4,Kg
3937,634,83,396.52,Liters
3938,1543,75,142.05,Pieces
3939,9087,18,188.53,Pieces
3940,5423,8,417.14,Kg
3941,158,58,321.85,Pieces
3942,5984,119,83.38,Pieces
3943,5892,26,375.15,Liters
3944,7859,84,135.28,Pieces
3945,4637,70,108.78,Kg
3946,1562,11,147.91,Pieces
3947,2854,141,277.39,Kg
3948,7078,65,188.37,Pieces
3949,1950,1,160.47,Kg
3950,6987,117,127.34,Kg
3951,7711,61,476.84,Kg
3952,5213,119,352.82,Kg
3953,5771,121,449.39,Pieces
3954,7842,135,3.35,Kg
3955,203,35,366.96,Liters
3956,8577,68,295.85,Liters
3957,779,69,261.62,Kg
3958,2975,106,100.2,Kg
3959,6051,73,6.79,Pieces
3960,1560,147,418.25,Pieces
3961,3861,110,279.82,Liters
3962,7658,106,292.6,Pieces
3963,8923,50,114.65,Pieces
3964,5925,69,162.06,Kg
3965,3930,54,182.27,Kg
3966,9754,135,185.38,Kg
3967,9855,60,140.34,Liters
3968,780,117,126.02,Liters
3969,4001,108,169.6,Kg
3970,1909,109,473.19,Liters
3971,3833,54,23.1,Kg
3972,2615,51,278.78,Liters
3973,5591,11,313.96,Kg
3974,7398,84,442.99,Liters
3975,5439,12,371.54,Pieces
3976,737,131,111.59,Liters
3977,4924,40,50.38,Kg
3978,1275,122,453.64,Kg
3979,9916,14,353.23,Kg
3980,9380,102,266.09,Pieces
3981,9,95,391.19,Pieces
3982,9519,89,440.27,Pieces
3983,8127,44,290.14,Kg
3984,7686,69,239.91,Liters
3985,3189,63,281.17,Pieces
3986,2439,55,129.17,Kg
3987,4493,67,423.47,Kg
3988,8909,47,42.93,Liters
3989,5620,112,242.15,Pieces
3990,9407,89,389.56,Kg
3991,1671,95,365.52,Liters
3992,8879,92,224.93,Liters
3993,2237,54,497.32,Pieces
3994,3170,33,428.78,Kg
3995,7342,39,456.51,Kg
3996,4929,80,185.28,Pieces
3997,5988,117,114.29,Kg
3998,9953,14,427.54,Liters
3999,5047,134,187.31,Kg
4000,3737,60,414.8,Kg
4001,3540,16,136.7,Pieces
4002,6845,132,190.19,Liters
4003,7299,20,451.88,Liters
4004,3701,27,185.95,Liters
4005,7029,96,93.67,Pieces
4006,6482,58,214.44,Kg
4007,5990,39,297.31,Kg
4008,8647,30,114.59,Liters
4009,1980,47,49.63,Pieces
4010,1625,23,87.21,Liters
4011,5505,48,348.0,Liters
4012,2388,45,432.37,Liters
4013,7955,15,28.4,Liters
4014,9392,34,254.01,Liters
4015,9188,64,207.49,Pieces
4016,5730,110,271.04,Kg
4017,560,52,334.61,Kg
4018,9982,123,489.47,Pieces
4019,1233,119,467.0,Liters
4020,3775,34,3.24,Kg
4021,1850,114,256.5,Kg
4022,4155,84,371.89,Pieces
4023,144,90,36.33,Pieces
4024,9772,68,384.1,Pieces
4025,7392,53,451.65,Liters
4026,2353,16,358.97,Pieces
4027,3923,59,431.75,Kg
4028,9037,55,131.11,Pieces
4029,9976,99,146.06,Kg
4030,5480,26,329.5,Pieces
4031,2262,80,213.13,Liters
4032,448,138,332.67,Kg
4033,7444,146,217.66,Pieces
4034,4218,47,9.11,Kg
4035,2116,15,27.46,Liters
4036,8386,20,203.75,Kg
4037,6937,133,403.68,Pieces
4038,1354,103,424.51,Kg
4039,4416,132,111.93,Kg
4040,3271,13,393.75,Pieces
4041,5697,75,60.53,Kg
4042,985,107,367.92,Liters
4043,5972,150,131.06,Kg
4044,350,27,374.68,Liters
4045,4905,46,274.08,Liters
4046,8605,29,376.76,Kg
4047,5321,84,359.88,Kg
4048,4645,130,218.1,Liters
4049,1668,93,454.77,Liters
4050,9143,17,244.2,Kg
4051,8468,28,360.96,Kg
4052,4220,133,345.42,Kg
4053,3609,13,292.12,Liters
4054,4817,13,444.37,Kg
4055,814,85,381.0,Pieces
4056,3000,91,450.07,Kg
4057,2712,75,137.47,Pieces
4058,9566,83,70.74,Kg
4059,4798,42,359.49,Pieces
4060,5405,90,157.33,Pieces
4061,3729,141,236.37,Pieces
4062,2453,130,495.38,Liters
4063,6742,39,198.25,Liters
4064,3416,102,50.22,Pieces
4065,8102,118,80.42,Pieces
4066,8058,146,411.0,Kg
4067,7868,8,453.45,Kg
4068,6729,107,449.39,Kg
4069,4135,52,66.53,Pieces
4070,5647,144,486.47,Kg
4071,2230,42,33.89,Kg
4072,5677,53,394.03,Liters
4073,4104,145,25.34,Liters
4074,3165,89,488.9,Liters
4075,3773,111,46.82,Pieces
4076,1344,59,269.36,Pieces
4077,5008,1,29.3,Liters
4078,4580,122,431.7,Pieces
4079,5662,52,13.81,Pieces
4080,5178,83,141.86,Liters
4081,2458,51,150.38,Pieces
4082,1244,43,499.53,Kg
4083,9915,73,336.93,Kg
4084,609,132,349.97,Kg
4085,8179,109,490.1,Kg
4086,6103,66,393.96,Liters
4087,5446,37,290.97,Pieces
4088,4874,135,78.1,Liters
4089,950,20,264.63,Liters
4090,5976,87,8.93,Liters
4091,5440,80,26.77,Kg
4092,9678,71,168.92,Pieces
4093,9491,29,471.02,Kg
4094,2024,79,289.01,Kg
4095,8222,79,236.02,Kg
4096,2148,64,347.95,Kg
4097,1694,39,258.63,Pieces
4098,79,37,265.23,Kg
4099,7081,3,172.58,Kg
4100,1177,24,429.55,Liters
4101,8434,82,221.77,Liters
4102,3499,74,234.6,Pieces
4103,5951,2,371.1,Kg
4104,7035,120,220.16,Pieces
4105,608,43,375.24,Liters
4106,7430,147,26.78,Liters
4107,2858,126,376.87,Kg
4108,6003,68,384.38,Kg
4109,8025,26,369.03,Kg
4110,2512,28,484.78,Liters
4111,2655,22,47.96,Liters
4112,829,61,186.23,Kg
4113,4504,109,289.51,Liters
4114,560,116,404.49,Kg
4115,8093,88,315.74,Pieces
4116,8436,62,76.39,Pieces
4117,9179,18,93.63,Liters
4118,7413,95,232.07,Liters
4119,8548,125,262.83,Liters
4120,5530,56,91.64,Liters
4121,2328,78,354.79,Kg
4122,2934,112,407.43,Pieces
4123,1587,20,241.67,Kg
4124,8673,115,56.47,Liters
4125,2821,147,227.98,Liters
4126,6494,25,471.21,Kg
4127,2277,60,410.23,Pieces
4128,2087,42,435.01,Kg
4129,3334,73,291.47,Kg
4130,3688,14,45.82,Pieces
4131,9758,139,464.31,Liters
4132,2704,75,9.15,Kg
4133,8301,65,428.63,Pieces
4134,260,104,325.24,Liters
4135,175,97,329.85,Pieces
4136,1569,147,30.59,Pieces
4137,701,101,418.03,Liters
4138,2198,27,406.18,Pieces
4139,6338,100,305.81,Pieces
4140,799,70,219.71,Kg
4141,8530,55,241.59,Kg
4142,4270,92,311.46,Pieces
4143,9325,75,397.71,Pieces
4144,5174,73,283.16,Pieces
4145,7778,94,209.03,Liters
4146,8883,62,114.58,Liters
4147,8329,138,483.17,Kg
4148,485,129,426.36,Liters
4149,6192,143,181.12,Liters
4150,288,26,224.41,Liters
4151,8745,25,128.8,Liters
4152,6257,108,442.91,Liters
4153,1892,80,374.83,Pieces
4154,2976,86,178.63,Liters
4155,9633,38,26.65,Pieces
4156,9181,80,30.1,Pieces
4157,6371,3,62.09,Pieces
4158,9150,59,497.86,Liters
4159,2314,145,325.99,Pieces
4160,7823,61,482.8,Pieces
4161,23,125,288.21,Pieces
4162,7552,28,101.36,Kg
4163,2639,124,44.29,Pieces
4164,1267,41,164.81,Pieces
4165,1119,70,406.27,Pieces
4166,3955,62,416.38,Pieces
4167,5596,28,77.92,Pieces
4168,8258,131,17.68,Pieces
4169,345,78,47.03,Liters
4170,3178,149,72.69,Liters
4171,6624,37,101.31,Kg
4172,7795,66,293.76,Kg
4173,3786,105,297.22,Kg
4174,3106,64,259.78,Liters
4175,4176,132,382.3,Pieces
4176,8053,120,221.07,Kg
4177,3513,1,301.79,Pieces
4178,3893,40,133.45,Pieces
4179,1454,47,301.5,Kg
4180,5456,35,245.63,Liters
4181,7752,72,63.57,Pieces
4182,2275,58,41.41,Kg
4183,1807,140,390.67,Kg
4184,6987,17,225.76,Pieces
4185,7562,34,95.41,Kg
4186,2948,9,103.24,Liters
4187,135,141,110.66,Pieces
4188,3631,74,195.79,Pieces
4189,5795,112,340.14,Pieces
4190,4067,150,320.85,Pieces
4191,9621,30,263.18,Liters
4192,8779,15,222.01,Pieces
4193,2353,15,234.88,Pieces
4194,9234,66,38.98,Kg
4195,1555,133,162.49,Liters
4196,9712,19,455.19,Kg
4197,1784,128,32.79,Pieces
4198,3504,65,486.07,Liters
4199,2125,139,376.99,Pieces
4200,5280,117,337.19,Kg
4201,5543,117,211.07,Pieces
4202,7425,144,418.37,Liters
4203,6733,90,494.7,Pieces
4204,6439,76,476.3,Kg
4205,4514,148,206.46,Pieces
4206,9288,60,79.71,Liters
4207,2718,116,162.43,Liters
4208,4070,98,255.33,Liters
4209,2441,54,487.18,Liters
4210,1585,48,260.56,Pieces
4211,8386,29,278.51,Pieces
4212,1212,17,442.94,Liters
4213,5136,97,253.34,Kg
4214,1607,133,418.6,Pieces
4215,4282,12,233.83,Liters
4216,5000,20,167.2,Liters
4217,7049,104,167.73,Liters
4218,2436,101,151.3,Liters
4219,2399,21,399.48,Kg
4220,4857,139,246.3,Kg
4221,3371,95,257.16,Kg
4222,9673,106,432.94,Pieces
4223,722,122,359.74,Kg
4224,2388,83,102.68,Liters
4225,2008,98,289.91,Kg
4226,8741,100,471.35,Pieces
4227,564,33,379.77,Pieces
4228,9446,107,260.33,Pieces
4229,2390,109,308.6,Pieces
4230,141,2,62.4,Pieces
4231,8696,22,256.5,Liters
4232,1593,125,419.37,Kg
4233,8018,12,112.99,Kg
4234,5174,55,476.23,Kg
4235,1357,77,252.82,Kg
4236,1791,1,192.68,Liters
4237,5265,54,361.8,Kg
4238,1335,106,181.25,Liters
4239,5192,139,296.31,Liters
4240,8472,8,151.85,Pieces
4241,8266,20,441.62,Kg
4242,6534,62,340.86,Kg
4243,8244,103,231.96,Pieces
4244,6771,121,396.04,Pieces
4245,3993,82,81.89,Kg
4246,2572,142,60.45,Liters
4247,2078,69,199.24,Kg
4248,4346,150,374.91,Liters
4249,1578,57,354.51,Pieces
4250,843,103,256.15,Pieces
4251,413,41,145.12,Kg
4252,8488,8,82.5,Liters
4253,3490,144,439.48,Kg
4254,3255,124,38.89,Kg
4255,7906,129,16.5,Kg
4256,6537,71,222.51,Liters
4257,6011,11,465.48,Kg
4258,4616,93,3.85,Pieces
4259,8246,52,199.86,Pieces
4260,1907,81,225.87,Pieces
4261,3594,138,219.43,Kg
4262,7377,72,302.7,Liters
4263,6587,71,466.21,Kg
4264,8779,131,131.3,Pieces
4265,2827,50,458.06,Liters
4266,9651,122,53.42,Kg
4267,5374,44,89.59,Pieces
4268,8012,97,414.01,Liters
4269,9497,127,112.49,Liters
4270,609,130,122.55,Pieces
4271,5759,94,39.35,Liters
4272,1440,80,319.11,Pieces
4273,2905,77,406.45,Liters
4274,5537,125,499.88,Pieces
4275,5091,20,352.69,Liters
4276,8117,38,133.57,Liters
4277,5788,54,446.94,Pieces
4278,7028,124,244.65,Pieces
4279,8529,47,320.88,Kg
4280,9642,73,424.03,Liters
4281,2646,128,127.14,Kg
4282,7110,7,283.34,Liters
4283,6613,140,117.84,Liters
4284,1202,118,492.43,Pieces
4285,4951,84,248.66,Liters
4286,4834,26,169.8,Liters
4287,1538,133,250.74,Pieces
4288,8037,42,58.68,Kg
4289,2630,125,337.59,Liters
4290,809,92,344.97,Liters
4291,3890,132,198.19,Kg
4292,4373,92,427.66,Kg
4293,5616,53,463.74,Pieces
4294,5501,45,102.07,Pieces
4295,6232,64,365.02,Kg
4296,9115,30,427.41,Pieces
4297,9755,5,56.6,Liters
4298,5100,55,266.37,Liters
4299,7921,46,64.91,Kg
4300,8825,73,406.38,Kg
4301,1063,92,347.35,Kg
4302,9934,92,473.24,Kg
4303,3806,35,167.43,Kg
4304,6826,30,429.55,Pieces
4305,9524,6,356.27,Liters
4306,6043,33,223.27,Pieces
4307,7628,144,365.13,Kg
4308,9301,115,380.45,Pieces
4309,1647,143,408.97,Kg
4310,1594,136,23.73,Liters
4311,5862,149,362.63,Pieces
4312,7103,17,24.75,Kg
4313,8664,33,272.31,Pieces
4314,9894,33,313.03,Pieces
4315,74,49,495.66,Pieces
4316,9341,147,240.47,Pieces
4317,1769,41,82.43,Kg
4318,7961,113,389.25,Kg
4319,6519,9,409.94,Liters
4320,6145,146,156.75,Liters
4321,3612,132,360.21,Pieces
4322,5644,46,477.16,Liters
4323,7108,109,487.81,Pieces
4324,5666,4,466.2,Pieces
4325,9685,2,492.86,Pieces
4326,2005,11,291.84,Pieces
4327,2171,93,311.84,Liters
4328,2958,139,323.27,Liters
4329,6513,73,488.89,Liters
4330,9907,134,425.64,Pieces
4331,2171,18,270.4,Liters
4332,9474,15,178.61,Pieces
4333,9359,10,367.0,Kg
4334,5930,106,176.56,Pieces
4335,7316,62,290.72,Pieces
4336,7150,21,403.44,Pieces
4337,5583,32,284.16,Pieces
4338,2268,6,359.72,Liters
4339,3203,150,271.69,Liters
4340,1096,91,92.22,Pieces
4341,1984,76,112.47,Liters
4342,1223,62,449.19,Kg
4343,6441,126,464.1,Liters
4344,3526,15,210.55,Kg
4345,2185,123,375.71,Kg
4346,4390,48,398.04,Liters
4347,3966,58,63.16,Kg
4348,4485,2,101.16,Kg
4349,3179,4,396.63,Liters
4350,5024,84,328.24,Kg
4351,9332,60,57.39,Pieces
4352,9446,93,396.98,Kg
4353,2986,80,52.44,Kg
4354,7220,53,357.94,Pieces
4355,4333,11,487.32,Pieces
4356,8086,50,479.3,Pieces
4357,3267,107,492.33,Kg
4358,7800,31,16.58,Liters
4359,4768,142,58.25,Liters
4360,3005,34,332.31,Liters
4361,1375,7,324.29,Pieces
4362,9970,88,211.63,Kg
4363,3967,32,342.51,Pieces
4364,1973,55,217.29,Kg
4365,5477,127,391.04,Kg
4366,3285,9,246.88,Kg
4367,9085,63,315.39,Pieces
4368,4963,148,252.68,Liters
4369,8845,42,451.67,Kg
4370,7559,59,279.18,Liters
4371,147,25,300.79,Pieces
4372,8726,135,393.19,Pieces
4373,4616,41,353.54,Kg
4374,8970,35,250.29,Liters
4375,8949,6,386.88,Kg
4376,602,88,245.69,Liters
4377,7157,53,354.36,Pieces
4378,9314,76,159.99,Pieces
4379,294,17,267.39,Liters
4380,9889,122,276.96,Liters
4381,4462,125,35.88,Pieces
4382,5985,115,60.34,Liters
4383,152,28,230.35,Pieces
4384,2407,95,327.83,Liters
4385,1678,98,334.62,Kg
4386,2686,145,49.1,Liters
4387,5275,24,241.15,Liters
4388,4134,146,162.06,Pieces
4389,5141,123,397.69,Pieces
4390,7526,19,57.24,Pieces
4391,2094,62,415.03,Pieces
4392,2816,138,128.77,Kg
4393,6855,43,10.8,Kg
4394,4763,140,79.85,Kg
4395,767,34,373.43,Liters
4396,1746,34,392.28,Kg
4397,2326,60,107.22,Kg
4398,6245,20,59.55,Liters
4399,5636,145,101.05,Liters
4400,4426,88,214.05,Pieces
4401,2505,40,7.38,Kg
4402,7304,109,100.73,Pieces
4403,8443,73,148.55,Kg
4404,9881,1,356.3,Liters
4405,1810,126,419.16,Kg
4406,8145,5,337.46,Pieces
4407,9789,112,13.47,Kg
4408,5737,85,385.94,Kg
4409,9757,40,334.87,Kg
4410,936,148,108.62,Pieces
4411,2645,59,315.33,Pieces
4412,63,135,382.66,Liters
4413,2546,72,138.43,Kg
4414,6784,87,77.37,Pieces
4415,5404,90,287.55,Liters
4416,7096,16,121.64,Kg
4417,9503,125,234.75,Liters
4418,2925,98,476.53,Pieces
4419,8968,29,406.91,Kg
4420,5465,43,209.86,Kg
4421,7888,65,121.71,Pieces
4422,3640,22,415.68,Kg
4423,6524,43,356.23,Liters
4424,2024,3,497.2,Liters
4425,3586,68,138.6,Kg
4426,3262,126,289.23,Pieces
4427,4726,37,147.32,Pieces
4428,5844,110,404.02,Kg
4429,1329,97,433.88,Pieces
4430,9150,1,193.07,Liters
4431,9481,131,264.86,Liters
4432,1339,26,339.07,Pieces
4433,4953,72,296.27,Kg
4434,2674,70,259.81,Liters
4435,4040,13,484.28,Liters
4436,6758,131,202.5,Liters
4437,9616,75,135.83,Liters
4438,3794,92,158.43,Kg
4439,6529,13,492.78,Liters
4440,6764,84,301.01,Kg
4441,719,31,263.19,Liters
4442,9198,25,498.23,Pieces
4443,1781,86,184.21,Liters
4444,3161,43,491.09,Pieces
4445,3602,69,244.09,Liters
4446,4591,73,434.83,Pieces
4447,8405,103,333.82,Liters
4448,4310,61,66.29,Pieces
4449,6118,141,235.48,Pieces
4450,4839,134,383.24,Pieces
4451,9196,64,10.91,Liters
4452,7467,119,119.41,Liters
4453,981,99,140.2,Liters
4454,650,147,476.15,Kg
4455,8347,139,62.94,Liters
4456,4504,45,237.57,Kg
4457,9535,90,118.73,Kg
4458,228,87,262.41,Liters
4459,8382,91,160.82,Liters
4460,871,124,197.92,Kg
4461,8031,29,299.25,Liters
4462,3003,34,342.42,Liters
4463,8855,6,70.65,Kg
4464,6153,141,113.1,Pieces
4465,8649,40,295.47,Liters
4466,6620,150,495.08,Pieces
4467,379,40,365.27,Kg
4468,5965,135,390.13,Pieces
4469,8020,62,187.01,Pieces
4470,9058,116,147.66,Kg
4471,1239,120,301.81,Kg
4472,5980,28,497.27,Pieces
4473,8385,16,295.74,Kg
4474,969,45,67.73,Liters
4475,1829,78,386.18,Pieces
4476,8120,58,349.78,Liters
4477,8347,21,65.12,Kg
4478,1147,80,377.55,Liters
4479,1077,44,60.88,Liters
4480,3946,78,436.98,Liters
4481,1083,30,289.95,Pieces
4482,1035,96,356.91,Pieces
4483,5477,67,207.59,Liters
4484,5433,30,391.04,Pieces
4485,3070,9,498.93,Kg
4486,1127,137,184.43,Liters
4487,5930,72,141.45,Liters
4488,702,142,261.71,Kg
4489,1407,150,399.31,Kg
4490,2798,137,38.0,Kg
4491,3196,3,5.28,Kg
4492,4104,106,242.05,Pieces
4493,3587,61,331.88,Kg
4494,6883,121,31.57,Liters
4495,6587,150,401.46,Pieces
4496,8971,123,427.95,Liters
4497,3203,123,359.23,Pieces
4498,9954,101,195.1,Kg
4499,4001,45,179.64,Liters
4500,8717,112,167.17,Kg
4501,5964,140,445.87,Pieces
4502,6184,12,127.1,Liters
4503,3843,135,150.19,Liters
4504,8384,95,272.11,Kg
4505,1626,113,309.57,Liters
4506,8580,26,399.31,Liters
4507,7726,9,94.45,Kg
4508,8937,98,11.63,Pieces
4509,8240,33,36.76,Kg
4510,2597,81,41.42,Liters
4511,3152,27,248.87,Kg
4512,1687,2,122.57,Liters
4513,3454,97,159.82,Kg
4514,9280,12,228.41,Pieces
4515,9818,84,39.56,Kg
4516,8187,97,112.7,Kg
4517,2435,39,183.45,Kg
4518,9224,94,235.01,Liters
4519,4924,132,162.42,Kg
4520,9693,19,33.63,Kg
4521,4029,120,114.66,Pieces
4522,8337,6,41.77,Liters
4523,5572,4,340.53,Pieces
4524,9651,108,100.99,Pieces
4525,5461,66,499.88,Kg
4526,1687,58,495.17,Liters
4527,5810,131,287.1,Kg
4528,8552,66,97.93,Kg
4529,2593,138,83.55,Liters
4530,5740,49,430.22,Pieces
4531,6779,59,154.21,Liters
4532,5330,58,320.73,Kg
4533,814,149,293.22,Liters
4534,615,24,260.45,Kg
4535,3617,146,356.36,Pieces
4536,7214,43,254.05,Liters
4537,3462,114,364.06,Kg
4538,7679,39,120.05,Liters
4539,5142,61,119.82,Liters
4540,554,137,327.53,Liters
4541,7690,101,63.74,Kg
4542,2307,65,32.07,Pieces
4543,923,44,344.53,Liters
4544,7784,115,169.21,Kg
4545,7736,129,41.34,Pieces
4546,6231,89,45.23,Kg
4547,459,90,80.93,Kg
4548,8402,95,423.72,Pieces
4549,1598,28,405.76,Liters
4550,4530,79,418.28,Pieces
4551,5596,110,9.54,Kg
4552,3499,121,407.54,Kg
4553,2430,147,63.31,Pieces
4554,9323,130,388.18,Kg
4555,6062,4,315.93,Pieces
4556,7573,1,302.3,Pieces
4557,8218,107,256.19,Kg
4558,2746,129,348.43,Liters
4559,3305,127,495.13,Pieces
4560,7360,125,170.4,Kg
4561,6032,58,333.34,Kg
4562,9024,134,220.73,Pieces
4563,7487,87,140.8,Kg
4564,9452,89,140.04,Pieces
4565,2863,61,450.35,Kg
4566,9752,41,160.93,Liters
4567,5433,146,272.66,Pieces
4568,1076,40,221.22,Pieces
4569,249,64,130.18,Liters
4570,7548,128,152.32,Liters
4571,1933,35,420.08,Kg
4572,3402,101,370.21,Pieces
4573,2930,106,266.04,Kg
4574,1695,146,378.54,Liters
4575,7151,141,153.18,Liters
4576,5955,69,266.83,Kg
4577,1180,37,155.06,Kg
4578,5312,104,52.15,Kg
4579,7536,89,331.98,Kg
4580,2837,94,298.06,Kg
4581,9828,78,173.36,Pieces
4582,3163,16,398.87,Liters
4583,7793,29,342.6,Liters
4584,2052,65,414.83,Pieces
4585,9264,73,324.65,Kg
4586,2302,35,103.19,Kg
4587,2296,58,441.93,Kg
4588,382,91,3.78,Pieces
4589,5751,1,163.71,Liters
4590,1103,81,392.93,Liters
4591,5764,57,440.51,Kg
4592,1387,108,137.89,Pieces
4593,7648,14,314.63,Kg
4594,8197,91,301.07,Pieces
4595,1304,12,78.42,Liters
4596,5298,38,270.63,Kg
4597,1909,90,352.99,Pieces
4598,6314,80,271.07,Kg
4599,5056,70,217.48,Kg
4600,352,115,279.43,Pieces
4601,1841,32,163.98,Pieces
4602,3346,89,492.57,Kg
4603,3432,132,243.18,Kg
4604,3015,75,58.59,Kg
4605,5581,88,206.07,Pieces
4606,9797,10,65.01,Kg
4607,3860,16,411.01,Kg
4608,9815,59,430.56,Pieces
4609,3426,64,351.94,Pieces
4610,6787,34,90.62,Pieces
4611,1365,128,45.25,Liters
4612,750,113,190.32,Pieces
4613,1458,132,96.71,Kg
4614,9220,96,56.76,Liters
4615,8165,76,198.23,Kg
4616,5502,55,486.91,Liters
4617,4295,62,19.02,Pieces
4618,4976,97,134.99,Kg
4619,8779,109,306.5,Pieces
4620,9839,130,66.54,Pieces
4621,4229,57,191.04,Pieces
4622,3691,147,71.89,Pieces
4623,8828,96,71.22,Liters
4624,4900,88,200.22,Liters
4625,6789,133,252.29,Liters
4626,5688,69,100.52,Liters
4627,2567,64,140.37,Liters
4628,3874,81,363.58,Pieces
4629,4726,47,344.77,Kg
4630,3303,2,383.39,Kg
4631,4109,55,491.84,Liters
4632,9206,96,302.96,Liters
4633,7599,7,153.21,Pieces
4634,7022,60,371.07,Liters
4635,6754,134,54.49,Pieces
4636,3726,98,367.68,Pieces
4637,5683,93,346.45,Kg
4638,4419,138,4.77,Kg
4639,9836,37,186.19,Kg
4640,6708,141,271.97,Kg
4641,1055,5,229.09,Kg
4642,1270,125,66.62,Pieces
4643,2082,131,5.17,Kg
4644,7237,77,417.72,Kg
4645,3643,77,310.59,Liters
4646,5080,70,473.11,Pieces
4647,2710,129,266.01,Pieces
4648,7993,107,56.69,Liters
4649,8442,17,435.62,Kg
4650,5388,88,374.17,Kg
4651,877,71,21.17,Liters
4652,8217,21,435.06,Liters
4653,4529,35,441.55,Pieces
4654,4889,84,383.65,Pieces
4655,1232,74,459.75,Pieces
4656,8989,147,4.22,Kg
4657,3979,11,410.03,Kg
4658,6254,135,437.93,Kg
4659,4342,70,35.72,Pieces
4660,2969,29,195.16,Pieces
4661,7345,90,462.91,Pieces
4662,5021,99,140.57,Kg
4663,2137,116,458.83,Liters
4664,5158,83,337.51,Pieces
4665,947,147,99.31,Kg
4666,1685,11,258.52,Kg
4667,7477,124,34.99,Pieces
4668,8311,1,142.59,Kg
4669,5924,54,317.52,Pieces
4670,5972,134,218.53,Kg
4671,6827,73,45.81,Pieces
4672,3494,143,385.22,Pieces
4673,2555,131,312.29,Kg
4674,6215,6,16.93,Kg
4675,6419,143,37.65,Kg
4676,9278,121,192.05,Kg
4677,2185,13,170.49,Kg
4678,2443,111,390.41,Liters
4679,1681,78,485.31,Pieces
4680,8555,83,376.48,Liters
4681,4711,118,131.83,Kg
4682,481,96,484.1,Kg
4683,1247,77,248.52,Pieces
4684,6068,116,276.15,Liters
4685,3841,45,290.1,Liters
4686,58,41,42.12,Liters
4687,9657,132,278.93,Kg
4688,8589,125,311.97,Pieces
4689,5646,46,308.71,Kg
4690,5973,115,128.53,Kg
4691,4932,113,202.71,Pieces
4692,99,128,280.46,Kg
4693,7917,65,382.51,Pieces
4694,6565,149,154.2,Kg
4695,1098,141,97.32,Liters
4696,3103,82,21.14,Kg
4697,6656,130,151.12,Kg
4698,954,54,326.39,Pieces
4699,2934,6,296.14,Kg
4700,1315,18,106.7,Pieces
4701,261,98,393.91,Kg
4702,6369,102,76.35,Pieces
4703,9276,31,348.87,Pieces
4704,4709,71,184.12,Pieces
4705,5302,56,56.77,Kg
4706,3451,3,130.39,Kg
4707,4698,8,424.09,Kg
4708,581,45,311.69,Kg
4709,1222,84,32.21,Liters
4710,133,9,224.15,Kg
4711,8302,148,1.4,Liters
4712,8118,26,7.02,Liters
4713,3218,113,256.79,Pieces
4714,4426,122,262.89,Liters
4715,8812,51,257.51,Pieces
4716,1789,98,64.73,Pieces
4717,6364,69,325.74,Liters
4718,9351,63,111.52,Liters
4719,9094,108,476.5,Pieces
4720,7964,1,171.31,Liters
4721,2509,62,104.41,Kg
4722,6178,134,140.52,Kg
4723,2153,25,237.33,Kg
4724,662,148,92.3,Pieces
4725,5175,136,354.18,Pieces
4726,7763,146,285.53,Liters
4727,4524,88,229.88,Pieces
4728,8056,39,342.72,Liters
4729,2647,124,222.55,Liters
4730,42,126,197.67,Pieces
4731,8612,50,389.74,Pieces
4732,9504,132,129.79,Pieces
4733,6890,20,319.0,Pieces
4734,192,65,64.05,Kg
4735,5107,95,37.99,Liters
4736,1053,130,272.19,Liters
4737,2790,109,247.13,Liters
4738,5268,57,427.41,Liters
4739,5865,98,106.15,Liters
4740,9025,112,208.15,Pieces
4741,7581,73,75.63,Liters
4742,6564,122,127.42,Kg
4743,2250,20,439.88,Pieces
4744,1597,15,155.23,Pieces
4745,390,113,48.49,Liters
4746,5054,94,277.36,Liters
4747,4121,34,297.04,Pieces
4748,9857,32,324.13,Kg
4749,9468,49,424.34,Pieces
4750,3531,52,453.78,Pieces
4751,9359,63,338.14,Kg
4752,8952,46,170.45,Pieces
4753,346,132,265.75,Kg
4754,8780,12,295.37,Liters
4755,895,8,287.99,Kg
4756,1494,57,326.2,Kg
4757,4484,92,123.74,Liters
4758,5483,131,469.22,Liters
4759,3587,147,332.0,Liters
4760,6267,17,263.34,Kg
4761,9965,100,244.16,Liters
4762,8620,111,331.47,Kg
4763,4416,52,357.19,Liters
4764,1884,76,388.36,Liters
4765,1340,95,216.46,Kg
4766,4921,114,32.64,Liters
4767,8200,11,342.81,Pieces
4768,5237,140,26.78,Pieces
4769,1116,105,272.8,Kg
4770,6235,33,460.21,Liters
4771,5857,17,228.57,Kg
4772,8320,66,249.39,Kg
4773,2278,138,122.82,Kg
4774,6809,36,155.57,Kg
4775,8488,96,424.52,Pieces
4776,7402,131,135.23,Kg
4777,2710,5,480.22,Kg
4778,501,38,187.42,Pieces
4779,1017,82,492.96,Pieces
4780,9992,20,430.44,Pieces
4781,6825,76,171.14,Pieces
4782,1582,81,324.58,Kg
4783,4245,107,52.61,Kg
4784,4455,2,346.97,Pieces
4785,8201,120,248.49,Pieces
4786,7745,56,204.84,Pieces
4787,6243,36,368.53,Pieces
4788,9708,21,18.68,Kg
4789,4245,72,486.73,Kg
4790,9340,45,462.69,Kg
4791,8141,14,238.3,Pieces
4792,8108,104,329.04,Kg
4793,3890,143,320.14,Kg
4794,2491,97,24.27,Pieces
4795,7741,82,350.2,Pieces
4796,8104,86,401.2,Kg
4797,8016,150,433.05,Liters
4798,9035,120,192.04,Kg
4799,2269,40,327.25,Kg
4800,127,132,217.88,Kg
4801,7643,28,79.19,Liters
4802,9867,141,418.48,Kg
4803,1025,148,81.99,Liters
4804,135,22,6.9,Kg
4805,3612,125,226.88,Pieces
4806,2359,85,192.21,Kg
4807,7952,80,160.63,Liters
4808,39,57,337.39,Pieces
4809,1506,145,10.16,Liters
4810,8020,8,367.66,Liters
4811,3260,144,468.37,Kg
4812,4036,18,205.01,Pieces
4813,4917,61,443.21,Kg
4814,8113,74,61.32,Kg
4815,6307,64,465.48,Pieces
4816,3278,31,167.61,Liters
4817,9911,10,474.87,Pieces
4818,1764,30,332.25,Kg
4819,5779,99,20.17,Liters
4820,4265,149,259.93,Kg
4821,4945,41,145.55,Pieces
4822,1469,113,438.36,Kg
4823,4819,135,131.36,Kg
4824,2500,90,66.89,Liters
4825,5486,3,87.09,Kg
4826,2764,124,200.56,Pieces
4827,7192,44,309.8,Kg
4828,4227,103,270.0,Kg
4829,9414,139,398.26,Pieces
4830,6246,19,269.04,Pieces
4831,3644,82,365.69,Pieces
4832,597,36,302.89,Kg
4833,2526,12,305.77,Pieces
4834,3603,64,424.17,Liters
4835,327,103,270.58,Liters
4836,881,57,315.57,Liters
4837,2720,62,100.22,Pieces
4838,6119,70,442.99,Kg
4839,4066,123,63.37,Liters
4840,8540,62,21.9,Pieces
4841,3986,2,66.2,Pieces
4842,8125,43,109.82,Pieces
4843,9728,34,91.66,Liters
4844,3358,117,16.51,Pieces
4845,3637,56,11.02,Pieces
4846,998,135,459.19,Liters
4847,3938,55,205.14,Kg
4848,3818,32,394.05,Liters
4849,7668,91,482.47,Pieces
4850,2276,91,494.29,Pieces
4851,5818,115,254.97,Liters
4852,9236,41,213.51,Liters
4853,7513,39,125.1,Pieces
4854,1964,41,103.95,Liters
4855,7215,64,304.8,Pieces
4856,5371,15,280.18,Pieces
4857,1465,149,194.14,Kg
4858,9281,6,260.16,Kg
4859,6484,62,307.28,Kg
4860,4851,119,21.69,Liters
4861,8371,84,268.32,Pieces
4862,8575,57,360.26,Liters
4863,6744,143,41.04,Liters
4864,791,9,112.38,Liters
4865,896,72,37.33,Liters
4866,5867,36,497.87,Kg
4867,2109,97,324.93,Pieces
4868,1509,43,58.19,Pieces
4869,6315,24,377.64,Pieces
4870,7050,78,158.07,Kg
4871,4204,43,94.06,Liters
4872,6192,2,315.53,Pieces
4873,3375,17,5.42,Pieces
4874,9241,55,30.18,Liters
4875,2323,14,20.02,Pieces
4876,4575,137,211.04,Kg
4877,8473,92,216.53,Liters
4878,535,122,161.35,Liters
4879,2288,131,381.73,Pieces
4880,2748,72,484.81,Liters
4881,7176,50,46.23,Liters
4882,4295,137,198.1,Kg
4883,4913,117,343.24,Pieces
4884,4595,52,384.69,Kg
4885,5048,121,424.22,Kg
4886,2084,124,85.44,Liters
4887,5201,40,322.94,Kg
4888,6704,131,80.79,Pieces
4889,2879,36,158.92,Liters
4890,7498,92,106.82,Kg
4891,7247,26,41.04,Pieces
4892,6146,45,28.84,Kg
4893,9895,10,465.0,Liters
4894,8065,64,371.48,Pieces
4895,8191,140,434.08,Liters
4896,1886,115,493.89,Kg
4897,1523,121,188.27,Pieces
4898,811,22,13.53,Liters
4899,3810,11,115.39,Liters
4900,5762,55,310.81,Liters
4901,8455,51,472.42,Kg
4902,5209,52,488.57,Kg
4903,1451,64,376.21,Liters
4904,1313,35,171.76,Kg
4905,8289,114,80.95,Kg
4906,6587,92,51.64,Kg
4907,5128,122,365.84,Pieces
4908,8368,9,301.94,Kg
4909,6840,59,45.07,Kg
4910,6376,25,442.85,Liters
4911,8805,97,184.22,Liters
4912,5788,125,78.14,Kg
4913,7098,96,259.23,Pieces
4914,5728,38,485.81,Pieces
4915,7980,38,60.32,Pieces
4916,7051,123,320.57,Liters
4917,4996,25,82.58,Liters
4918,31,24,269.37,Pieces
4919,1796,94,50.89,Kg
4920,9342,97,385.2,Kg
4921,596,73,383.07,Kg
4922,2464,111,129.6,Pieces
4923,526,105,274.32,Liters
4924,9277,107,403.22,Liters
4925,404,133,149.98,Kg
4926,975,13,387.95,Kg
4927,4213,81,48.23,Kg
4928,7371,119,70.83,Pieces
4929,8105,142,495.04,Liters
4930,3796,47,330.12,Kg
4931,8831,84,119.09,Kg
4932,6260,46,417.05,Liters
4933,2106,44,115.2,Kg
4934,6018,65,495.16,Kg
4935,9055,119,296.46,Kg
4936,831,140,415.37,Kg
4937,3751,1,370.58,Kg
4938,9350,6,192.66,Kg
4939,1707,28,283.25,Pieces
4940,1427,145,179.08,Pieces
4941,3424,75,33.74,Kg
4942,7136,67,248.55,Liters
4943,5191,149,320.39,Liters
4944,3698,66,398.11,Pieces
4945,7234,122,495.93,Liters
4946,1293,43,313.81,Liters
4947,5203,84,435.23,Liters
4948,6048,100,148.77,Pieces
4949,8245,34,399.53,Pieces
4950,7407,58,153.66,Pieces
4951,1979,133,257.37,Kg
4952,1752,38,466.34,Liters
4953,7044,104,326.29,Liters
4954,5803,105,124.76,Kg
4955,4175,75,495.75,Kg
4956,8168,6,162.81,Liters
4957,419,108,410.45,Kg
4958,1553,110,482.57,Kg
4959,3169,79,148.45,Pieces
4960,5602,47,47.98,Kg
4961,2404,7,221.66,Pieces
4962,5647,65,45.3,Liters
4963,5994,12,352.81,Pieces
4964,1566,89,149.41,Pieces
4965,9489,54,67.18,Liters
4966,6665,110,469.53,Liters
4967,5441,116,155.03,Kg
4968,9837,98,105.38,Pieces
4969,9795,144,76.11,Pieces
4970,3594,113,412.25,Liters
4971,7090,101,390.05,Pieces
4972,1040,14,148.58,Liters
4973,820,27,104.13,Kg
4974,6152,140,7.3,Kg
4975,5934,85,305.12,Kg
4976,3558,147,237.04,Kg
4977,7035,6,270.77,Kg
4978,2865,143,61.28,Liters
4979,7763,97,338.61,Liters
4980,2768,125,13.83,Kg
4981,8905,107,115.98,Liters
4982,8271,24,2.57,Kg
4983,6890,123,269.0,Pieces
4984,2920,143,212.55,Pieces
4985,5088,78,310.56,Kg
4986,9976,84,454.94,Kg
4987,5177,130,372.83,Kg
4988,1507,100,240.14,Liters
4989,1514,84,264.59,Kg
4990,9861,147,264.61,Liters
4991,2755,65,460.63,Liters
4992,707,35,46.29,Pieces
4993,2167,139,362.45,Pieces
4994,1844,7,79.99,Liters
4995,6118,97,485.43,Pieces
4996,7948,87,138.09,Liters
4997,2486,25,352.86,Kg
4998,6263,80,71.31,Pieces
4999,1919,60,474.76,Liters
5000,4932,57,203.31,Pieces
5001,7239,9,365.84,Kg
5002,7459,65,137.51,Pieces
5003,2377,67,433.59,Liters
5004,6862,13,363.23,Liters
5005,7196,96,74.29,Liters
5006,1197,108,367.23,Kg
5007,9186,118,439.56,Kg
5008,5208,46,47.23,Pieces
5009,1417,37,28.3,Pieces
5010,2771,45,411.68,Liters
5011,1404,18,31.51,Liters
5012,7641,107,143.57,Pieces
5013,9332,145,299.8,Pieces
5014,9684,115,420.6,Kg
5015,548,3,360.8,Kg
5016,7839,10,48.41,Liters
5017,8256,101,386.16,Kg
5018,5004,70,224.12,Kg
5019,9923,31,224.1,Liters
5020,8395,26,88.52,Liters
5021,5217,52,447.99,Pieces
5022,3375,127,459.66,Kg
5023,1279,117,227.91,Liters
5024,1747,150,109.16,Kg
5025,4625,89,315.37,Pieces
5026,7068,124,60.98,Liters
5027,8028,143,473.65,Liters
5028,9254,82,361.7,Liters
5029,2485,19,197.65,Pieces
5030,541,26,427.69,Liters
5031,2697,77,305.12,Pieces
5032,9842,94,61.09,Kg
5033,4248,72,51.02,Pieces
5034,2268,131,213.48,Pieces
5035,274,141,62.02,Pieces
5036,6695,34,335.15,Kg
5037,718,102,62.94,Pieces
5038,8121,13,390.07,Kg
5039,6058,108,242.44,Pieces
5040,9152,21,22.92,Pieces
5041,2543,125,394.64,Liters
5042,2386,127,445.77,Pieces
5043,1696,53,91.97,Kg
5044,5823,3,400.06,Kg
5045,5470,81,286.68,Kg
5046,4495,130,200.43,Pieces
5047,6716,48,60.41,Kg
5048,3171,42,137.19,Liters
5049,4125,98,157.79,Kg
5050,7788,129,18.45,Liters
5051,5818,10,131.36,Pieces
5052,7662,71,98.63,Kg
5053,7414,67,495.22,Liters
5054,3919,62,339.26,Pieces
5055,3810,101,297.14,Kg
5056,9907,38,1.83,Pieces
5057,9563,77,193.07,Kg
5058,1949,119,369.8,Liters
5059,2311,123,246.04,Pieces
5060,298,16,101.25,Pieces
5061,2080,49,64.39,Kg
5062,8280,7,390.61,Liters
5063,5665,47,57.67,Liters
5064,9413,73,327.93,Kg
5065,3625,48,184.02,Liters
5066,7658,33,310.76,Kg
5067,4869,4,432.83,Pieces
5068,9678,8,155.82,Liters
5069,4282,20,443.12,Kg
5070,661,84,190.99,Liters
5071,4266,59,41.4,Kg
5072,5188,91,205.06,Liters
5073,5267,138,93.76,Liters
5074,9901,104,33.7,Liters
5075,5150,69,227.57,Kg
5076,3127,149,22.59,Liters
5077,7339,58,352.01,Kg
5078,6369,2,102.32,Kg
5079,9607,60,183.42,Kg
5080,6499,113,84.5,Kg
5081,4270,49,123.13,Kg
5082,9502,123,29.4,Kg
5083,2234,114,127.2,Pieces
5084,9853,135,213.48,Liters
5085,2796,52,295.82,Kg
5086,8630,142,341.57,Kg
5087,8842,16,3.33,Liters
5088,138,110,413.37,Kg
5089,3449,124,218.88,Kg
5090,4694,2,261.97,Liters
5091,2905,120,312.05,Pieces
5092,720,22,447.73,Kg
5093,8752,93,477.75,Kg
5094,763,150,499.28,Pieces
5095,7297,138,126.11,Pieces
5096,8859,46,142.18,Pieces
5097,6966,48,478.83,Kg
5098,86,126,269.56,Pieces
5099,3351,58,344.56,Pieces
5100,8882,42,494.58,Liters
5101,1128,39,224.36,Kg
5102,1474,130,302.22,Kg
5103,8462,125,267.32,Liters
5104,887,102,104.34,Pieces
5105,444,109,439.94,Kg
5106,6825,108,460.83,Kg
5107,3127,116,70.19,Liters
5108,1432,124,187.18,Pieces
5109,7647,132,398.32,Kg
5110,4485,90,109.66,Liters
5111,8500,15,448.71,Kg
5112,2512,150,340.12,Pieces
5113,5194,68,21.32,Kg
5114,2950,73,347.67,Pieces
5115,8304,38,214.83,Pieces
5116,2,2,129.64,Liters
5117,9798,105,394.99,Kg
5118,2230,91,323.05,Kg
5119,8660,138,365.65,Pieces
5120,4069,128,92.67,Kg
5121,6474,128,308.15,Liters
5122,1316,111,142.15,Kg
5123,6434,113,228.67,Liters
5124,4310,139,379.44,Kg
5125,7425,30,291.42,Pieces
5126,1355,96,206.36,Pieces
5127,3605,38,481.0,Kg
5128,9783,3,280.01,Kg
5129,734,108,437.32,Pieces
5130,9939,116,117.97,Kg
5131,8394,147,320.67,Kg
5132,1504,79,101.36,Kg
5133,4395,14,221.25,Liters
5134,4721,51,83.54,Liters
5135,6486,107,455.73,Liters
5136,2702,107,118.51,Liters
5137,7812,89,364.63,Kg
5138,937,146,236.2,Pieces
5139,7680,23,376.82,Pieces
5140,6622,130,455.03,Pieces
5141,5772,25,430.85,Pieces
5142,5329,16,394.0,Pieces
5143,1067,46,131.29,Liters
5144,9840,45,177.61,Liters
5145,2776,121,471.9,Kg
5146,977,133,392.84,Liters
5147,481,149,18.68,Liters
5148,23,141,479.03,Liters
5149,4694,56,248.77,Kg
5150,5304,97,300.44,Liters
5151,2100,35,133.97,Kg
5152,1172,111,435.0,Liters
5153,3037,30,278.76,Kg
5154,4956,76,477.64,Pieces
5155,5519,150,210.52,Pieces
5156,5076,89,256.45,Liters
5157,9543,107,421.66,Liters
5158,8986,38,405.2,Liters
5159,1747,109,127.44,Pieces
5160,6480,55,464.81,Liters
5161,8482,149,32.45,Pieces
5162,3530,12,457.78,Liters
5163,3759,24,386.4,Pieces
5164,599,75,101.99,Kg
5165,4327,72,289.23,Kg
5166,1108,93,243.65,Pieces
5167,6647,74,346.97,Liters
5168,2714,142,41.24,Liters
5169,5804,119,79.07,Kg
5170,232,104,333.05,Pieces
5171,4387,7,194.34,Kg
5172,514,5,164.78,Liters
5173,7141,106,304.89,Liters
5174,9775,19,27.19,Kg
5175,1955,111,136.46,Pieces
5176,6351,145,177.44,Kg
5177,9027,71,239.26,Kg
5178,7329,115,18.22,Liters
5179,870,84,267.74,Pieces
5180,2898,22,239.68,Kg
5181,7048,74,235.76,Pieces
5182,2255,4,25.44,Kg
5183,6232,76,494.63,Kg
5184,9957,102,340.52,Liters
5185,5223,123,196.06,Pieces
5186,62,44,463.06,Liters
5187,166,129,138.43,Kg
5188,9192,134,285.72,Kg
5189,5763,102,313.26,Liters
5190,1905,44,74.82,Pieces
5191,7761,93,286.69,Kg
5192,387,38,322.95,Liters
5193,63,107,393.07,Pieces
5194,6320,118,466.65,Kg
5195,5180,78,476.86,Pieces
5196,7664,118,81.21,Kg
5197,4685,100,254.9,Kg
5198,192,83,325.8,Kg
5199,816,39,421.92,Kg
5200,9316,3,217.48,Pieces
5201,2098,142,456.27,Liters
5202,1435,61,194.51,Kg
5203,9854,81,167.04,Liters
5204,2517,113,109.56,Kg
5205,10000,40,399.72,Liters
5206,2300,72,199.08,Liters
5207,244,118,317.07,Liters
5208,6523,139,377.28,Pieces
5209,3413,52,464.32,Liters
5210,329,53,122.69,Pieces
5211,7470,60,499.1,Kg
5212,9374,137,453.7,Liters
5213,3490,57,115.32,Pieces
5214,8324,133,166.81,Liters
5215,1626,69,439.34,Kg
5216,7952,19,303.24,Kg
5217,6071,37,251.48,Liters
5218,8719,129,445.84,Kg
5219,7086,9,349.12,Liters
5220,7324,115,213.41,Liters
5221,1814,7,311.69,Kg
5222,686,77,486.7,Kg
5223,5549,86,164.77,Liters
5224,3781,143,302.98,Kg
5225,4650,31,102.86,Kg
5226,7883,113,49.63,Liters
5227,6949,83,257.54,Liters
5228,5252,132,490.51,Kg
5229,2467,115,465.02,Kg
5230,4658,14,37.95,Liters
5231,1269,60,438.85,Liters
5232,4618,74,50.86,Pieces
5233,4734,138,246.79,Pieces
5234,4351,76,74.01,Liters
5235,6992,41,492.21,Liters
5236,2680,132,26.94,Kg
5237,6626,72,53.59,Pieces
5238,4809,35,145.15,Kg
5239,4537,13,353.83,Kg
5240,1223,136,204.58,Kg
5241,9714,134,402.66,Pieces
5242,6842,24,355.17,Liters
5243,7622,6,11.11,Liters
5244,1844,6,478.49,Liters
5245,7033,117,120.38,Liters
5246,2011,120,486.4,Kg
5247,4044,9,42.67,Pieces
5248,7329,104,83.05,Liters
5249,3028,53,143.38,Pieces
5250,6426,121,478.7,Kg
5251,5063,137,454.45,Liters
5252,7987,55,33.18,Kg
5253,2488,134,407.37,Liters
5254,2970,38,72.55,Pieces
5255,3702,28,144.25,Kg
5256,9833,56,215.7,Kg
5257,6243,85,18.03,Pieces
5258,4095,42,455.1,Pieces
5259,8651,27,480.33,Pieces
5260,2488,129,166.74,Kg
5261,6698,4,38.83,Pieces
5262,6193,99,60.32,Liters
5263,6787,107,210.95,Kg
5264,3795,26,422.58,Liters
5265,3947,141,133.54,Kg
5266,8719,96,331.41,Kg
5267,7124,90,138.18,Pieces
5268,2248,60,332.28,Liters
5269,1540,62,87.17,Liters
5270,5677,147,163.31,Liters
5271,3549,59,49.36,Liters
5272,9995,139,147.22,Pieces
5273,691,115,308.45,Kg
5274,3808,145,347.64,Liters
5275,7515,69,189.29,Kg
5276,4537,63,255.03,Pieces
5277,7625,116,336.18,Kg
5278,7452,29,404.73,Liters
5279,8233,92,352.23,Pieces
5280,914,59,318.83,Kg
5281,2253,54,405.81,Pieces
5282,2199,98,207.36,Kg
5283,4995,26,29.23,Liters
5284,1611,79,446.92,Kg
5285,3055,59,47.47,Kg
5286,8583,147,483.9,Kg
5287,2763,85,170.53,Pieces
5288,5001,39,320.43,Pieces
5289,8951,70,290.73,Liters
5290,8341,130,390.03,Kg
5291,9740,51,472.03,Kg
5292,5611,119,420.72,Pieces
5293,3096,8,484.81,Pieces
5294,9714,80,249.15,Kg
5295,7659,134,207.06,Kg
5296,8313,91,221.23,Pieces
5297,9213,29,160.59,Kg
5298,8463,55,490.03,Kg
5299,2491,40,397.21,Kg
5300,6114,38,217.45,Kg
5301,1778,99,288.14,Pieces
5302,9425,99,402.9,Pieces
5303,7699,115,129.07,Pieces
5304,4898,15,260.93,Kg
5305,9413,114,1.33,Kg
5306,6982,97,452.38,Liters
5307,9280,139,320.03,Liters
5308,3543,3,142.22,Pieces
5309,2791,51,359.71,Liters
5310,9083,52,452.97,Kg
5311,5098,138,15.65,Kg
5312,7056,128,478.14,Kg
5313,1271,105,240.15,Kg
5314,969,42,168.78,Pieces
5315,9215,87,356.64,Pieces
5316,8740,72,91.32,Liters
5317,478,128,21.77,Liters
5318,1650,126,222.74,Pieces
5319,9485,133,416.16,Liters
5320,1502,120,162.85,Kg
5321,6803,116,147.61,Pieces
5322,7022,93,435.92,Kg
5323,550,113,105.95,Pieces
5324,3681,135,353.78,Liters
5325,6753,9,449.03,Kg
5326,6502,88,211.68,Kg
5327,1086,49,256.46,Liters
5328,4792,119,9.86,Liters
5329,3873,12,76.19,Kg
5330,4871,6,477.68,Kg
5331,5263,95,448.96,Kg
5332,4733,104,278.6,Liters
5333,7074,120,98.36,Liters
5334,7244,54,91.87,Liters
5335,5295,83,458.49,Kg
5336,2651,51,88.44,Pieces
5337,5459,107,384.35,Pieces
5338,955,55,360.25,Liters
5339,491,129,22.22,Pieces
5340,8789,44,397.13,Liters
5341,5173,76,249.31,Kg
5342,3284,28,398.6,Liters
5343,2667,125,48.39,Liters
5344,1062,46,458.37,Kg
5345,4480,53,460.48,Kg
5346,4321,42,497.65,Liters
5347,3734,85,58.1,Liters
5348,6116,86,243.08,Kg
5349,7560,57,419.2,Liters
5350,3410,22,311.86,Pieces
5351,7562,87,20.83,Liters
5352,6110,57,302.35,Pieces
5353,7648,55,295.12,Liters
5354,4997,62,143.0,Pieces
5355,160,81,490.33,Kg
5356,149,106,177.97,Liters
5357,2512,2,349.6,Kg
5358,6132,96,253.92,Liters
5359,201,120,414.16,Kg
5360,536,57,345.17,Liters
5361,6913,31,325.13,Pieces
5362,9527,91,229.26,Pieces
5363,7560,148,491.71,Liters
5364,4893,75,47.66,Liters
5365,9614,46,337.33,Kg
5366,3112,22,479.4,Liters
5367,9847,95,357.62,Kg
5368,8330,119,403.47,Pieces
5369,3948,145,378.41,Kg
5370,3791,12,415.57,Pieces
5371,8019,51,36.79,Pieces
5372,4644,18,100.37,Liters
5373,196,60,401.21,Liters
5374,9204,130,382.7,Kg
5375,1497,67,238.17,Kg
5376,2377,143,146.37,Pieces
5377,2473,142,263.34,Kg
5378,2244,109,375.71,Kg
5379,6931,64,23.16,Liters
5380,9266,21,87.4,Pieces
5381,3568,36,190.19,Liters
5382,338,136,237.29,Kg
5383,3042,40,143.69,Liters
5384,4358,116,289.08,Liters
5385,3021,21,216.37,Pieces
5386,2629,90,237.38,Kg
5387,9408,129,478.41,Kg
5388,6783,145,303.65,Pieces
5389,1380,6,320.82,Liters
5390,3426,139,7.1,Liters
5391,4813,28,71.67,Pieces
5392,5858,30,352.56,Liters
5393,7715,21,230.9,Liters
5394,3301,37,178.43,Kg
5395,4826,17,431.33,Pieces
5396,7154,84,36.35,Kg
5397,8148,37,380.98,Kg
5398,9919,30,464.96,Liters
5399,2460,9,438.98,Liters
5400,1896,21,149.27,Liters
5401,5980,121,491.44,Pieces
5402,5777,66,366.87,Liters
5403,7057,68,158.58,Liters
5404,8469,45,394.37,Pieces
5405,6786,107,155.12,Liters
5406,6112,108,65.63,Pieces
5407,4902,25,451.71,Kg
5408,5314,86,19.67,Pieces
5409,8482,25,334.38,Kg
5410,7034,17,65.54,Liters
5411,9530,148,127.94,Kg
5412,4372,39,111.54,Kg
5413,9258,62,407.35,Liters
5414,167,72,204.39,Liters
5415,4557,138,341.43,Liters
5416,5164,97,420.51,Liters
5417,9759,49,16.85,Liters
5418,1302,109,316.86,Pieces
5419,7612,19,149.07,Liters
5420,586,100,154.24,Pieces
5421,1118,26,18.17,Liters
5422,2560,69,378.52,Liters
5423,5379,36,13.81,Liters
5424,1682,34,362.5,Pieces
5425,6111,45,458.3,Pieces
5426,7137,107,71.45,Kg
5427,3529,29,29.49,Liters
5428,1432,138,260.27,Pieces
5429,5721,21,291.5,Liters
5430,9114,12,365.56,Kg
5431,9202,13,149.18,Kg
5432,4619,10,292.49,Pieces
5433,4906,93,142.29,Pieces
5434,6524,77,149.61,Pieces
5435,1608,24,98.64,Liters
5436,4751,125,132.72,Pieces
5437,2013,18,5.81,Pieces
5438,5423,12,30.8,Liters
5439,6850,59,406.61,Kg
5440,8085,79,136.0,Pieces
5441,1322,105,86.96,Pieces
5442,6864,36,480.02,Pieces
5443,6208,122,294.66,Liters
5444,6540,99,169.24,Pieces
5445,1224,8,133.83,Liters
5446,650,68,314.5,Liters
5447,6748,111,411.28,Pieces
5448,8422,38,439.17,Pieces
5449,4626,94,73.71,Kg
5450,7143,130,252.9,Pieces
5451,8318,27,206.34,Liters
5452,3249,79,125.13,Pieces
5453,5196,90,58.76,Kg
5454,917,56,95.96,Liters
5455,1914,1,327.79,Kg
5456,3062,7,465.72,Liters
5457,7274,21,454.16,Kg
5458,9765,132,363.4,Pieces
5459,7201,106,214.71,Pieces
5460,2052,126,410.46,Kg
5461,9407,125,54.29,Pieces
5462,8959,82,294.46,Pieces
5463,9665,140,180.93,Kg
5464,7893,65,238.22,Liters
5465,677,68,398.82,Kg
5466,8884,85,130.92,Pieces
5467,1770,16,300.19,Liters
5468,2705,112,172.46,Liters
5469,2981,17,244.75,Kg
5470,3136,133,441.0,Kg
5471,291,52,258.7,Liters
5472,3656,139,268.67,Liters
5473,8243,6,313.58,Kg
5474,1355,146,457.08,Pieces
5475,6316,8,87.28,Pieces
5476,8876,2,455.63,Kg
5477,1781,96,243.74,Pieces
5478,1815,20,338.78,Kg
5479,7070,22,322.65,Pieces
5480,6761,12,392.38,Liters
5481,6065,16,481.02,Kg
5482,7827,42,335.18,Liters
5483,6856,128,477.3,Pieces
5484,3560,23,225.46,Kg
5485,5680,79,413.74,Liters
5486,9457,86,42.32,Kg
5487,328,61,386.48,Kg
5488,7078,35,14.59,Kg
5489,1571,96,416.18,Liters
5490,4165,22,493.59,Pieces
5491,8874,106,321.45,Kg
5492,5200,148,288.47,Liters
5493,7162,78,127.61,Pieces
5494,6720,87,160.58,Liters
5495,4300,32,244.79,Kg
5496,630,101,67.88,Pieces
5497,6312,140,42.47,Kg
5498,5259,85,86.76,Kg
5499,8103,98,341.44,Kg
5500,3209,40,245.8,Kg
5501,79,49,450.34,Pieces
5502,7857,8,158.21,Pieces
5503,9550,35,345.13,Kg
5504,5834,94,433.84,Kg
5505,1593,32,33.6,Liters
5506,786,15,458.58,Liters
5507,3135,31,426.11,Kg
5508,785,75,70.49,Pieces
5509,6159,77,117.9,Liters
5510,6025,93,131.29,Kg
5511,1867,101,225.37,Pieces
5512,2109,27,312.13,Liters
5513,8759,80,473.92,Kg
5514,4175,52,179.59,Liters
5515,6574,139,187.3,Kg
5516,5342,115,389.62,Pieces
5517,2073,13,223.26,Kg
5518,5190,113,126.79,Kg
5519,7682,46,53.41,Liters
5520,6491,23,456.45,Kg
5521,9585,139,410.53,Liters
5522,2980,83,287.61,Kg
5523,2781,35,293.24,Liters
5524,3564,38,158.69,Liters
5525,7634,121,429.93,Kg
5526,4806,29,106.45,Liters
5527,793,50,473.67,Pieces
5528,1808,15,273.97,Pieces
5529,1603,143,452.86,Kg
5530,8202,104,97.11,Liters
5531,8280,34,73.07,Liters
5532,2696,92,386.39,Kg
5533,1570,87,368.42,Pieces
5534,7219,145,269.22,Liters
5535,1547,65,290.24,Kg
5536,7049,90,286.57,Pieces
5537,721,61,364.3,Pieces
5538,3436,56,238.48,Kg
5539,7979,126,320.05,Kg
5540,3368,129,370.33,Kg
5541,4293,81,308.51,Kg
5542,3765,53,12.19,Pieces
5543,248,96,327.36,Kg
5544,3926,130,422.84,Pieces
5545,386,145,237.49,Pieces
5546,5520,140,427.26,Kg
5547,3514,111,294.46,Pieces
5548,8615,95,354.23,Kg
5549,1637,56,188.99,Kg
5550,4525,14,70.31,Liters
5551,6839,55,131.01,Liters
5552,2556,41,284.07,Pieces
5553,3404,150,105.7,Kg
5554,5541,98,318.81,Liters
5555,483,141,174.69,Pieces
5556,3364,80,283.47,Liters
5557,8743,68,463.79,Liters
5558,1374,110,356.73,Pieces
5559,3311,53,204.18,Pieces
5560,2077,76,20.32,Pieces
5561,3537,140,246.95,Liters
5562,9143,35,12.94,Pieces
5563,8333,130,405.68,Liters
5564,6153,47,330.22,Kg
5565,5872,5,362.58,Pieces
5566,1950,91,248.67,Pieces
5567,5633,48,56.94,Kg
5568,9850,107,487.51,Kg
5569,6408,112,48.27,Pieces
5570,5643,58,203.85,Kg
5571,5719,107,443.65,Pieces
5572,1448,100,153.82,Kg
5573,4135,4,198.07,Kg
5574,435,21,169.32,Liters
5575,1111,55,76.52,Kg
5576,2484,129,269.68,Pieces
5577,4083,44,467.09,Kg
5578,2674,70,337.27,Liters
5579,3360,64,271.56,Liters
5580,5735,27,171.69,Pieces
5581,4035,150,159.87,Kg
5582,506,125,243.47,Pieces
5583,6509,53,6.35,Pieces
5584,7433,54,121.89,Kg
5585,5554,15,76.72,Kg
5586,2750,140,259.63,Liters
5587,87,39,377.04,Pieces
5588,1139,91,315.03,Liters
5589,7414,69,410.52,Pieces
5590,3679,132,391.83,Liters
5591,1054,9,305.1,Kg
5592,5415,44,196.0,Kg
5593,6046,7,280.99,Pieces
5594,491,90,179.49,Kg
5595,7901,95,269.1,Liters
5596,1900,83,67.51,Kg
5597,1077,108,438.62,Pieces
5598,8326,150,29.13,Pieces
5599,1431,22,415.15,Kg
5600,4313,89,185.39,Kg
5601,7023,42,129.57,Kg
5602,384,108,50.84,Pieces
5603,8517,111,298.21,Kg
5604,8508,58,11.25,Kg
5605,8740,47,87.1,Kg
5606,7889,91,457.49,Kg
5607,8242,105,158.97,Pieces
5608,2524,88,437.56,Pieces
5609,7189,14,181.55,Kg
5610,3239,75,293.12,Kg
5611,2771,17,418.84,Liters
5612,8999,139,1.77,Pieces
5613,596,85,372.31,Liters
5614,6561,131,211.5,Pieces
5615,5184,11,414.99,Liters
5616,252,5,41.43,Liters
5617,253,31,124.68,Liters
5618,6452,71,288.82,Pieces
5619,8850,6,240.1,Pieces
5620,3481,74,48.29,Liters
5621,7454,110,345.09,Kg
5622,803,149,132.02,Kg
5623,6381,26,139.02,Kg
5624,3080,135,427.22,Kg
5625,4710,30,137.53,Pieces
5626,9243,3,71.14,Liters
5627,4515,45,250.71,Kg
5628,7344,36,19.99,Kg
5629,1099,70,481.03,Kg
5630,1258,67,369.85,Pieces
5631,2800,101,278.22,Kg
5632,7415,51,104.59,Liters
5633,4499,104,331.23,Kg
5634,747,94,431.94,Liters
5635,6110,106,426.38,Kg
5636,7154,34,258.73,Kg
5637,5893,28,271.76,Liters
5638,6644,87,317.8,Pieces
5639,9196,57,302.47,Liters
5640,2730,138,239.07,Pieces
5641,9364,99,136.4,Pieces
5642,9521,143,440.36,Kg
5643,3784,88,442.53,Kg
5644,201,73,18.07,Pieces
5645,9938,69,195.77,Pieces
5646,6545,2,431.17,Kg
5647,8689,11,82.03,Pieces
5648,7557,96,414.76,Pieces
5649,9046,63,321.29,Pieces
5650,2435,16,455.01,Pieces
5651,6815,47,91.08,Kg
5652,2311,115,391.45,Pieces
5653,5462,105,223.43,Pieces
5654,9781,80,451.3,Pieces
5655,6089,34,106.41,Pieces
5656,229,91,277.73,Kg
5657,3843,139,381.42,Pieces
5658,459,128,311.26,Liters
5659,2472,124,31.38,Pieces
5660,7089,140,280.3,Pieces
5661,1840,41,16.81,Pieces
5662,3877,67,402.04,Pieces
5663,2548,10,384.16,Liters
5664,1269,150,62.81,Kg
5665,8053,50,301.33,Pieces
5666,9936,30,410.08,Kg
5667,8157,30,79.33,Liters
5668,8381,99,427.49,Pieces
5669,8024,121,411.25,Pieces
5670,5429,36,3.19,Liters
5671,3139,9,52.69,Kg
5672,9592,140,336.07,Pieces
5673,1089,31,48.59,Liters
5674,8175,70,385.81,Pieces
5675,507,61,18.53,Liters
5676,251,108,345.13,Liters
5677,3998,107,72.6,Kg
5678,3319,93,191.52,Liters
5679,2951,80,182.36,Liters
5680,3179,48,294.83,Kg
5681,8627,49,488.44,Liters
5682,2869,46,155.78,Kg
5683,9950,62,77.0,Pieces
5684,7418,58,478.29,Kg
5685,4523,15,182.63,Kg
5686,1275,29,179.74,Kg
5687,6690,98,194.23,Kg
5688,2312,28,20.69,Kg
5689,1281,94,222.49,Liters
5690,1986,130,413.61,Pieces
5691,4082,55,473.38,Pieces
5692,5687,76,480.45,Pieces
5693,3985,12,59.15,Pieces
5694,8009,142,398.23,Liters
5695,4618,11,172.12,Liters
5696,3264,109,453.52,Kg
5697,7357,71,214.4,Pieces
5698,9972,113,466.14,Pieces
5699,2693,83,459.33,Liters
5700,6915,11,133.82,Liters
5701,5166,99,197.33,Pieces
5702,9804,136,436.33,Liters
5703,8323,38,156.51,Liters
5704,1289,147,323.6,Pieces
5705,5357,82,230.74,Liters
5706,6407,74,128.51,Kg
5707,6932,43,235.15,Kg
5708,6766,139,22.05,Kg
5709,834,64,384.6,Liters
5710,6831,98,181.92,Liters
5711,8604,65,35.95,Pieces
5712,6110,117,445.71,Pieces
5713,2507,136,377.42,Liters
5714,4756,95,22.67,Kg
5715,6609,118,99.39,Kg
5716,5357,39,226.41,Kg
5717,9375,31,240.86,Kg
5718,5532,78,450.27,Liters
5719,3705,115,285.17,Liters
5720,245,82,392.38,Liters
5721,3699,50,229.45,Kg
5722,885,79,62.92,Pieces
5723,6577,143,457.08,Kg
5724,9712,33,383.28,Pieces
5725,97,45,192.62,Liters
5726,6808,6,429.75,Pieces
5727,1983,9,173.4,Liters
5728,33,24,41.96,Kg
5729,9859,106,90.18,Kg
5730,3058,144,286.43,Liters
5731,5726,14,343.48,Liters
5732,1241,77,11.7,Liters
5733,9428,78,281.54,Pieces
5734,4090,44,427.86,Pieces
5735,8089,52,332.06,Liters
5736,5926,28,288.7,Pieces
5737,9624,127,243.54,Liters
5738,1324,33,167.93,Pieces
5739,9266,11,253.47,Pieces
5740,9075,143,226.19,Kg
5741,4259,114,368.44,Kg
5742,69,104,6.62,Liters
5743,4137,73,303.19,Kg
5744,8021,9,144.44,Pieces
5745,9364,128,342.17,Kg
5746,8199,85,468.09,Pieces
5747,9746,97,37.71,Kg
5748,1600,50,160.22,Liters
5749,475,17,41.1,Kg
5750,4723,65,363.63,Liters
5751,8063,71,230.64,Kg
5752,1629,112,453.43,Pieces
5753,7316,68,441.96,Kg
5754,9866,112,295.48,Liters
5755,3739,23,281.69,Pieces
5756,2598,67,417.16,Pieces
5757,5275,12,72.79,Kg
5758,7526,7,488.01,Kg
5759,6518,2,248.33,Liters
5760,6652,50,45.37,Pieces
5761,2492,17,134.39,Liters
5762,825,73,493.04,Liters
5763,7775,150,368.37,Pieces
5764,586,12,238.76,Pieces
5765,9705,19,40.3,Pieces
5766,4161,65,252.28,Pieces
5767,5614,56,205.6,Kg
5768,357,83,70.03,Kg
5769,7680,149,270.76,Pieces
5770,5112,125,438.99,Liters
5771,9073,132,471.11,Kg
5772,4961,31,57.49,Pieces
5773,2977,31,247.41,Kg
5774,748,141,494.4,Kg
5775,6671,13,65.78,Liters
5776,4067,96,222.57,Liters
5777,4496,4,227.45,Liters
5778,9391,32,487.75,Pieces
5779,9718,75,321.36,Pieces
5780,8686,145,497.3,Liters
5781,8277,141,100.59,Kg
5782,2682,126,64.5,Liters
5783,6843,5,42.6,Liters
5784,6235,129,216.64,Kg
5785,9917,52,451.11,Liters
5786,4833,57,271.47,Pieces
5787,2229,113,139.29,Liters
5788,6712,93,24.53,Pieces
5789,2383,46,471.93,Liters
5790,5529,133,244.37,Pieces
5791,4305,132,30.39,Pieces
5792,9301,21,89.45,Pieces
5793,1755,14,400.98,Kg
5794,68,72,96.61,Kg
5795,6827,34,447.75,Kg
5796,1648,30,446.04,Pieces
5797,7151,109,85.55,Pieces
5798,6979,2,97.58,Kg
5799,3695,95,490.93,Kg
5800,9,137,482.98,Pieces
5801,3325,71,383.77,Liters
5802,2332,59,141.32,Pieces
5803,1582,106,441.88,Kg
5804,4412,31,387.31,Kg
5805,794,34,14.16,Liters
5806,4300,8,187.35,Pieces
5807,9305,16,433.32,Pieces
5808,7583,51,270.96,Liters
5809,7905,17,89.03,Liters
5810,673,135,285.72,Kg
5811,9152,1,108.82,Kg
5812,6144,111,494.6,Liters
5813,2493,11,68.1,Kg
5814,7639,1,418.83,Pieces
5815,7326,34,310.27,Pieces
5816,7463,17,115.05,Pieces
5817,7420,58,159.24,Liters
5818,2992,60,61.51,Pieces
5819,4206,141,93.99,Kg
5820,6325,80,114.61,Pieces
5821,5048,77,192.91,Kg
5822,9421,31,429.31,Kg
5823,156,56,31.71,Pieces
5824,5500,147,117.84,Pieces
5825,6671,148,484.66,Kg
5826,6088,93,219.26,Liters
5827,9685,33,317.94,Liters
5828,3376,127,443.79,Pieces
5829,8692,96,363.59,Kg
5830,7100,68,71.69,Pieces
5831,98,119,241.06,Pieces
5832,4970,57,259.31,Pieces
5833,5295,146,1.25,Kg
5834,3059,32,280.57,Liters
5835,3932,10,122.93,Kg
5836,2343,7,99.17,Kg
5837,3055,109,418.84,Kg
5838,2620,11,484.0,Liters
5839,6618,124,150.99,Pieces
5840,8774,139,232.84,Kg
5841,9117,2,220.98,Pieces
5842,9629,127,394.74,Liters
5843,8027,4,93.53,Liters
5844,1251,3,451.55,Kg
5845,3843,116,9.34,Kg
5846,1008,117,289.4,Pieces
5847,105,62,440.61,Pieces
5848,1766,53,235.37,Liters
5849,4283,57,24.64,Kg
5850,6282,61,391.83,Pieces
5851,9217,99,286.72,Kg
5852,316,131,258.84,Pieces
5853,7140,116,313.54,Pieces
5854,9158,109,176.32,Liters
5855,5980,47,147.69,Liters
5856,672,1,375.53,Pieces
5857,4604,85,241.71,Kg
5858,4976,86,39.49,Kg
5859,6693,16,124.88,Kg
5860,5242,144,35.48,Pieces
5861,5989,65,419.83,Liters
5862,5968,130,350.17,Kg
5863,7457,21,180.25,Pieces
5864,189,36,481.38,Pieces
5865,5296,111,317.25,Liters
5866,9814,28,207.58,Kg
5867,8165,70,318.25,Pieces
5868,4016,116,271.58,Pieces
5869,8846,88,219.11,Kg
5870,441,36,332.94,Liters
5871,6805,69,489.29,Liters
5872,9804,141,420.09,Kg
5873,3093,103,393.0,Pieces
5874,7419,89,262.55,Liters
5875,6848,133,133.35,Pieces
5876,4446,73,149.8,Kg
5877,9450,101,120.82,Liters
5878,6754,20,470.48,Liters
5879,5752,56,388.9,Kg
5880,1931,141,296.18,Liters
5881,2234,107,99.65,Kg
5882,527,144,177.31,Liters
5883,8885,110,216.68,Kg
5884,5224,59,134.15,Liters
5885,6105,45,289.15,Pieces
5886,9954,127,476.15,Pieces
5887,8758,92,49.14,Kg
5888,7300,129,159.93,Kg
5889,2286,143,27.24,Kg
5890,9264,85,216.14,Kg
5891,9408,143,419.1,Liters
5892,4633,110,483.22,Pieces
5893,118,42,186.0,Liters
5894,854,73,278.21,Liters
5895,8808,140,114.81,Kg
5896,469,57,457.18,Kg
5897,184,21,305.78,Pieces
5898,2788,7,85.08,Liters
5899,8816,18,80.94,Pieces
5900,5475,60,171.49,Pieces
5901,4274,91,96.41,Pieces
5902,3560,35,299.52,Kg
5903,6238,88,266.66,Liters
5904,1513,115,75.71,Kg
5905,4402,101,102.13,Pieces
5906,4259,145,155.42,Kg
5907,5643,83,24.25,Pieces
5908,8019,8,351.56,Liters
5909,6344,7,334.96,Pieces
5910,8384,116,118.36,Liters
5911,2012,88,362.38,Liters
5912,7893,14,407.3,Liters
5913,9796,10,74.2,Liters
5914,7146,91,127.0,Liters
5915,1947,84,223.76,Liters
5916,2846,6,209.5,Pieces
5917,1766,90,427.68,Pieces
5918,3859,18,301.95,Pieces
5919,5562,59,31.86,Liters
5920,8827,126,190.27,Liters
5921,8841,130,223.4,Kg
5922,6084,95,164.25,Liters
5923,6284,74,187.87,Kg
5924,2751,117,441.97,Kg
5925,6208,119,429.02,Pieces
5926,4733,97,331.72,Pieces
5927,2784,43,87.01,Liters
5928,4146,126,399.26,Kg
5929,2528,46,273.32,Kg
5930,6316,134,321.14,Kg
5931,2418,106,3.88,Kg
5932,9335,93,360.17,Pieces
5933,8681,18,296.36,Pieces
5934,7289,116,476.99,Kg
5935,6784,105,208.69,Pieces
5936,3746,121,273.9,Pieces
5937,7973,103,459.94,Kg
5938,6741,72,61.41,Liters
5939,1922,38,250.21,Liters
5940,1359,131,236.01,Kg
5941,5055,34,342.77,Pieces
5942,5608,36,198.26,Liters
5943,3934,29,274.95,Liters
5944,4429,74,432.36,Pieces
5945,9649,64,173.81,Kg
5946,3756,89,373.46,Pieces
5947,4513,44,361.66,Pieces
5948,234,113,121.31,Kg
5949,5353,45,318.76,Liters
5950,3616,24,233.9,Liters
5951,6884,51,308.53,Kg
5952,1173,6,382.42,Kg
5953,5484,109,470.35,Pieces
5954,6109,108,338.91,Kg
5955,1321,103,325.14,Liters
5956,650,141,363.33,Pieces
5957,4245,53,388.58,Liters
5958,3271,143,20.72,Pieces
5959,6736,107,383.2,Liters
5960,7436,148,178.11,Kg
5961,3379,37,293.98,Pieces
5962,4694,117,467.61,Liters
5963,7401,12,299.46,Pieces
5964,5877,39,332.58,Kg
5965,3486,51,104.99,Kg
5966,6564,3,18.2,Pieces
5967,9359,107,388.79,Pieces
5968,4043,50,487.55,Liters
5969,4121,149,28.5,Liters
5970,4978,100,477.95,Liters
5971,3668,14,33.25,Liters
5972,9871,119,97.99,Kg
5973,2038,116,474.14,Liters
5974,6001,14,393.41,Pieces
5975,1417,97,240.56,Kg
5976,4871,12,466.96,Liters
5977,8749,76,23.01,Pieces
5978,2947,97,370.2,Liters
5979,5926,54,476.65,Pieces
5980,5721,106,411.03,Liters
5981,2933,11,463.88,Kg
5982,4767,57,256.03,Liters
5983,2883,72,100.2,Pieces
5984,1198,13,174.52,Kg
5985,8602,146,267.8,Liters
5986,8761,138,481.48,Liters
5987,8631,49,159.56,Kg
5988,1025,136,210.92,Liters
5989,5923,128,85.79,Pieces
5990,2944,149,474.22,Pieces
5991,5979,137,312.3,Pieces
5992,4788,74,329.9,Kg
5993,9005,110,163.72,Pieces
5994,1594,119,419.15,Kg
5995,2431,149,237.89,Pieces
5996,586,102,418.38,Pieces
5997,4911,45,266.43,Liters
5998,7285,48,348.22,Pieces
5999,4719,11,231.62,Liters
6000,7389,35,408.37,Liters
6001,7180,150,161.7,Pieces
6002,9607,101,438.8,Liters
6003,3575,62,267.61,Pieces
6004,2927,89,263.42,Kg
6005,7930,142,135.63,Kg
6006,4710,18,87.89,Liters
6007,6397,67,423.8,Liters
6008,356,144,208.71,Liters
6009,8405,68,239.79,Liters
6010,3657,143,297.95,Kg
6011,4062,141,352.76,Kg
6012,8751,42,412.02,Pieces
6013,2428,92,377.02,Liters
6014,1742,105,170.83,Pieces
6015,3494,99,115.37,Liters
6016,3547,46,318.1,Pieces
6017,859,30,79.84,Kg
6018,8946,119,298.71,Liters
6019,4742,58,145.87,Kg
6020,7788,8,330.38,Liters
6021,9150,25,389.7,Pieces
6022,4991,12,185.89,Kg
6023,5019,4,66.46,Pieces
6024,6886,67,141.83,Pieces
6025,4562,10,423.72,Pieces
6026,9399,139,348.72,Pieces
6027,1328,29,184.87,Pieces
6028,5663,14,232.54,Kg
6029,6553,109,292.58,Kg
6030,5115,8,462.58,Liters
6031,487,137,148.93,Kg
6032,8674,18,336.97,Liters
6033,6304,20,373.44,Pieces
6034,8802,115,291.9,Pieces
6035,9586,38,319.42,Kg
6036,9539,41,443.79,Liters
6037,9509,54,329.02,Liters
6038,6619,47,150.74,Liters
6039,4548,37,397.77,Liters
6040,9490,67,123.25,Pieces
6041,7691,71,111.52,Pieces
6042,7196,132,90.09,Pieces
6043,6956,50,129.03,Pieces
6044,4541,10,323.58,Pieces
6045,3709,120,377.04,Kg
6046,5948,46,294.96,Pieces
6047,5889,148,443.63,Pieces
6048,5150,64,314.34,Kg
6049,1941,66,361.43,Pieces
6050,8737,104,368.34,Liters
6051,2921,20,394.03,Liters
6052,6854,55,348.95,Pieces
6053,3337,55,351.8,Pieces
6054,2818,11,355.62,Liters
6055,1977,110,188.89,Pieces
6056,6969,47,65.68,Liters
6057,176,21,10.43,Liters
6058,8150,72,283.01,Pieces
6059,918,45,227.38,Liters
6060,7696,9,285.67,Pieces
6061,6455,102,232.7,Kg
6062,2476,66,324.14,Pieces
6063,3601,125,67.64,Pieces
6064,3206,12,282.28,Pieces
6065,8644,22,46.62,Kg
6066,1050,93,335.88,Kg
6067,3131,99,131.83,Pieces
6068,432,128,376.54,Kg
6069,6171,58,180.14,Kg
6070,7771,109,86.07,Kg
6071,693,8,15.04,Liters
6072,3227,87,265.57,Pieces
6073,4178,102,35.27,Kg
6074,4590,74,134.8,Pieces
6075,7058,100,159.7,Pieces
6076,3822,82,7.88,Pieces
6077,1856,76,23.4,Pieces
6078,8076,97,36.02,Kg
6079,2869,71,182.48,Kg
6080,6042,103,141.75,Pieces
6081,898,145,367.0,Liters
6082,3479,28,483.51,Liters
6083,3293,47,486.68,Pieces
6084,4582,35,137.56,Pieces
6085,1143,122,229.65,Kg
6086,1821,50,84.05,Liters
6087,3489,9,284.76,Liters
6088,9108,55,182.05,Pieces
6089,438,60,336.63,Pieces
6090,7493,3,220.32,Liters
6091,5392,127,145.43,Liters
6092,8308,132,19.91,Pieces
6093,2458,55,330.4,Liters
6094,8459,93,400.61,Pieces
6095,8057,71,321.55,Pieces
6096,887,89,475.93,Kg
6097,759,120,330.89,Pieces
6098,1673,116,498.21,Liters
6099,6055,38,341.53,Kg
6100,2717,79,207.64,Liters
6101,5703,30,252.69,Pieces
6102,4054,129,165.65,Pieces
6103,3409,74,74.89,Kg
6104,2214,1,308.91,Kg
6105,4501,123,40.51,Liters
6106,1310,90,315.11,Liters
6107,7034,17,14.8,Pieces
6108,8054,134,159.68,Pieces
6109,9404,136,281.53,Liters
6110,7693,149,32.18,Pieces
6111,7899,122,241.52,Kg
6112,7828,144,141.54,Kg
6113,518,142,95.16,Pieces
6114,4728,127,333.19,Kg
6115,5298,24,153.96,Pieces
6116,2440,45,418.35,Kg
6117,874,48,326.38,Kg
6118,4356,65,177.99,Kg
6119,1752,96,319.52,Kg
6120,3765,131,494.25,Pieces
6121,580,82,176.16,Kg
6122,9020,93,375.41,Pieces
6123,5256,55,18.25,Kg
6124,8392,112,315.24,Kg
6125,4990,75,443.09,Pieces
6126,9898,84,437.54,Pieces
6127,824,128,62.04,Pieces
6128,2538,15,342.54,Kg
6129,1000,2,27.53,Liters
6130,7831,49,86.7,Kg
6131,8189,82,489.41,Liters
6132,4241,133,254.77,Pieces
6133,2914,104,363.59,Liters
6134,9048,133,304.27,Pieces
6135,903,32,319.67,Pieces
6136,1562,65,474.3,Liters
6137,6787,100,73.99,Pieces
6138,9764,130,41.38,Pieces
6139,75,29,392.09,Kg
6140,3355,110,88.99,Liters
6141,2476,149,271.68,Liters
6142,3268,9,106.78,Pieces
6143,8412,22,225.63,Kg
6144,943,5,197.36,Pieces
6145,9559,22,341.37,Pieces
6146,2312,33,61.86,Pieces
6147,9167,9,48.16,Pieces
6148,2544,93,381.19,Pieces
6149,9706,8,402.04,Kg
6150,3065,119,158.77,Kg
6151,3272,139,248.1,Pieces
6152,7288,104,113.55,Liters
6153,1325,113,354.27,Pieces
6154,2873,43,208.32,Kg
6155,7583,84,383.18,Liters
6156,906,77,309.98,Kg
6157,9074,113,109.37,Liters
6158,7970,5,141.27,Pieces
6159,8094,27,264.2,Kg
6160,6366,26,346.1,Kg
6161,4923,109,425.67,Liters
6162,5406,101,216.61,Pieces
6163,9566,104,442.4,Pieces
6164,3043,51,101.81,Pieces
6165,9359,45,277.25,Kg
6166,2532,47,455.93,Pieces
6167,3215,50,460.36,Liters
6168,3012,118,342.02,Liters
6169,2643,56,443.63,Liters
6170,9468,10,259.44,Liters
6171,1649,117,122.97,Pieces
6172,7708,105,472.23,Liters
6173,111,45,311.83,Pieces
6174,1669,118,91.02,Pieces
6175,1800,57,266.42,Kg
6176,5129,46,272.14,Liters
6177,1060,14,475.85,Pieces
6178,7031,32,82.87,Liters
6179,860,144,84.62,Pieces
6180,5578,69,413.93,Kg
6181,8204,82,484.67,Kg
6182,7664,81,496.78,Pieces
6183,6278,92,289.95,Kg
6184,1670,113,330.05,Pieces
6185,9821,64,442.9,Liters
6186,6302,54,55.63,Kg
6187,519,38,329.1,Liters
6188,8072,12,188.57,Kg
6189,2001,68,467.33,Liters
6190,4252,131,67.87,Kg
6191,8735,142,114.35,Pieces
6192,2340,132,102.66,Liters
6193,8843,124,289.3,Liters
6194,6534,84,223.85,Pieces
6195,3253,137,284.3,Pieces
6196,5157,124,393.89,Liters
6197,2594,5,109.4,Kg
6198,967,41,212.15,Pieces
6199,100,126,415.15,Kg
6200,59,131,421.17,Liters
6201,1094,127,448.22,Liters
6202,1697,94,425.4,Pieces
6203,1365,44,400.13,Kg
6204,1621,28,369.08,Liters
6205,6481,89,388.56,Liters
6206,1364,103,57.69,Pieces
6207,269,29,335.13,Liters
6208,6196,27,330.12,Kg
6209,6078,143,418.79,Pieces
6210,7371,7,419.69,Liters
6211,9926,11,353.2,Pieces
6212,2059,108,209.1,Pieces
6213,9233,52,451.6,Liters
6214,4313,46,105.61,Pieces
6215,898,41,231.76,Pieces
6216,5856,36,420.23,Pieces
6217,1054,95,76.64,Liters
6218,2678,78,306.39,Pieces
6219,7847,106,102.49,Liters
6220,4557,19,241.67,Liters
6221,8055,137,152.25,Liters
6222,8081,61,224.22,Liters
6223,7215,134,419.61,Pieces
6224,1619,95,165.82,Kg
6225,2403,25,452.36,Kg
6226,9851,130,234.95,Liters
6227,4055,8,262.2,Pieces
6228,5660,69,247.53,Kg
6229,8219,17,15.55,Pieces
6230,5251,80,321.44,Liters
6231,5829,92,331.98,Liters
6232,2055,139,340.77,Liters
6233,1178,146,441.36,Liters
6234,5189,84,299.29,Kg
6235,5473,120,12.48,Pieces
6236,4916,127,347.78,Kg
6237,6053,118,6.23,Kg
6238,4416,86,379.93,Kg
6239,9846,64,101.57,Pieces
6240,2864,17,263.39,Pieces
6241,6336,118,45.83,Pieces
6242,5647,81,195.9,Kg
6243,9429,112,262.17,Pieces
6244,1096,3,170.91,Kg
6245,601,139,134.7,Kg
6246,8175,12,216.08,Pieces
6247,2307,5,285.22,Kg
6248,6900,124,452.6,Liters
6249,4659,25,409.81,Liters
6250,8724,57,490.47,Kg
6251,2231,102,171.32,Kg
6252,1866,85,410.47,Kg
6253,5387,45,409.42,Liters
6254,4420,140,438.33,Liters
6255,3001,140,423.67,Pieces
6256,5018,150,92.04,Liters
6257,204,115,148.26,Kg
6258,2792,59,118.9,Liters
6259,6583,56,12.04,Pieces
6260,233,114,234.39,Pieces
6261,6771,18,456.42,Pieces
6262,252,59,115.22,Liters
6263,9009,79,88.59,Pieces
6264,6921,134,337.55,Pieces
6265,3405,111,470.38,Kg
6266,5969,132,192.74,Liters
6267,1024,23,326.35,Liters
6268,3719,140,179.89,Kg
6269,8175,59,66.75,Liters
6270,7793,97,145.73,Kg
6271,6963,104,67.05,Liters
6272,2416,40,122.79,Kg
6273,9040,17,15.07,Kg
6274,2593,68,68.22,Liters
6275,4368,52,262.81,Kg
6276,9049,126,237.37,Liters
6277,2772,146,290.83,Kg
6278,4154,85,139.4,Liters
6279,8037,32,184.4,Kg
6280,8094,141,212.24,Pieces
6281,1328,98,334.19,Liters
6282,2141,5,84.58,Pieces
6283,5852,138,338.81,Liters
6284,7036,52,202.23,Liters
6285,9615,65,436.5,Kg
6286,8907,79,280.39,Liters
6287,8333,62,66.68,Liters
6288,4420,5,260.37,Pieces
6289,5273,18,469.68,Liters
6290,6067,135,88.84,Pieces
6291,7336,115,340.87,Liters
6292,9792,105,137.91,Liters
6293,7098,34,117.23,Pieces
6294,9098,29,378.99,Liters
6295,994,53,184.77,Kg
6296,6917,92,348.49,Pieces
6297,2271,10,286.85,Pieces
6298,6254,121,79.06,Kg
6299,5887,61,201.8,Liters
6300,5707,74,122.79,Pieces
6301,4103,32,377.95,Kg
6302,3974,148,205.48,Liters
6303,6381,12,115.8,Liters
6304,8497,118,105.99,Pieces
6305,9854,83,90.23,Liters
6306,4926,107,40.19,Kg
6307,8431,79,127.47,Liters
6308,5629,120,492.07,Liters
6309,6962,96,211.41,Pieces
6310,1697,60,466.88,Kg
6311,7964,1,324.95,Pieces
6312,7116,36,315.82,Pieces
6313,4019,131,119.4,Kg
6314,1482,139,127.64,Liters
6315,7893,7,35.94,Liters
6316,7377,95,49.22,Liters
6317,1713,88,289.38,Liters
6318,5398,28,94.68,Kg
6319,6019,145,87.66,Kg
6320,1837,13,73.19,Kg
6321,4135,127,242.89,Pieces
6322,5636,116,313.82,Liters
6323,9933,4,298.14,Liters
6324,1494,144,443.77,Pieces
6325,8208,123,19.26,Kg
6326,5448,86,68.94,Liters
6327,1239,149,63.87,Liters
6328,3225,60,93.87,Kg
6329,7427,147,106.37,Pieces
6330,2655,58,198.43,Liters
6331,1424,125,77.51,Liters
6332,7047,3,442.02,Liters
6333,9872,73,213.3,Pieces
6334,4538,94,200.17,Pieces
6335,9672,143,498.96,Kg
6336,6027,47,23.13,Liters
6337,4622,40,444.79,Kg
6338,72,38,230.82,Pieces
6339,1316,10,95.16,Kg
6340,7739,6,182.44,Liters
6341,4022,108,110.11,Pieces
6342,5250,92,288.41,Kg
6343,186,87,447.31,Pieces
6344,5692,113,283.05,Kg
6345,4447,121,43.1,Pieces
6346,8608,82,121.81,Kg
6347,5209,83,188.93,Kg
6348,9837,30,264.32,Pieces
6349,272,15,5.91,Kg
6350,4022,125,360.86,Kg
6351,7687,126,299.81,Liters
6352,4773,108,465.21,Liters
6353,7573,109,477.93,Liters
6354,8358,94,145.74,Pieces
6355,5852,50,383.67,Liters
6356,8238,112,447.89,Kg
6357,8239,68,430.24,Pieces
6358,6434,87,49.07,Liters
6359,7846,79,187.46,Liters
6360,828,34,142.48,Kg
6361,2697,59,112.06,Pieces
6362,8416,97,486.33,Liters
6363,607,89,384.42,Pieces
6364,5364,147,13.96,Kg
6365,9389,60,365.12,Pieces
6366,7329,32,459.59,Pieces
6367,2019,32,162.81,Pieces
6368,6883,95,96.86,Kg
6369,6612,33,394.07,Liters
6370,8105,117,318.67,Pieces
6371,7400,114,389.3,Kg
6372,4819,10,289.13,Liters
6373,2920,44,55.2,Liters
6374,1830,71,217.13,Liters
6375,2000,24,143.58,Kg
6376,5366,48,167.25,Kg
6377,8587,83,98.03,Kg
6378,4561,130,345.17,Pieces
6379,9291,47,197.73,Liters
6380,5035,13,241.45,Liters
6381,4648,105,261.26,Liters
6382,1227,31,449.34,Liters
6383,5601,74,161.84,Liters
6384,1180,79,290.89,Liters
6385,8595,120,69.2,Liters
6386,3086,20,21.66,Pieces
6387,9309,94,226.37,Pieces
6388,67,147,420.21,Liters
6389,2635,72,142.28,Kg
6390,498,15,375.46,Kg
6391,9751,21,429.77,Kg
6392,2212,17,129.36,Liters
6393,18,72,454.33,Liters
6394,4934,17,2.58,Kg
6395,9983,55,268.22,Kg
6396,7973,67,316.07,Pieces
6397,2699,6,64.31,Kg
6398,4854,98,399.77,Liters
6399,336,55,286.05,Kg
6400,1039,39,298.16,Kg
6401,1937,126,309.12,Pieces
6402,8890,149,124.15,Pieces
6403,1097,30,151.36,Liters
6404,8093,64,83.09,Liters
6405,1709,10,166.47,Kg
6406,7816,21,137.51,Pieces
6407,8288,110,247.62,Kg
6408,1719,92,159.2,Liters
6409,5518,87,366.2,Liters
6410,864,91,389.77,Pieces
6411,4595,45,306.92,Liters
6412,9931,60,124.43,Kg
6413,4450,81,188.81,Kg
6414,4632,66,220.2,Pieces
6415,8677,91,159.49,Kg
6416,8076,27,472.39,Liters
6417,3620,20,78.67,Kg
6418,1509,34,330.03,Kg
6419,7467,68,5.4,Liters
6420,1320,22,154.25,Liters
6421,469,5,292.03,Liters
6422,4477,68,221.7,Kg
6423,785,39,475.88,Kg
6424,7607,138,4.98,Liters
6425,8736,47,327.57,Kg
6426,2511,10,341.22,Kg
6427,8155,120,44.39,Kg
6428,9316,113,343.86,Kg
6429,4860,74,272.92,Kg
6430,4785,144,480.06,Pieces
6431,8431,27,430.86,Liters
6432,8812,148,1.71,Kg
6433,5505,63,98.72,Pieces
6434,6306,121,371.45,Liters
6435,7864,138,312.9,Pieces
6436,4981,92,214.72,Kg
6437,2774,14,262.11,Liters
6438,3234,114,133.68,Liters
6439,5788,149,218.85,Kg
6440,2861,10,367.74,Pieces
6441,3749,4,383.87,Pieces
6442,1355,39,498.85,Kg
6443,5240,29,263.64,Pieces
6444,8671,44,99.08,Liters
6445,9228,38,422.71,Kg
6446,2234,96,66.79,Pieces
6447,4338,39,323.89,Liters
6448,6343,78,160.79,Liters
6449,4840,69,256.66,Kg
6450,9808,89,300.06,Kg
6451,5224,118,470.01,Kg
6452,7960,107,124.8,Kg
6453,8281,72,222.93,Liters
6454,563,75,199.91,Liters
6455,9026,28,303.01,Pieces
6456,3909,35,279.65,Pieces
6457,3110,75,394.93,Kg
6458,7769,120,175.67,Liters
6459,2692,4,242.58,Pieces
6460,7671,122,152.83,Pieces
6461,4227,11,122.82,Pieces
6462,9095,47,24.04,Liters
6463,937,135,445.85,Kg
6464,6461,115,36.77,Pieces
6465,6775,103,14.9,Kg
6466,3413,83,111.7,Liters
6467,4337,86,369.45,Pieces
6468,3001,132,230.43,Pieces
6469,9414,68,495.55,Kg
6470,1139,107,469.14,Kg
6471,3467,23,156.7,Liters
6472,7878,91,245.04,Liters
6473,9821,89,224.68,Pieces
6474,2852,50,262.43,Liters
6475,3642,41,477.73,Pieces
6476,3897,87,257.08,Pieces
6477,395,116,355.1,Liters
6478,485,9,329.31,Pieces
6479,7874,115,446.46,Liters
6480,7936,67,439.76,Liters
6481,4339,132,414.53,Pieces
6482,1139,51,471.66,Pieces
6483,8482,150,7.24,Pieces
6484,9234,110,450.36,Kg
6485,5807,50,319.82,Kg
6486,8630,84,25.91,Liters
6487,6424,143,399.33,Liters
6488,6600,1,293.45,Pieces
6489,403,60,133.29,Kg
6490,1859,12,398.2,Pieces
6491,362,131,193.62,Pieces
6492,8923,114,151.45,Pieces
6493,7893,149,191.56,Liters
6494,4684,60,195.98,Liters
6495,589,123,194.17,Pieces
6496,8041,137,69.11,Pieces
6497,1658,75,306.03,Pieces
6498,7359,68,262.12,Pieces
6499,419,52,247.94,Kg
6500,6749,10,482.84,Kg
6501,6958,118,434.07,Pieces
6502,3379,21,410.38,Kg
6503,649,136,73.36,Liters
6504,4981,133,365.87,Liters
6505,6687,137,29.95,Liters
6506,4039,121,54.47,Pieces
6507,6005,5,307.67,Kg
6508,3031,121,132.26,Liters
6509,7934,118,176.81,Kg
6510,1606,48,125.06,Pieces
6511,3120,132,351.36,Liters
6512,7251,28,146.65,Pieces
6513,4138,146,135.14,Kg
6514,9367,149,385.19,Liters
6515,8238,32,421.73,Pieces
6516,3596,16,250.96,Liters
6517,7049,44,301.19,Kg
6518,985,148,348.52,Pieces
6519,448,71,322.52,Liters
6520,2724,87,320.76,Pieces
6521,9916,143,144.83,Liters
6522,2959,97,404.06,Pieces
6523,4127,43,286.33,Kg
6524,3173,126,333.66,Pieces
6525,2232,89,6.84,Kg
6526,469,87,360.2,Pieces
6527,7649,138,193.75,Pieces
6528,3570,113,425.61,Kg
6529,6799,129,351.15,Liters
6530,2082,15,411.61,Kg
6531,1976,99,241.83,Kg
6532,6373,9,409.62,Pieces
6533,6476,8,283.8,Pieces
6534,8555,108,297.1,Pieces
6535,2210,136,381.31,Pieces
6536,2558,83,418.27,Kg
6537,4633,54,307.0,Kg
6538,9879,12,316.6,Liters
6539,1497,127,233.89,Kg
6540,374,66,81.06,Kg
6541,4920,7,305.68,Kg
6542,5266,126,184.11,Liters
6543,8538,73,452.24,Pieces
6544,4159,70,286.1,Liters
6545,634,111,443.53,Liters
6546,6104,130,457.62,Pieces
6547,2932,140,423.12,Kg
6548,8198,65,454.67,Pieces
6549,8183,75,33.3,Kg
6550,5856,107,271.87,Kg
6551,7770,115,481.42,Pieces
6552,1290,2,243.74,Kg
6553,7580,102,295.33,Kg
6554,6684,123,467.58,Kg
6555,6253,58,223.62,Kg
6556,3039,83,88.05,Liters
6557,2825,122,138.15,Liters
6558,6669,122,308.81,Liters
6559,5030,94,182.39,Pieces
6560,2645,75,60.92,Pieces
6561,2282,150,309.06,Liters
6562,3013,129,50.23,Kg
6563,5019,60,176.16,Kg
6564,4380,118,36.46,Liters
6565,8660,85,254.19,Pieces
6566,6810,19,138.17,Pieces
6567,4796,120,439.0,Kg
6568,9136,92,102.72,Liters
6569,829,116,140.7,Pieces
6570,5416,23,51.7,Liters
6571,7245,67,470.29,Liters
6572,1521,11,128.02,Pieces
6573,967,106,315.15,Pieces
6574,7500,79,23.52,Pieces
6575,213,136,12.75,Kg
6576,3138,23,5.58,Pieces
6577,2352,93,164.71,Liters
6578,3257,16,44.88,Pieces
6579,5459,89,186.25,Pieces
6580,6027,24,332.97,Kg
6581,7596,88,219.36,Kg
6582,2877,28,42.19,Kg
6583,4450,19,48.41,Liters
6584,6883,71,15.72,Kg
6585,6202,24,32.61,Liters
6586,7491,110,370.19,Pieces
6587,1481,68,382.02,Liters
6588,4213,11,256.53,Pieces
6589,8626,58,73.88,Kg
6590,6869,140,472.9,Kg
6591,527,4,437.35,Kg
6592,7555,123,252.75,Liters
6593,516,138,128.1,Kg
6594,5087,82,418.49,Pieces
6595,2928,65,105.75,Liters
6596,7527,32,1.67,Liters
6597,9427,123,398.32,Kg
6598,8125,66,102.31,Pieces
6599,5608,104,19.17,Liters
6600,7659,118,159.01,Pieces
6601,6493,9,18.8,Pieces
6602,553,98,331.51,Pieces
6603,7634,142,222.07,Pieces
6604,1707,22,366.6,Kg
6605,9275,48,233.56,Kg
6606,1181,97,324.6,Pieces
6607,9688,32,439.56,Kg
6608,4730,110,496.14,Pieces
6609,2423,150,202.12,Pieces
6610,9606,147,420.82,Liters
6611,8420,91,111.25,Pieces
6612,6773,45,36.76,Kg
6613,9966,107,499.16,Liters
6614,2988,26,152.31,Kg
6615,8314,100,158.45,Pieces
6616,8209,48,375.79,Kg
6617,9258,56,376.7,Liters
6618,4915,5,399.04,Pieces
6619,117,41,367.32,Liters
6620,2598,86,381.84,Liters
6621,4577,148,141.97,Liters
6622,6858,98,467.65,Kg
6623,5194,54,161.25,Pieces
6624,3138,75,293.39,Kg
6625,1597,14,235.54,Liters
6626,3763,99,131.65,Pieces
6627,4694,65,261.32,Kg
6628,7589,41,17.7,Liters
6629,6750,59,366.77,Liters
6630,7093,86,184.29,Kg
6631,5369,77,180.24,Kg
6632,9512,55,436.82,Pieces
6633,5141,100,397.09,Kg
6634,4126,108,12.94,Liters
6635,3575,108,100.65,Kg
6636,2494,41,358.54,Pieces
6637,6269,116,389.45,Kg
6638,4761,89,408.41,Kg
6639,2,127,134.19,Liters
6640,948,128,322.45,Pieces
6641,3293,39,440.35,Kg
6642,9523,35,22.32,Liters
6643,6589,54,160.85,Liters
6644,2321,81,227.93,Pieces
6645,4395,50,464.21,Liters
6646,2138,128,232.81,Liters
6647,5284,126,435.31,Kg
6648,5843,90,296.72,Liters
6649,1218,23,197.61,Pieces
6650,7012,143,288.89,Pieces
6651,9870,38,31.01,Kg
6652,4687,53,249.93,Kg
6653,6639,76,360.95,Liters
6654,9781,54,300.6,Kg
6655,1841,41,159.55,Kg
6656,1531,26,434.11,Pieces
6657,1346,97,247.82,Pieces
6658,690,91,395.98,Liters
6659,3360,75,459.34,Pieces
6660,4597,46,162.81,Liters
6661,3403,56,417.51,Kg
6662,804,22,325.37,Liters
6663,4834,121,242.01,Liters
6664,9816,68,472.58,Liters
6665,1547,116,441.49,Pieces
6666,559,143,413.84,Liters
6667,9584,77,401.94,Liters
6668,8409,118,105.96,Kg
6669,5688,47,426.09,Pieces
6670,274,85,192.21,Kg
6671,1491,112,359.86,Pieces
6672,9226,84,386.3,Liters
6673,6488,33,280.7,Pieces
6674,8945,113,441.48,Kg
6675,8704,47,286.11,Liters
6676,6567,48,143.11,Liters
6677,8835,73,191.16,Kg
6678,6851,31,308.56,Kg
6679,152,26,313.06,Kg
6680,3038,66,390.07,Liters
6681,3121,105,459.14,Kg
6682,9603,144,290.56,Liters
6683,7564,148,36.35,Liters
6684,3056,135,329.95,Pieces
6685,9450,120,226.24,Pieces
6686,3114,117,403.1,Liters
6687,1909,85,177.89,Pieces
6688,421,55,463.74,Liters
6689,6788,47,236.52,Pieces
6690,3750,26,14.64,Pieces
6691,8316,127,300.48,Pieces
6692,3665,101,48.54,Kg
6693,362,81,182.92,Kg
6694,6461,12,194.42,Pieces
6695,147,101,274.15,Liters
6696,4919,71,461.8,Liters
6697,704,7,325.73,Liters
6698,5188,129,104.14,Pieces
6699,596,32,122.93,Liters
6700,76,138,7.3,Kg
6701,9522,86,499.07,Kg
6702,6892,123,5.46,Liters
6703,2484,138,337.87,Kg
6704,2730,77,392.85,Kg
6705,106,127,60.89,Pieces
6706,7670,37,466.35,Pieces
6707,6148,109,75.83,Liters
6708,2155,47,239.13,Pieces
6709,3941,41,402.75,Kg
6710,1405,16,35.68,Liters
6711,7373,70,83.84,Pieces
6712,4683,90,204.93,Pieces
6713,795,135,61.41,Kg
6714,6509,26,347.51,Pieces
6715,9125,4,447.62,Kg
6716,9870,111,99.63,Liters
6717,632,18,291.12,Kg
6718,9764,117,398.09,Pieces
6719,434,135,113.03,Kg
6720,8701,18,347.88,Pieces
6721,3734,48,354.19,Liters
6722,1055,68,380.25,Kg
6723,3755,59,60.04,Liters
6724,6136,61,6.36,Liters
6725,8398,125,236.68,Kg
6726,4377,64,381.23,Pieces
6727,5229,146,303.45,Liters
6728,1090,37,305.51,Liters
6729,3694,111,165.4,Kg
6730,7330,144,318.95,Kg
6731,4968,121,367.92,Liters
6732,3308,94,280.19,Pieces
6733,9184,10,420.58,Pieces
6734,6123,87,425.56,Kg
6735,9797,49,266.37,Pieces
6736,2863,136,62.39,Pieces
6737,5354,72,221.04,Liters
6738,7363,143,315.3,Kg
6739,1449,82,140.36,Pieces
6740,1630,48,459.34,Pieces
6741,9587,21,268.08,Pieces
6742,5409,13,413.77,Pieces
6743,5785,115,233.28,Liters
6744,3135,56,232.87,Pieces
6745,3255,144,252.78,Kg
6746,2879,44,191.82,Kg
6747,4646,140,232.56,Kg
6748,8115,15,461.9,Liters
6749,4117,57,153.41,Kg
6750,9278,86,70.46,Pieces
6751,9116,80,95.09,Kg
6752,4066,36,395.08,Kg
6753,1794,134,416.93,Kg
6754,562,35,214.75,Pieces
6755,3532,70,74.83,Pieces
6756,5568,17,329.68,Kg
6757,6032,44,87.68,Pieces
6758,196,128,86.12,Pieces
6759,9259,20,267.27,Pieces
6760,643,47,324.19,Liters
6761,5208,112,421.22,Kg
6762,3139,110,128.77,Pieces
6763,107,145,79.08,Kg
6764,997,62,5.38,Pieces
6765,9911,100,90.94,Kg
6766,3221,39,65.12,Kg
6767,4369,124,81.49,Kg
6768,6346,15,304.64,Liters
6769,9874,97,199.86,Liters
6770,1513,92,112.64,Kg
6771,1112,37,204.91,Kg
6772,7373,63,213.2,Liters
6773,3066,101,397.05,Pieces
6774,2770,31,491.13,Pieces
6775,2282,121,292.8,Liters
6776,2153,100,233.22,Pieces
6777,2247,89,97.07,Liters
6778,6147,9,215.05,Pieces
6779,6269,31,407.52,Pieces
6780,9732,71,473.64,Liters
6781,9497,54,215.19,Kg
6782,4122,83,431.4,Pieces
6783,5824,6,1.05,Kg
6784,4389,33,283.83,Liters
6785,1510,118,392.83,Pieces
6786,1395,2,154.05,Liters
6787,2850,143,177.11,Liters
6788,9438,67,333.06,Liters
6789,9405,39,147.41,Liters
6790,4454,19,255.7,Kg
6791,9108,90,306.89,Liters
6792,387,74,43.52,Liters
6793,6526,125,491.66,Kg
6794,9921,57,365.04,Kg
6795,7011,138,233.66,Liters
6796,1027,40,251.82,Pieces
6797,9211,107,101.55,Kg
6798,2147,82,451.18,Kg
6799,9682,102,20.22,Liters
6800,637,80,63.54,Kg
6801,9199,106,388.97,Pieces
6802,1572,13,217.54,Kg
6803,6515,70,17.69,Kg
6804,2730,150,489.63,Pieces
6805,6877,135,78.34,Kg
6806,1478,30,366.01,Liters
6807,373,65,309.18,Kg
6808,104,77,258.01,Pieces
6809,5809,95,483.03,Liters
6810,5015,40,432.3,Pieces
6811,6860,115,165.73,Pieces
6812,549,59,102.59,Liters
6813,7411,134,421.06,Pieces
6814,7521,11,435.09,Liters
6815,5070,119,1.38,Pieces
6816,4156,145,107.97,Kg
6817,2112,133,352.85,Liters
6818,2399,139,468.53,Pieces
6819,666,99,428.43,Pieces
6820,4813,23,45.88,Kg
6821,283,72,360.93,Liters
6822,7103,126,133.67,Pieces
6823,7908,61,25.44,Kg
6824,2019,150,331.09,Kg
6825,6540,146,29.06,Liters
6826,7053,85,106.98,Kg
6827,5487,140,143.31,Kg
6828,5328,54,164.52,Pieces
6829,3828,70,211.43,Pieces
6830,3067,132,238.67,Kg
6831,4306,132,369.54,Liters
6832,1258,5,268.04,Kg
6833,6995,66,171.28,Pieces
6834,8291,11,257.98,Pieces
6835,8761,116,484.12,Kg
6836,9265,131,67.81,Kg
6837,1464,10,38.62,Liters
6838,2856,71,279.74,Pieces
6839,3314,20,215.76,Kg
6840,7940,27,28.98,Pieces
6841,2991,97,14.15,Pieces
6842,4055,60,168.4,Liters
6843,8843,115,254.49,Liters
6844,2075,142,251.4,Pieces
6845,5504,69,42.67,Pieces
6846,6778,23,34.33,Kg
6847,7314,102,104.12,Pieces
6848,9965,39,195.63,Pieces
6849,3285,50,369.61,Kg
6850,2736,28,14.98,Pieces
6851,6205,99,149.72,Liters
6852,3882,93,318.66,Pieces
6853,5161,7,137.07,Kg
6854,126,101,233.99,Kg
6855,8938,79,140.99,Liters
6856,5788,133,357.07,Kg
6857,8189,44,278.89,Kg
6858,8133,12,396.02,Kg
6859,9174,49,371.21,Pieces
6860,401,120,171.15,Kg
6861,8610,47,256.0,Liters
6862,3698,149,448.85,Pieces
6863,6544,140,242.62,Liters
6864,7534,40,148.0,Liters
6865,8625,71,163.48,Pieces
6866,874,72,105.48,Liters
6867,5943,54,273.54,Pieces
6868,5413,137,78.24,Pieces
6869,2849,123,129.59,Liters
6870,7662,125,259.76,Kg
6871,6221,85,318.61,Pieces
6872,9421,84,477.36,Pieces
6873,3285,55,36.73,Pieces
6874,7818,99,93.87,Liters
6875,2503,78,251.49,Liters
6876,5097,124,87.67,Liters
6877,9137,23,16.58,Kg
6878,7308,126,316.72,Pieces
6879,4510,104,321.72,Pieces
6880,7648,101,105.52,Pieces
6881,7502,21,343.1,Liters
6882,632,141,265.17,Kg
6883,3852,94,415.39,Liters
6884,5644,38,217.9,Kg
6885,216,101,306.85,Pieces
6886,7195,102,437.7,Kg
6887,4039,62,124.16,Pieces
6888,9082,141,36.8,Liters
6889,7875,141,132.36,Pieces
6890,8491,120,197.02,Pieces
6891,2645,104,170.44,Kg
6892,1542,66,139.01,Pieces
6893,8841,37,30.92,Pieces
6894,8016,97,415.1,Kg
6895,816,139,124.23,Kg
6896,3182,56,362.06,Kg
6897,2734,32,86.86,Liters
6898,2261,54,444.29,Kg
6899,4969,113,188.71,Kg
6900,8805,148,21.44,Kg
6901,441,5,57.99,Pieces
6902,6650,67,286.08,Kg
6903,220,72,478.24,Kg
6904,8124,47,32.2,Pieces
6905,9104,17,71.94,Liters
6906,48,127,169.22,Liters
6907,7832,94,230.46,Pieces
6908,2867,62,214.93,Pieces
6909,953,98,66.43,Kg
6910,3748,6,202.85,Kg
6911,2296,9,265.84,Liters
6912,59,116,262.74,Liters
6913,9574,15,384.59,Kg
6914,4270,96,344.7,Liters
6915,3158,78,97.1,Pieces
6916,5780,40,366.69,Kg
6917,9005,30,229.0,Pieces
6918,7363,117,481.48,Liters
6919,440,125,417.89,Kg
6920,2179,67,381.94,Kg
6921,1457,139,406.64,Liters
6922,4705,95,403.6,Liters
6923,2147,32,397.89,Liters
6924,5326,127,73.99,Liters
6925,7599,24,203.22,Pieces
6926,2886,92,136.26,Liters
6927,6942,126,364.61,Kg
6928,9171,54,63.41,Liters
6929,3189,74,449.5,Pieces
6930,6812,136,413.57,Kg
6931,91,119,267.78,Kg
6932,6386,69,267.64,Pieces
6933,2181,102,416.99,Kg
6934,8647,106,316.22,Kg
6935,4984,104,354.05,Pieces
6936,8853,148,228.5,Kg
6937,1832,125,301.54,Liters
6938,2784,131,446.11,Pieces
6939,8851,21,116.51,Liters
6940,246,102,174.17,Kg
6941,299,141,409.85,Pieces
6942,7299,8,107.5,Kg
6943,8229,21,213.94,Liters
6944,1973,29,372.36,Pieces
6945,5151,31,183.25,Kg
6946,7372,1,499.76,Pieces
6947,3520,26,37.73,Pieces
6948,249,148,141.55,Liters
6949,8785,11,446.39,Kg
6950,4292,46,261.3,Liters
6951,2303,24,192.34,Liters
6952,1480,52,28.87,Pieces
6953,6038,131,265.17,Liters
6954,8331,39,298.65,Pieces
6955,600,55,395.37,Kg
6956,503,124,259.99,Pieces
6957,4063,49,482.08,Kg
6958,5340,41,77.85,Liters
6959,4366,33,237.23,Pieces
6960,9058,105,260.1,Liters
6961,5277,2,248.06,Pieces
6962,3116,2,466.43,Pieces
6963,5637,144,11.21,Pieces
6964,6303,37,69.67,Liters
6965,7098,22,50.82,Liters
6966,9872,37,250.0,Kg
6967,2234,24,357.15,Pieces
6968,3603,103,135.76,Pieces
6969,4433,89,492.7,Kg
6970,8227,123,84.3,Kg
6971,3687,111,1.1,Liters
6972,6939,147,376.66,Pieces
6973,865,73,311.74,Kg
6974,3494,140,456.28,Pieces
6975,1607,106,114.83,Pieces
6976,7969,96,459.43,Kg
6977,3045,132,371.67,Pieces
6978,8446,57,187.06,Kg
6979,6509,130,490.44,Liters
6980,9265,18,348.98,Kg
6981,4049,92,311.13,Kg
6982,5623,114,42.1,Liters
6983,6293,27,80.49,Pieces
6984,8851,45,476.7,Kg
6985,7498,59,89.48,Kg
6986,4200,79,9.02,Liters
6987,9563,34,270.72,Liters
6988,1317,68,193.22,Liters
6989,6696,32,387.17,Liters
6990,8713,104,298.01,Pieces
6991,1724,31,139.37,Pieces
6992,4230,126,211.46,Kg
6993,7687,125,51.2,Pieces
6994,3405,71,210.96,Pieces
6995,7874,30,162.92,Pieces
6996,1135,66,197.26,Kg
6997,3728,79,478.61,Pieces
6998,5369,119,363.24,Liters
6999,347,57,402.2,Kg
7000,2087,148,351.95,Pieces
7001,7904,126,46.14,Liters
7002,9348,71,471.91,Pieces
7003,475,14,443.44,Liters
7004,3210,58,204.26,Pieces
7005,7877,6,260.73,Pieces
7006,7404,90,411.14,Liters
7007,5012,27,446.28,Liters
7008,3962,28,493.04,Liters
7009,3612,87,180.7,Pieces
7010,8768,56,32.79,Pieces
7011,7075,147,296.85,Pieces
7012,5259,20,269.15,Liters
7013,1468,18,439.01,Liters
7014,5863,26,5.15,Pieces
7015,7756,69,202.49,Pieces
7016,2979,29,114.37,Kg
7017,8264,31,402.62,Pieces
7018,5719,25,107.34,Pieces
7019,9535,20,79.23,Pieces
7020,6976,44,196.62,Liters
7021,4733,11,329.72,Liters
7022,3903,31,311.93,Liters
7023,5150,50,452.58,Pieces
7024,449,3,373.03,Liters
7025,5298,145,66.96,Pieces
7026,6943,109,92.78,Pieces
7027,4305,102,424.11,Liters
7028,7375,17,329.3,Pieces
7029,3263,11,344.9,Kg
7030,1771,116,314.41,Liters
7031,2356,144,4.49,Kg
7032,3918,45,20.89,Pieces
7033,4027,9,340.57,Kg
7034,2315,124,65.0,Kg
7035,9444,59,102.52,Liters
7036,3865,143,193.43,Kg
7037,1041,43,254.52,Pieces
7038,7884,100,28.35,Kg
7039,9178,50,298.78,Kg
7040,9078,123,238.0,Pieces
7041,1952,121,254.51,Liters
7042,931,49,437.98,Kg
7043,8844,62,424.94,Pieces
7044,5706,73,196.17,Liters
7045,6710,26,148.75,Kg
7046,3852,106,106.2,Liters
7047,6785,135,367.85,Pieces
7048,9241,79,323.55,Liters
7049,8790,68,120.68,Liters
7050,7851,3,224.31,Kg
7051,1943,82,345.41,Kg
7052,3210,43,307.21,Kg
7053,209,136,469.2,Liters
7054,4623,30,233.21,Kg
7055,6652,101,320.59,Liters
7056,1693,103,270.53,Liters
7057,8859,138,497.71,Pieces
7058,7486,23,441.54,Pieces
7059,278,119,221.75,Kg
7060,2001,83,334.59,Kg
7061,2176,52,449.87,Pieces
7062,2725,81,140.15,Pieces
7063,6808,9,89.61,Kg
7064,6272,15,352.12,Kg
7065,1239,102,473.37,Pieces
7066,3326,23,484.86,Kg
7067,1675,17,143.54,Kg
7068,1793,89,426.4,Pieces
7069,9535,29,72.1,Kg
7070,4467,107,75.39,Pieces
7071,4329,82,485.95,Liters
7072,2578,10,229.85,Liters
7073,1134,138,308.96,Pieces
7074,2733,133,90.57,Liters
7075,8832,73,142.24,Pieces
7076,7132,74,303.47,Liters
7077,723,63,277.2,Liters
7078,3031,11,368.3,Liters
7079,802,27,189.98,Liters
7080,6981,61,98.66,Liters
7081,2028,55,414.63,Liters
7082,9438,146,450.45,Kg
7083,1627,41,73.98,Liters
7084,6884,49,273.19,Kg
7085,5424,82,246.76,Liters
7086,4359,105,39.61,Pieces
7087,4420,41,371.47,Kg
7088,4307,142,489.33,Liters
7089,5375,40,149.97,Liters
7090,4271,45,442.39,Pieces
7091,5142,123,282.9,Kg
7092,4946,98,39.18,Kg
7093,8374,4,84.98,Pieces
7094,598,129,14.72,Liters
7095,9549,36,492.12,Liters
7096,7041,38,306.49,Kg
7097,1566,1,165.66,Liters
7098,6466,1,488.57,Kg
7099,1502,81,357.56,Kg
7100,7070,61,102.14,Kg
7101,8777,70,106.02,Liters
7102,6127,123,365.5,Liters
7103,1081,81,311.23,Pieces
7104,9696,62,426.96,Pieces
7105,4752,59,270.71,Kg
7106,2075,98,6.19,Kg
7107,9832,113,5.81,Kg
7108,659,21,475.5,Liters
7109,2507,8,169.63,Liters
7110,5963,93,396.82,Kg
7111,4061,80,444.54,Kg
7112,612,72,251.96,Pieces
7113,7198,33,450.99,Liters
7114,85,110,436.21,Pieces
7115,9223,55,248.92,Kg
7116,3987,7,154.09,Kg
7117,8647,36,345.58,Pieces
7118,29,35,339.26,Liters
7119,1052,12,356.21,Kg
7120,2309,78,401.69,Liters
7121,5205,109,315.5,Kg
7122,1944,145,342.08,Pieces
7123,4432,34,248.24,Liters
7124,1752,58,198.42,Pieces
7125,5117,27,309.26,Liters
7126,6170,32,140.46,Pieces
7127,188,112,180.55,Pieces
7128,1449,40,340.58,Liters
7129,8740,133,308.86,Kg
7130,1825,64,101.21,Liters
7131,3352,7,65.88,Pieces
7132,4113,18,131.4,Pieces
7133,8027,29,430.59,Kg
7134,4269,125,426.36,Liters
7135,9688,113,414.96,Kg
7136,1583,101,112.69,Liters
7137,8552,115,270.49,Pieces
7138,679,114,417.13,Liters
7139,2238,128,291.77,Liters
7140,123,2,240.05,Pieces
7141,4684,68,143.46,Kg
7142,8906,16,470.9,Pieces
7143,3602,127,141.8,Liters
7144,8697,86,295.26,Pieces
7145,4496,107,178.45,Kg
7146,1850,5,337.24,Pieces
7147,7565,150,4.52,Liters
7148,5925,83,81.17,Pieces
7149,7446,66,433.02,Kg
7150,8056,144,395.01,Pieces
7151,9683,21,419.12,Kg
7152,7355,53,161.97,Kg
7153,4159,110,297.79,Kg
7154,9012,52,355.01,Kg
7155,1490,39,164.65,Kg
7156,2347,86,483.54,Liters
7157,3924,5,29.19,Kg
7158,3980,23,32.3,Pieces
7159,9081,62,235.35,Pieces
7160,2947,29,409.53,Pieces
7161,9839,112,348.79,Pieces
7162,5138,43,58.06,Pieces
7163,3155,143,341.9,Pieces
7164,5495,90,210.36,Kg
7165,7245,12,66.89,Pieces
7166,5476,95,223.36,Pieces
7167,8444,51,57.58,Liters
7168,6666,50,415.42,Pieces
7169,8839,97,8.93,Liters
7170,1065,71,484.84,Liters
7171,6673,13,393.58,Liters
7172,3037,54,230.46,Pieces
7173,9134,38,444.01,Kg
7174,4641,145,222.58,Pieces
7175,2246,62,158.54,Pieces
7176,6234,138,107.82,Liters
7177,4367,2,338.85,Kg
7178,2689,138,11.18,Liters
7179,75,103,300.97,Pieces
7180,4574,57,372.0,Liters
7181,4155,59,350.1,Pieces
7182,9073,129,56.02,Kg
7183,4496,23,469.04,Liters
7184,2501,94,419.54,Liters
7185,1132,42,233.13,Kg
7186,1556,20,261.57,Kg
7187,4949,70,486.04,Pieces
7188,174,52,114.43,Liters
7189,8930,5,136.6,Pieces
7190,4289,24,255.8,Pieces
7191,7630,103,316.28,Liters
7192,1,59,316.74,Liters
7193,3778,114,15.45,Kg
7194,9957,50,460.34,Liters
7195,2804,6,250.38,Kg
7196,5158,82,257.58,Pieces
7197,5151,101,88.02,Liters
7198,4633,136,487.26,Pieces
7199,9843,78,483.55,Kg
7200,6477,91,335.91,Pieces
7201,5292,41,412.92,Kg
7202,1766,80,403.22,Pieces
7203,8966,113,39.05,Pieces
7204,5300,82,456.47,Liters
7205,6854,93,62.85,Pieces
7206,4365,28,117.11,Pieces
7207,6732,57,92.72,Pieces
7208,4341,111,398.99,Pieces
7209,1885,36,56.03,Kg
7210,8007,38,204.02,Pieces
7211,4184,73,343.45,Kg
7212,6801,122,73.6,Kg
7213,3790,69,25.48,Liters
7214,6491,42,141.16,Liters
7215,6014,6,147.92,Kg
7216,9408,69,287.95,Liters
7217,7785,33,157.89,Liters
7218,1718,142,258.87,Liters
7219,1395,137,498.69,Kg
7220,1092,122,131.57,Kg
7221,4105,94,116.92,Pieces
7222,8658,14,22.72,Pieces
7223,4316,142,328.84,Liters
7224,6761,35,151.97,Liters
7225,2465,112,64.77,Liters
7226,379,98,394.62,Pieces
7227,407,18,206.81,Kg
7228,2931,134,343.38,Pieces
7229,1325,147,243.53,Kg
7230,5496,5,265.23,Liters
7231,1054,118,294.13,Liters
7232,4743,114,177.62,Liters
7233,7494,12,121.35,Liters
7234,5510,105,436.63,Kg
7235,9215,115,313.88,Liters
7236,9853,138,232.52,Pieces
7237,7945,78,346.52,Pieces
7238,6102,148,409.85,Pieces
7239,1174,3,488.34,Kg
7240,4441,108,256.53,Liters
7241,8386,89,70.73,Pieces
7242,5206,23,197.35,Pieces
7243,4349,89,340.27,Pieces
7244,598,21,253.99,Liters
7245,8111,76,45.68,Kg
7246,1396,92,152.38,Pieces
7247,5631,61,462.3,Liters
7248,7412,26,26.19,Pieces
7249,3989,93,295.82,Kg
7250,6018,130,37.3,Kg
7251,9890,75,164.35,Pieces
7252,1923,135,420.96,Liters
7253,4373,96,463.31,Liters
7254,438,109,23.32,Liters
7255,129,30,197.57,Kg
7256,5878,131,446.6,Liters
7257,1459,29,125.38,Liters
7258,7177,77,335.7,Liters
7259,2552,10,200.96,Pieces
7260,649,76,203.38,Kg
7261,5258,30,120.53,Liters
7262,8416,24,301.85,Kg
7263,1923,74,262.89,Pieces
7264,262,47,130.47,Kg
7265,6947,74,348.87,Pieces
7266,6577,83,175.74,Liters
7267,7350,75,64.5,Pieces
7268,1082,92,412.03,Pieces
7269,1413,101,197.18,Kg
7270,8469,85,280.74,Pieces
7271,902,59,60.64,Pieces
7272,3350,132,459.85,Pieces
7273,8656,39,6.66,Kg
7274,6564,114,374.61,Liters
7275,3048,14,330.72,Pieces
7276,142,21,480.8,Liters
7277,9954,71,185.55,Liters
7278,3471,72,380.13,Kg
7279,1462,59,432.63,Liters
7280,1287,122,25.51,Kg
7281,9302,82,212.13,Liters
7282,837,104,259.08,Kg
7283,3775,118,460.54,Pieces
7284,5732,120,382.0,Kg
7285,2564,35,224.28,Pieces
7286,5218,4,482.59,Kg
7287,7392,27,9.46,Kg
7288,3864,109,392.04,Kg
7289,4919,38,126.06,Pieces
7290,1436,30,36.27,Pieces
7291,7589,51,328.97,Liters
7292,798,99,44.03,Pieces
7293,3153,142,51.54,Kg
7294,2635,74,9.77,Kg
7295,8173,149,205.58,Liters
7296,4191,1,204.47,Pieces
7297,9596,30,466.57,Kg
7298,2584,43,355.85,Kg
7299,4758,118,435.81,Liters
7300,4123,135,278.5,Pieces
7301,9817,145,52.52,Pieces
7302,1903,112,153.66,Kg
7303,1373,26,346.23,Kg
7304,4798,57,198.57,Pieces
7305,1111,21,287.37,Liters
7306,5447,127,268.91,Kg
7307,8346,77,10.57,Pieces
7308,6883,82,309.09,Pieces
7309,5266,91,336.18,Kg
7310,1414,45,435.42,Kg
7311,2189,39,295.55,Pieces
7312,9701,118,147.53,Kg
7313,5633,50,133.85,Kg
7314,689,137,324.33,Kg
7315,7705,22,433.96,Pieces
7316,932,19,405.22,Liters
7317,4400,113,273.18,Pieces
7318,4798,70,261.05,Liters
7319,9117,146,59.77,Kg
7320,8426,3,277.82,Pieces
7321,4833,92,62.99,Kg
7322,3088,79,97.33,Pieces
7323,4667,58,468.35,Pieces
7324,7158,132,137.07,Pieces
7325,2355,115,469.46,Kg
7326,6937,1,458.36,Pieces
7327,1987,2,461.36,Pieces
7328,2783,106,457.24,Liters
7329,8601,113,430.19,Pieces
7330,9482,27,402.98,Pieces
7331,9163,69,448.44,Kg
7332,4458,71,468.21,Pieces
7333,3382,147,208.84,Pieces
7334,3635,17,91.96,Liters
7335,5833,138,429.1,Kg
7336,164,150,92.25,Kg
7337,9526,132,329.17,Pieces
7338,2898,141,163.94,Liters
7339,6459,103,91.42,Kg
7340,385,129,209.9,Liters
7341,366,127,465.52,Liters
7342,3509,74,424.12,Liters
7343,3445,147,391.98,Pieces
7344,5352,29,80.01,Liters
7345,9151,82,251.51,Pieces
7346,6084,137,472.81,Kg
7347,8164,76,151.98,Liters
7348,8050,140,175.68,Liters
7349,3434,62,408.73,Liters
7350,7212,45,62.04,Liters
7351,5512,102,269.74,Pieces
7352,9659,19,377.29,Liters
7353,6530,99,73.17,Pieces
7354,6046,16,374.36,Liters
7355,2339,20,217.82,Liters
7356,5747,26,436.82,Liters
7357,8963,76,388.25,Kg
7358,5691,63,84.99,Pieces
7359,2165,79,246.98,Pieces
7360,3376,134,489.4,Pieces
7361,9684,37,11.23,Pieces
7362,5557,56,179.9,Liters
7363,463,76,230.48,Kg
7364,1629,99,78.82,Kg
7365,5462,14,153.95,Kg
7366,1834,55,429.12,Kg
7367,3136,72,391.09,Pieces
7368,336,27,60.6,Kg
7369,2152,97,205.54,Liters
7370,6616,48,193.73,Liters
7371,9445,70,422.63,Kg
7372,3815,9,179.11,Kg
7373,4067,129,388.23,Pieces
7374,3309,100,361.98,Pieces
7375,5966,12,446.44,Kg
7376,9940,99,358.01,Kg
7377,8635,40,40.11,Pieces
7378,2708,113,329.45,Pieces
7379,6822,80,357.6,Liters
7380,3861,128,278.83,Pieces
7381,7975,90,123.75,Pieces
7382,8345,93,220.56,Liters
7383,8678,145,246.09,Pieces
7384,4919,126,144.76,Liters
7385,2102,147,92.72,Kg
7386,8783,72,28.07,Pieces
7387,9539,45,499.28,Liters
7388,6507,107,36.83,Liters
7389,884,104,345.01,Liters
7390,8290,80,352.8,Liters
7391,5370,30,387.36,Liters
7392,6254,33,8.6,Kg
7393,8301,99,414.11,Pieces
7394,1460,113,315.88,Pieces
7395,4719,129,298.34,Liters
7396,4622,111,81.8,Kg
7397,2132,80,71.68,Pieces
7398,9537,23,418.45,Liters
7399,5805,119,328.69,Kg
7400,2198,73,300.8,Kg
7401,9829,111,197.14,Pieces
7402,4694,130,428.37,Kg
7403,7737,10,135.73,Pieces
7404,7786,82,345.0,Liters
7405,5641,107,224.49,Pieces
7406,3708,4,89.02,Liters
7407,5595,99,310.7,Pieces
7408,8654,111,468.57,Pieces
7409,487,122,420.68,Pieces
7410,1929,37,496.58,Liters
7411,1679,23,293.06,Kg
7412,6706,145,9.38,Liters
7413,7471,2,333.53,Pieces
7414,2913,139,211.31,Kg
7415,3057,109,200.95,Kg
7416,6780,136,356.34,Kg
7417,5719,130,242.88,Liters
7418,7120,32,78.21,Kg
7419,7516,1,42.96,Kg
7420,1410,74,485.28,Liters
7421,3175,5,100.37,Liters
7422,7064,126,137.26,Liters
7423,7449,37,201.92,Kg
7424,370,109,397.44,Pieces
7425,5854,136,271.92,Kg
7426,2151,6,81.74,Pieces
7427,6203,149,360.54,Kg
7428,7205,23,144.15,Kg
7429,8597,86,410.34,Kg
7430,5012,133,154.21,Liters
7431,9219,94,231.45,Pieces
7432,7754,30,281.79,Liters
7433,1110,114,207.17,Liters
7434,4691,93,255.22,Pieces
7435,5485,129,5.99,Kg
7436,6589,127,429.17,Kg
7437,4906,3,244.36,Pieces
7438,578,4,394.11,Liters
7439,4118,52,151.29,Liters
7440,74,45,96.0,Kg
7441,4682,19,427.66,Kg
7442,9052,132,189.52,Kg
7443,6466,41,306.51,Liters
7444,6206,74,210.16,Liters
7445,4849,76,112.15,Kg
7446,59,63,343.41,Liters
7447,5496,93,463.45,Kg
7448,7262,88,25.09,Liters
7449,9955,52,391.36,Liters
7450,9218,143,48.7,Pieces
7451,2254,114,236.77,Pieces
7452,8246,27,93.93,Liters
7453,2950,56,71.59,Pieces
7454,8555,145,467.48,Kg
7455,605,134,357.09,Pieces
7456,7607,73,283.76,Pieces
7457,4225,37,301.06,Kg
7458,6879,102,166.45,Liters
7459,4497,113,289.41,Liters
7460,3594,39,10.54,Pieces
7461,813,112,46.3,Pieces
7462,7267,9,426.61,Pieces
7463,5979,2,389.04,Kg
7464,3416,78,201.53,Liters
7465,5857,88,364.59,Pieces
7466,8297,48,166.16,Pieces
7467,9833,81,418.99,Pieces
7468,3450,8,213.35,Pieces
7469,6111,61,132.36,Liters
7470,3693,23,23.49,Kg
7471,5443,100,224.45,Kg
7472,671,25,192.31,Kg
7473,8409,63,199.31,Pieces
7474,6639,116,381.88,Kg
7475,4247,136,88.67,Liters
7476,57,95,271.22,Liters
7477,6898,12,104.34,Liters
7478,5004,59,177.04,Liters
7479,2907,41,24.58,Liters
7480,40,51,253.5,Kg
7481,5730,116,110.53,Liters
7482,6494,39,46.54,Kg
7483,6251,112,1.01,Pieces
7484,6554,89,211.92,Kg
7485,6208,90,211.44,Liters
7486,8475,114,169.08,Liters
7487,8940,126,341.21,Kg
7488,7013,3,90.95,Kg
7489,7098,102,339.07,Kg
7490,1617,105,12.25,Pieces
7491,1194,2,136.83,Pieces
7492,31,53,416.92,Kg
7493,171,60,204.23,Pieces
7494,3445,139,181.11,Kg
7495,64,98,208.47,Pieces
7496,9354,136,48.75,Liters
7497,190,48,239.19,Kg
7498,2531,50,213.77,Pieces
7499,8117,128,252.34,Pieces
7500,4012,78,413.28,Liters
7501,6091,22,169.05,Pieces
7502,3159,5,125.52,Liters
7503,2819,27,185.88,Kg
7504,3044,149,419.77,Kg
7505,3384,18,179.05,Liters
7506,5682,110,405.82,Pieces
7507,7418,86,299.7,Kg
7508,5440,95,459.17,Pieces
7509,2743,71,258.67,Kg
7510,9414,124,298.61,Pieces
7511,2646,106,123.27,Liters
7512,2806,128,364.04,Liters
7513,8065,114,18.7,Kg
7514,6929,52,269.18,Kg
7515,4838,4,57.38,Pieces
7516,5147,140,452.59,Pieces
7517,7156,7,33.83,Kg
7518,2997,129,62.04,Kg
7519,7309,108,382.92,Kg
7520,1319,76,106.38,Kg
7521,5635,115,484.47,Pieces
7522,6704,32,432.8,Kg
7523,7190,54,144.49,Kg
7524,8869,45,6.54,Kg
7525,6529,111,283.6,Liters
7526,2036,11,22.88,Liters
7527,1026,114,101.75,Pieces
7528,3573,50,32.12,Kg
7529,5055,116,246.47,Liters
7530,3690,25,9.35,Liters
7531,4929,103,164.54,Kg
7532,6111,110,492.39,Kg
7533,4881,77,86.09,Kg
7534,5990,25,440.52,Kg
7535,1816,139,174.0,Kg
7536,1684,66,385.3,Kg
7537,4791,22,407.05,Pieces
7538,3355,118,123.25,Kg
7539,3553,107,480.38,Pieces
7540,6300,125,18.46,Liters
7541,8530,64,174.82,Kg
7542,3619,35,490.47,Kg
7543,3934,101,55.31,Kg
7544,7525,60,474.74,Pieces
7545,7678,12,49.66,Kg
7546,141,18,128.23,Kg
7547,4524,9,279.78,Pieces
7548,1237,38,33.84,Liters
7549,22,90,390.55,Liters
7550,5298,129,230.57,Liters
7551,1106,131,309.57,Pieces
7552,7166,96,19.07,Kg
7553,6877,81,287.25,Pieces
7554,2412,129,494.75,Pieces
7555,8281,8,35.7,Kg
7556,3614,51,487.36,Liters
7557,5496,41,423.64,Liters
7558,9665,39,318.17,Liters
7559,6992,59,130.26,Kg
7560,4020,115,367.38,Pieces
7561,8204,42,484.17,Kg
7562,7784,100,322.18,Liters
7563,3377,45,67.79,Kg
7564,8418,59,497.69,Liters
7565,4484,133,118.23,Pieces
7566,3814,65,44.72,Liters
7567,6717,94,125.15,Kg
7568,7007,34,46.67,Kg
7569,1399,1,215.83,Kg
7570,8614,113,100.59,Kg
7571,3910,62,200.08,Liters
7572,3504,57,169.51,Kg
7573,7141,34,364.97,Kg
7574,8609,80,99.92,Pieces
7575,4033,39,27.16,Pieces
7576,4019,74,55.74,Kg
7577,8729,20,249.47,Liters
7578,2256,143,33.41,Pieces
7579,3621,123,8.23,Pieces
7580,5660,76,70.42,Kg
7581,444,120,348.04,Liters
7582,446,98,211.2,Liters
7583,3465,22,185.17,Kg
7584,6819,120,448.84,Kg
7585,3334,86,326.44,Pieces
7586,8036,55,312.55,Liters
7587,1765,86,443.07,Pieces
7588,4726,84,489.15,Liters
7589,2487,140,284.12,Liters
7590,7132,93,357.89,Liters
7591,3565,39,157.12,Pieces
7592,9995,94,226.69,Liters
7593,2496,61,18.75,Liters
7594,6912,36,356.06,Liters
7595,3688,62,363.13,Liters
7596,7985,43,216.62,Kg
7597,3454,106,490.94,Kg
7598,7997,8,181.65,Liters
7599,6701,46,377.64,Kg
7600,2028,37,423.58,Kg
7601,4407,80,32.22,Liters
7602,7507,150,343.08,Kg
7603,2353,59,185.47,Pieces
7604,7755,88,297.34,Liters
7605,2051,55,130.45,Liters
7606,9506,58,327.75,Kg
7607,2656,25,161.52,Pieces
7608,7124,100,339.96,Kg
7609,1153,37,332.39,Liters
7610,9393,100,54.83,Liters
7611,2464,145,284.04,Kg
7612,4235,121,22.04,Kg
7613,4208,86,403.52,Liters
7614,5314,128,491.28,Kg
7615,9643,94,389.36,Pieces
7616,6504,10,111.52,Liters
7617,5921,29,452.27,Pieces
7618,3875,22,436.38,Liters
7619,6034,17,273.34,Liters
7620,5307,114,487.64,Kg
7621,7869,3,450.01,Liters
7622,6392,112,140.88,Liters
7623,6168,105,395.11,Kg
7624,7602,30,140.47,Pieces
7625,7412,100,60.38,Liters
7626,8198,136,415.15,Pieces
7627,4162,111,345.25,Pieces
7628,1985,77,273.59,Liters
7629,9330,114,81.25,Kg
7630,9953,94,76.59,Liters
7631,4804,90,188.03,Kg
7632,413,135,124.77,Kg
7633,9756,21,471.51,Liters
7634,137,44,344.5,Kg
7635,7190,116,2.85,Kg
7636,1981,69,335.06,Kg
7637,1315,93,307.51,Liters
7638,7771,93,183.45,Pieces
7639,6313,3,164.09,Kg
7640,3365,34,398.71,Pieces
7641,3374,9,191.27,Pieces
7642,2214,59,369.78,Pieces
7643,1031,125,84.91,Liters
7644,9081,145,19.27,Kg
7645,3388,136,351.43,Kg
7646,9259,130,449.64,Kg
7647,8499,15,362.04,Kg
7648,8703,100,40.4,Liters
7649,3149,53,417.03,Kg
7650,8765,112,29.63,Liters
7651,8135,53,138.8,Liters
7652,2116,54,84.75,Pieces
7653,490,31,261.5,Liters
7654,2921,124,4.55,Kg
7655,2594,106,58.67,Kg
7656,6254,91,489.24,Kg
7657,4985,33,493.15,Pieces
7658,8490,62,392.89,Pieces
7659,1524,3,261.27,Kg
7660,1595,66,298.25,Kg
7661,3999,92,30.2,Liters
7662,2977,36,19.67,Kg
7663,3622,95,407.95,Pieces
7664,822,107,322.54,Liters
7665,6866,100,213.32,Kg
7666,2700,115,164.09,Liters
7667,5023,140,373.59,Pieces
7668,2120,74,485.33,Pieces
7669,2430,36,366.42,Pieces
7670,6155,99,92.75,Pieces
7671,202,89,158.64,Kg
7672,7589,149,316.34,Kg
7673,3008,16,2.82,Kg
7674,9303,141,240.67,Liters
7675,1201,116,34.67,Liters
7676,9220,65,221.88,Liters
7677,3154,104,118.96,Liters
7678,2464,52,153.16,Kg
7679,1928,150,140.99,Liters
7680,5236,51,3.04,Liters
7681,7746,94,102.11,Liters
7682,6331,67,301.15,Kg
7683,1726,82,27.0,Liters
7684,8533,29,228.06,Kg
7685,9581,65,456.34,Kg
7686,6430,112,413.6,Liters
7687,6537,124,258.46,Liters
7688,8601,27,371.29,Kg
7689,8484,29,140.83,Pieces
7690,1706,103,439.39,Pieces
7691,1431,61,268.32,Liters
7692,4064,49,157.76,Kg
7693,848,17,220.22,Kg
7694,3562,7,442.36,Kg
7695,3203,14,415.92,Kg
7696,4243,36,458.02,Pieces
7697,5332,12,91.3,Pieces
7698,8190,18,430.12,Kg
7699,4170,125,89.68,Kg
7700,3848,65,458.62,Liters
7701,2689,11,88.08,Pieces
7702,3707,75,95.07,Pieces
7703,2976,53,18.98,Liters
7704,1605,30,169.8,Kg
7705,4315,18,422.22,Liters
7706,468,63,67.85,Kg
7707,830,32,114.77,Liters
7708,1076,44,498.12,Kg
7709,5069,22,448.49,Liters
7710,6407,84,192.8,Kg
7711,4116,54,299.13,Kg
7712,8049,66,172.71,Kg
7713,924,110,285.76,Pieces
7714,1751,28,351.54,Kg
7715,8425,128,180.27,Liters
7716,8057,32,16.21,Kg
7717,6424,85,38.67,Liters
7718,8407,149,457.2,Kg
7719,9188,95,468.16,Kg
7720,9052,125,419.46,Liters
7721,6828,93,324.05,Pieces
7722,5936,44,277.2,Pieces
7723,5527,120,25.48,Liters
7724,4995,113,240.92,Kg
7725,7542,135,347.61,Liters
7726,6753,136,141.81,Pieces
7727,8420,99,312.21,Pieces
7728,8366,50,132.59,Pieces
7729,8358,72,88.47,Liters
7730,3210,36,488.19,Pieces
7731,2463,59,196.0,Pieces
7732,3394,16,88.98,Kg
7733,2826,16,36.83,Pieces
7734,4235,60,167.08,Pieces
7735,408,105,150.66,Kg
7736,8719,101,254.52,Liters
7737,630,125,215.3,Pieces
7738,7469,101,118.05,Pieces
7739,9108,103,463.76,Pieces
7740,5884,51,363.08,Kg
7741,8193,148,100.93,Liters
7742,285,53,182.02,Kg
7743,5088,7,74.23,Liters
7744,4731,97,420.45,Kg
7745,84,10,1.11,Liters
7746,675,84,217.49,Liters
7747,7931,7,160.26,Liters
7748,4920,87,52.71,Pieces
7749,8979,124,498.32,Pieces
7750,3522,71,12.58,Kg
7751,545,130,65.45,Kg
7752,114,110,263.08,Kg
7753,8994,49,431.17,Liters
7754,6299,24,171.6,Pieces
7755,4201,66,78.13,Liters
7756,1984,91,75.19,Pieces
7757,1820,96,140.02,Liters
7758,5529,122,75.45,Kg
7759,5471,47,400.6,Kg
7760,2467,123,8.33,Liters
7761,2590,96,46.2,Pieces
7762,1629,61,251.92,Kg
7763,2511,88,211.46,Kg
7764,5761,133,417.03,Kg
7765,2038,35,183.19,Kg
7766,3690,16,49.46,Kg
7767,8387,58,209.68,Pieces
7768,9552,88,367.53,Kg
7769,6967,134,244.81,Kg
7770,5505,126,437.87,Liters
7771,4075,59,283.67,Kg
7772,4094,140,358.16,Kg
7773,9690,84,308.66,Pieces
7774,2454,57,73.35,Pieces
7775,5336,28,41.89,Pieces
7776,1241,145,134.83,Pieces
7777,5153,88,242.38,Pieces
7778,2530,144,372.74,Liters
7779,909,102,156.71,Kg
7780,9742,28,447.68,Pieces
7781,494,70,93.33,Liters
7782,5433,95,290.93,Pieces
7783,6858,92,430.45,Pieces
7784,6560,44,367.8,Kg
7785,8180,97,452.14,Liters
7786,711,130,14.42,Liters
7787,8243,85,92.51,Liters
7788,4683,52,215.09,Pieces
7789,7329,72,209.66,Pieces
7790,7568,101,25.54,Kg
7791,6803,123,127.82,Pieces
7792,7161,48,76.23,Kg
7793,6841,16,157.55,Pieces
7794,61,115,138.36,Liters
7795,8577,13,174.84,Kg
7796,6667,3,490.13,Kg
7797,2477,24,389.81,Pieces
7798,3202,120,322.1,Pieces
7799,2544,33,364.39,Pieces
7800,9986,146,75.61,Liters
7801,1610,118,420.0,Pieces
7802,9088,75,390.6,Pieces
7803,5024,97,155.25,Kg
7804,5548,37,486.4,Pieces
7805,8125,104,199.07,Liters
7806,6641,86,388.82,Pieces
7807,9911,117,348.6,Kg
7808,9530,48,64.31,Kg
7809,1924,62,161.51,Pieces
7810,693,31,468.75,Pieces
7811,459,90,170.07,Kg
7812,5987,140,152.75,Pieces
7813,1073,16,360.61,Pieces
7814,9772,77,213.81,Pieces
7815,7707,91,330.29,Pieces
7816,6514,55,278.71,Kg
7817,4123,17,188.22,Liters
7818,3500,100,209.14,Kg
7819,8983,70,286.83,Pieces
7820,7015,128,240.16,Pieces
7821,1541,75,293.85,Liters
7822,2272,47,103.13,Pieces
7823,8422,143,314.89,Pieces
7824,9335,125,173.27,Kg
7825,7011,76,437.17,Pieces
7826,3023,11,250.69,Liters
7827,1911,121,297.39,Kg
7828,8520,20,473.29,Kg
7829,8173,27,240.63,Liters
7830,1867,135,487.71,Pieces
7831,9966,32,173.21,Pieces
7832,6686,46,282.6,Liters
7833,5478,26,133.44,Pieces
7834,5864,146,179.69,Kg
7835,9056,130,153.79,Kg
7836,695,7,84.48,Pieces
7837,4274,4,54.43,Kg
7838,7924,115,67.65,Liters
7839,1270,31,427.74,Kg
7840,4133,51,289.76,Liters
7841,712,67,219.34,Kg
7842,906,72,319.32,Liters
7843,5190,90,22.48,Kg
7844,3533,64,76.61,Kg
7845,2880,27,392.15,Kg
7846,4105,22,36.12,Liters
7847,5763,2,437.09,Liters
7848,6259,5,105.88,Kg
7849,8293,115,300.81,Kg
7850,6877,143,117.02,Liters
7851,914,68,432.22,Kg
7852,9168,93,496.27,Liters
7853,2324,89,282.73,Kg
7854,9107,75,242.26,Kg
7855,4508,77,448.69,Kg
7856,8029,10,86.51,Liters
7857,8092,93,424.99,Liters
7858,6473,87,122.99,Kg
7859,450,147,96.28,Kg
7860,9242,124,23.14,Kg
7861,5288,139,249.87,Kg
7862,2183,112,164.16,Kg
7863,9048,137,170.66,Liters
7864,2205,93,437.51,Kg
7865,4748,25,194.0,Liters
7866,3630,85,415.01,Pieces
7867,5302,74,479.25,Kg
7868,3375,23,337.02,Pieces
7869,3761,6,86.47,Pieces
7870,8720,23,364.09,Kg
7871,53,102,170.74,Liters
7872,8473,104,188.68,Pieces
7873,355,72,231.45,Kg
7874,7176,35,11.21,Kg
7875,4046,64,58.32,Pieces
7876,9188,149,261.45,Pieces
7877,9677,140,490.44,Pieces
7878,9286,37,94.46,Liters
7879,670,11,364.8,Liters
7880,4347,100,289.5,Kg
7881,1761,119,217.84,Pieces
7882,7120,42,230.63,Kg
7883,2394,91,183.44,Pieces
7884,3687,149,41.49,Liters
7885,7392,127,347.16,Liters
7886,424,147,488.25,Kg
7887,6008,77,210.94,Kg
7888,3164,15,390.53,Kg
7889,6014,38,45.05,Pieces
7890,3351,36,59.42,Kg
7891,5966,130,435.98,Pieces
7892,5332,60,17.67,Kg
7893,7240,75,488.94,Pieces
7894,5670,34,95.73,Pieces
7895,3776,10,425.26,Kg
7896,9438,69,123.19,Kg
7897,6226,112,11.93,Kg
7898,1250,59,366.28,Pieces
7899,1692,67,119.09,Liters
7900,7907,131,145.56,Pieces
7901,1891,35,258.94,Pieces
7902,6243,57,136.08,Kg
7903,716,31,177.71,Kg
7904,2284,24,5.38,Kg
7905,9544,71,90.89,Kg
7906,8755,140,313.47,Liters
7907,9609,97,177.94,Pieces
7908,4974,53,157.78,Pieces
7909,3935,69,255.05,Liters
7910,5859,89,411.24,Liters
7911,7808,49,123.7,Liters
7912,5392,106,242.67,Pieces
7913,5905,82,21.77,Pieces
7914,832,131,355.95,Kg
7915,7073,95,127.78,Kg
7916,4806,67,329.15,Pieces
7917,7368,127,170.36,Kg
7918,6288,103,95.23,Pieces
7919,9656,21,422.29,Kg
7920,873,53,36.82,Kg
7921,6112,109,448.2,Pieces
7922,8224,27,382.2,Liters
7923,3841,5,434.38,Pieces
7924,9960,94,387.69,Liters
7925,3668,4,471.01,Kg
7926,2539,5,15.3,Pieces
7927,1115,145,364.8,Liters
7928,9097,90,53.85,Pieces
7929,6905,90,425.05,Kg
7930,2057,54,267.55,Kg
7931,2126,139,122.58,Liters
7932,7769,63,410.99,Pieces
7933,2412,40,228.3,Pieces
7934,831,81,195.48,Kg
7935,803,8,226.96,Liters
7936,2006,53,275.63,Kg
7937,7405,78,347.63,Pieces
7938,8407,31,79.99,Pieces
7939,364,48,328.93,Pieces
7940,9837,140,160.64,Kg
7941,2722,129,407.55,Pieces
7942,8655,137,404.39,Liters
7943,9061,73,170.14,Kg
7944,3961,16,181.13,Kg
7945,80,128,457.04,Kg
7946,3372,32,445.8,Liters
7947,2643,65,77.52,Kg
7948,5563,11,453.94,Pieces
7949,1793,32,80.58,Liters
7950,9535,129,11.26,Pieces
7951,2585,65,465.49,Kg
7952,8855,120,328.42,Liters
7953,7719,68,466.13,Pieces
7954,3129,127,235.39,Pieces
7955,3777,138,493.96,Liters
7956,7444,23,136.64,Kg
7957,1348,26,214.99,Kg
7958,1189,70,295.32,Kg
7959,1359,27,7.66,Kg
7960,404,8,392.25,Liters
7961,3316,51,350.74,Pieces
7962,1731,70,370.82,Pieces
7963,4249,20,30.11,Kg
7964,7035,93,170.67,Liters
7965,2533,80,393.26,Liters
7966,6795,85,59.24,Pieces
7967,4052,62,356.39,Kg
7968,3045,62,473.15,Pieces
7969,3282,145,415.28,Pieces
7970,3745,34,393.67,Kg
7971,2075,131,375.59,Liters
7972,7532,79,410.19,Pieces
7973,641,140,291.24,Kg
7974,5259,118,110.09,Liters
7975,5385,54,248.29,Kg
7976,2554,97,458.66,Kg
7977,5658,14,469.79,Pieces
7978,9266,143,480.78,Liters
7979,5253,11,356.06,Pieces
7980,7908,39,161.46,Pieces
7981,1253,1,170.64,Kg
7982,3439,135,341.7,Liters
7983,1843,68,296.83,Kg
7984,3355,25,56.32,Liters
7985,9255,62,127.85,Liters
7986,8789,23,375.61,Liters
7987,8380,88,292.53,Kg
7988,5618,115,88.41,Pieces
7989,8373,38,221.36,Kg
7990,1644,68,366.41,Liters
7991,6225,53,404.65,Liters
7992,8117,105,185.99,Pieces
7993,6211,19,152.41,Liters
7994,6804,56,450.58,Kg
7995,5428,13,254.01,Pieces
7996,6289,42,223.52,Pieces
7997,1051,108,215.64,Liters
7998,2857,138,359.34,Kg
7999,3496,1,340.14,Kg
8000,341,114,85.65,Pieces
8001,2469,115,445.54,Kg
8002,6892,116,52.46,Pieces
8003,1623,76,158.13,Liters
8004,4869,12,166.04,Liters
8005,6128,145,24.8,Liters
8006,9771,119,499.29,Liters
8007,828,27,219.56,Pieces
8008,5709,37,162.92,Kg
8009,9293,123,203.76,Pieces
8010,4242,90,26.68,Kg
8011,9468,99,452.18,Kg
8012,1108,13,230.7,Kg
8013,745,101,127.52,Pieces
8014,6871,56,400.06,Kg
8015,3873,59,264.39,Kg
8016,6893,136,420.6,Liters
8017,4,33,497.57,Liters
8018,6763,138,256.04,Liters
8019,1504,104,242.48,Kg
8020,1697,108,170.12,Kg
8021,3908,69,220.05,Liters
8022,3036,143,487.16,Kg
8023,5555,61,62.65,Pieces
8024,5211,95,148.41,Kg
8025,2780,5,149.08,Pieces
8026,2138,90,108.99,Pieces
8027,6916,110,351.68,Kg
8028,312,55,161.69,Kg
8029,6618,103,437.96,Pieces
8030,441,147,155.9,Liters
8031,6632,68,2.64,Kg
8032,8351,130,82.06,Liters
8033,7330,143,436.04,Pieces
8034,1726,26,382.79,Liters
8035,734,72,346.64,Kg
8036,357,41,440.02,Kg
8037,6697,143,166.17,Liters
8038,5751,47,420.73,Kg
8039,2212,53,144.07,Liters
8040,7235,125,210.32,Kg
8041,1245,103,358.48,Pieces
8042,3464,113,486.46,Liters
8043,3157,39,304.99,Liters
8044,4636,119,421.97,Pieces
8045,3114,70,59.57,Liters
8046,3028,58,14.77,Liters
8047,9151,9,307.04,Pieces
8048,6140,150,106.88,Pieces
8049,4045,7,150.01,Pieces
8050,9552,64,279.11,Pieces
8051,4688,37,44.59,Kg
8052,8075,27,24.15,Kg
8053,6615,103,63.07,Kg
8054,7062,75,96.01,Kg
8055,5762,136,36.11,Liters
8056,5798,80,452.98,Pieces
8057,8756,121,488.06,Pieces
8058,3431,111,392.92,Kg
8059,8860,11,162.78,Kg
8060,5284,46,250.43,Kg
8061,612,106,285.56,Pieces
8062,3393,59,345.97,Pieces
8063,3932,135,466.64,Kg
8064,3295,134,482.81,Pieces
8065,929,94,212.16,Liters
8066,4255,90,461.89,Pieces
8067,5874,148,491.45,Pieces
8068,1600,132,75.98,Liters
8069,828,130,362.17,Liters
8070,7911,9,94.5,Kg
8071,4320,97,61.74,Kg
8072,6025,89,116.3,Kg
8073,3455,141,137.05,Kg
8074,8352,14,75.66,Pieces
8075,2124,105,278.14,Kg
8076,599,35,267.72,Pieces
8077,7234,30,5.0,Pieces
8078,9241,140,293.26,Pieces
8079,3179,75,28.23,Liters
8080,5309,68,113.89,Kg
8081,4892,68,260.32,Kg
8082,5766,146,356.36,Kg
8083,7046,47,97.98,Kg
8084,6221,4,358.26,Kg
8085,8522,17,90.37,Kg
8086,7822,124,434.26,Pieces
8087,9896,5,198.8,Pieces
8088,5946,77,286.38,Liters
8089,2178,9,250.82,Kg
8090,1079,138,272.99,Kg
8091,6636,134,329.69,Kg
8092,9464,13,272.82,Pieces
8093,5699,16,354.77,Kg
8094,2347,116,300.21,Kg
8095,9845,113,296.84,Kg
8096,3037,38,64.62,Pieces
8097,3,142,96.91,Liters
8098,5745,46,121.39,Pieces
8099,6411,97,309.05,Liters
8100,3106,56,283.8,Liters
8101,3222,82,310.03,Kg
8102,9967,128,110.96,Pieces
8103,5406,7,366.42,Pieces
8104,3331,84,357.82,Liters
8105,5395,25,352.46,Liters
8106,3447,64,334.51,Pieces
8107,6261,125,188.82,Liters
8108,7342,19,158.68,Kg
8109,5841,55,247.33,Liters
8110,3211,113,422.86,Liters
8111,1567,58,304.93,Liters
8112,9160,105,238.77,Liters
8113,2708,63,265.25,Liters
8114,9000,125,6.25,Pieces
8115,6535,65,199.97,Kg
8116,2923,59,341.99,Pieces
8117,4363,42,186.14,Liters
8118,9570,43,426.16,Liters
8119,6363,145,414.16,Kg
8120,1450,84,321.35,Pieces
8121,7213,95,13.83,Kg
8122,9822,12,359.54,Pieces
8123,6627,102,289.35,Liters
8124,5459,149,201.75,Pieces
8125,6656,102,122.21,Pieces
8126,2638,64,449.68,Kg
8127,4537,11,263.93,Kg
8128,1127,18,164.97,Kg
8129,9172,42,47.51,Kg
8130,4487,150,344.24,Liters
8131,3463,57,444.09,Pieces
8132,373,18,395.36,Liters
8133,3601,50,144.78,Kg
8134,7702,63,132.92,Kg
8135,239,122,48.81,Pieces
8136,2609,43,309.51,Pieces
8137,8008,142,395.66,Pieces
8138,4069,123,417.5,Kg
8139,5574,19,220.7,Pieces
8140,4327,150,176.62,Pieces
8141,7462,92,299.21,Pieces
8142,5822,3,252.9,Liters
8143,3269,95,189.61,Liters
8144,9053,130,247.88,Pieces
8145,32,82,296.14,Liters
8146,4689,2,361.67,Pieces
8147,8940,113,333.24,Pieces
8148,2886,133,67.03,Kg
8149,1311,34,495.13,Kg
8150,8807,113,489.34,Liters
8151,4620,12,395.96,Liters
8152,2006,67,477.09,Liters
8153,2790,96,417.7,Kg
8154,5329,53,203.61,Liters
8155,4882,14,122.11,Kg
8156,2708,24,350.33,Kg
8157,1430,106,361.58,Kg
8158,3128,83,78.74,Kg
8159,9752,89,39.13,Liters
8160,5131,136,159.69,Pieces
8161,330,56,348.73,Pieces
8162,6277,47,461.98,Kg
8163,7254,32,499.81,Kg
8164,9572,97,445.55,Liters
8165,2835,14,454.71,Liters
8166,5574,17,392.79,Liters
8167,5703,96,22.23,Pieces
8168,1578,119,411.57,Liters
8169,8537,56,471.81,Liters
8170,4257,112,353.47,Liters
8171,2808,25,382.95,Kg
8172,4685,146,4.49,Pieces
8173,9549,138,366.16,Pieces
8174,2692,11,363.35,Pieces
8175,3120,150,291.79,Pieces
8176,1064,100,366.65,Pieces
8177,2379,96,440.32,Pieces
8178,5516,71,490.79,Liters
8179,9996,49,261.96,Pieces
8180,92,134,450.12,Pieces
8181,1664,143,182.51,Liters
8182,6117,30,376.09,Kg
8183,5212,103,256.14,Liters
8184,427,33,323.77,Liters
8185,3879,19,476.24,Pieces
8186,3798,109,437.84,Pieces
8187,697,133,138.07,Pieces
8188,4451,84,340.64,Liters
8189,842,31,394.08,Liters
8190,9844,50,456.63,Pieces
8191,2350,139,365.91,Kg
8192,5826,54,342.85,Pieces
8193,4618,118,288.66,Kg
8194,3800,81,265.23,Liters
8195,5956,145,135.03,Pieces
8196,7227,101,472.17,Liters
8197,5575,96,9.03,Liters
8198,2921,34,323.39,Liters
8199,8888,116,343.2,Liters
8200,594,88,41.53,Liters
8201,9785,11,294.3,Kg
8202,771,125,409.49,Kg
8203,9426,17,412.61,Pieces
8204,7740,116,316.31,Kg
8205,4229,15,119.35,Liters
8206,5896,81,176.93,Liters
8207,6543,92,25.62,Kg
8208,1871,1,389.05,Pieces
8209,6290,55,10.28,Pieces
8210,6387,71,3.47,Liters
8211,9196,5,255.09,Kg
8212,8076,26,323.11,Kg
8213,4488,40,339.57,Liters
8214,7530,78,142.43,Pieces
8215,5939,7,161.16,Kg
8216,5121,50,202.51,Pieces
8217,6469,28,435.8,Liters
8218,9545,139,324.56,Kg
8219,8263,89,274.27,Liters
8220,3022,79,480.06,Liters
8221,680,24,387.16,Pieces
8222,9201,70,187.92,Pieces
8223,6036,3,416.12,Kg
8224,5853,4,196.37,Pieces
8225,5246,25,414.55,Kg
8226,2400,73,428.89,Pieces
8227,4003,110,351.81,Kg
8228,8276,16,61.96,Kg
8229,7470,127,118.44,Liters
8230,1526,11,54.31,Liters
8231,7483,1,29.58,Kg
8232,9211,56,218.75,Pieces
8233,6493,96,451.48,Liters
8234,5024,117,168.81,Liters
8235,8225,66,106.56,Kg
8236,9089,116,399.72,Liters
8237,2560,86,308.05,Kg
8238,8423,134,319.62,Kg
8239,7024,83,269.83,Pieces
8240,4334,48,419.83,Liters
8241,7132,33,177.78,Pieces
8242,9644,28,8.94,Kg
8243,8992,111,71.14,Kg
8244,7726,125,218.16,Liters
8245,7616,83,336.25,Kg
8246,5139,89,177.29,Kg
8247,2484,94,350.35,Liters
8248,5233,47,463.76,Pieces
8249,4423,27,326.39,Pieces
8250,4228,84,5.9,Liters
8251,8608,8,24.85,Pieces
8252,3088,2,57.91,Liters
8253,7467,140,245.76,Liters
8254,137,35,359.56,Pieces
8255,1284,127,142.33,Liters
8256,5514,144,466.01,Liters
8257,8586,134,385.68,Kg
8258,9125,33,171.92,Pieces
8259,4167,133,352.96,Kg
8260,4028,135,61.0,Kg
8261,8932,59,107.48,Kg
8262,2028,138,491.38,Kg
8263,3380,106,175.43,Pieces
8264,6454,106,256.28,Kg
8265,9554,97,312.81,Liters
8266,283,134,14.27,Pieces
8267,3484,68,41.66,Liters
8268,514,22,102.49,Pieces
8269,9636,43,95.96,Kg
8270,4518,91,441.4,Pieces
8271,3589,32,274.27,Kg
8272,4033,132,470.82,Kg
8273,9677,91,177.02,Liters
8274,3561,70,171.56,Liters
8275,9856,31,202.34,Pieces
8276,9737,8,340.62,Pieces
8277,6492,103,372.97,Kg
8278,9367,30,248.77,Pieces
8279,6362,93,182.26,Pieces
8280,5466,4,337.47,Liters
8281,7980,33,340.92,Pieces
8282,3421,136,423.79,Pieces
8283,3831,135,461.8,Kg
8284,683,100,19.09,Pieces
8285,3224,86,167.95,Kg
8286,2050,137,375.32,Pieces
8287,9142,36,201.79,Liters
8288,5986,84,343.05,Pieces
8289,8154,121,264.68,Liters
8290,5684,37,439.54,Liters
8291,4142,52,425.89,Liters
8292,832,50,288.29,Kg
8293,1077,6,248.54,Liters
8294,113,59,69.16,Kg
8295,1539,108,301.33,Liters
8296,2854,103,51.84,Liters
8297,8432,14,409.23,Liters
8298,3935,57,72.04,Kg
8299,9958,136,148.44,Pieces
8300,3608,59,311.13,Pieces
8301,8150,97,325.72,Kg
8302,2017,5,51.55,Pieces
8303,7123,135,348.07,Pieces
8304,6129,83,8.89,Liters
8305,3417,90,16.2,Kg
8306,5503,110,118.42,Kg
8307,9116,77,361.41,Liters
8308,3162,111,129.9,Pieces
8309,4897,137,279.04,Liters
8310,9357,33,76.34,Pieces
8311,2421,73,9.35,Liters
8312,7502,116,470.57,Kg
8313,9872,12,98.39,Kg
8314,8559,36,367.23,Kg
8315,1313,4,329.24,Pieces
8316,6187,29,184.04,Liters
8317,7407,140,326.48,Kg
8318,5287,27,430.59,Liters
8319,7149,133,228.4,Kg
8320,9076,118,255.0,Liters
8321,3737,63,81.18,Pieces
8322,6284,147,196.01,Kg
8323,1834,102,78.93,Liters
8324,6676,110,89.87,Pieces
8325,3775,110,498.03,Kg
8326,7466,122,249.49,Kg
8327,2045,84,84.64,Liters
8328,6775,84,293.82,Kg
8329,7592,62,463.64,Pieces
8330,2552,19,209.74,Pieces
8331,4475,41,81.72,Liters
8332,656,20,378.44,Liters
8333,96,111,452.05,Kg
8334,8049,119,273.52,Liters
8335,5441,28,218.99,Pieces
8336,5197,27,453.54,Pieces
8337,5194,85,122.06,Pieces
8338,5841,4,319.12,Liters
8339,6510,38,90.83,Liters
8340,7566,59,230.56,Kg
8341,8613,86,453.98,Pieces
8342,7903,150,256.23,Liters
8343,8959,112,206.51,Kg
8344,7977,61,175.89,Liters
8345,7389,112,402.3,Kg
8346,4241,93,232.58,Pieces
8347,7384,84,259.2,Liters
8348,9581,73,424.58,Pieces
8349,6969,125,289.06,Liters
8350,1343,101,171.8,Kg
8351,5473,61,218.19,Kg
8352,7178,52,256.82,Pieces
8353,7144,94,59.59,Kg
8354,9902,8,266.81,Liters
8355,6648,121,382.75,Liters
8356,8621,60,489.7,Kg
8357,3271,123,298.65,Kg
8358,3775,129,360.63,Pieces
8359,9691,57,320.9,Liters
8360,2406,65,350.38,Kg
8361,3190,78,19.47,Pieces
8362,4536,17,436.57,Pieces
8363,3190,132,344.56,Pieces
8364,9410,66,317.62,Pieces
8365,4317,41,348.97,Pieces
8366,828,49,455.01,Liters
8367,2840,23,345.11,Liters
8368,42,100,248.87,Liters
8369,2594,34,98.73,Liters
8370,3536,42,335.51,Pieces
8371,1051,85,108.34,Pieces
8372,539,104,48.07,Kg
8373,4266,19,281.21,Pieces
8374,4242,83,78.51,Kg
8375,8508,100,150.53,Liters
8376,2344,132,461.38,Kg
8377,486,93,164.52,Liters
8378,2431,119,386.07,Liters
8379,2202,97,232.33,Pieces
8380,8568,135,244.71,Pieces
8381,8769,106,11.8,Pieces
8382,4481,34,394.79,Liters
8383,6333,46,188.6,Pieces
8384,9710,92,295.37,Kg
8385,8826,37,68.78,Kg
8386,1691,90,101.14,Kg
8387,4782,95,137.25,Kg
8388,8868,15,117.09,Pieces
8389,9515,7,177.21,Liters
8390,4867,100,343.11,Liters
8391,5669,26,92.54,Pieces
8392,8054,62,93.39,Liters
8393,9578,8,55.18,Kg
8394,4921,14,358.29,Pieces
8395,8251,124,59.56,Kg
8396,1356,136,287.41,Kg
8397,5398,127,167.62,Kg
8398,4075,53,36.95,Pieces
8399,1669,106,180.54,Pieces
8400,2880,106,430.15,Kg
8401,5744,138,361.09,Pieces
8402,5731,45,78.08,Liters
8403,8156,82,379.14,Liters
8404,5861,5,76.38,Kg
8405,7856,110,184.39,Liters
8406,2671,5,468.48,Pieces
8407,6359,19,138.61,Liters
8408,6802,14,397.58,Pieces
8409,4292,19,90.89,Kg
8410,4530,44,134.16,Liters
8411,5530,141,160.29,Kg
8412,758,140,53.59,Kg
8413,2353,59,72.5,Pieces
8414,6936,7,23.68,Kg
8415,744,74,73.81,Liters
8416,1363,143,22.31,Liters
8417,1979,72,360.47,Kg
8418,1500,81,187.48,Pieces
8419,4785,131,367.28,Pieces
8420,3391,132,190.74,Pieces
8421,2568,55,198.91,Kg
8422,2550,50,82.86,Kg
8423,6651,91,203.76,Pieces
8424,4858,105,186.82,Kg
8425,1922,140,228.43,Pieces
8426,7307,15,259.17,Pieces
8427,1013,48,131.76,Pieces
8428,9167,140,277.88,Kg
8429,6743,128,379.88,Pieces
8430,717,58,220.18,Kg
8431,5223,43,296.13,Kg
8432,1643,100,233.7,Kg
8433,550,8,30.55,Kg
8434,790,81,266.93,Pieces
8435,5068,144,133.42,Pieces
8436,4647,57,413.86,Liters
8437,6153,119,70.29,Kg
8438,2041,140,62.97,Pieces
8439,528,43,381.77,Liters
8440,4666,89,459.34,Kg
8441,9125,13,165.7,Kg
8442,6694,107,105.92,Kg
8443,4092,127,228.22,Pieces
8444,3924,112,481.68,Liters
8445,2907,137,72.24,Liters
8446,3761,17,347.98,Pieces
8447,8978,19,88.31,Kg
8448,8517,134,138.42,Liters
8449,5784,127,284.91,Liters
8450,2028,53,275.82,Liters
8451,3373,119,316.56,Liters
8452,9879,145,367.32,Pieces
8453,2505,27,41.12,Liters
8454,8051,60,207.0,Kg
8455,2556,1,122.5,Liters
8456,585,22,115.52,Pieces
8457,7777,47,101.41,Liters
8458,584,74,417.01,Kg
8459,9221,82,435.57,Liters
8460,6385,135,285.88,Liters
8461,4457,72,477.02,Liters
8462,7132,110,210.19,Kg
8463,5577,145,261.81,Liters
8464,7864,146,311.16,Pieces
8465,7157,56,167.45,Pieces
8466,4094,93,269.17,Pieces
8467,1868,36,475.9,Liters
8468,3614,106,442.83,Liters
8469,7544,104,203.66,Kg
8470,8863,106,341.43,Kg
8471,8106,49,76.14,Kg
8472,8666,100,148.0,Pieces
8473,1936,136,401.89,Kg
8474,465,147,469.43,Kg
8475,9320,97,39.44,Liters
8476,1447,136,71.75,Kg
8477,1479,95,1.57,Kg
8478,3710,76,248.14,Liters
8479,389,130,6.1,Pieces
8480,4896,80,371.32,Pieces
8481,5657,147,215.19,Liters
8482,4975,16,421.75,Liters
8483,3400,52,143.9,Kg
8484,8253,132,28.7,Kg
8485,2988,109,445.54,Pieces
8486,2847,12,26.29,Kg
8487,6907,121,277.65,Pieces
8488,8269,18,386.58,Kg
8489,1660,11,168.93,Kg
8490,3706,24,335.69,Liters
8491,1414,142,434.46,Pieces
8492,2269,47,465.44,Kg
8493,9132,49,373.04,Kg
8494,6082,41,297.92,Pieces
8495,3659,42,433.29,Liters
8496,567,16,60.84,Pieces
8497,3233,109,137.86,Liters
8498,3152,34,233.5,Kg
8499,7787,97,152.23,Liters
8500,8654,44,297.83,Pieces
8501,3211,125,301.15,Liters
8502,9536,4,381.84,Pieces
8503,8200,67,62.4,Liters
8504,6695,11,108.15,Liters
8505,2167,94,379.26,Liters
8506,3095,137,264.9,Kg
8507,1910,58,395.56,Liters
8508,52,65,338.16,Kg
8509,7984,90,61.18,Kg
8510,2217,65,241.9,Kg
8511,336,140,256.58,Liters
8512,3999,87,128.05,Liters
8513,9931,54,254.56,Pieces
8514,1035,29,142.2,Liters
8515,3220,27,436.04,Liters
8516,6756,44,336.1,Pieces
8517,115,113,366.27,Kg
8518,1278,124,38.94,Kg
8519,6442,12,9.13,Pieces
8520,3675,69,208.66,Liters
8521,7270,10,493.46,Kg
8522,456,83,78.96,Kg
8523,7865,1,44.24,Pieces
8524,6335,50,275.07,Kg
8525,3940,135,37.01,Liters
8526,3436,147,91.97,Kg
8527,9002,69,380.83,Liters
8528,9514,117,213.48,Kg
8529,464,64,161.38,Pieces
8530,3290,94,270.86,Liters
8531,2517,17,93.11,Liters
8532,1834,83,432.9,Liters
8533,5304,132,253.99,Kg
8534,4783,118,42.02,Kg
8535,3345,95,19.6,Pieces
8536,2584,139,426.63,Pieces
8537,5833,113,422.1,Kg
8538,5129,43,340.78,Pieces
8539,5226,75,144.77,Liters
8540,2544,97,325.9,Pieces
8541,3298,30,93.14,Pieces
8542,8299,7,144.17,Pieces
8543,9607,88,450.42,Kg
8544,260,6,350.05,Liters
8545,2565,121,464.93,Liters
8546,4426,132,37.62,Pieces
8547,2068,126,98.83,Pieces
8548,4824,102,347.68,Kg
8549,2644,72,177.28,Pieces
8550,6858,102,292.17,Liters
8551,7928,24,99.57,Kg
8552,850,119,17.29,Liters
8553,1303,11,78.81,Kg
8554,3089,142,392.84,Liters
8555,8237,61,77.49,Kg
8556,5201,107,326.72,Kg
8557,3709,88,171.42,Pieces
8558,5646,144,291.2,Liters
8559,9,92,432.82,Kg
8560,1240,108,2.11,Liters
8561,7132,32,193.15,Liters
8562,859,68,435.77,Pieces
8563,4228,42,385.78,Pieces
8564,842,144,335.5,Liters
8565,2972,39,64.64,Pieces
8566,7948,100,164.35,Liters
8567,4083,112,415.31,Kg
8568,2905,87,317.31,Liters
8569,2605,131,179.82,Pieces
8570,363,65,192.48,Liters
8571,4817,51,287.29,Kg
8572,7890,131,281.95,Kg
8573,5251,108,229.08,Kg
8574,5995,100,489.87,Kg
8575,281,83,282.61,Liters
8576,1447,97,283.72,Liters
8577,1894,148,281.51,Pieces
8578,8639,75,128.96,Pieces
8579,1831,66,71.58,Liters
8580,2198,61,480.23,Kg
8581,2894,18,293.19,Liters
8582,1790,101,287.79,Kg
8583,7388,46,98.32,Pieces
8584,6540,36,261.14,Kg
8585,3069,98,21.75,Pieces
8586,7827,62,161.98,Pieces
8587,8340,102,182.37,Pieces
8588,9537,88,323.46,Pieces
8589,5315,29,457.59,Liters
8590,3171,49,387.97,Kg
8591,4163,46,343.26,Pieces
8592,4647,135,379.45,Liters
8593,7789,35,104.86,Liters
8594,9445,23,310.25,Pieces
8595,1978,63,393.87,Liters
8596,8591,141,229.23,Pieces
8597,6474,48,296.92,Kg
8598,6481,65,134.61,Kg
8599,1207,60,296.47,Pieces
8600,5412,15,417.95,Kg
8601,4490,67,465.44,Kg
8602,7650,63,259.8,Pieces
8603,8728,16,94.9,Pieces
8604,8562,66,267.77,Pieces
8605,6997,56,470.03,Liters
8606,9316,29,344.93,Pieces
8607,9591,141,43.24,Liters
8608,9837,143,405.82,Kg
8609,6372,9,471.02,Pieces
8610,5620,112,442.13,Pieces
8611,2002,130,136.85,Liters
8612,7172,24,393.44,Liters
8613,8751,140,22.23,Liters
8614,5701,33,61.13,Pieces
8615,7186,25,62.09,Pieces
8616,2662,67,490.92,Pieces
8617,5166,60,364.92,Pieces
8618,1145,39,374.52,Kg
8619,5870,82,488.22,Kg
8620,8343,33,25.82,Pieces
8621,2145,41,384.59,Liters
8622,115,64,163.58,Liters
8623,9708,103,152.88,Pieces
8624,9391,130,497.12,Liters
8625,4777,48,245.31,Liters
8626,6661,132,256.57,Kg
8627,1880,30,409.96,Liters
8628,8995,1,169.67,Kg
8629,8980,16,181.61,Liters
8630,6244,37,202.47,Kg
8631,6957,142,304.37,Liters
8632,3613,36,457.09,Pieces
8633,3263,54,348.6,Liters
8634,5579,6,193.39,Liters
8635,3739,14,426.11,Kg
8636,196,11,47.94,Liters
8637,3960,119,434.65,Pieces
8638,6222,83,390.04,Pieces
8639,2473,87,35.42,Kg
8640,9740,106,165.67,Pieces
8641,2566,53,340.46,Pieces
8642,2093,143,367.51,Kg
8643,6008,105,304.64,Kg
8644,173,115,306.91,Kg
8645,7876,135,86.02,Liters
8646,3544,54,3.36,Kg
8647,7061,105,204.43,Pieces
8648,6795,122,374.3,Pieces
8649,1803,120,292.14,Pieces
8650,6664,114,176.98,Kg
8651,632,20,196.31,Pieces
8652,1776,133,298.61,Liters
8653,5473,13,409.73,Kg
8654,5728,90,163.89,Pieces
8655,3921,4,340.61,Kg
8656,5767,80,288.33,Pieces
8657,3418,140,197.35,Pieces
8658,644,58,391.57,Pieces
8659,2353,82,120.84,Kg
8660,2216,104,456.32,Pieces
8661,3567,1,350.87,Liters
8662,4024,59,74.49,Liters
8663,5607,97,9.69,Liters
8664,3608,51,157.79,Pieces
8665,9240,62,395.45,Pieces
8666,2919,96,273.08,Liters
8667,6366,36,80.49,Pieces
8668,6768,127,452.4,Kg
8669,9915,111,428.55,Liters
8670,2654,10,177.56,Liters
8671,5765,1,88.2,Kg
8672,2478,65,453.28,Pieces
8673,8278,112,130.77,Kg
8674,7181,49,434.42,Pieces
8675,4434,108,387.77,Kg
8676,3371,39,344.47,Liters
8677,1462,128,142.92,Kg
8678,6039,124,40.96,Kg
8679,6030,113,273.53,Liters
8680,4267,59,445.44,Pieces
8681,4042,129,234.28,Kg
8682,490,144,302.52,Kg
8683,1555,37,304.81,Pieces
8684,7487,3,348.78,Kg
8685,3151,26,122.19,Liters
8686,3889,55,342.66,Pieces
8687,9466,13,245.71,Pieces
8688,2236,130,160.37,Kg
8689,5310,133,198.01,Pieces
8690,912,43,253.92,Kg
8691,9536,32,35.08,Pieces
8692,2336,32,109.18,Kg
8693,2425,71,487.54,Pieces
8694,2639,48,368.41,Kg
8695,4386,129,224.05,Kg
8696,8229,90,310.69,Liters
8697,7433,63,384.52,Kg
8698,7766,62,492.7,Pieces
8699,7507,8,490.43,Kg
8700,8065,74,138.5,Liters
8701,9955,137,8.25,Pieces
8702,2986,37,268.98,Pieces
8703,6463,149,147.79,Pieces
8704,4143,46,286.53,Liters
8705,5324,52,182.17,Kg
8706,8704,126,409.76,Kg
8707,7226,12,307.17,Pieces
8708,7934,6,159.16,Liters
8709,48,70,441.7,Liters
8710,6728,106,219.11,Kg
8711,6467,134,250.1,Kg
8712,3245,78,458.83,Liters
8713,3067,61,30.07,Pieces
8714,5356,11,441.86,Kg
8715,2489,27,182.51,Kg
8716,6335,145,280.08,Pieces
8717,5242,105,296.76,Pieces
8718,758,133,463.28,Liters
8719,8904,7,44.81,Liters
8720,9391,73,421.43,Kg
8721,2622,147,174.81,Kg
8722,9532,116,25.0,Liters
8723,3831,112,403.46,Liters
8724,6755,58,270.12,Kg
8725,4634,110,55.75,Liters
8726,222,92,400.05,Liters
8727,4180,149,325.87,Pieces
8728,1726,90,237.06,Pieces
8729,2842,91,299.35,Liters
8730,190,26,363.04,Pieces
8731,4865,69,304.58,Kg
8732,6652,81,195.68,Pieces
8733,2207,1,187.86,Liters
8734,4372,118,110.72,Pieces
8735,6978,75,83.83,Liters
8736,5312,141,56.89,Pieces
8737,6007,113,196.03,Pieces
8738,7003,95,316.14,Liters
8739,7489,132,486.13,Pieces
8740,7032,74,108.04,Kg
8741,6050,34,476.86,Kg
8742,9866,144,280.88,Kg
8743,7496,112,164.47,Kg
8744,7697,27,391.34,Liters
8745,3023,50,402.55,Kg
8746,589,2,387.51,Liters
8747,6745,115,464.66,Pieces
8748,5493,102,18.97,Kg
8749,5817,99,199.92,Pieces
8750,5005,75,459.86,Kg
8751,9288,133,400.42,Kg
8752,3374,47,342.67,Kg
8753,8409,73,303.57,Liters
8754,1485,91,33.75,Liters
8755,2927,24,228.32,Pieces
8756,8582,6,399.15,Kg
8757,8488,72,174.02,Liters
8758,8104,31,98.95,Kg
8759,634,94,49.95,Pieces
8760,5105,132,196.49,Pieces
8761,8370,36,271.82,Kg
8762,6387,48,421.63,Kg
8763,9021,88,96.13,Pieces
8764,872,109,366.18,Pieces
8765,2778,19,2.62,Liters
8766,3748,74,419.56,Pieces
8767,6597,102,7.64,Pieces
8768,7803,122,224.03,Pieces
8769,4495,37,338.66,Pieces
8770,2473,9,365.78,Pieces
8771,6170,52,28.05,Pieces
8772,8299,79,146.29,Liters
8773,7787,102,101.76,Liters
8774,100,116,77.01,Liters
8775,4917,1,432.13,Pieces
8776,3381,41,335.83,Kg
8777,9536,117,382.47,Pieces
8778,3794,20,43.87,Pieces
8779,9588,90,103.82,Liters
8780,3311,43,79.77,Pieces
8781,8080,78,395.39,Liters
8782,151,37,472.78,Pieces
8783,5490,117,388.47,Liters
8784,2578,126,100.8,Liters
8785,3813,69,311.73,Pieces
8786,5002,56,432.52,Liters
8787,194,116,392.72,Liters
8788,2666,86,39.07,Kg
8789,6107,30,306.4,Pieces
8790,5972,23,30.47,Kg
8791,7654,10,361.45,Kg
8792,1812,15,288.07,Pieces
8793,9409,142,56.11,Liters
8794,4456,5,280.35,Pieces
8795,9553,139,9.52,Pieces
8796,9668,108,52.53,Kg
8797,180,75,309.08,Liters
8798,3162,25,409.67,Liters
8799,9042,64,469.75,Kg
8800,187,11,353.99,Kg
8801,8364,141,194.85,Pieces
8802,4487,83,406.11,Kg
8803,4096,81,55.02,Pieces
8804,9368,39,329.07,Kg
8805,9553,82,478.91,Pieces
8806,3111,100,318.74,Kg
8807,2527,39,474.45,Kg
8808,3529,143,397.35,Pieces
8809,6164,131,370.36,Kg
8810,9703,95,105.62,Pieces
8811,7155,1,452.05,Pieces
8812,7875,32,229.25,Liters
8813,8658,113,236.75,Pieces
8814,2823,115,86.16,Kg
8815,40,115,127.16,Liters
8816,1877,142,165.51,Pieces
8817,6180,111,395.19,Kg
8818,8235,90,184.6,Pieces
8819,7195,80,64.53,Liters
8820,3124,90,141.37,Pieces
8821,6070,60,194.35,Liters
8822,2284,54,217.7,Pieces
8823,3434,84,77.6,Pieces
8824,8570,11,102.68,Liters
8825,5476,40,204.92,Pieces
8826,7731,40,456.78,Pieces
8827,1034,88,432.49,Liters
8828,5024,76,127.88,Kg
8829,1882,96,294.11,Kg
8830,286,125,223.53,Pieces
8831,5608,99,446.48,Pieces
8832,8763,142,309.67,Liters
8833,593,106,191.78,Pieces
8834,3917,21,150.5,Liters
8835,5310,113,355.56,Kg
8836,8881,64,233.42,Kg
8837,7824,100,268.51,Liters
8838,124,92,379.89,Kg
8839,1057,66,460.75,Liters
8840,5742,66,206.22,Kg
8841,8888,121,79.9,Kg
8842,5300,65,265.99,Kg
8843,238,61,87.63,Kg
8844,4291,16,55.73,Pieces
8845,6606,41,30.67,Pieces
8846,7002,69,5.55,Pieces
8847,6230,138,455.57,Pieces
8848,4301,25,97.38,Liters
8849,9635,78,168.28,Kg
8850,9531,104,378.48,Liters
8851,6460,47,366.56,Kg
8852,4998,15,286.94,Kg
8853,3793,130,433.71,Kg
8854,4966,93,123.71,Kg
8855,5443,45,74.14,Pieces
8856,8647,81,82.15,Liters
8857,169,82,291.13,Kg
8858,7870,74,18.76,Pieces
8859,1848,9,431.9,Pieces
8860,2787,119,478.95,Kg
8861,1383,128,405.28,Kg
8862,4587,74,129.65,Liters
8863,3411,90,170.0,Liters
8864,3297,10,334.81,Liters
8865,9189,139,270.17,Liters
8866,8639,93,74.25,Liters
8867,1905,75,346.43,Liters
8868,7033,100,474.06,Pieces
8869,3950,118,388.75,Pieces
8870,1599,43,359.28,Liters
8871,6947,79,424.86,Pieces
8872,2132,147,78.05,Liters
8873,6073,124,331.64,Pieces
8874,1773,66,114.11,Pieces
8875,5447,26,33.36,Liters
8876,7465,107,417.28,Kg
8877,585,87,432.92,Kg
8878,5938,145,33.79,Pieces
8879,4359,6,354.43,Kg
8880,703,64,227.19,Pieces
8881,5085,103,122.87,Pieces
8882,2028,79,429.62,Kg
8883,9272,43,479.39,Liters
8884,8238,121,357.44,Pieces
8885,2385,124,293.65,Pieces
8886,6049,40,485.69,Pieces
8887,9204,121,238.96,Liters
8888,174,62,323.75,Kg
8889,379,39,187.83,Pieces
8890,2053,82,191.8,Kg
8891,4794,143,465.22,Pieces
8892,7068,50,260.54,Pieces
8893,4529,89,444.68,Liters
8894,5247,87,415.65,Pieces
8895,1825,13,68.87,Liters
8896,9119,19,440.13,Pieces
8897,6820,63,68.98,Kg
8898,5487,80,192.55,Kg
8899,5269,8,299.85,Pieces
8900,2514,70,293.18,Pieces
8901,8348,3,433.68,Kg
8902,5350,85,396.39,Pieces
8903,3093,65,282.19,Liters
8904,300,145,225.21,Pieces
8905,3996,150,165.23,Pieces
8906,3377,57,33.54,Pieces
8907,1030,45,385.46,Pieces
8908,5060,4,111.53,Pieces
8909,2035,85,163.9,Pieces
8910,8893,70,314.41,Pieces
8911,9892,130,295.98,Kg
8912,729,76,356.48,Kg
8913,573,48,393.72,Liters
8914,5547,86,498.55,Pieces
8915,819,14,97.91,Pieces
8916,5980,21,170.57,Kg
8917,3087,47,218.93,Pieces
8918,5939,113,451.58,Kg
8919,9251,97,64.88,Kg
8920,5895,1,70.04,Kg
8921,7981,125,30.04,Liters
8922,4365,125,358.32,Kg
8923,679,138,271.87,Kg
8924,3546,86,184.89,Liters
8925,8293,49,225.61,Pieces
8926,3358,11,256.31,Kg
8927,2931,80,274.71,Liters
8928,6154,64,271.14,Liters
8929,1137,64,21.75,Liters
8930,3662,135,381.2,Kg
8931,6140,142,303.61,Kg
8932,838,22,268.18,Pieces
8933,2962,60,168.1,Liters
8934,7086,71,410.71,Pieces
8935,3415,63,388.2,Pieces
8936,5127,119,33.26,Pieces
8937,7149,126,1.98,Kg
8938,9626,136,242.93,Kg
8939,4981,145,159.75,Kg
8940,547,34,317.26,Kg
8941,4757,9,473.18,Pieces
8942,6709,37,449.74,Liters
8943,7130,42,192.9,Liters
8944,8966,90,58.36,Liters
8945,7800,124,386.09,Liters
8946,3029,12,115.86,Kg
8947,1655,118,96.26,Kg
8948,4877,47,367.69,Liters
8949,2773,92,115.94,Kg
8950,7839,67,471.1,Liters
8951,8948,53,89.27,Kg
8952,791,143,358.14,Pieces
8953,3268,95,251.44,Liters
8954,1800,63,410.5,Pieces
8955,9694,129,6.89,Liters
8956,5869,134,319.63,Kg
8957,1618,90,420.48,Pieces
8958,8549,39,249.36,Kg
8959,6119,78,402.4,Liters
8960,1292,115,169.76,Liters
8961,2947,138,170.58,Pieces
8962,824,6,376.19,Kg
8963,9246,84,47.27,Kg
8964,7239,75,492.94,Liters
8965,9134,41,469.22,Liters
8966,3521,149,201.58,Kg
8967,2836,122,72.6,Kg
8968,5424,30,124.17,Liters
8969,6375,100,17.93,Pieces
8970,5838,11,245.13,Liters
8971,9608,142,7.96,Liters
8972,2932,136,192.69,Pieces
8973,2092,136,293.21,Pieces
8974,8421,76,288.52,Pieces
8975,6140,111,303.7,Kg
8976,2085,52,391.2,Pieces
8977,4124,13,458.37,Kg
8978,3737,149,230.77,Pieces
8979,5561,123,113.62,Pieces
8980,1550,16,56.88,Liters
8981,8593,79,450.68,Liters
8982,134,13,264.09,Kg
8983,7682,48,499.64,Liters
8984,1630,89,28.92,Liters
8985,3100,111,370.14,Liters
8986,7819,68,404.2,Kg
8987,4205,72,181.64,Liters
8988,2461,115,359.65,Pieces
8989,7920,77,247.65,Kg
8990,3854,100,359.26,Liters
8991,4327,10,455.94,Liters
8992,3726,128,432.85,Kg
8993,152,124,345.41,Liters
8994,1977,103,395.06,Liters
8995,8774,48,356.79,Kg
8996,6474,141,230.07,Pieces
8997,4134,57,337.19,Liters
8998,3296,54,371.26,Liters
8999,564,44,149.28,Liters
9000,3602,35,378.92,Liters
9001,6721,50,293.32,Pieces
9002,5773,95,104.99,Kg
9003,6223,124,248.97,Pieces
9004,976,93,119.64,Liters
9005,6132,38,406.84,Kg
9006,1800,108,247.84,Pieces
9007,9687,125,1.8,Pieces
9008,546,63,154.15,Kg
9009,9524,119,335.09,Liters
9010,1288,53,257.23,Kg
9011,1134,123,169.5,Kg
9012,2756,104,9.62,Liters
9013,8461,13,167.61,Pieces
9014,4777,23,215.24,Kg
9015,481,133,241.69,Kg
9016,9421,36,159.15,Kg
9017,7677,36,24.16,Pieces
9018,1226,108,345.1,Pieces
9019,9990,135,105.99,Pieces
9020,9860,142,393.93,Kg
9021,596,124,382.8,Pieces
9022,6767,19,479.87,Kg
9023,2527,31,485.26,Kg
9024,5790,93,104.56,Liters
9025,8082,100,50.77,Kg
9026,282,103,445.88,Pieces
9027,9348,148,96.81,Kg
9028,7544,29,85.87,Liters
9029,3279,8,435.7,Liters
9030,5875,101,348.37,Liters
9031,6556,115,361.35,Pieces
9032,2423,88,181.41,Kg
9033,2195,118,490.23,Kg
9034,6731,94,269.95,Kg
9035,3693,18,209.68,Kg
9036,6425,140,325.09,Pieces
9037,1365,35,255.36,Pieces
9038,4876,5,359.28,Pieces
9039,7481,50,69.4,Pieces
9040,370,121,16.41,Liters
9041,467,33,182.64,Pieces
9042,1481,8,140.87,Kg
9043,2668,69,152.58,Kg
9044,440,11,452.36,Liters
9045,5767,41,425.48,Liters
9046,4517,45,374.59,Pieces
9047,4566,86,328.42,Kg
9048,9263,115,170.2,Kg
9049,7759,85,173.4,Kg
9050,8364,106,305.3,Pieces
9051,9654,140,376.61,Liters
9052,8538,35,367.04,Liters
9053,7815,150,254.72,Pieces
9054,6293,13,57.11,Liters
9055,7464,135,233.15,Liters
9056,1316,82,347.27,Pieces
9057,2399,75,452.19,Liters
9058,8542,80,365.11,Pieces
9059,1716,41,108.6,Kg
9060,7788,89,375.73,Liters
9061,4751,43,157.23,Liters
9062,1612,146,88.86,Kg
9063,8152,109,47.09,Liters
9064,8504,74,38.09,Pieces
9065,753,139,153.69,Kg
9066,4428,118,367.97,Kg
9067,3605,140,96.14,Liters
9068,7429,115,59.32,Liters
9069,1479,99,262.16,Liters
9070,7279,85,15.76,Pieces
9071,2054,47,483.02,Pieces
9072,4386,95,426.03,Kg
9073,9403,133,4.67,Liters
9074,2981,101,43.24,Kg
9075,3908,5,109.79,Kg
9076,3829,112,29.52,Pieces
9077,2897,146,413.36,Liters
9078,5794,71,381.62,Liters
9079,9133,77,216.56,Liters
9080,9490,20,476.68,Pieces
9081,5712,86,418.62,Pieces
9082,3450,148,168.71,Kg
9083,6364,26,147.56,Kg
9084,5660,27,7.98,Pieces
9085,641,77,471.21,Liters
9086,6919,70,75.95,Pieces
9087,4558,58,347.73,Liters
9088,2396,60,284.92,Pieces
9089,6579,134,271.86,Kg
9090,9724,51,27.83,Liters
9091,536,64,374.67,Kg
9092,693,107,308.76,Kg
9093,5031,67,189.62,Pieces
9094,2252,107,409.71,Pieces
9095,1922,70,468.73,Liters
9096,9030,121,442.56,Kg
9097,3989,116,416.97,Kg
9098,2315,138,342.1,Kg
9099,4284,43,56.98,Kg
9100,6259,134,2.31,Kg
9101,1820,4,188.5,Kg
9102,3440,50,455.3,Liters
9103,3759,88,59.04,Liters
9104,9892,121,381.39,Liters
9105,6446,73,496.14,Pieces
9106,2209,56,147.4,Liters
9107,483,101,336.7,Liters
9108,5254,124,277.01,Kg
9109,3713,83,52.79,Kg
9110,1191,4,297.16,Kg
9111,7422,114,195.7,Kg
9112,4330,6,346.23,Kg
9113,7200,34,368.45,Kg
9114,7655,18,427.57,Kg
9115,1197,129,122.15,Kg
9116,1128,74,406.23,Liters
9117,7411,82,304.95,Kg
9118,9013,69,143.97,Liters
9119,3326,125,54.69,Liters
9120,7527,29,64.55,Liters
9121,9105,2,454.16,Kg
9122,1838,84,65.37,Kg
9123,3931,32,411.57,Liters
9124,7916,72,200.42,Pieces
9125,4608,137,63.11,Liters
9126,1998,119,73.48,Kg
9127,3100,122,159.58,Liters
9128,586,16,365.06,Pieces
9129,4984,120,118.21,Kg
9130,3684,41,357.09,Kg
9131,5452,101,421.37,Liters
9132,7474,80,242.29,Pieces
9133,6560,63,351.33,Liters
9134,6015,59,330.93,Pieces
9135,4986,25,62.67,Kg
9136,3169,134,69.03,Pieces
9137,57,20,131.87,Liters
9138,3028,98,236.23,Liters
9139,4719,4,146.72,Kg
9140,3830,83,492.88,Pieces
9141,1996,75,60.63,Liters
9142,1130,136,108.36,Liters
9143,8957,74,129.8,Liters
9144,1866,28,362.51,Kg
9145,1597,44,496.27,Pieces
9146,2816,122,482.69,Kg
9147,6283,32,78.91,Liters
9148,9610,15,457.43,Kg
9149,4594,14,143.71,Kg
9150,3461,134,202.59,Kg
9151,1124,13,57.68,Kg
9152,881,109,336.43,Pieces
9153,7743,138,24.81,Pieces
9154,4822,101,426.11,Liters
9155,2391,40,190.15,Liters
9156,1542,15,287.47,Liters
9157,1408,68,269.01,Pieces
9158,2080,88,464.46,Pieces
9159,4233,47,202.33,Liters
9160,8461,58,28.81,Kg
9161,4504,87,289.1,Pieces
9162,8229,52,31.34,Kg
9163,5650,12,67.92,Liters
9164,589,115,418.87,Kg
9165,6645,45,411.4,Kg
9166,6216,134,146.67,Pieces
9167,8428,101,384.04,Pieces
9168,7821,24,95.85,Pieces
9169,5350,87,499.74,Pieces
9170,3337,31,379.59,Liters
9171,8238,43,60.59,Kg
9172,4458,131,194.12,Pieces
9173,3985,122,106.89,Kg
9174,2628,147,490.93,Pieces
9175,5111,114,97.93,Kg
9176,7265,69,146.6,Liters
9177,2552,122,217.07,Kg
9178,3395,40,468.95,Kg
9179,125,128,218.42,Liters
9180,1634,20,34.63,Kg
9181,9003,17,112.41,Liters
9182,7606,45,417.69,Kg
9183,6991,9,187.44,Liters
9184,6521,93,160.59,Liters
9185,1793,44,116.43,Liters
9186,7862,119,35.32,Pieces
9187,9318,83,416.67,Kg
9188,5156,39,273.48,Liters
9189,4296,42,391.95,Kg
9190,1230,113,480.43,Kg
9191,3681,26,170.06,Liters
9192,826,74,404.84,Pieces
9193,2503,40,156.33,Kg
9194,6555,62,164.82,Pieces
9195,7376,74,155.6,Kg
9196,2249,146,39.24,Liters
9197,7976,8,461.17,Liters
9198,9021,42,180.36,Pieces
9199,7852,102,191.52,Liters
9200,6824,98,254.64,Kg
9201,8573,49,417.99,Pieces
9202,9659,22,327.4,Liters
9203,3426,79,34.7,Liters
9204,8396,119,198.06,Pieces
9205,8438,41,160.27,Liters
9206,936,56,213.51,Pieces
9207,4267,77,158.88,Liters
9208,4021,71,172.85,Liters
9209,484,13,10.69,Pieces
9210,8345,110,441.64,Kg
9211,6244,128,2.85,Liters
9212,1021,112,197.33,Pieces
9213,1394,110,175.9,Pieces
9214,3389,123,25.99,Kg
9215,6907,20,437.46,Pieces
9216,4196,8,382.6,Pieces
9217,6948,45,486.73,Pieces
9218,8728,41,442.4,Kg
9219,6942,95,121.3,Liters
9220,375,146,394.69,Kg
9221,8298,107,184.67,Liters
9222,1548,72,440.95,Pieces
9223,5988,107,28.91,Liters
9224,9255,13,158.07,Kg
9225,207,92,338.26,Pieces
9226,2340,131,82.84,Liters
9227,4906,44,296.9,Kg
9228,6566,28,5.49,Liters
9229,8776,143,24.42,Kg
9230,2451,108,203.12,Pieces
9231,7486,135,396.43,Liters
9232,6222,60,351.15,Liters
9233,7942,140,92.67,Liters
9234,9370,29,50.91,Kg
9235,366,24,187.74,Kg
9236,8681,58,77.14,Liters
9237,4604,48,398.24,Kg
9238,6891,137,325.51,Pieces
9239,3411,2,260.39,Kg
9240,8531,99,119.95,Pieces
9241,4215,55,287.96,Kg
9242,1031,41,360.66,Kg
9243,7021,131,461.09,Pieces
9244,4455,125,184.87,Pieces
9245,6120,146,259.0,Pieces
9246,193,120,398.43,Kg
9247,5711,106,32.89,Pieces
9248,8381,81,161.3,Liters
9249,5445,138,181.16,Kg
9250,2449,98,117.3,Pieces
9251,1369,56,392.99,Pieces
9252,1669,124,140.9,Liters
9253,4689,24,421.9,Pieces
9254,1593,20,453.57,Liters
9255,2334,52,265.24,Kg
9256,5789,124,274.24,Liters
9257,2876,149,199.64,Pieces
9258,8127,82,229.33,Pieces
9259,2381,89,297.07,Pieces
9260,5664,103,436.41,Pieces
9261,3159,113,411.2,Liters
9262,6223,61,159.29,Kg
9263,9166,11,100.37,Liters
9264,619,33,285.62,Liters
9265,1316,131,458.89,Liters
9266,656,1,172.06,Pieces
9267,3762,113,60.02,Pieces
9268,4799,69,23.31,Pieces
9269,7032,94,127.79,Pieces
9270,5422,94,316.72,Pieces
9271,4768,148,285.3,Kg
9272,2342,146,199.15,Kg
9273,639,145,212.83,Liters
9274,1347,99,376.56,Liters
9275,4743,19,487.61,Kg
9276,3635,122,44.82,Liters
9277,3956,149,208.8,Kg
9278,4635,135,118.22,Pieces
9279,2776,77,194.97,Kg
9280,6509,10,232.13,Liters
9281,8425,109,339.8,Kg
9282,6604,136,93.75,Pieces
9283,1114,30,390.75,Pieces
9284,5176,100,19.99,Kg
9285,5236,26,279.76,Liters
9286,6892,13,443.28,Pieces
9287,3697,16,85.75,Pieces
9288,9137,40,40.45,Kg
9289,9621,78,383.61,Liters
9290,596,75,215.49,Kg
9291,4129,123,439.96,Liters
9292,7498,70,25.45,Pieces
9293,595,61,201.69,Pieces
9294,112,50,256.69,Liters
9295,116,60,11.33,Pieces
9296,3661,5,234.08,Pieces
9297,8729,33,296.61,Kg
9298,8505,65,434.98,Kg
9299,9167,74,373.94,Pieces
9300,7920,74,231.54,Pieces
9301,8714,61,96.66,Liters
9302,2337,21,132.24,Pieces
9303,7934,46,272.24,Kg
9304,7771,61,394.1,Pieces
9305,3046,61,78.83,Pieces
9306,1530,96,213.25,Kg
9307,3884,12,274.37,Pieces
9308,4098,29,280.83,Pieces
9309,5898,58,440.76,Kg
9310,4178,86,91.03,Kg
9311,2390,119,348.87,Kg
9312,7346,13,384.76,Kg
9313,3792,93,215.48,Liters
9314,7351,94,194.19,Pieces
9315,7398,54,84.55,Kg
9316,7403,34,420.86,Kg
9317,1594,149,490.82,Liters
9318,2024,97,338.13,Pieces
9319,9197,85,164.5,Kg
9320,1576,88,121.29,Pieces
9321,1107,12,58.99,Pieces
9322,3318,101,412.99,Kg
9323,3185,55,107.0,Liters
9324,878,1,446.05,Liters
9325,4091,26,331.92,Liters
9326,4891,63,440.25,Kg
9327,320,51,57.64,Kg
9328,7353,79,239.66,Kg
9329,9924,37,393.94,Kg
9330,4734,140,10.47,Pieces
9331,2029,7,390.39,Pieces
9332,4711,25,152.17,Pieces
9333,5877,44,5.28,Pieces
9334,6224,102,85.62,Pieces
9335,3577,35,453.79,Kg
9336,3032,14,125.63,Kg
9337,2422,99,144.94,Liters
9338,7756,107,55.78,Kg
9339,5670,8,237.58,Pieces
9340,7228,130,455.02,Kg
9341,1880,78,152.31,Kg
9342,435,93,134.23,Pieces
9343,7541,93,57.92,Pieces
9344,6471,124,454.59,Liters
9345,1352,108,363.56,Pieces
9346,9294,136,281.86,Liters
9347,7120,141,104.56,Pieces
9348,5471,112,103.28,Kg
9349,4707,147,443.42,Kg
9350,3791,46,269.2,Kg
9351,5781,32,204.64,Kg
9352,2087,28,378.39,Liters
9353,7589,134,284.43,Kg
9354,8347,34,134.73,Liters
9355,9672,27,482.44,Kg
9356,6048,103,41.98,Liters
9357,3673,135,116.65,Liters
9358,6531,84,22.8,Kg
9359,3997,20,106.62,Kg
9360,1211,47,372.56,Kg
9361,2693,142,193.36,Liters
9362,5228,36,410.92,Pieces
9363,1908,138,320.17,Pieces
9364,9058,135,455.6,Liters
9365,6327,131,75.52,Pieces
9366,5325,86,80.75,Pieces
9367,3745,83,95.8,Kg
9368,3504,70,291.97,Kg
9369,1313,143,298.03,Liters
9370,2191,105,180.97,Kg
9371,5084,127,109.28,Pieces
9372,7118,95,445.03,Kg
9373,7867,47,109.6,Pieces
9374,742,107,2.21,Kg
9375,5735,62,243.8,Pieces
9376,1158,118,421.35,Kg
9377,3590,80,105.58,Pieces
9378,708,125,179.71,Liters
9379,1995,82,264.8,Liters
9380,3728,67,258.21,Pieces
9381,1797,64,342.6,Pieces
9382,721,6,327.91,Pieces
9383,7093,111,284.77,Pieces
9384,5144,63,359.5,Kg
9385,2734,25,156.65,Pieces
9386,5200,129,382.13,Kg
9387,7498,55,305.66,Kg
9388,3723,83,287.24,Liters
9389,4198,15,219.58,Pieces
9390,1603,150,17.51,Liters
9391,5980,47,69.61,Liters
9392,9596,60,189.1,Pieces
9393,9905,43,401.0,Pieces
9394,8877,20,299.24,Liters
9395,2154,60,315.16,Pieces
9396,3504,7,120.8,Kg
9397,5230,2,142.61,Liters
9398,2423,82,158.94,Liters
9399,3256,134,173.26,Pieces
9400,5609,56,463.03,Liters
9401,4557,8,310.51,Kg
9402,4910,47,290.06,Liters
9403,803,92,373.61,Kg
9404,3981,62,237.04,Kg
9405,2720,126,495.16,Kg
9406,3525,59,342.29,Liters
9407,1811,118,498.65,Liters
9408,6177,50,370.39,Kg
9409,4550,1,411.42,Kg
9410,1508,74,480.98,Liters
9411,9775,50,119.98,Kg
9412,8368,134,130.68,Liters
9413,5651,115,48.07,Liters
9414,7655,28,39.78,Liters
9415,3304,93,270.44,Liters
9416,9315,20,203.87,Kg
9417,858,54,211.18,Liters
9418,7377,114,263.07,Pieces
9419,5395,17,479.68,Pieces
9420,84,59,58.24,Pieces
9421,4932,48,312.23,Liters
9422,2875,128,393.89,Kg
9423,5610,33,256.33,Kg
9424,6612,32,226.2,Kg
9425,5910,127,163.55,Kg
9426,4781,20,119.3,Pieces
9427,9733,41,440.48,Liters
9428,9567,47,62.46,Liters
9429,6982,131,244.51,Liters
9430,2772,30,445.38,Pieces
9431,9240,134,466.66,Kg
9432,8125,129,495.05,Pieces
9433,3723,62,289.94,Liters
9434,1077,34,224.08,Pieces
9435,5939,109,26.0,Pieces
9436,67,80,485.46,Kg
9437,4926,71,97.58,Kg
9438,2695,32,334.09,Liters
9439,2084,81,54.57,Liters
9440,843,146,95.7,Pieces
9441,6420,113,20.15,Liters
9442,1724,39,370.86,Liters
9443,2009,133,52.14,Kg
9444,5578,33,291.32,Liters
9445,4625,55,129.34,Pieces
9446,3371,144,237.8,Pieces
9447,3804,129,476.73,Liters
9448,7949,41,424.09,Kg
9449,1918,87,278.02,Liters
9450,9681,137,26.87,Liters
9451,5587,55,12.05,Kg
9452,4548,53,115.75,Liters
9453,7303,120,202.91,Kg
9454,9217,16,70.47,Pieces
9455,4804,23,130.93,Kg
9456,9899,18,445.07,Pieces
9457,9547,29,149.12,Liters
9458,2197,3,356.23,Kg
9459,4535,100,404.43,Kg
9460,5397,22,488.52,Kg
9461,8575,92,334.87,Kg
9462,3237,100,404.14,Liters
9463,3587,21,253.05,Pieces
9464,169,29,203.16,Pieces
9465,9790,87,330.45,Liters
9466,5537,113,181.88,Pieces
9467,9098,91,91.33,Pieces
9468,475,94,303.85,Pieces
9469,1309,6,403.65,Kg
9470,2126,42,471.28,Kg
9471,1000,65,32.0,Liters
9472,7488,86,134.28,Liters
9473,2685,144,97.02,Kg
9474,8280,23,446.7,Kg
9475,2047,62,134.86,Kg
9476,138,28,327.88,Pieces
9477,1436,37,250.02,Pieces
9478,990,18,184.63,Pieces
9479,67,126,99.16,Kg
9480,7251,32,494.11,Liters
9481,118,35,146.87,Pieces
9482,8461,30,425.83,Liters
9483,1599,79,137.73,Pieces
9484,3387,43,76.19,Liters
9485,8881,133,21.43,Pieces
9486,3543,63,101.09,Pieces
9487,8488,75,384.24,Pieces
9488,7642,65,179.94,Pieces
9489,6812,105,124.74,Kg
9490,7446,48,260.95,Liters
9491,5150,101,268.43,Pieces
9492,6111,3,157.79,Pieces
9493,7025,135,303.83,Pieces
9494,6473,135,260.99,Kg
9495,1322,131,41.47,Liters
9496,4766,78,231.39,Kg
9497,8412,48,170.31,Pieces
9498,4,147,400.06,Kg
9499,4389,54,380.41,Liters
9500,5288,79,284.88,Pieces
9501,7768,9,139.46,Liters
9502,6465,99,43.9,Liters
9503,9269,109,29.89,Kg
9504,3325,17,371.44,Pieces
9505,1295,86,28.83,Liters
9506,4523,93,67.99,Pieces
9507,5460,58,153.32,Liters
9508,1420,27,146.15,Liters
9509,9892,91,492.12,Kg
9510,579,133,424.61,Pieces
9511,8820,105,22.84,Kg
9512,2569,121,274.94,Pieces
9513,6426,41,356.92,Pieces
9514,8519,105,349.44,Kg
9515,5813,7,344.41,Liters
9516,6221,116,358.9,Kg
9517,998,140,361.75,Kg
9518,7551,110,441.93,Liters
9519,9391,88,376.05,Kg
9520,4955,146,86.21,Pieces
9521,3392,42,362.48,Kg
9522,3198,46,435.89,Liters
9523,4161,29,356.94,Pieces
9524,5936,102,406.86,Liters
9525,1586,8,16.02,Kg
9526,4873,118,223.98,Liters
9527,759,129,91.32,Pieces
9528,3399,10,163.01,Pieces
9529,6264,10,332.69,Liters
9530,1148,107,495.69,Kg
9531,8942,14,318.43,Liters
9532,9759,49,268.15,Kg
9533,9442,93,443.6,Kg
9534,4941,42,256.57,Kg
9535,9322,59,396.94,Pieces
9536,7102,103,206.69,Liters
9537,2849,109,62.57,Liters
9538,7907,12,142.89,Liters
9539,1222,93,153.55,Liters
9540,5653,55,111.23,Kg
9541,8879,25,81.07,Kg
9542,2957,140,86.08,Pieces
9543,5098,41,372.78,Pieces
9544,8382,103,202.75,Liters
9545,9526,62,404.91,Kg
9546,2047,69,366.46,Pieces
9547,3467,97,293.7,Pieces
9548,1135,28,108.52,Pieces
9549,1461,74,73.03,Liters
9550,5639,104,9.77,Pieces
9551,72,75,340.61,Pieces
9552,2794,144,375.88,Pieces
9553,2498,109,167.96,Kg
9554,9945,83,462.77,Liters
9555,4401,64,116.46,Liters
9556,9949,19,72.97,Kg
9557,6108,18,158.2,Kg
9558,5418,147,206.26,Pieces
9559,343,144,281.45,Kg
9560,5898,44,180.93,Pieces
9561,9998,30,472.49,Pieces
9562,1621,126,258.6,Kg
9563,5197,147,43.25,Liters
9564,5621,44,121.2,Pieces
9565,7690,22,105.58,Liters
9566,9437,87,315.77,Pieces
9567,1669,121,372.62,Kg
9568,755,18,356.9,Pieces
9569,7229,37,6.13,Liters
9570,280,22,320.94,Liters
9571,6192,85,332.51,Liters
9572,9408,42,50.74,Liters
9573,461,54,97.62,Kg
9574,8440,46,144.03,Kg
9575,2421,35,287.99,Liters
9576,476,38,381.45,Pieces
9577,3938,1,417.23,Kg
9578,775,85,92.43,Pieces
9579,1397,112,456.0,Liters
9580,7037,56,370.34,Pieces
9581,4531,67,21.29,Kg
9582,2150,75,84.01,Kg
9583,9479,13,108.98,Liters
9584,3203,107,377.76,Pieces
9585,964,32,37.83,Liters
9586,5013,27,436.16,Liters
9587,8032,84,128.54,Pieces
9588,1407,81,64.72,Liters
9589,9112,124,271.22,Liters
9590,1974,65,431.74,Pieces
9591,9979,148,76.58,Kg
9592,9921,127,80.06,Kg
9593,19,14,378.19,Liters
9594,9164,79,279.66,Liters
9595,7639,64,15.81,Pieces
9596,8332,132,104.97,Kg
9597,726,91,147.74,Liters
9598,2668,71,4.95,Liters
9599,9398,126,320.88,Liters
9600,6186,99,15.35,Pieces
9601,6642,81,138.57,Kg
9602,4846,123,197.97,Liters
9603,8165,76,138.89,Pieces
9604,870,94,203.08,Kg
9605,3904,118,407.95,Pieces
9606,7962,31,381.2,Pieces
9607,9608,135,105.84,Kg
9608,1774,8,121.54,Liters
9609,9046,62,240.44,Liters
9610,3293,18,113.79,Liters
9611,8278,1,79.26,Liters
9612,9130,143,127.64,Pieces
9613,8282,62,235.39,Kg
9614,6523,149,145.09,Liters
9615,7374,79,225.3,Liters
9616,2294,32,468.61,Liters
9617,617,27,186.42,Pieces
9618,1183,32,39.73,Liters
9619,9483,101,266.64,Kg
9620,2624,149,9.58,Pieces
9621,1667,58,269.67,Kg
9622,2208,29,428.24,Liters
9623,3433,81,53.34,Pieces
9624,9514,63,461.67,Kg
9625,694,32,455.08,Kg
9626,4959,26,192.06,Liters
9627,2943,116,119.24,Kg
9628,1408,110,337.01,Kg
9629,7414,109,134.98,Pieces
9630,6439,80,86.17,Kg
9631,964,128,241.1,Pieces
9632,8484,142,105.62,Liters
9633,8968,90,15.18,Liters
9634,432,148,285.82,Pieces
9635,6202,59,258.82,Liters
9636,9373,32,154.4,Kg
9637,6652,88,162.0,Kg
9638,9183,135,326.02,Pieces
9639,8198,89,373.07,Liters
9640,7817,147,23.9,Kg
9641,578,138,487.69,Pieces
9642,7869,85,235.61,Pieces
9643,2048,126,169.15,Kg
9644,9776,34,390.19,Pieces
9645,5373,16,458.41,Kg
9646,7870,48,470.33,Liters
9647,4267,5,388.11,Pieces
9648,4347,145,103.16,Pieces
9649,967,79,3.94,Liters
9650,7734,140,134.93,Kg
9651,4367,138,439.15,Pieces
9652,2520,76,215.64,Kg
9653,7255,78,183.27,Liters
9654,4205,56,430.38,Liters
9655,8487,4,266.33,Kg
9656,8558,124,294.53,Pieces
9657,3284,21,220.67,Liters
9658,9196,25,282.43,Kg
9659,9211,17,454.71,Pieces
9660,6910,147,52.63,Pieces
9661,1525,14,436.44,Liters
9662,4963,97,135.07,Pieces
9663,3728,63,398.28,Pieces
9664,5325,5,89.04,Kg
9665,5207,129,65.97,Liters
9666,6749,2,183.29,Pieces
9667,5812,44,138.77,Kg
9668,5756,5,300.24,Kg
9669,8822,108,137.08,Pieces
9670,3433,54,106.52,Liters
9671,7964,111,459.82,Kg
9672,1446,25,93.74,Liters
9673,8624,4,296.09,Liters
9674,9594,101,32.8,Liters
9675,4198,66,401.4,Pieces
9676,7355,9,47.55,Pieces
9677,2622,112,352.63,Pieces
9678,2534,150,141.54,Liters
9679,2791,146,323.32,Pieces
9680,4349,124,360.86,Liters
9681,4517,133,487.64,Pieces
9682,471,144,474.49,Liters
9683,6904,113,454.41,Kg
9684,7853,52,226.7,Liters
9685,1350,63,31.67,Pieces
9686,7394,31,107.87,Kg
9687,9568,116,97.13,Liters
9688,778,31,251.04,Liters
9689,3927,13,285.66,Liters
9690,2806,85,160.52,Pieces
9691,6034,145,135.02,Pieces
9692,5831,18,281.35,Liters
9693,3849,131,52.16,Kg
9694,8294,61,419.5,Liters
9695,6298,111,169.26,Liters
9696,1207,96,348.59,Pieces
9697,2162,115,64.08,Kg
9698,3174,5,419.63,Pieces
9699,3628,30,267.34,Liters
9700,5218,2,416.91,Liters
9701,3408,130,407.11,Kg
9702,106,71,99.73,Kg
9703,7164,105,115.85,Liters
9704,7095,95,386.34,Pieces
9705,9811,55,152.72,Pieces
9706,2549,9,42.52,Pieces
9707,4444,23,471.47,Liters
9708,4234,97,80.83,Kg
9709,8652,57,76.47,Pieces
9710,4795,48,359.06,Pieces
9711,9719,108,480.43,Pieces
9712,8952,37,186.14,Liters
9713,4594,7,22.24,Pieces
9714,1553,91,340.75,Pieces
9715,5020,115,412.13,Liters
9716,9509,93,151.18,Liters
9717,6501,119,90.04,Kg
9718,3562,84,490.11,Kg
9719,7996,128,230.56,Kg
9720,3970,98,174.86,Liters
9721,6815,97,122.32,Liters
9722,1763,70,247.01,Pieces
9723,4255,102,317.09,Pieces
9724,3101,103,213.83,Kg
9725,1808,85,477.41,Pieces
9726,7374,61,193.7,Kg
9727,2828,56,295.01,Kg
9728,9986,17,422.91,Liters
9729,7411,5,372.63,Kg
9730,3907,142,397.16,Kg
9731,6550,74,190.38,Liters
9732,1259,72,452.89,Kg
9733,4256,128,331.94,Liters
9734,1383,46,213.33,Kg
9735,4670,45,103.53,Liters
9736,7782,76,293.63,Liters
9737,3197,74,71.67,Kg
9738,8812,90,166.51,Liters
9739,9932,56,403.28,Kg
9740,4414,39,113.96,Liters
9741,3336,46,138.1,Pieces
9742,908,142,217.69,Liters
9743,6619,23,61.02,Liters
9744,9711,114,396.35,Liters
9745,9150,65,171.99,Kg
9746,7086,120,63.69,Pieces
9747,9062,120,319.39,Pieces
9748,8483,143,364.68,Kg
9749,2066,24,371.21,Liters
9750,2591,148,326.11,Liters
9751,9428,31,120.71,Kg
9752,9065,142,266.3,Liters
9753,9520,114,179.75,Kg
9754,1142,61,447.96,Liters
9755,4144,148,482.14,Kg
9756,9915,133,198.83,Pieces
9757,738,137,252.72,Kg
9758,5559,148,314.97,Liters
9759,5480,78,194.58,Kg
9760,2989,44,260.79,Pieces
9761,1085,112,444.62,Pieces
9762,2523,41,73.24,Kg
9763,6275,10,432.7,Liters
9764,7567,16,93.21,Pieces
9765,2515,54,7.25,Kg
9766,6211,91,204.01,Liters
9767,7729,125,366.79,Kg
9768,8183,58,458.31,Pieces
9769,7245,63,465.71,Liters
9770,7371,149,80.0,Liters
9771,3934,77,58.08,Pieces
9772,6829,107,38.78,Kg
9773,9270,104,350.85,Liters
9774,7217,77,82.14,Liters
9775,6330,140,276.61,Pieces
9776,6223,106,419.36,Liters
9777,6036,95,293.1,Kg
9778,3983,15,108.23,Pieces
9779,2066,59,409.8,Liters
9780,9816,45,362.48,Liters
9781,8836,96,445.59,Pieces
9782,8571,120,245.74,Pieces
9783,9764,76,185.65,Pieces
9784,1274,7,193.23,Pieces
9785,4483,13,198.87,Kg
9786,1967,45,142.87,Liters
9787,2923,51,114.68,Pieces
9788,8194,32,140.51,Pieces
9789,3961,38,290.86,Kg
9790,295,150,228.64,Kg
9791,7574,120,455.04,Liters
9792,1619,45,362.92,Liters
9793,1661,107,406.3,Kg
9794,8931,79,415.17,Liters
9795,6270,110,43.46,Kg
9796,8100,63,243.53,Liters
9797,9937,126,10.57,Kg
9798,4303,17,39.39,Pieces
9799,2186,18,58.28,Kg
9800,1196,37,337.14,Liters
9801,3295,93,301.51,Liters
9802,7071,118,122.21,Kg
9803,8110,82,378.79,Kg
9804,3850,116,2.21,Pieces
9805,7675,118,459.23,Liters
9806,667,129,78.73,Pieces
9807,2724,10,296.35,Kg
9808,1679,115,286.63,Pieces
9809,447,130,179.08,Liters
9810,131,46,362.09,Kg
9811,9095,138,276.53,Pieces
9812,5608,105,150.51,Pieces
9813,3749,68,440.72,Pieces
9814,7819,91,261.1,Pieces
9815,3743,140,249.4,Liters
9816,7130,137,290.13,Liters
9817,381,119,163.33,Liters
9818,68,34,359.86,Kg
9819,1245,61,176.25,Liters
9820,44,84,462.87,Kg
9821,9771,41,122.47,Pieces
9822,4194,67,15.55,Kg
9823,4468,108,207.02,Liters
9824,7298,75,353.58,Liters
9825,2675,16,385.04,Liters
9826,8063,31,201.48,Kg
9827,6896,78,264.98,Kg
9828,864,70,204.93,Pieces
9829,5889,28,495.46,Liters
9830,9157,101,228.69,Liters
9831,3460,118,72.15,Pieces
9832,887,120,104.96,Kg
9833,9487,108,223.02,Kg
9834,4421,125,499.91,Liters
9835,1735,94,62.08,Liters
9836,5376,8,215.07,Pieces
9837,9751,125,105.3,Pieces
9838,7788,113,229.49,Kg
9839,243,33,23.26,Kg
9840,981,70,9.22,Liters
9841,7382,28,250.93,Pieces
9842,4207,11,130.15,Liters
9843,2601,143,449.16,Pieces
9844,4278,102,235.3,Kg
9845,4702,65,489.62,Pieces
9846,7140,89,86.64,Pieces
9847,2829,150,306.55,Kg
9848,8889,40,239.05,Pieces
9849,479,119,271.39,Kg
9850,2448,36,147.01,Pieces
9851,2295,120,485.71,Liters
9852,1479,100,71.99,Liters
9853,8029,78,46.73,Kg
9854,6080,35,264.44,Pieces
9855,2871,31,204.8,Pieces
9856,210,30,265.41,Kg
9857,1880,74,86.31,Liters
9858,4483,13,429.5,Kg
9859,8126,127,450.39,Liters
9860,4223,80,361.57,Kg
9861,4632,146,156.67,Kg
9862,7115,28,405.75,Liters
9863,4198,63,195.28,Pieces
9864,5667,22,372.16,Kg
9865,7770,36,269.62,Pieces
9866,8159,57,408.0,Liters
9867,2601,57,98.03,Liters
9868,1096,71,419.77,Liters
9869,2367,3,226.68,Liters
9870,4631,70,295.53,Kg
9871,8819,93,253.5,Liters
9872,6573,130,250.81,Pieces
9873,8984,75,143.1,Pieces
9874,6313,97,331.61,Pieces
9875,1791,131,252.57,Pieces
9876,452,10,32.09,Liters
9877,4120,135,392.13,Pieces
9878,8765,72,346.72,Liters
9879,8846,67,70.14,Kg
9880,7399,73,197.09,Pieces
9881,9927,115,283.83,Pieces
9882,2974,141,336.68,Kg
9883,8232,51,317.76,Pieces
9884,5385,89,432.73,Pieces
9885,446,49,346.54,Pieces
9886,6454,109,461.73,Kg
9887,4115,112,131.55,Kg
9888,2752,76,368.92,Kg
9889,9258,98,229.13,Kg
9890,2525,88,103.07,Kg
9891,2310,128,329.21,Kg
9892,846,26,32.09,Kg
9893,4461,148,115.41,Kg
9894,1898,51,422.31,Pieces
9895,3446,147,382.52,Pieces
9896,3462,20,137.54,Liters
9897,5265,101,89.65,Pieces
9898,6545,150,7.08,Pieces
9899,609,104,116.16,Kg
9900,4840,106,490.13,Kg
9901,5514,48,393.45,Kg
9902,3309,68,404.16,Liters
9903,3672,58,426.87,Pieces
9904,6695,129,248.05,Pieces
9905,4682,25,463.52,Kg
9906,997,128,436.07,Kg
9907,4914,117,232.65,Liters
9908,5111,27,59.63,Liters
9909,2063,50,173.96,Kg
9910,2051,124,151.54,Liters
9911,1762,27,58.95,Liters
9912,7067,108,389.86,Kg
9913,8423,64,141.2,Liters
9914,5328,23,25.8,Liters
9915,1508,52,389.74,Pieces
9916,6953,105,277.67,Liters
9917,5226,33,17.83,Kg
9918,8641,38,386.71,Pieces
9919,756,147,336.55,Liters
9920,8741,17,292.93,Liters
9921,1107,104,36.62,Kg
9922,6878,69,343.62,Pieces
9923,4673,59,429.75,Liters
9924,5076,61,418.82,Pieces
9925,2617,18,159.99,Kg
9926,5853,27,426.7,Kg
9927,329,137,209.22,Kg
9928,358,31,466.62,Liters
9929,7790,74,193.45,Kg
9930,8502,143,157.77,Pieces
9931,5590,132,93.79,Kg
9932,6799,112,344.18,Liters
9933,6004,60,179.03,Liters
9934,1295,136,326.11,Pieces
9935,4226,65,17.02,Liters
9936,1270,89,221.06,Pieces
9937,4825,117,33.47,Pieces
9938,648,138,323.02,Kg
9939,802,87,174.55,Pieces
9940,8571,35,419.02,Pieces
9941,1398,29,263.33,Pieces
9942,7318,4,349.48,Liters
9943,4693,120,488.22,Pieces
9944,225,146,155.48,Liters
9945,7284,129,270.39,Pieces
9946,4887,94,346.27,Kg
9947,2419,133,78.4,Kg
9948,2302,88,438.05,Pieces
9949,9037,61,422.09,Pieces
9950,2583,147,77.33,Pieces
9951,2855,6,227.16,Pieces
9952,6510,129,244.48,Pieces
9953,8614,133,63.53,Liters
9954,1619,102,402.04,Liters
9955,2253,36,160.75,Pieces
9956,4364,93,53.86,Pieces
9957,7051,46,123.63,Liters
9958,3498,120,460.96,Liters
9959,8911,144,452.03,Kg
9960,5219,63,251.59,Liters
9961,8165,132,469.52,Kg
9962,2242,128,152.15,Kg
9963,3308,31,470.42,Kg
9964,1963,144,440.97,Kg
9965,9855,45,2.64,Liters
9966,5297,15,166.07,Pieces
9967,6958,129,443.52,Kg
9968,451,108,7.13,Liters
9969,6461,111,475.16,Kg
9970,9233,76,100.2,Liters
9971,915,46,487.29,Liters
9972,1725,149,170.44,Kg
9973,1679,118,409.93,Kg
9974,5749,80,254.76,Liters
9975,7437,141,113.05,Pieces
9976,4126,106,298.99,Liters
9977,290,74,174.13,Pieces
9978,9453,26,258.36,Kg
9979,6706,147,305.82,Pieces
9980,9351,62,312.54,Pieces
9981,2484,73,457.15,Kg
9982,7838,114,482.91,Liters
9983,8365,4,475.3,Liters
9984,1027,37,381.9,Liters
9985,6991,132,231.9,Liters
9986,5142,58,346.25,Kg
9987,4906,22,145.25,Kg
9988,8913,96,205.11,Liters
9989,7527,63,165.14,Kg
9990,1761,93,244.88,Kg
9991,6166,124,262.79,Kg
9992,5466,23,191.76,Pieces
9993,6681,149,491.7,Liters
9994,8070,44,466.13,Pieces
9995,8185,70,438.48,Liters
9996,8454,121,54.06,Liters
9997,8369,54,434.98,Kg
9998,7141,113,377.6,Liters
9999,4678,4,370.68,Liters
10000,7255,23,499.26,Pieces
10001,9949,140,443.65,Kg
10002,7166,125,28.02,Pieces
10003,1247,129,248.5,Kg
10004,610,132,390.67,Kg
10005,8253,104,203.61,Pieces
10006,4809,106,79.7,Pieces
10007,4125,135,440.7,Kg
10008,6327,23,325.36,Liters
10009,9267,59,340.42,Kg
10010,6192,134,321.71,Pieces
10011,3105,76,324.21,Kg
10012,8911,36,411.07,Pieces
10013,6028,71,246.76,Pieces
10014,9250,74,138.37,Kg
10015,6393,137,303.41,Liters
10016,2751,98,449.29,Liters
10017,3437,114,445.58,Pieces
10018,1749,47,320.34,Kg
10019,7380,33,236.11,Pieces
10020,2166,129,304.88,Kg
10021,6,136,44.11,Pieces
10022,2665,63,250.6,Kg
10023,7056,84,236.17,Liters
10024,2882,61,287.6,Kg
10025,1124,144,229.03,Kg
10026,4291,10,77.31,Liters
10027,6240,31,350.1,Liters
10028,1851,16,309.18,Liters
10029,5493,140,486.77,Liters
10030,45,112,33.86,Liters
10031,4098,23,267.28,Kg
10032,1037,68,229.13,Kg
10033,1087,30,496.04,Kg
10034,5200,98,498.7,Kg
10035,8153,10,4.78,Liters
10036,5141,133,257.37,Kg
10037,855,118,230.5,Liters
10038,280,71,324.8,Pieces
10039,1433,90,489.77,Pieces
10040,6730,143,498.83,Pieces
10041,2168,46,407.33,Liters
10042,3563,39,405.14,Pieces
10043,1404,133,324.36,Pieces
10044,9721,67,435.47,Liters
10045,2948,18,77.97,Kg
10046,6649,93,293.32,Kg
10047,2357,30,440.29,Pieces
10048,5919,93,170.36,Kg
10049,3740,20,7.84,Pieces
10050,3015,91,34.27,Pieces
10051,6488,55,198.63,Pieces
10052,3322,128,210.92,Pieces
10053,8059,17,97.8,Pieces
10054,4736,37,427.05,Liters
10055,1249,104,227.71,Kg
10056,9971,107,344.12,Liters
10057,1968,48,110.03,Liters
10058,5299,33,290.95,Kg
10059,7034,122,91.37,Pieces
10060,8545,97,397.26,Liters
10061,1105,90,310.74,Kg
10062,8924,51,377.61,Liters
10063,3765,31,333.9,Kg
10064,5100,116,28.29,Kg
10065,8061,18,184.62,Liters
10066,1814,109,302.34,Kg
10067,8158,134,88.74,Kg
10068,3308,60,293.89,Liters
10069,9231,17,15.15,Pieces
10070,5845,65,311.82,Kg
10071,4875,17,355.75,Liters
10072,6395,15,157.35,Liters
10073,7642,36,217.62,Pieces
10074,6851,121,229.39,Liters
10075,8867,142,425.8,Pieces
10076,6897,143,26.85,Kg
10077,4758,78,112.08,Liters
10078,5906,122,344.92,Kg
10079,1173,48,372.89,Liters
10080,8142,25,312.2,Kg
10081,1854,72,70.59,Pieces
10082,9846,89,249.92,Kg
10083,6684,45,136.96,Liters
10084,2486,70,7.12,Pieces
10085,370,33,14.99,Kg
10086,8965,36,69.54,Kg
10087,9271,142,284.36,Kg
10088,3875,149,493.22,Pieces
10089,2929,44,54.13,Kg
10090,7737,120,322.73,Liters
10091,6865,121,415.63,Pieces
10092,2931,70,473.16,Pieces
10093,4210,137,117.22,Kg
10094,9439,90,129.95,Liters
10095,2031,101,228.1,Pieces
10096,9477,27,467.5,Pieces
10097,2893,41,346.29,Liters
10098,2157,4,237.79,Kg
10099,9999,93,118.26,Liters
10100,8697,137,139.78,Pieces
10101,7742,124,357.31,Pieces
10102,4555,90,261.65,Kg
10103,9730,21,414.25,Liters
10104,4108,58,325.8,Kg
10105,7989,43,24.63,Kg
10106,1244,83,77.94,Liters
10107,383,54,222.06,Liters
10108,4431,115,460.28,Liters
10109,4351,114,435.5,Liters
10110,8753,78,17.44,Pieces
10111,9910,79,443.14,Liters
10112,9391,128,289.91,Pieces
10113,5040,111,175.69,Liters
10114,7690,42,209.64,Kg
10115,8884,71,359.86,Liters
10116,4145,71,337.08,Kg
10117,7054,126,444.31,Kg
10118,4151,45,188.6,Pieces
10119,6450,116,438.06,Pieces
10120,1128,107,57.5,Pieces
10121,6589,131,256.14,Liters
10122,8690,71,342.84,Pieces
10123,2300,111,358.9,Pieces
10124,4853,51,431.43,Kg
10125,548,90,23.88,Kg
10126,1744,68,438.27,Kg
10127,8783,68,199.04,Pieces
10128,7868,131,180.48,Pieces
10129,4513,125,153.16,Pieces
10130,9737,92,243.09,Kg
10131,8334,129,137.87,Kg
10132,2737,120,290.04,Pieces
10133,895,13,332.78,Kg
10134,7731,104,136.2,Liters
10135,7482,105,483.61,Kg
10136,9178,104,177.64,Pieces
10137,6639,114,362.49,Liters
10138,922,149,13.86,Pieces
10139,7776,27,429.76,Pieces
10140,128,2,57.13,Liters
10141,3886,120,368.79,Pieces
10142,1121,136,349.69,Kg
10143,6691,94,444.34,Liters
10144,5902,129,153.59,Liters
10145,4458,37,443.92,Liters
10146,345,56,85.29,Pieces
10147,1333,76,435.13,Liters
10148,3247,103,389.22,Kg
10149,9130,118,18.3,Liters
10150,7449,30,121.57,Liters
10151,2689,48,221.36,Kg
10152,6071,99,384.91,Liters
10153,4666,134,11.41,Pieces
10154,80,74,324.76,Pieces
10155,6132,78,356.11,Kg
10156,1147,30,60.16,Pieces
10157,1881,29,172.62,Liters
10158,3556,97,480.75,Kg
10159,3240,137,294.66,Kg
10160,5351,57,309.83,Kg
10161,9510,117,287.25,Pieces
10162,4605,5,481.09,Pieces
10163,5673,58,354.1,Liters
10164,8397,2,419.13,Pieces
10165,4923,48,164.97,Kg
10166,618,105,411.18,Kg
10167,791,102,302.55,Kg
10168,4023,90,466.91,Liters
10169,2581,114,210.88,Pieces
10170,494,19,399.13,Pieces
10171,1704,79,429.8,Liters
10172,8907,93,210.72,Pieces
10173,6170,125,79.55,Pieces
10174,5096,142,283.96,Pieces
10175,8631,24,322.85,Pieces
10176,8197,108,84.39,Liters
10177,7737,40,18.51,Pieces
10178,6948,115,485.41,Liters
10179,8873,20,394.25,Pieces
10180,4708,103,91.97,Kg
10181,489,135,171.75,Liters
10182,5377,80,386.08,Kg
10183,6026,74,474.97,Liters
10184,7836,125,108.93,Pieces
10185,1473,87,59.36,Pieces
10186,9608,53,358.76,Pieces
10187,4227,81,488.62,Kg
10188,8246,33,89.27,Pieces
10189,6623,36,34.48,Pieces
10190,7237,29,52.01,Liters
10191,1302,78,45.26,Liters
10192,2520,145,323.94,Kg
10193,6054,5,281.84,Kg
10194,3093,78,425.08,Kg
10195,4378,26,69.73,Pieces
10196,8763,14,113.42,Kg
10197,7941,51,319.92,Pieces
10198,6428,20,475.51,Liters
10199,3720,61,316.12,Liters
10200,952,65,117.99,Liters
10201,8971,27,440.65,Kg
10202,9378,108,246.04,Pieces
10203,3056,96,473.22,Kg
10204,2315,132,218.09,Liters
10205,232,80,405.66,Kg
10206,1826,47,2.75,Liters
10207,1386,46,163.86,Kg
10208,8464,86,370.37,Kg
10209,8779,99,432.54,Kg
10210,3882,64,421.33,Liters
10211,9157,100,162.27,Pieces
10212,1073,12,158.11,Pieces
10213,5224,50,301.26,Pieces
10214,651,118,251.62,Kg
10215,7202,107,53.43,Kg
10216,7845,145,303.09,Pieces
10217,9063,139,191.06,Kg
10218,5444,41,38.03,Kg
10219,3654,135,401.46,Liters
10220,5324,77,106.62,Pieces
10221,6900,143,240.58,Pieces
10222,3789,46,76.13,Liters
10223,5959,123,287.02,Pieces
10224,2547,56,368.73,Kg
10225,887,142,227.57,Kg
10226,3470,43,390.71,Kg
10227,3835,133,256.05,Liters
10228,2804,61,293.1,Pieces
10229,7947,57,324.74,Kg
10230,9432,67,347.81,Kg
10231,4880,19,66.49,Liters
10232,3375,79,444.76,Pieces
10233,8350,26,471.77,Kg
10234,3507,101,292.58,Pieces
10235,151,110,329.16,Liters
10236,7931,26,381.93,Liters
10237,3907,88,179.89,Kg
10238,2562,1,264.49,Kg
10239,4089,81,434.22,Liters
10240,3532,105,491.48,Pieces
10241,9317,11,68.68,Pieces
10242,1554,121,283.85,Pieces
10243,2486,71,73.63,Pieces
10244,9077,62,217.74,Pieces
10245,7706,12,295.39,Pieces
10246,7211,43,367.65,Kg
10247,9840,135,306.3,Pieces
10248,8909,104,470.69,Kg
10249,3095,53,397.1,Liters
10250,8530,11,493.76,Liters
10251,8586,149,284.52,Liters
10252,4757,28,36.16,Liters
10253,6503,79,393.29,Kg
10254,556,123,269.92,Pieces
10255,5380,111,283.03,Pieces
10256,6857,22,324.85,Pieces
10257,2848,61,180.66,Pieces
10258,9709,30,309.8,Pieces
10259,542,16,306.67,Pieces
10260,3813,104,461.13,Liters
10261,5303,53,431.84,Liters
10262,5812,118,426.52,Kg
10263,5548,150,103.62,Liters
10264,8347,32,110.74,Liters
10265,9910,127,110.57,Kg
10266,9705,71,169.66,Pieces
10267,5083,113,421.23,Pieces
10268,8697,62,334.7,Pieces
10269,3160,111,394.34,Liters
10270,2680,85,475.67,Kg
10271,5169,121,297.8,Liters
10272,8730,2,199.63,Liters
10273,7947,148,101.36,Pieces
10274,8052,95,281.34,Pieces
10275,1272,85,231.12,Pieces
10276,7161,7,349.39,Pieces
10277,7674,39,419.38,Liters
10278,7505,23,288.92,Liters
10279,191,77,481.79,Kg
10280,2979,80,340.67,Pieces
10281,955,48,94.62,Pieces
10282,4661,105,402.24,Pieces
10283,5793,123,385.98,Kg
10284,8989,148,247.49,Kg
10285,1041,29,59.79,Liters
10286,6118,135,278.81,Liters
10287,3378,136,185.54,Kg
10288,8058,126,440.15,Pieces
10289,9633,117,452.05,Liters
10290,1485,65,91.01,Pieces
10291,1684,74,258.84,Pieces
10292,6941,142,294.5,Pieces
10293,9913,92,145.18,Pieces
10294,3547,98,235.89,Pieces
10295,5233,105,348.69,Kg
10296,3017,3,186.77,Liters
10297,951,108,49.9,Pieces
10298,284,17,454.2,Kg
10299,660,78,440.99,Pieces
10300,4494,92,123.65,Liters
10301,8178,14,208.34,Kg
10302,7993,130,406.93,Kg
10303,8934,98,252.99,Pieces
10304,8727,129,158.69,Liters
10305,6700,30,358.37,Liters
10306,4514,56,324.27,Pieces
10307,774,110,276.68,Pieces
10308,4858,132,222.53,Kg
10309,4442,21,461.1,Liters
10310,8351,90,354.7,Pieces
10311,3158,21,324.62,Pieces
10312,2532,118,149.27,Pieces
10313,9880,30,458.67,Liters
10314,5224,74,367.54,Pieces
10315,1793,95,146.37,Liters
10316,4426,144,277.38,Liters
10317,5748,136,101.25,Kg
10318,1556,109,173.04,Liters
10319,8397,129,128.53,Pieces
10320,8636,101,4.54,Kg
10321,8656,60,174.48,Liters
10322,7894,34,110.63,Liters
10323,1123,30,190.99,Pieces
10324,8533,25,180.97,Liters
10325,1325,13,336.88,Kg
10326,88,76,307.76,Pieces
10327,2008,67,393.18,Liters
10328,8746,150,352.58,Pieces
10329,5992,36,365.74,Liters
10330,1223,69,309.16,Kg
10331,9893,19,60.55,Kg
10332,6415,79,227.98,Pieces
10333,6589,26,251.13,Kg
10334,8961,134,329.33,Kg
10335,1805,19,366.58,Liters
10336,9865,60,395.32,Pieces
10337,6762,39,60.33,Pieces
10338,7359,31,360.93,Liters
10339,7005,147,187.05,Kg
10340,5316,110,296.68,Kg
10341,9515,128,469.44,Liters
10342,9477,46,390.36,Kg
10343,8168,132,177.38,Liters
10344,4127,41,237.3,Kg
10345,297,110,80.61,Pieces
10346,9826,96,110.7,Liters
10347,4158,84,421.61,Pieces
10348,6816,16,188.88,Kg
10349,6131,23,423.87,Pieces
10350,8819,17,123.83,Liters
10351,6418,50,489.67,Kg
10352,9131,139,169.74,Kg
10353,2088,45,315.19,Kg
10354,3614,122,421.91,Pieces
10355,8825,3,335.01,Kg
10356,5773,2,387.69,Kg
10357,2262,16,493.63,Liters
10358,8508,24,3.75,Liters
10359,2092,24,452.19,Kg
10360,9090,119,165.25,Pieces
10361,2230,71,457.88,Kg
10362,3142,146,355.94,Liters
10363,8991,46,388.71,Pieces
10364,6932,141,145.37,Liters
10365,2085,100,147.56,Liters
10366,3125,127,76.59,Liters
10367,3754,59,188.66,Liters
10368,2086,100,7.43,Pieces
10369,591,4,419.09,Liters
10370,8024,75,443.77,Pieces
10371,683,65,361.82,Kg
10372,1650,69,365.56,Liters
10373,3841,64,24.84,Kg
10374,6818,43,24.78,Liters
10375,512,126,286.55,Pieces
10376,4994,5,150.28,Kg
10377,6609,134,7.7,Kg
10378,3657,69,460.77,Liters
10379,2650,140,21.99,Pieces
10380,6510,16,60.1,Kg
10381,6595,113,382.92,Liters
10382,9399,103,308.68,Kg
10383,5054,112,48.76,Liters
10384,3510,139,277.91,Kg
10385,832,131,153.7,Kg
10386,883,9,70.47,Pieces
10387,6223,14,394.76,Liters
10388,766,111,388.29,Pieces
10389,3929,50,276.31,Liters
10390,1036,5,109.74,Kg
10391,6411,110,168.53,Pieces
10392,9371,94,9.1,Pieces
10393,2880,89,296.76,Liters
10394,9685,148,221.18,Kg
10395,7569,122,243.44,Pieces
10396,6804,105,344.19,Kg
10397,58,20,377.89,Liters
10398,3417,129,332.49,Pieces
10399,6721,50,440.66,Kg
10400,8091,68,68.1,Pieces
10401,165,69,184.62,Liters
10402,1096,111,8.42,Pieces
10403,2352,96,262.24,Pieces
10404,6944,141,176.33,Kg
10405,1767,112,345.13,Pieces
10406,4567,143,144.99,Liters
10407,6510,131,177.45,Kg
10408,4706,116,199.25,Liters
10409,2402,45,136.82,Liters
10410,9606,17,203.64,Kg
10411,2208,61,53.88,Pieces
10412,9758,135,389.44,Pieces
10413,8692,113,205.24,Pieces
10414,8396,141,120.46,Kg
10415,1388,121,315.07,Pieces
10416,9076,24,406.22,Liters
10417,5883,17,38.34,Kg
10418,3012,106,166.23,Kg
10419,5893,118,455.97,Pieces
10420,6945,103,160.79,Liters
10421,3329,89,465.24,Liters
10422,4065,84,41.2,Pieces
10423,7294,2,156.7,Liters
10424,2320,47,471.98,Pieces
10425,2313,116,304.28,Liters
10426,7970,42,210.05,Kg
10427,8962,138,306.91,Pieces
10428,9018,70,133.84,Kg
10429,1441,52,69.04,Kg
10430,1120,127,496.89,Pieces
10431,281,27,94.34,Liters
10432,667,72,470.39,Pieces
10433,5518,34,127.64,Liters
10434,8689,102,314.17,Kg
10435,8443,128,401.62,Liters
10436,5793,16,13.11,Kg
10437,482,113,370.7,Kg
10438,175,105,83.91,Liters
10439,9559,87,381.29,Pieces
10440,7840,102,222.31,Pieces
10441,6414,95,7.6,Liters
10442,1479,28,306.66,Pieces
10443,1710,76,115.64,Pieces
10444,5459,81,365.63,Liters
10445,2053,52,478.71,Pieces
10446,1176,23,253.74,Kg
10447,8482,73,403.81,Pieces
10448,4839,16,40.99,Liters
10449,8944,39,150.03,Pieces
10450,6398,97,329.67,Pieces
10451,5301,113,364.05,Kg
10452,6576,44,369.46,Pieces
10453,166,143,249.6,Pieces
10454,4702,2,477.95,Pieces
10455,9199,41,405.68,Kg
10456,4023,74,319.65,Liters
10457,7809,128,186.02,Pieces
10458,6052,3,406.71,Liters
10459,3988,114,412.71,Kg
10460,1056,115,344.75,Liters
10461,537,138,339.2,Pieces
10462,733,59,302.21,Pieces
10463,7541,66,302.52,Pieces
10464,3216,89,81.68,Pieces
10465,6455,83,231.36,Liters
10466,9875,58,420.37,Pieces
10467,8128,9,186.41,Liters
10468,743,5,483.18,Kg
10469,198,141,234.36,Liters
10470,918,144,233.81,Liters
10471,6588,29,117.4,Pieces
10472,8887,145,79.63,Liters
10473,1635,125,441.18,Pieces
10474,7734,3,360.19,Pieces
10475,7462,37,122.05,Kg
10476,3166,35,478.8,Kg
10477,9630,84,448.23,Liters
10478,3908,35,334.94,Kg
10479,7551,70,102.43,Pieces
10480,7825,20,61.64,Pieces
10481,5221,76,271.33,Liters
10482,9719,5,309.85,Liters
10483,202,103,197.12,Kg
10484,2194,106,296.84,Pieces
10485,2183,83,48.2,Pieces
10486,5872,40,177.62,Pieces
10487,5268,51,366.72,Kg
10488,1307,146,467.57,Pieces
10489,5363,93,398.46,Kg
10490,1568,149,344.5,Pieces
10491,2487,57,167.41,Kg
10492,6948,68,135.31,Liters
10493,384,25,213.62,Pieces
10494,67,125,180.12,Kg
10495,8227,30,237.46,Pieces
10496,8421,46,202.97,Liters
10497,6209,65,356.05,Pieces
10498,1803,131,425.18,Kg
10499,4478,128,208.06,Liters
10500,3325,68,131.74,Liters
10501,8894,58,143.72,Liters
10502,6032,123,37.0,Kg
10503,6731,40,403.68,Liters
10504,2683,34,272.07,Liters
10505,7214,86,420.94,Pieces
10506,6912,5,122.99,Kg
10507,3053,144,169.38,Kg
10508,3251,16,449.6,Kg
10509,4034,110,468.3,Liters
10510,3042,141,184.86,Liters
10511,6131,133,297.84,Pieces
10512,3864,39,162.2,Pieces
10513,3149,70,498.55,Liters
10514,6209,43,238.98,Liters
10515,9624,9,19.25,Liters
10516,5908,49,376.11,Kg
10517,693,136,281.48,Liters
10518,2178,117,279.82,Pieces
10519,4445,126,423.36,Pieces
10520,4236,31,481.21,Kg
10521,9933,26,163.25,Kg
10522,703,30,397.61,Kg
10523,543,89,138.44,Liters
10524,5687,134,426.84,Kg
10525,5444,146,462.45,Liters
10526,6404,75,484.32,Kg
10527,7575,70,291.59,Pieces
10528,8022,25,127.64,Liters
10529,285,78,152.16,Pieces
10530,6172,119,84.16,Liters
10531,6031,66,480.64,Kg
10532,7961,37,85.34,Pieces
10533,1807,62,115.14,Kg
10534,747,91,467.18,Kg
10535,6805,57,393.9,Pieces
10536,6207,33,419.06,Pieces
10537,7078,124,225.57,Liters
10538,5946,15,269.87,Pieces
10539,5152,40,388.84,Kg
10540,3445,77,395.22,Pieces
10541,5961,44,286.4,Kg
10542,8894,33,369.41,Liters
10543,7058,31,333.52,Kg
10544,1110,68,70.53,Pieces
10545,2163,20,363.05,Pieces
10546,8572,17,174.83,Pieces
10547,8746,70,43.1,Liters
10548,9626,16,138.89,Liters
10549,8612,29,297.89,Pieces
10550,3359,27,461.31,Pieces
10551,8333,132,48.19,Pieces
10552,4495,9,169.08,Pieces
10553,1345,53,228.33,Liters
10554,38,41,488.81,Liters
10555,382,48,263.43,Pieces
10556,2461,91,219.74,Pieces
10557,9720,12,322.78,Pieces
10558,2126,29,80.46,Liters
10559,7096,15,62.12,Kg
10560,4522,83,280.52,Pieces
10561,7050,20,423.96,Liters
10562,6835,92,23.66,Liters
10563,7817,60,377.25,Kg
10564,9838,89,473.44,Pieces
10565,6438,117,471.98,Pieces
10566,1463,93,144.22,Kg
10567,4479,1,403.14,Pieces
10568,5134,125,253.88,Liters
10569,3321,96,53.05,Kg
10570,825,149,421.4,Pieces
10571,8095,72,446.19,Pieces
10572,7301,121,44.47,Pieces
10573,8238,6,403.05,Liters
10574,9300,125,354.89,Liters
10575,3235,147,408.51,Liters
10576,7857,88,462.07,Pieces
10577,1583,118,486.64,Kg
10578,8627,86,222.8,Pieces
10579,6084,43,203.76,Kg
10580,5705,62,91.81,Liters
10581,1932,143,497.98,Liters
10582,6693,71,14.21,Liters
10583,9805,146,306.65,Liters
10584,7722,139,320.28,Liters
10585,5174,102,79.79,Kg
10586,9689,113,349.88,Pieces
10587,9885,108,315.94,Liters
10588,2979,135,87.86,Kg
10589,8734,125,130.3,Pieces
10590,4607,141,431.25,Kg
10591,9143,76,79.75,Pieces
10592,3817,9,153.35,Liters
10593,4115,81,488.84,Pieces
10594,9695,39,478.1,Kg
10595,6622,14,224.38,Liters
10596,3576,62,239.21,Pieces
10597,4304,38,482.46,Pieces
10598,5963,35,483.51,Pieces
10599,2444,135,229.6,Pieces
10600,2462,33,18.86,Liters
10601,1799,146,78.19,Pieces
10602,4129,34,453.6,Liters
10603,7756,78,208.07,Pieces
10604,5371,90,484.48,Pieces
10605,9439,3,368.07,Pieces
10606,2567,30,16.93,Pieces
10607,1598,102,217.95,Pieces
10608,2589,46,121.2,Liters
10609,9077,13,331.72,Liters
10610,8205,109,181.38,Liters
10611,3362,5,202.58,Kg
10612,7221,91,85.19,Kg
10613,6061,36,98.8,Pieces
10614,4732,121,407.45,Pieces
10615,7261,142,447.04,Pieces
10616,4804,114,287.21,Liters
10617,98,110,443.61,Pieces
10618,6709,64,161.43,Kg
10619,4032,115,407.95,Liters
10620,7945,77,190.07,Pieces
10621,9745,109,127.05,Kg
10622,3125,55,371.99,Kg
10623,3297,93,381.85,Liters
10624,4234,89,274.29,Liters
10625,4239,53,40.14,Pieces
10626,6845,142,146.07,Liters
10627,6284,116,485.2,Kg
10628,4469,16,328.41,Liters
10629,6811,16,436.87,Pieces
10630,2160,49,285.36,Pieces
10631,1012,28,301.65,Pieces
10632,6309,122,270.26,Pieces
10633,153,7,305.27,Kg
10634,1830,141,463.31,Kg
10635,6433,144,9.96,Kg
10636,2256,47,139.96,Kg
10637,8857,102,261.3,Pieces
10638,4757,139,222.81,Pieces
10639,8182,41,386.07,Kg
10640,9105,100,317.37,Liters
10641,4832,41,395.09,Pieces
10642,5293,139,291.88,Pieces
10643,5554,24,430.47,Kg
10644,50,83,193.97,Liters
10645,7711,96,248.71,Kg
10646,7612,1,327.08,Pieces
10647,5886,146,66.05,Pieces
10648,3276,65,113.11,Kg
10649,7439,25,488.51,Liters
10650,4138,49,445.04,Kg
10651,5557,45,163.11,Kg
10652,2871,122,62.26,Liters
10653,335,4,428.32,Kg
10654,3702,83,209.0,Kg
10655,5341,71,33.19,Kg
10656,7653,9,393.91,Liters
10657,7737,9,82.53,Pieces
10658,3418,73,28.42,Kg
10659,417,72,110.09,Pieces
10660,1597,148,337.85,Kg
10661,8930,130,183.66,Pieces
10662,9157,18,44.61,Liters
10663,997,76,261.0,Pieces
10664,4477,61,45.71,Liters
10665,1637,82,361.65,Liters
10666,4632,56,227.35,Liters
10667,5797,143,109.44,Pieces
10668,6514,87,353.03,Pieces
10669,1394,148,375.92,Pieces
10670,4149,20,465.42,Pieces
10671,7643,25,280.47,Pieces
10672,5965,114,172.37,Liters
10673,2521,77,272.36,Liters
10674,1485,3,282.84,Liters
10675,4257,40,269.0,Liters
10676,8655,54,461.74,Liters
10677,2466,91,452.41,Liters
10678,8604,19,475.95,Pieces
10679,6298,100,228.55,Kg
10680,6919,68,213.85,Pieces
10681,8018,108,359.25,Pieces
10682,9941,108,296.75,Pieces
10683,9625,33,144.97,Kg
10684,3389,56,249.4,Kg
10685,5376,7,345.28,Liters
10686,7277,31,3.09,Pieces
10687,6024,66,376.06,Kg
10688,2456,122,342.82,Liters
10689,8262,59,226.38,Pieces
10690,5388,46,136.06,Kg
10691,4150,5,317.16,Kg
10692,2856,13,438.59,Liters
10693,4260,83,109.18,Pieces
10694,7621,61,147.3,Liters
10695,7561,142,372.39,Liters
10696,1111,146,450.73,Pieces
10697,2666,150,494.81,Pieces
10698,395,135,80.82,Kg
10699,4136,81,196.48,Kg
10700,400,77,429.6,Kg
10701,9042,146,348.48,Pieces
10702,9303,31,84.02,Pieces
10703,9186,33,261.17,Pieces
10704,4402,74,202.69,Liters
10705,6823,77,306.29,Kg
10706,980,66,194.37,Liters
10707,2001,66,375.39,Pieces
10708,6908,61,300.23,Kg
10709,5874,83,304.25,Liters
10710,9487,42,238.78,Pieces
10711,1657,77,161.44,Liters
10712,3475,58,89.35,Kg
10713,2820,34,65.26,Liters
10714,6824,56,435.26,Liters
10715,9146,5,36.66,Liters
10716,3939,77,388.75,Pieces
10717,9681,69,233.96,Kg
10718,5282,40,67.42,Pieces
10719,8809,109,471.48,Kg
10720,4673,85,466.7,Liters
10721,2396,13,471.94,Kg
10722,3950,32,38.98,Liters
10723,10,76,233.71,Liters
10724,9177,40,310.49,Kg
10725,7359,47,476.05,Pieces
10726,3814,12,482.88,Pieces
10727,3766,46,429.17,Pieces
10728,2427,39,441.63,Liters
10729,8077,113,332.17,Pieces
10730,1532,124,397.6,Liters
10731,2795,148,343.0,Pieces
10732,2785,13,406.07,Kg
10733,7934,131,266.42,Liters
10734,3450,30,450.11,Pieces
10735,1247,113,456.89,Kg
10736,2829,54,412.5,Pieces
10737,6888,83,498.22,Pieces
10738,9227,18,291.0,Liters
10739,5450,76,184.41,Kg
10740,1079,113,182.78,Kg
10741,3577,143,61.45,Pieces
10742,8901,45,494.65,Liters
10743,4381,84,284.5,Pieces
10744,7150,40,252.67,Liters
10745,2738,59,244.31,Pieces
10746,1736,40,330.96,Kg
10747,910,39,367.05,Liters
10748,3079,12,363.39,Kg
10749,2790,104,80.0,Pieces
10750,7468,110,401.78,Pieces
10751,2133,46,46.52,Liters
10752,2744,39,331.38,Liters
10753,9097,144,311.87,Liters
10754,7188,65,275.01,Pieces
10755,8031,133,221.98,Kg
10756,5484,119,159.45,Pieces
10757,1279,10,432.55,Kg
10758,1653,88,495.14,Kg
10759,5316,4,216.92,Kg
10760,3760,143,68.63,Liters
10761,8158,18,364.1,Kg
10762,3032,95,457.0,Liters
10763,2958,23,72.77,Liters
10764,6257,11,169.09,Kg
10765,8975,114,50.75,Liters
10766,6218,79,469.46,Kg
10767,9532,2,299.51,Pieces
10768,3110,54,374.64,Liters
10769,1060,79,88.71,Liters
10770,2340,102,390.87,Liters
10771,7755,46,276.61,Kg
10772,9343,124,394.26,Pieces
10773,531,15,392.4,Liters
10774,3307,24,13.98,Pieces
10775,5461,150,319.3,Kg
10776,7390,99,241.96,Kg
10777,7990,24,237.04,Kg
10778,3870,21,389.43,Kg
10779,7043,71,25.11,Pieces
10780,5596,67,162.7,Kg
10781,3756,80,106.95,Kg
10782,3549,88,402.37,Liters
10783,3850,37,193.16,Pieces
10784,1264,128,215.35,Kg
10785,3788,11,428.7,Liters
10786,1065,124,349.03,Pieces
10787,5973,11,292.26,Kg
10788,5404,112,418.23,Liters
10789,8990,10,54.29,Liters
10790,8254,41,244.86,Liters
10791,2979,87,413.87,Kg
10792,6429,141,126.29,Kg
10793,8662,97,60.59,Liters
10794,7464,19,269.14,Liters
10795,2177,55,234.47,Pieces
10796,1575,48,452.79,Pieces
10797,6861,123,400.29,Liters
10798,2678,125,6.5,Liters
10799,1910,143,386.71,Pieces
10800,4599,104,188.04,Pieces
10801,6589,132,323.2,Liters
10802,1473,106,464.14,Pieces
10803,3399,133,55.67,Pieces
10804,600,8,375.59,Liters
10805,5677,87,164.45,Liters
10806,3120,45,402.79,Kg
10807,9707,85,418.49,Kg
10808,5472,142,67.2,Pieces
10809,5922,109,279.2,Kg
10810,1758,84,200.64,Pieces
10811,4031,10,261.28,Liters
10812,3552,14,215.83,Pieces
10813,4779,62,391.81,Liters
10814,7432,75,304.37,Kg
10815,2956,75,245.56,Liters
10816,1669,63,3.59,Kg
10817,3128,62,302.26,Kg
10818,9846,58,323.16,Kg
10819,263,81,226.5,Kg
10820,6235,58,233.0,Kg
10821,446,115,5.4,Pieces
10822,4526,20,173.43,Kg
10823,2152,52,378.21,Kg
10824,4509,134,277.95,Liters
10825,8828,66,18.88,Pieces
10826,8492,22,49.5,Kg
10827,9674,147,323.62,Pieces
10828,8782,82,95.21,Kg
10829,4626,128,119.98,Liters
10830,8271,21,365.11,Kg
10831,3951,130,183.82,Pieces
10832,888,43,411.27,Pieces
10833,1927,73,177.32,Kg
10834,8328,99,257.61,Liters
10835,7828,48,389.3,Pieces
10836,8547,89,415.76,Kg
10837,1826,78,105.19,Liters
10838,1117,46,392.61,Kg
10839,8591,109,165.99,Pieces
10840,4943,57,461.0,Kg
10841,6420,77,473.12,Kg
10842,3164,47,252.03,Pieces
10843,6867,85,190.12,Liters
10844,7686,125,107.69,Kg
10845,9405,30,336.23,Liters
10846,6897,138,170.1,Pieces
10847,8157,39,108.7,Pieces
10848,7587,100,450.91,Liters
10849,1704,10,277.37,Pieces
10850,4206,5,174.37,Kg
10851,6986,12,92.45,Kg
10852,3305,48,58.57,Liters
10853,6085,72,259.05,Kg
10854,4405,89,131.9,Pieces
10855,2750,129,73.38,Kg
10856,7932,137,352.75,Liters
10857,1156,59,46.4,Pieces
10858,1850,98,454.62,Pieces
10859,3871,50,495.65,Kg
10860,3084,120,43.04,Liters
10861,5011,12,199.35,Liters
10862,6174,135,279.82,Kg
10863,3564,102,204.94,Kg
10864,4227,119,256.48,Liters
10865,1761,138,127.62,Kg
10866,3517,2,231.68,Pieces
10867,5516,9,385.16,Kg
10868,736,33,283.23,Pieces
10869,9506,70,431.0,Kg
10870,7932,136,141.51,Kg
10871,6931,96,340.68,Pieces
10872,8453,54,181.11,Liters
10873,7824,137,350.0,Kg
10874,7148,81,119.8,Pieces
10875,1366,15,212.6,Pieces
10876,4354,51,161.65,Pieces
10877,3627,64,347.31,Kg
10878,7050,127,360.61,Pieces
10879,1220,17,203.65,Pieces
10880,6284,146,475.91,Liters
10881,5609,123,210.14,Kg
10882,6129,3,37.04,Pieces
10883,1934,2,111.28,Liters
10884,4667,1,252.27,Liters
10885,8472,60,346.16,Kg
10886,8537,56,210.6,Kg
10887,6099,146,482.89,Liters
10888,1634,65,232.88,Kg
10889,9876,127,379.91,Kg
10890,542,77,161.4,Pieces
10891,3547,56,264.13,Kg
10892,21,90,245.46,Liters
10893,2470,108,304.28,Pieces
10894,6755,38,101.81,Pieces
10895,5030,28,455.76,Liters
10896,2676,118,276.86,Pieces
10897,6742,97,305.66,Kg
10898,5155,14,313.37,Liters
10899,1698,8,46.21,Kg
10900,8250,150,400.05,Pieces
10901,2019,32,305.77,Pieces
10902,9523,122,480.17,Kg
10903,6725,4,410.04,Pieces
10904,8773,106,71.6,Pieces
10905,3941,77,269.59,Kg
10906,5340,4,474.66,Pieces
10907,1384,145,92.99,Kg
10908,630,4,257.88,Liters
10909,8852,82,41.92,Pieces
10910,4747,6,70.99,Liters
10911,454,119,122.04,Pieces
10912,7436,4,458.46,Pieces
10913,8451,28,366.49,Liters
10914,7598,103,337.39,Kg
10915,2257,50,28.89,Kg
10916,2404,50,259.81,Pieces
10917,1412,95,126.76,Kg
10918,5822,42,311.02,Kg
10919,318,65,295.33,Kg
10920,8514,102,328.61,Kg
10921,382,97,353.53,Kg
10922,3813,129,289.85,Kg
10923,2828,86,345.6,Pieces
10924,4432,50,261.35,Pieces
10925,9880,132,485.68,Liters
10926,2831,141,415.65,Liters
10927,4670,28,418.66,Liters
10928,1137,63,328.93,Liters
10929,1918,2,179.08,Liters
10930,8395,94,46.5,Pieces
10931,4620,6,225.38,Liters
10932,7923,108,263.84,Liters
10933,7887,69,187.62,Kg
10934,9960,21,288.86,Kg
10935,1590,8,201.17,Kg
10936,1570,22,38.88,Liters
10937,1391,29,6.55,Pieces
10938,615,12,91.58,Liters
10939,5528,50,71.27,Pieces
10940,7320,93,361.83,Pieces
10941,6632,86,46.37,Liters
10942,1456,48,271.88,Kg
10943,8272,91,272.11,Liters
10944,8705,135,449.48,Kg
10945,3199,27,424.86,Kg
10946,2836,116,356.87,Kg
10947,5634,4,317.43,Liters
10948,8438,113,34.73,Pieces
10949,3194,38,457.71,Pieces
10950,4107,5,417.26,Pieces
10951,785,120,218.0,Liters
10952,9998,13,275.37,Liters
10953,5406,35,453.66,Kg
10954,1054,132,30.38,Pieces
10955,8993,32,451.7,Kg
10956,5589,120,374.8,Pieces
10957,4740,115,149.79,Pieces
10958,5622,93,151.76,Pieces
10959,6388,64,389.15,Pieces
10960,7190,37,107.57,Kg
10961,7296,81,349.61,Kg
10962,3766,10,388.17,Kg
10963,3913,70,253.4,Kg
10964,9682,67,188.55,Liters
10965,8060,109,377.48,Kg
10966,3556,36,242.64,Kg
10967,4407,42,359.75,Kg
10968,3787,48,252.86,Pieces
10969,4573,55,46.66,Liters
10970,7815,34,310.93,Liters
10971,1561,110,368.61,Liters
10972,4565,16,343.89,Pieces
10973,6334,102,250.79,Liters
10974,1006,127,498.31,Pieces
10975,324,58,131.57,Kg
10976,5895,35,158.36,Pieces
10977,4801,29,282.75,Liters
10978,5313,8,63.49,Kg
10979,9783,23,147.6,Pieces
10980,3938,140,431.33,Pieces
10981,1923,49,267.75,Liters
10982,3846,88,69.17,Kg
10983,1823,90,466.42,Pieces
10984,7428,36,488.85,Liters
10985,3903,38,374.19,Pieces
10986,7231,108,352.3,Liters
10987,1162,14,194.49,Kg
10988,4237,29,176.23,Pieces
10989,4080,75,372.95,Liters
10990,9699,18,362.7,Kg
10991,9165,102,251.23,Pieces
10992,3491,89,494.26,Kg
10993,7641,18,128.35,Pieces
10994,849,110,36.62,Pieces
10995,5673,142,283.31,Pieces
10996,2673,33,290.12,Liters
10997,1914,44,78.4,Kg
10998,3639,113,122.97,Liters
10999,3526,137,291.83,Liters
11000,2370,69,273.43,Kg
11001,5666,43,438.19,Pieces
11002,7330,67,137.66,Pieces
11003,6351,108,47.45,Pieces
11004,3568,26,326.05,Kg
11005,3373,89,252.08,Pieces
11006,8664,100,165.86,Liters
11007,2355,138,405.66,Liters
11008,4779,117,171.34,Kg
11009,9256,5,447.91,Kg
11010,980,52,329.59,Kg
11011,357,57,89.59,Pieces
11012,7011,26,29.48,Liters
11013,7632,121,165.12,Liters
11014,8404,79,460.08,Liters
11015,76,108,83.57,Liters
11016,846,36,77.59,Liters
11017,7667,117,94.69,Kg
11018,9176,101,367.75,Pieces
11019,971,23,371.08,Pieces
11020,4935,9,278.84,Pieces
11021,4437,128,196.28,Pieces
11022,677,43,291.07,Kg
11023,4149,150,231.35,Pieces
11024,165,39,77.47,Liters
11025,9108,22,30.56,Kg
11026,2158,148,337.3,Kg
11027,9660,78,283.07,Kg
11028,1585,19,491.31,Pieces
11029,1954,30,286.82,Pieces
11030,3003,62,166.64,Kg
11031,1678,58,232.95,Kg
11032,8601,71,139.91,Pieces
11033,7361,96,22.9,Pieces
11034,2493,9,306.21,Pieces
11035,6659,121,118.18,Liters
11036,1865,94,337.43,Pieces
11037,227,89,418.47,Pieces
11038,8442,3,26.56,Liters
11039,606,14,276.15,Liters
11040,5414,123,138.13,Kg
11041,6434,63,376.3,Liters
11042,2660,72,125.73,Liters
11043,3103,88,207.34,Liters
11044,2634,75,136.1,Pieces
11045,6889,130,298.77,Kg
11046,7013,13,25.8,Kg
11047,7896,64,27.73,Liters
11048,3420,24,373.88,Kg
11049,2046,10,252.4,Kg
11050,509,56,178.8,Pieces
11051,581,106,292.79,Pieces
11052,7346,52,420.37,Liters
11053,5534,47,194.74,Liters
11054,3485,128,67.81,Liters
11055,5494,45,218.53,Liters
11056,8636,148,147.61,Liters
11057,6987,59,65.66,Kg
11058,8353,91,127.87,Liters
11059,2593,108,165.2,Pieces
11060,1172,3,322.67,Liters
11061,6686,3,27.94,Liters
11062,3943,19,226.61,Liters
11063,6911,53,22.56,Liters
11064,5562,150,326.79,Liters
11065,4623,148,369.31,Liters
11066,4655,66,315.76,Kg
11067,3223,71,47.2,Liters
11068,1105,56,475.73,Kg
11069,6211,51,355.99,Kg
11070,9101,60,68.58,Pieces
11071,3239,18,402.39,Kg
11072,610,41,408.48,Liters
11073,9907,26,324.08,Liters
11074,8213,140,370.89,Pieces
11075,197,57,131.6,Pieces
11076,3046,138,463.19,Kg
11077,1232,85,455.29,Kg
11078,3450,92,261.98,Liters
11079,6658,84,386.84,Kg
11080,309,11,240.25,Kg
11081,3130,88,423.77,Kg
11082,8616,13,223.25,Pieces
11083,1474,18,261.59,Liters
11084,7907,47,127.14,Pieces
11085,9892,125,40.67,Kg
11086,8782,1,357.26,Pieces
11087,7003,16,365.04,Pieces
11088,5169,85,494.76,Liters
11089,9617,61,490.81,Kg
11090,1949,97,193.43,Pieces
11091,891,34,385.73,Pieces
11092,3774,127,223.5,Pieces
11093,7332,40,474.22,Liters
11094,9119,13,197.39,Pieces
11095,3161,67,411.0,Kg
11096,60,36,332.4,Kg
11097,2623,5,53.46,Pieces
11098,1146,68,339.47,Liters
11099,422,29,102.44,Liters
11100,5437,132,7.67,Kg
11101,4944,29,414.93,Pieces
11102,5919,129,283.9,Pieces
11103,75,26,36.85,Kg
11104,8951,10,301.4,Liters
11105,8772,87,169.51,Kg
11106,8149,147,194.44,Liters
11107,5756,131,332.12,Kg
11108,747,7,5.81,Pieces
11109,3485,52,315.8,Liters
11110,1262,26,284.07,Liters
11111,161,44,365.76,Liters
11112,4059,100,198.38,Kg
11113,4942,89,141.44,Kg
11114,6152,3,186.33,Kg
11115,1981,3,87.51,Liters
11116,5901,61,204.98,Pieces
11117,8611,119,68.47,Liters
11118,4754,144,443.88,Liters
11119,8152,65,49.87,Pieces
11120,6934,26,186.64,Pieces
11121,2833,96,303.95,Liters
11122,174,49,279.97,Kg
11123,2686,38,142.76,Liters
11124,9777,14,39.71,Kg
11125,4783,5,182.33,Pieces
11126,3165,51,99.33,Liters
11127,4687,78,499.59,Liters
11128,3406,37,191.73,Kg
11129,9683,15,79.8,Pieces
11130,9437,3,140.48,Pieces
11131,4225,1,478.76,Kg
11132,6356,90,492.14,Kg
11133,3954,39,394.25,Kg
11134,3316,99,446.95,Pieces
11135,453,32,108.77,Pieces
11136,4976,119,486.47,Kg
11137,939,65,149.94,Liters
11138,7151,72,416.74,Kg
11139,8559,95,458.75,Pieces
11140,3908,41,25.12,Kg
11141,4424,62,444.53,Pieces
11142,7000,28,389.81,Kg
11143,842,10,358.52,Kg
11144,5913,95,53.64,Pieces
11145,777,72,7.91,Liters
11146,7171,80,328.19,Kg
11147,4042,83,369.08,Liters
11148,4699,131,259.36,Pieces
11149,1336,130,153.36,Pieces
11150,1317,52,323.12,Liters
11151,1159,117,112.85,Kg
11152,5060,102,42.08,Liters
11153,5443,12,234.33,Kg
11154,6784,17,404.48,Liters
11155,7012,116,301.92,Liters
11156,1810,47,457.49,Kg
11157,9335,61,493.62,Kg
11158,8037,111,410.96,Pieces
11159,8217,150,124.49,Kg
11160,1565,1,232.56,Liters
11161,2781,104,334.52,Kg
11162,3272,63,2.98,Kg
11163,8950,83,373.35,Pieces
11164,335,29,121.28,Kg
11165,8950,80,195.74,Pieces
11166,3354,64,78.7,Kg
11167,6840,55,396.06,Kg
11168,5676,111,68.55,Pieces
11169,1531,95,174.23,Kg
11170,5919,44,361.85,Pieces
11171,5542,120,172.28,Kg
11172,2262,86,373.03,Kg
11173,8897,120,305.28,Pieces
11174,9562,81,11.39,Liters
11175,1467,110,446.16,Pieces
11176,56,102,171.02,Pieces
11177,1945,16,353.98,Pieces
11178,7369,21,496.36,Kg
11179,3010,134,44.71,Kg
11180,9975,54,476.77,Kg
11181,220,83,92.54,Kg
11182,7296,134,364.32,Pieces
11183,2415,22,251.0,Pieces
11184,1038,74,236.36,Kg
11185,7012,43,22.28,Pieces
11186,3863,119,1.7,Liters
11187,7474,141,216.49,Kg
11188,2271,7,71.15,Liters
11189,6522,150,199.4,Pieces
11190,8852,85,411.99,Liters
11191,1097,135,371.74,Liters
11192,9997,51,483.32,Pieces
11193,8742,32,293.69,Pieces
11194,3019,115,342.46,Kg
11195,3667,77,144.34,Pieces
11196,8470,113,272.42,Liters
11197,1160,121,72.19,Pieces
11198,4971,57,377.57,Pieces
11199,379,149,329.89,Liters
11200,7063,68,240.05,Liters
11201,602,106,287.71,Pieces
11202,1430,28,79.02,Liters
11203,9393,29,457.4,Pieces
11204,7727,8,160.17,Pieces
11205,7862,31,428.33,Kg
11206,1482,74,476.19,Liters
11207,1489,137,311.76,Kg
11208,9303,62,226.68,Liters
11209,7766,145,356.17,Pieces
11210,8417,131,307.69,Liters
11211,8312,87,293.42,Pieces
11212,8003,53,22.82,Kg
11213,1353,112,328.69,Kg
11214,9059,139,297.32,Pieces
11215,9908,7,14.41,Liters
11216,5882,107,299.11,Liters
11217,4285,15,338.32,Kg
11218,9447,68,299.43,Liters
11219,8110,128,104.12,Liters
11220,4805,102,144.23,Kg
11221,6296,80,184.16,Pieces
11222,3962,120,70.88,Liters
11223,3782,19,369.13,Liters
11224,482,87,110.03,Liters
11225,7312,46,272.23,Liters
11226,7510,127,475.77,Kg
11227,9902,56,464.72,Kg
11228,739,148,132.04,Liters
11229,5219,145,344.29,Pieces
11230,6103,84,351.33,Kg
11231,1163,56,13.27,Kg
11232,4947,58,139.32,Kg
11233,3437,87,481.72,Kg
11234,5960,68,343.19,Pieces
11235,2057,10,84.41,Pieces
11236,1966,35,436.9,Liters
11237,7676,132,477.84,Kg
11238,880,56,299.35,Liters
11239,7854,51,50.32,Liters
11240,3094,53,447.64,Pieces
11241,9672,127,427.48,Liters
11242,3042,137,159.35,Pieces
11243,8234,73,496.31,Kg
11244,872,37,49.07,Liters
11245,1454,90,480.05,Liters
11246,5745,39,103.71,Kg
11247,9363,29,26.22,Kg
11248,839,75,88.31,Kg
11249,2726,67,134.62,Pieces
11250,1404,41,57.74,Liters
11251,7599,36,175.45,Kg
11252,8614,19,294.93,Pieces
11253,536,114,84.76,Kg
11254,8823,67,227.44,Liters
11255,7198,137,302.69,Liters
11256,713,53,468.91,Pieces
11257,5038,15,465.49,Liters
11258,8539,128,169.18,Pieces
11259,6747,60,187.73,Pieces
11260,4721,94,374.71,Kg
11261,6060,77,486.7,Liters
11262,2555,56,463.45,Liters
11263,4530,112,460.6,Kg
11264,4200,26,70.17,Pieces
11265,5653,117,30.66,Kg
11266,5931,46,163.26,Liters
11267,1582,134,104.21,Liters
11268,6839,69,263.01,Liters
11269,5713,89,184.21,Pieces
11270,3363,91,344.1,Liters
11271,171,140,23.65,Kg
11272,9895,30,215.96,Liters
11273,1117,57,184.3,Kg
11274,5692,103,200.88,Pieces
11275,6754,37,148.91,Kg
11276,1466,78,275.19,Kg
11277,5830,70,52.53,Liters
11278,9442,7,467.59,Pieces
11279,9061,60,192.42,Kg
11280,809,33,293.79,Kg
11281,5010,14,190.77,Kg
11282,5001,44,201.82,Kg
11283,7183,122,490.97,Pieces
11284,2583,76,88.86,Kg
11285,5624,112,136.07,Kg
11286,2626,88,344.49,Liters
11287,6855,85,211.79,Kg
11288,3493,130,173.63,Kg
11289,978,71,2.43,Kg
11290,2408,25,108.43,Liters
11291,7407,66,240.42,Liters
11292,3044,116,237.77,Liters
11293,1069,1,399.11,Liters
11294,5293,66,34.3,Liters
11295,338,133,39.82,Liters
11296,8281,141,442.43,Liters
11297,4632,110,327.51,Liters
11298,7963,5,459.24,Kg
11299,2687,58,63.76,Liters
11300,1598,134,214.11,Kg
11301,4804,69,427.17,Pieces
11302,2598,57,80.04,Liters
11303,2489,65,314.94,Kg
11304,9895,70,190.05,Kg
11305,8586,17,302.54,Kg
11306,3937,113,312.45,Liters
11307,6088,79,328.59,Pieces
11308,8614,121,337.01,Liters
11309,9757,112,84.59,Kg
11310,5966,13,280.61,Pieces
11311,4589,28,386.49,Pieces
11312,6582,60,14.89,Liters
11313,4617,147,217.66,Kg
11314,3675,71,245.55,Liters
11315,8441,130,8.06,Kg
11316,1739,71,302.66,Pieces
11317,2844,51,246.25,Liters
11318,8265,7,170.03,Kg
11319,5073,109,215.12,Liters
11320,8844,40,157.42,Pieces
11321,5754,103,290.77,Liters
11322,1714,8,241.99,Kg
11323,2557,143,121.97,Pieces
11324,7255,137,178.85,Liters
11325,5687,137,411.7,Kg
11326,8101,45,212.61,Kg
11327,3402,59,436.48,Pieces
11328,3771,87,257.86,Liters
11329,5887,121,135.6,Pieces
11330,6748,51,424.24,Pieces
11331,2884,91,289.75,Pieces
11332,7511,74,229.56,Kg
11333,7222,89,37.56,Liters
11334,1259,58,359.76,Kg
11335,8897,74,122.93,Liters
11336,2874,57,104.84,Kg
11337,1984,101,396.15,Kg
11338,1594,19,459.39,Kg
11339,60,43,180.28,Kg
11340,1966,149,257.07,Liters
11341,2785,25,351.3,Liters
11342,7355,43,117.95,Pieces
11343,41,97,15.18,Pieces
11344,4756,95,383.3,Pieces
11345,3499,83,234.68,Pieces
11346,6558,44,256.51,Liters
11347,6327,121,464.76,Kg
11348,4357,81,124.01,Pieces
11349,2674,143,14.13,Liters
11350,8740,124,69.96,Kg
11351,9249,102,479.2,Kg
11352,9080,138,152.24,Liters
11353,7515,120,130.15,Kg
11354,8766,38,111.05,Pieces
11355,242,19,86.49,Pieces
11356,1980,29,222.72,Kg
11357,393,61,402.84,Kg
11358,7146,91,18.66,Pieces
11359,6499,140,353.42,Kg
11360,9372,1,207.67,Liters
11361,8315,135,495.27,Kg
11362,3826,21,344.07,Kg
11363,4517,92,445.68,Liters
11364,2598,91,212.17,Liters
11365,7769,126,460.04,Pieces
11366,187,20,302.31,Pieces
11367,5175,31,379.91,Kg
11368,5919,47,325.39,Kg
11369,9074,145,85.11,Liters
11370,4612,87,14.74,Kg
11371,2757,8,120.64,Pieces
11372,3784,36,427.83,Kg
11373,6351,27,330.39,Liters
11374,6275,101,264.12,Pieces
11375,8415,88,135.96,Liters
11376,6135,31,63.49,Liters
11377,152,51,77.33,Liters
11378,864,100,307.85,Kg
11379,4694,47,71.92,Liters
11380,6801,136,480.57,Liters
11381,441,58,320.0,Liters
11382,2301,146,481.57,Liters
11383,4486,134,194.8,Liters
11384,7392,18,57.42,Liters
11385,5608,121,168.97,Pieces
11386,9410,118,330.88,Kg
11387,4136,109,372.17,Pieces
11388,2639,106,336.19,Kg
11389,3898,40,350.18,Liters
11390,6261,20,59.83,Kg
11391,8519,94,493.35,Pieces
11392,2144,12,212.68,Pieces
11393,4114,137,385.15,Pieces
11394,3194,98,142.33,Pieces
11395,17,56,410.9,Kg
11396,8915,48,79.62,Kg
11397,8144,128,416.23,Kg
11398,3463,100,377.28,Liters
11399,5111,112,239.05,Pieces
11400,7766,102,448.54,Pieces
11401,7042,93,408.01,Pieces
11402,6722,44,248.58,Liters
11403,9706,134,91.16,Kg
11404,8431,119,65.59,Pieces
11405,3144,137,17.61,Liters
11406,8699,45,182.9,Pieces
11407,3119,102,420.77,Liters
11408,3107,145,232.2,Pieces
11409,6960,107,351.84,Kg
11410,8673,130,86.37,Kg
11411,1724,22,54.25,Pieces
11412,5963,97,235.39,Liters
11413,1469,31,262.01,Pieces
11414,4963,96,44.02,Liters
11415,6367,72,275.9,Pieces
11416,6224,110,288.61,Kg
11417,8237,45,245.89,Liters
11418,8015,31,297.01,Kg
11419,7043,105,496.06,Kg
11420,6727,69,435.4,Liters
11421,5573,54,403.05,Liters
11422,60,37,76.77,Pieces
11423,8462,39,313.11,Pieces
11424,5817,148,72.61,Pieces
11425,3977,88,252.47,Pieces
11426,6648,34,444.05,Kg
11427,286,101,425.0,Pieces
11428,8226,91,390.27,Pieces
11429,1168,121,440.26,Liters
11430,4780,42,399.26,Kg
11431,3600,117,101.89,Kg
11432,6084,54,421.51,Liters
11433,2816,117,309.78,Pieces
11434,5717,130,354.34,Liters
11435,8041,129,285.87,Liters
11436,8321,54,173.55,Liters
11437,4843,34,81.17,Kg
11438,7046,121,39.78,Kg
11439,1225,85,290.26,Liters
11440,4487,83,56.83,Pieces
11441,3001,25,129.83,Kg
11442,4065,68,272.3,Kg
11443,6622,32,353.32,Liters
11444,8240,93,98.48,Liters
11445,9597,108,53.73,Pieces
11446,4306,100,79.52,Pieces
11447,9127,101,263.39,Kg
11448,4879,112,418.19,Kg
11449,8983,16,349.18,Liters
11450,2954,48,242.27,Liters
11451,956,64,54.54,Pieces
11452,9742,10,180.41,Kg
11453,7993,102,343.62,Liters
11454,2816,125,361.42,Pieces
11455,5522,89,339.12,Liters
11456,9894,50,112.57,Pieces
11457,2272,112,239.07,Pieces
11458,2705,98,305.78,Pieces
11459,4136,107,151.09,Pieces
11460,3703,74,477.39,Liters
11461,1157,60,214.84,Kg
11462,6838,2,424.6,Kg
11463,3728,42,187.79,Liters
11464,3249,49,491.34,Pieces
11465,173,87,246.67,Pieces
11466,3384,45,76.33,Kg
11467,3383,61,273.31,Kg
11468,7511,95,287.35,Kg
11469,5677,84,208.23,Kg
11470,7838,63,383.47,Pieces
11471,2222,100,112.9,Liters
11472,5002,72,55.67,Kg
11473,1274,99,33.82,Kg
11474,3933,32,303.44,Liters
11475,4047,43,452.12,Liters
11476,5871,144,324.1,Liters
11477,1043,81,332.22,Liters
11478,515,2,386.85,Liters
11479,329,109,310.07,Liters
11480,4118,89,447.74,Kg
11481,1991,22,455.4,Pieces
11482,7994,109,425.68,Liters
11483,913,61,101.1,Liters
11484,3086,44,23.91,Liters
11485,8701,136,114.39,Liters
11486,6434,104,272.47,Pieces
11487,4909,105,496.68,Kg
11488,8092,89,496.19,Liters
11489,3082,93,12.71,Pieces
11490,2306,63,397.0,Pieces
11491,9725,131,428.58,Pieces
11492,2564,130,144.54,Kg
11493,3999,124,26.96,Kg
11494,2560,98,252.83,Liters
11495,8502,30,126.2,Kg
11496,3954,97,426.15,Liters
11497,7548,93,431.37,Kg
11498,8745,83,101.88,Kg
11499,1397,97,408.88,Kg
11500,4741,126,82.26,Pieces
11501,2389,12,378.23,Pieces
11502,2012,129,144.65,Pieces
11503,328,5,310.47,Pieces
11504,4497,108,257.18,Kg
11505,4894,94,15.06,Pieces
11506,7551,120,235.56,Pieces
11507,9642,5,202.06,Pieces
11508,571,149,373.48,Kg
11509,9673,139,77.64,Kg
11510,3065,126,405.87,Kg
11511,5482,143,38.93,Pieces
11512,5118,120,402.9,Pieces
11513,3392,59,320.5,Pieces
11514,478,112,412.78,Kg
11515,3122,132,224.04,Liters
11516,8327,86,404.27,Liters
11517,7724,113,214.95,Pieces
11518,5840,28,331.37,Kg
11519,5327,71,248.04,Liters
11520,9498,65,431.65,Liters
11521,4512,55,364.2,Liters
11522,9154,43,123.37,Kg
11523,8877,24,497.09,Kg
11524,8406,4,196.11,Pieces
11525,6591,74,215.24,Liters
11526,1414,117,218.48,Liters
11527,1267,69,270.49,Pieces
11528,4982,32,59.79,Liters
11529,1477,54,330.65,Pieces
11530,6780,56,324.81,Kg
11531,7795,28,163.55,Liters
11532,7294,31,41.76,Liters
11533,2790,12,188.67,Pieces
11534,4721,23,383.83,Pieces
11535,631,15,269.11,Liters
11536,7670,51,455.32,Pieces
11537,5311,115,187.82,Kg
11538,27,142,305.18,Liters
11539,7224,74,405.87,Kg
11540,2403,130,420.88,Kg
11541,7317,24,7.04,Pieces
11542,6326,4,164.63,Kg
11543,9254,54,309.98,Kg
11544,1922,50,271.66,Pieces
11545,9000,113,449.43,Kg
11546,2043,125,263.08,Pieces
11547,7113,147,419.53,Kg
11548,3210,79,124.62,Liters
11549,6163,14,177.04,Pieces
11550,6620,105,102.62,Kg
11551,4669,139,191.54,Pieces
11552,7498,112,85.86,Kg
11553,2955,135,299.1,Kg
11554,8360,122,249.45,Pieces
11555,492,70,304.54,Pieces
11556,4027,15,305.31,Pieces
11557,4325,31,260.52,Pieces
11558,639,46,53.09,Kg
11559,1290,40,484.32,Pieces
11560,1902,128,345.59,Pieces
11561,4738,64,464.81,Liters
11562,872,146,427.74,Pieces
11563,9754,144,270.43,Kg
11564,4016,82,436.66,Liters
11565,3872,56,333.67,Liters
11566,3747,21,36.94,Liters
11567,1889,130,491.21,Liters
11568,9582,80,286.25,Liters
11569,3648,16,134.91,Kg
11570,7983,83,380.01,Kg
11571,277,19,275.4,Kg
11572,4093,146,40.05,Kg
11573,5002,127,471.27,Liters
11574,4487,18,351.56,Kg
11575,6101,97,488.21,Liters
11576,6582,131,453.14,Pieces
11577,7662,31,71.98,Kg
11578,6701,110,78.94,Liters
11579,487,44,250.32,Pieces
11580,3749,43,274.04,Kg
11581,6643,142,134.99,Pieces
11582,9294,54,409.72,Kg
11583,4370,47,290.06,Kg
11584,8894,103,480.47,Kg
11585,3829,3,195.12,Kg
11586,5532,24,223.13,Pieces
11587,258,26,74.54,Liters
11588,2689,64,418.14,Liters
11589,768,70,170.83,Pieces
11590,4869,107,170.96,Liters
11591,3765,114,391.46,Kg
11592,9397,23,143.3,Pieces
11593,8253,59,156.77,Liters
11594,2448,136,255.31,Kg
11595,3638,12,273.57,Kg
11596,4395,9,347.02,Pieces
11597,1125,54,407.48,Liters
11598,4022,132,203.85,Kg
11599,9882,30,454.43,Pieces
11600,2678,142,142.1,Pieces
11601,7021,66,311.78,Pieces
11602,1088,119,117.16,Pieces
11603,9235,18,306.09,Liters
11604,3087,7,111.74,Liters
11605,2558,143,438.11,Pieces
11606,1770,113,461.35,Kg
11607,347,83,409.71,Pieces
11608,571,30,103.1,Kg
11609,7495,55,362.96,Kg
11610,5433,46,396.77,Pieces
11611,2099,122,105.45,Liters
11612,9400,45,211.15,Pieces
11613,3927,133,181.84,Kg
11614,6903,68,456.71,Pieces
11615,7450,32,270.01,Pieces
11616,6106,144,483.03,Liters
11617,7682,3,86.4,Kg
11618,5506,8,205.6,Pieces
11619,8248,124,394.52,Pieces
11620,7270,96,166.33,Liters
11621,1286,135,160.74,Kg
11622,7108,11,150.35,Liters
11623,7936,109,100.27,Liters
11624,226,67,399.38,Pieces
11625,6680,125,128.22,Liters
11626,8297,135,274.3,Pieces
11627,2222,40,480.74,Liters
11628,2139,125,238.72,Kg
11629,5984,71,337.92,Pieces
11630,4442,69,481.25,Liters
11631,7337,121,22.05,Liters
11632,3610,21,397.63,Liters
11633,9276,25,291.51,Kg
11634,4267,135,321.7,Pieces
11635,1273,125,85.47,Kg
11636,8321,45,400.56,Pieces
11637,1701,127,363.89,Pieces
11638,4821,48,2.41,Pieces
11639,8185,98,14.44,Liters
11640,2333,4,172.06,Pieces
11641,1882,8,247.24,Liters
11642,1092,133,6.65,Liters
11643,8274,121,21.47,Liters
11644,346,19,493.04,Pieces
11645,3210,19,224.72,Liters
11646,6643,121,402.8,Pieces
11647,9968,145,459.87,Pieces
11648,7606,9,193.42,Kg
11649,2396,138,322.33,Kg
11650,6796,70,163.54,Kg
11651,88,43,16.87,Pieces
11652,8174,13,431.94,Liters
11653,9170,116,195.54,Liters
11654,65,7,23.52,Pieces
11655,5197,19,398.67,Kg
11656,8099,62,261.46,Kg
11657,4518,67,81.49,Pieces
11658,8866,37,469.34,Liters
11659,972,131,295.4,Liters
11660,1730,108,117.22,Kg
11661,3361,130,451.09,Kg
11662,5733,67,82.47,Kg
11663,8832,86,201.6,Kg
11664,8427,113,393.12,Liters
11665,6005,97,180.53,Pieces
11666,5068,12,48.51,Liters
11667,544,128,441.99,Kg
11668,4936,118,169.87,Pieces
11669,5307,110,14.31,Liters
11670,3596,57,263.15,Pieces
11671,5334,50,17.54,Kg
11672,6801,120,292.68,Liters
11673,2084,58,484.78,Pieces
11674,330,145,134.44,Kg
11675,9076,73,453.06,Kg
11676,6725,22,151.27,Kg
11677,1674,17,108.25,Pieces
11678,5972,48,213.29,Liters
11679,6449,123,398.24,Liters
11680,2760,62,260.84,Pieces
11681,3279,17,112.9,Kg
11682,5027,56,496.58,Kg
11683,2774,134,14.43,Liters
11684,8402,57,6.86,Liters
11685,6985,102,133.89,Pieces
11686,8822,120,117.53,Pieces
11687,9319,111,374.25,Liters
11688,499,48,241.3,Liters
11689,2969,77,235.59,Liters
11690,3506,64,136.49,Kg
11691,2656,68,166.32,Kg
11692,6090,36,16.94,Liters
11693,396,118,254.38,Liters
11694,5833,84,404.2,Pieces
11695,6045,2,184.12,Pieces
11696,9899,140,133.16,Liters
11697,1129,91,381.35,Pieces
11698,2442,40,189.6,Liters
11699,1201,52,92.71,Kg
11700,678,11,436.08,Kg
11701,8275,52,171.37,Pieces
11702,9101,12,438.57,Kg
11703,7584,124,104.07,Pieces
11704,1847,43,141.39,Liters
11705,4992,138,313.2,Pieces
11706,6789,55,203.08,Kg
11707,5032,126,134.75,Liters
11708,7739,52,184.07,Pieces
11709,2101,95,260.71,Pieces
11710,8744,13,307.14,Kg
11711,1853,26,357.09,Kg
11712,1757,34,149.84,Pieces
11713,1990,8,154.61,Pieces
11714,6596,99,41.86,Kg
11715,6764,97,320.31,Kg
11716,3078,28,67.63,Liters
11717,5124,127,162.19,Kg
11718,1235,110,122.96,Liters
11719,3601,36,118.87,Liters
11720,3662,75,135.18,Kg
11721,7607,44,201.91,Kg
11722,7538,138,292.4,Kg
11723,9715,4,99.89,Liters
11724,6031,73,420.44,Liters
11725,8986,25,357.92,Kg
11726,5097,66,210.43,Kg
11727,7508,60,367.24,Pieces
11728,6224,67,439.1,Kg
11729,641,83,349.56,Liters
11730,9586,92,483.64,Pieces
11731,8648,52,202.05,Pieces
11732,4254,127,167.2,Pieces
11733,9619,148,113.42,Pieces
11734,548,126,28.52,Pieces
11735,883,22,33.33,Kg
11736,9831,142,107.29,Pieces
11737,2128,92,126.27,Liters
11738,4791,134,120.19,Liters
11739,7965,53,419.12,Kg
11740,6892,101,311.45,Kg
11741,5390,50,367.44,Pieces
11742,325,38,316.63,Kg
11743,8524,18,65.25,Kg
11744,9833,95,487.12,Kg
11745,8732,108,321.81,Kg
11746,5748,32,475.88,Pieces
11747,1617,57,249.2,Liters
11748,3292,143,148.55,Pieces
11749,7143,82,313.66,Pieces
11750,4413,108,201.41,Pieces
11751,4491,129,447.47,Pieces
11752,6173,7,391.52,Liters
11753,9718,100,442.6,Pieces
11754,841,75,301.85,Kg
11755,7266,126,437.63,Kg
11756,5162,86,262.64,Kg
11757,6840,44,343.85,Pieces
11758,2111,45,326.62,Kg
11759,1085,59,254.56,Liters
11760,1655,48,248.55,Kg
11761,6856,6,207.37,Liters
11762,9156,78,376.01,Kg
11763,6080,122,110.69,Kg
11764,2235,40,232.35,Kg
11765,6119,16,326.02,Liters
11766,7082,20,50.22,Kg
11767,2068,72,192.64,Liters
11768,4835,30,64.61,Pieces
11769,1024,129,497.8,Kg
11770,907,33,300.28,Liters
11771,9503,89,159.59,Liters
11772,2054,84,143.19,Pieces
11773,9956,88,141.74,Liters
11774,6467,11,431.49,Liters
11775,9418,114,263.22,Liters
11776,500,85,191.62,Pieces
11777,5494,80,463.86,Kg
11778,4431,130,82.96,Pieces
11779,394,47,33.29,Liters
11780,7020,133,121.83,Kg
11781,7224,125,328.34,Pieces
11782,5418,113,85.26,Pieces
11783,1437,32,351.71,Pieces
11784,7373,104,179.95,Kg
11785,5710,49,242.54,Kg
11786,4804,31,294.82,Kg
11787,4598,87,293.49,Pieces
11788,455,27,55.52,Pieces
11789,9557,95,243.4,Kg
11790,2732,43,265.84,Kg
11791,6010,46,149.44,Liters
11792,7378,116,449.65,Liters
11793,6293,52,114.93,Pieces
11794,4839,150,394.15,Liters
11795,6567,5,476.31,Kg
11796,5511,92,77.55,Pieces
11797,5870,127,7.48,Pieces
11798,680,42,292.05,Kg
11799,9414,14,353.85,Liters
11800,5367,71,352.73,Kg
11801,4613,100,451.95,Kg
11802,6415,139,55.28,Pieces
11803,6663,68,372.79,Liters
11804,5914,87,195.96,Liters
11805,3445,95,284.13,Pieces
11806,2124,117,267.85,Liters
11807,9067,72,13.98,Pieces
11808,9364,18,78.41,Pieces
11809,3110,29,59.16,Pieces
11810,5146,15,26.89,Liters
11811,713,45,212.86,Kg
11812,4851,132,232.28,Kg
11813,4950,135,409.2,Pieces
11814,359,61,47.7,Liters
11815,9521,39,81.99,Pieces
11816,1849,33,379.53,Pieces
11817,362,29,111.83,Liters
11818,1090,49,17.79,Kg
11819,5747,134,316.53,Pieces
11820,6473,82,29.89,Pieces
11821,5380,122,167.68,Liters
11822,6249,72,461.4,Kg
11823,9492,105,13.01,Kg
11824,6026,120,127.35,Kg
11825,5353,12,414.5,Pieces
11826,2753,52,41.73,Liters
11827,5916,92,235.39,Kg
11828,631,53,336.37,Kg
11829,6506,49,280.16,Liters
11830,8859,119,209.72,Liters
11831,2209,90,50.79,Kg
11832,1730,116,27.44,Pieces
11833,6981,52,212.97,Pieces
11834,3485,4,404.27,Kg
11835,7438,100,331.33,Pieces
11836,2741,31,339.38,Kg
11837,5955,93,405.46,Liters
11838,4857,85,413.9,Liters
11839,8829,25,176.3,Pieces
11840,8840,83,222.48,Pieces
11841,9399,137,208.81,Liters
11842,1244,80,214.1,Liters
11843,8973,125,385.36,Pieces
11844,3987,149,56.65,Liters
11845,5525,73,271.16,Pieces
11846,6055,121,70.57,Liters
11847,4137,23,193.17,Kg
11848,9550,82,386.81,Liters
11849,9243,8,401.61,Kg
11850,3673,3,410.22,Liters
11851,7449,70,132.22,Liters
11852,4081,86,261.66,Liters
11853,74,148,219.14,Kg
11854,9142,3,13.91,Liters
11855,6783,90,335.84,Kg
11856,9419,133,55.25,Pieces
11857,1410,34,78.44,Liters
11858,8782,66,218.82,Liters
11859,367,21,261.01,Pieces
11860,2655,109,458.22,Kg
11861,4187,144,262.16,Kg
11862,4707,64,333.9,Kg
11863,1944,95,47.46,Pieces
11864,2131,52,330.74,Pieces
11865,4147,24,154.92,Kg
11866,983,87,5.51,Kg
11867,4261,94,385.55,Liters
11868,3296,123,237.36,Liters
11869,9276,80,268.66,Kg
11870,7200,113,157.18,Liters
11871,440,40,274.26,Pieces
11872,4669,13,89.0,Kg
11873,7340,109,147.89,Kg
11874,8153,143,114.09,Kg
11875,4068,27,235.39,Kg
11876,3712,69,286.16,Kg
11877,9451,97,408.16,Pieces
11878,7889,89,109.29,Pieces
11879,7181,84,172.87,Liters
11880,9691,65,19.93,Pieces
11881,7266,37,108.12,Pieces
11882,4033,73,482.18,Kg
11883,7793,61,473.6,Kg
11884,8480,11,166.92,Liters
11885,4974,122,407.97,Kg
11886,2083,92,161.41,Kg
11887,269,112,144.26,Kg
11888,7013,100,148.45,Kg
11889,7407,45,389.38,Pieces
11890,2120,108,475.41,Liters
11891,7653,72,374.78,Pieces
11892,9489,84,206.81,Pieces
11893,6878,19,132.16,Kg
11894,8597,25,318.93,Kg
11895,7350,136,242.42,Kg
11896,6300,41,76.12,Pieces
11897,9460,76,115.93,Liters
11898,3866,123,498.29,Pieces
11899,9552,118,380.08,Liters
11900,9428,104,453.97,Pieces
11901,7324,121,299.28,Liters
11902,9221,93,191.46,Liters
11903,2642,92,443.92,Pieces
11904,2833,66,336.53,Pieces
11905,1522,30,297.42,Liters
11906,4234,64,151.47,Kg
11907,832,42,411.33,Liters
11908,9703,104,128.5,Pieces
11909,93,45,196.28,Liters
11910,8475,75,84.35,Kg
11911,8963,64,171.19,Kg
11912,5850,72,449.7,Kg
11913,2336,23,49.01,Kg
11914,6870,3,221.29,Liters
11915,8569,1,448.43,Liters
11916,5418,90,243.26,Kg
11917,5613,147,458.46,Pieces
11918,4233,16,231.91,Kg
11919,787,33,335.26,Kg
11920,8885,24,148.28,Pieces
11921,6570,61,259.58,Liters
11922,2855,72,142.19,Kg
11923,1329,61,178.99,Liters
11924,6536,86,461.98,Liters
11925,5964,31,343.3,Liters
11926,302,136,411.39,Liters
11927,1114,40,125.83,Pieces
11928,4904,52,120.52,Kg
11929,7593,12,35.29,Liters
11930,8457,14,456.26,Kg
11931,6451,84,28.44,Liters
11932,8880,29,307.31,Kg
11933,1355,125,277.3,Kg
11934,2913,105,372.75,Liters
11935,1766,103,397.84,Kg
11936,1793,87,93.61,Liters
11937,6372,1,186.4,Kg
11938,5277,123,396.45,Pieces
11939,8653,50,496.24,Kg
11940,7324,45,415.0,Kg
11941,2754,38,171.34,Kg
11942,9222,93,14.58,Liters
11943,1966,50,234.23,Liters
11944,1708,20,64.65,Kg
11945,7519,57,333.45,Kg
11946,7434,135,256.56,Pieces
11947,1719,110,60.31,Liters
11948,6934,105,393.67,Liters
11949,2992,100,196.03,Kg
11950,3713,103,156.09,Pieces
11951,9812,135,399.01,Liters
11952,7108,31,483.15,Pieces
11953,103,25,479.72,Kg
11954,3952,42,29.97,Liters
11955,2038,136,477.1,Pieces
11956,5419,132,254.82,Pieces
11957,1563,92,140.9,Pieces
11958,4007,134,105.55,Pieces
11959,5853,55,279.32,Kg
11960,3404,82,146.84,Kg
11961,5468,62,472.76,Kg
11962,3735,136,414.75,Pieces
11963,5828,137,436.84,Pieces
11964,125,36,379.97,Pieces
11965,8281,96,498.76,Liters
11966,3873,61,448.63,Liters
11967,8828,52,207.16,Pieces
11968,3422,103,383.02,Pieces
11969,7617,96,339.99,Kg
11970,396,109,119.58,Kg
11971,1262,55,31.18,Kg
11972,6650,79,134.72,Liters
11973,1438,59,118.7,Liters
11974,332,110,456.63,Kg
11975,8651,67,130.04,Kg
11976,2662,150,276.21,Pieces
11977,5754,71,184.39,Liters
11978,7142,78,459.16,Kg
11979,8440,46,110.16,Liters
11980,6877,4,476.27,Liters
11981,4320,92,308.19,Pieces
11982,7958,26,93.61,Liters
11983,9944,90,262.09,Pieces
11984,6713,43,476.94,Liters
11985,6303,101,351.51,Pieces
11986,2696,117,99.3,Kg
11987,9681,40,470.06,Liters
11988,8571,42,295.37,Liters
11989,5908,91,402.23,Kg
11990,8349,118,210.14,Liters
11991,8574,66,423.8,Liters
11992,1340,99,140.75,Liters
11993,4924,101,453.69,Kg
11994,1490,95,179.74,Kg
11995,1465,119,460.24,Pieces
11996,4423,47,309.8,Liters
11997,1141,96,415.43,Kg
11998,1952,49,423.89,Liters
11999,2668,93,399.02,Pieces
12000,3232,101,140.4,Liters
12001,154,62,187.29,Pieces
12002,1701,9,239.71,Kg
12003,6635,21,333.53,Liters
12004,4444,120,409.33,Pieces
12005,1598,77,371.52,Kg
12006,4788,82,4.83,Liters
12007,5723,79,280.96,Pieces
12008,2353,88,261.2,Liters
12009,135,92,320.73,Kg
12010,2730,110,433.49,Liters
12011,7599,92,435.32,Pieces
12012,2217,124,133.05,Pieces
12013,8006,82,239.0,Pieces
12014,6090,34,285.72,Kg
12015,8528,59,153.68,Liters
12016,6138,60,379.22,Kg
12017,4722,134,59.36,Liters
12018,9471,119,77.03,Pieces
12019,5866,55,246.34,Pieces
12020,6613,93,157.42,Kg
12021,5048,114,212.05,Pieces
12022,9697,19,402.43,Pieces
12023,8037,5,44.76,Kg
12024,7758,150,170.86,Liters
12025,7991,126,381.81,Liters
12026,452,121,46.71,Kg
12027,7927,23,83.56,Liters
12028,1233,116,373.81,Pieces
12029,8884,12,19.14,Pieces
12030,3057,128,436.0,Liters
12031,3665,88,173.34,Pieces
12032,5038,91,187.28,Liters
12033,12,118,216.42,Kg
12034,6116,139,211.01,Kg
12035,4172,18,388.31,Pieces
12036,54,76,399.61,Kg
12037,8590,91,359.33,Liters
12038,720,76,16.97,Pieces
12039,7372,146,47.96,Liters
12040,3324,125,324.21,Kg
12041,9003,84,154.87,Kg
12042,7990,74,292.01,Kg
12043,9555,138,392.61,Liters
12044,6053,97,327.74,Liters
12045,6678,61,497.84,Liters
12046,9998,72,123.06,Liters
12047,8554,113,78.8,Liters
12048,956,83,305.49,Kg
12049,7273,136,426.48,Liters
12050,4985,59,346.26,Liters
12051,4093,117,169.47,Liters
12052,974,140,34.6,Kg
12053,5397,59,435.53,Pieces
12054,6588,61,261.32,Pieces
12055,5791,97,449.46,Pieces
12056,9833,136,310.0,Liters
12057,8610,14,134.13,Liters
12058,9777,150,281.99,Kg
12059,125,36,162.64,Liters
12060,3670,27,371.62,Pieces
12061,2709,89,204.76,Kg
12062,768,85,351.39,Kg
12063,5869,19,376.94,Kg
12064,3710,87,107.77,Pieces
12065,7892,112,398.61,Kg
12066,8398,14,304.03,Liters
12067,6411,82,195.36,Liters
12068,7217,89,372.72,Kg
12069,3385,68,217.09,Pieces
12070,142,20,347.83,Pieces
12071,8759,56,232.26,Pieces
12072,7503,23,122.76,Pieces
12073,8984,8,361.61,Liters
12074,3522,27,413.89,Pieces
12075,839,37,405.75,Pieces
12076,156,87,101.11,Liters
12077,4017,67,274.92,Liters
12078,4588,90,439.58,Kg
12079,1955,73,450.24,Kg
12080,1812,54,208.8,Liters
12081,6537,45,76.18,Kg
12082,4996,61,293.19,Liters
12083,510,15,143.5,Kg
12084,7402,140,240.38,Liters
12085,3741,103,51.58,Pieces
12086,5027,107,405.16,Pieces
12087,5290,76,428.95,Liters
12088,9821,59,235.45,Pieces
12089,5624,104,470.03,Liters
12090,9216,46,407.4,Pieces
12091,9523,69,470.93,Liters
12092,2176,144,454.56,Pieces
12093,8343,145,159.75,Liters
12094,9739,7,481.29,Kg
12095,478,90,340.72,Kg
12096,2461,29,255.27,Liters
12097,1113,43,318.4,Liters
12098,7245,85,302.64,Liters
12099,5055,88,267.02,Liters
12100,2309,99,478.98,Pieces
12101,423,51,103.52,Liters
12102,3109,102,476.98,Kg
12103,610,75,261.93,Pieces
12104,9115,74,87.72,Liters
12105,509,32,244.22,Pieces
12106,4301,31,28.05,Pieces
12107,2978,36,282.25,Liters
12108,7778,3,372.63,Liters
12109,8892,79,304.06,Kg
12110,1766,96,187.87,Pieces
12111,7230,131,221.22,Kg
12112,2968,53,385.51,Kg
12113,7086,57,196.14,Liters
12114,9989,117,256.15,Pieces
12115,3927,4,242.69,Liters
12116,4239,69,298.12,Pieces
12117,1891,119,171.71,Kg
12118,656,28,430.96,Pieces
12119,4873,61,423.4,Liters
12120,3341,70,179.75,Liters
12121,4408,78,72.63,Pieces
12122,4275,66,347.87,Kg
12123,4816,131,411.92,Liters
12124,7717,112,426.87,Pieces
12125,4672,140,217.89,Kg
12126,738,48,181.01,Liters
12127,9719,85,180.51,Liters
12128,1430,16,382.51,Pieces
12129,8065,111,449.11,Pieces
12130,6268,36,36.47,Liters
12131,1472,110,400.43,Kg
12132,4255,124,418.15,Kg
12133,2745,84,202.48,Pieces
12134,9734,124,201.61,Liters
12135,5609,127,236.8,Kg
12136,3842,96,486.82,Kg
12137,2452,66,40.14,Liters
12138,884,142,149.36,Liters
12139,1816,117,393.85,Pieces
12140,9009,27,384.17,Liters
12141,3991,93,315.61,Kg
12142,8595,108,269.35,Liters
12143,2105,20,118.43,Liters
12144,2359,78,239.68,Pieces
12145,377,143,191.56,Liters
12146,185,57,128.58,Liters
12147,885,98,189.33,Liters
12148,2099,10,5.37,Pieces
12149,4883,108,372.67,Liters
12150,969,126,378.9,Pieces
12151,7827,103,296.82,Liters
12152,7342,45,41.46,Pieces
12153,4502,118,441.21,Pieces
12154,5824,92,404.36,Pieces
12155,4588,53,398.11,Pieces
12156,3129,143,65.3,Kg
12157,6688,148,457.94,Liters
12158,841,33,150.09,Liters
12159,4908,59,388.22,Pieces
12160,1171,47,447.87,Liters
12161,7685,131,435.99,Kg
12162,6843,84,47.6,Liters
12163,5177,15,216.07,Pieces
12164,3081,114,7.77,Pieces
12165,9922,150,50.08,Kg
12166,8161,100,198.25,Pieces
12167,3854,97,440.95,Kg
12168,7374,113,80.48,Liters
12169,6760,111,77.58,Pieces
12170,7902,75,396.77,Liters
12171,5245,24,215.41,Pieces
12172,7200,23,318.85,Liters
12173,8601,51,318.25,Liters
12174,9881,42,396.78,Pieces
12175,9551,84,4.38,Kg
12176,985,126,432.82,Pieces
12177,2209,4,386.86,Pieces
12178,7793,73,86.58,Liters
12179,2993,30,354.82,Liters
12180,6754,145,148.85,Pieces
12181,2647,49,95.69,Kg
12182,5738,104,118.29,Liters
12183,8726,108,479.46,Kg
12184,4770,94,1.38,Liters
12185,357,127,23.88,Kg
12186,6329,14,121.59,Liters
12187,1083,110,151.68,Liters
12188,3280,30,384.85,Pieces
12189,5983,119,253.47,Liters
12190,7854,77,75.9,Pieces
12191,6825,87,291.52,Liters
12192,1669,5,57.67,Liters
12193,8250,144,74.79,Liters
12194,2792,10,109.53,Kg
12195,2799,56,494.7,Kg
12196,4792,126,214.9,Pieces
12197,5967,65,350.73,Pieces
12198,3245,113,125.44,Pieces
12199,2834,128,180.11,Kg
12200,8956,55,188.57,Pieces
12201,7944,81,480.43,Pieces
12202,3025,16,169.28,Pieces
12203,7346,26,456.86,Kg
12204,4069,132,290.8,Liters
12205,6262,87,231.93,Liters
12206,8628,51,375.77,Pieces
12207,7985,133,404.02,Pieces
12208,141,25,21.24,Kg
12209,140,132,493.72,Liters
12210,4498,58,304.51,Pieces
12211,8551,89,44.31,Kg
12212,7758,41,358.92,Kg
12213,3515,116,95.92,Pieces
12214,9227,78,416.51,Kg
12215,2972,99,398.31,Pieces
12216,6802,107,6.21,Liters
12217,8714,93,251.2,Pieces
12218,9957,110,79.55,Liters
12219,6435,1,166.12,Kg
12220,1602,51,427.58,Kg
12221,826,8,74.76,Pieces
12222,3262,100,116.46,Pieces
12223,4775,89,256.26,Liters
12224,3209,119,440.31,Pieces
12225,8398,109,22.46,Kg
12226,4366,29,266.89,Liters
12227,8566,123,100.45,Pieces
12228,8695,19,253.18,Kg
12229,3572,101,193.89,Pieces
12230,6750,5,322.17,Kg
12231,9424,103,64.15,Liters
12232,8187,82,315.41,Liters
12233,8662,45,71.08,Liters
12234,5371,37,489.75,Pieces
12235,9095,65,231.43,Pieces
12236,6944,33,475.97,Pieces
12237,5007,80,90.43,Pieces
12238,1842,132,170.75,Liters
12239,5117,71,337.52,Kg
12240,455,120,50.8,Liters
12241,3125,50,315.92,Liters
12242,5804,113,19.92,Kg
12243,6347,129,437.95,Liters
12244,229,113,46.32,Pieces
12245,2802,14,471.3,Kg
12246,2340,25,181.32,Liters
12247,9174,76,170.85,Pieces
12248,5140,83,181.18,Kg
12249,5086,114,491.79,Liters
12250,2942,4,98.34,Liters
12251,4730,149,230.81,Kg
12252,5816,113,52.65,Pieces
12253,4819,68,51.36,Liters
12254,8542,67,452.23,Liters
12255,8488,51,152.05,Liters
12256,5109,2,295.2,Kg
12257,9185,68,105.1,Pieces
12258,1,20,128.64,Pieces
12259,9950,107,311.91,Pieces
12260,4392,17,188.58,Kg
12261,7088,41,482.62,Kg
12262,4619,71,353.39,Liters
12263,8087,38,327.28,Liters
12264,1312,37,448.92,Pieces
12265,9205,39,497.14,Kg
12266,672,34,415.42,Pieces
12267,862,66,51.98,Pieces
12268,5113,44,185.63,Pieces
12269,4970,119,335.62,Liters
12270,2985,138,114.7,Liters
12271,5924,105,386.53,Kg
12272,2926,113,93.19,Liters
12273,9444,108,201.63,Kg
12274,477,56,291.43,Liters
12275,3362,122,178.47,Liters
12276,6528,32,164.17,Pieces
12277,1778,110,355.93,Kg
12278,1983,57,113.07,Kg
12279,2778,132,11.04,Pieces
12280,8000,69,434.98,Liters
12281,6664,63,494.26,Liters
12282,7656,133,202.2,Kg
12283,4039,104,61.12,Kg
12284,8763,4,70.69,Kg
12285,3252,39,340.33,Pieces
12286,5297,61,80.05,Kg
12287,7806,140,401.84,Pieces
12288,3569,147,172.72,Liters
12289,9967,143,121.48,Kg
12290,8215,121,374.98,Pieces
12291,5651,128,19.96,Kg
12292,6303,23,166.55,Kg
12293,9862,99,96.7,Liters
12294,1623,23,169.53,Pieces
12295,2469,129,351.51,Pieces
12296,4003,132,271.33,Pieces
12297,8169,65,119.87,Kg
12298,2375,78,1.61,Pieces
12299,9216,6,141.74,Pieces
12300,9653,96,230.16,Kg
12301,4726,122,386.37,Pieces
12302,4072,102,301.91,Liters
12303,3201,46,98.56,Liters
12304,1490,80,143.77,Kg
12305,5204,29,52.84,Liters
12306,8281,131,415.48,Liters
12307,6763,127,236.11,Pieces
12308,3470,18,28.05,Liters
12309,6273,12,301.61,Liters
12310,5657,105,19.37,Kg
12311,1688,40,96.9,Kg
12312,7466,97,326.13,Kg
12313,4111,101,246.08,Liters
12314,953,87,358.48,Kg
12315,4621,32,178.84,Kg
12316,6263,114,15.78,Pieces
12317,712,75,262.27,Pieces
12318,3165,144,47.37,Kg
12319,4800,1,316.34,Liters
12320,5432,36,233.62,Liters
12321,7015,55,465.89,Kg
12322,7879,68,266.03,Liters
12323,5028,49,17.6,Liters
12324,9923,76,84.34,Pieces
12325,3922,109,276.78,Pieces
12326,2221,74,350.78,Pieces
12327,9407,69,252.88,Liters
12328,201,13,306.61,Kg
12329,8826,38,287.21,Pieces
12330,3495,104,104.83,Kg
12331,2314,120,255.14,Pieces
12332,5692,107,157.92,Kg
12333,433,29,390.97,Pieces
12334,6229,34,228.65,Liters
12335,623,44,405.74,Liters
12336,4521,148,267.51,Pieces
12337,3194,122,281.81,Kg
12338,2533,33,196.72,Kg
12339,8178,68,110.55,Pieces
12340,5936,35,263.09,Kg
12341,5593,2,136.77,Pieces
12342,1755,36,241.14,Liters
12343,5237,6,299.25,Pieces
12344,5161,51,48.68,Kg
12345,1298,24,31.81,Pieces
12346,2364,48,331.31,Kg
12347,3455,114,65.03,Kg
12348,4502,59,61.92,Pieces
12349,3752,100,439.3,Pieces
12350,1627,99,327.87,Liters
12351,1268,48,415.66,Pieces
12352,7289,109,250.25,Liters
12353,4977,139,298.59,Pieces
12354,7516,94,70.53,Kg
12355,5300,19,377.95,Pieces
12356,2003,22,173.5,Pieces
12357,8547,21,56.89,Kg
12358,7644,61,50.17,Liters
12359,3782,96,62.89,Kg
12360,8993,144,76.9,Kg
12361,2461,42,444.33,Kg
12362,3844,150,258.11,Kg
12363,5907,74,230.04,Liters
12364,9429,109,184.8,Kg
12365,4390,61,293.98,Kg
12366,9535,116,448.85,Liters
12367,3597,80,312.63,Pieces
12368,4746,103,112.65,Pieces
12369,5096,146,186.16,Pieces
12370,8466,83,370.29,Pieces
12371,8172,41,237.08,Liters
12372,851,146,429.25,Kg
12373,9005,147,122.02,Kg
12374,1389,18,399.4,Kg
12375,583,149,15.81,Liters
12376,4517,82,361.21,Kg
12377,2955,104,327.37,Liters
12378,2672,79,139.89,Kg
12379,2674,5,406.49,Liters
12380,2870,136,437.35,Liters
12381,2576,98,146.56,Pieces
12382,8758,149,310.85,Kg
12383,3232,6,238.94,Pieces
12384,2661,134,412.04,Kg
12385,4713,10,46.25,Kg
12386,5547,135,415.82,Liters
12387,9315,22,86.75,Kg
12388,4145,72,58.16,Liters
12389,8988,140,418.58,Pieces
12390,471,63,136.11,Kg
12391,840,35,477.81,Kg
12392,2689,25,254.44,Kg
12393,4994,42,372.18,Liters
12394,4351,1,452.65,Kg
12395,7364,150,453.64,Kg
12396,8261,101,497.89,Liters
12397,1724,79,91.3,Liters
12398,866,120,45.89,Kg
12399,1438,115,103.07,Liters
12400,1387,16,388.84,Pieces
12401,1081,98,118.9,Kg
12402,2280,69,66.64,Pieces
12403,2364,94,365.63,Liters
12404,3551,134,384.43,Kg
12405,7843,1,409.43,Pieces
12406,8626,114,15.94,Pieces
12407,4240,62,89.06,Kg
12408,1491,144,115.97,Liters
12409,9563,104,255.34,Pieces
12410,526,50,241.59,Kg
12411,7648,96,449.34,Liters
12412,9255,56,498.62,Kg
12413,635,51,432.63,Pieces
12414,4286,122,362.63,Liters
12415,1730,80,295.7,Kg
12416,9529,117,333.83,Liters
12417,9252,135,16.87,Kg
12418,7992,131,247.8,Liters
12419,6690,18,205.2,Liters
12420,7009,119,352.0,Liters
12421,6251,16,157.1,Pieces
12422,9745,40,73.37,Kg
12423,2421,97,366.58,Liters
12424,6217,25,393.25,Pieces
12425,650,73,83.4,Kg
12426,783,145,412.23,Kg
12427,5447,21,100.15,Kg
12428,7258,2,425.78,Liters
12429,7399,89,19.6,Pieces
12430,7679,79,224.04,Kg
12431,3874,78,189.66,Pieces
12432,8792,37,462.17,Kg
12433,7721,2,79.92,Pieces
12434,7620,104,454.87,Pieces
12435,3198,102,71.37,Pieces
12436,6106,81,379.31,Liters
12437,3605,70,319.94,Pieces
12438,3281,31,328.26,Liters
12439,8534,56,5.8,Liters
12440,7100,109,64.05,Liters
12441,380,141,349.81,Pieces
12442,9107,111,427.02,Pieces
12443,5501,128,351.34,Pieces
12444,8953,82,479.67,Pieces
12445,7103,116,97.14,Kg
12446,4364,109,275.14,Liters
12447,7267,97,435.67,Liters
12448,5063,23,347.59,Liters
12449,2859,89,155.89,Liters
12450,410,12,311.2,Liters
12451,7986,25,190.5,Liters
12452,9530,63,14.0,Pieces
12453,6261,98,275.33,Liters
12454,2627,38,490.61,Pieces
12455,4448,40,347.89,Liters
12456,9130,127,330.69,Pieces
12457,1059,123,122.68,Liters
12458,1144,40,10.21,Kg
12459,5943,121,469.35,Liters
12460,2733,117,35.98,Kg
12461,521,88,60.92,Kg
12462,9713,35,223.23,Pieces
12463,3310,36,69.35,Liters
12464,5699,94,105.36,Kg
12465,8463,68,101.77,Pieces
12466,5482,108,26.0,Pieces
12467,4301,131,167.68,Pieces
12468,3815,140,453.27,Kg
12469,2393,2,360.01,Liters
12470,2945,16,12.04,Kg
12471,5544,113,467.76,Liters
12472,4018,27,382.89,Liters
12473,6825,77,414.03,Kg
12474,78,9,245.77,Pieces
12475,1121,41,257.3,Kg
12476,9007,97,314.18,Kg
12477,5148,72,445.08,Kg
12478,4141,65,315.56,Liters
12479,9353,40,131.38,Pieces
12480,5982,48,328.3,Liters
12481,520,49,204.22,Pieces
12482,2629,48,290.83,Liters
12483,5229,112,13.44,Pieces
12484,4492,142,32.84,Liters
12485,4330,138,227.7,Pieces
12486,4548,52,169.27,Kg
12487,1073,48,131.73,Kg
12488,8974,3,395.19,Kg
12489,8864,74,68.28,Kg
12490,1567,31,89.25,Pieces
12491,2125,32,383.59,Kg
12492,956,43,337.2,Kg
12493,2222,139,440.52,Liters
12494,7506,65,102.25,Pieces
12495,958,62,169.41,Pieces
12496,9318,70,483.06,Kg
12497,2392,34,305.87,Kg
12498,1284,88,186.8,Liters
12499,1465,96,439.12,Kg
12500,2110,129,334.37,Pieces
12501,369,70,175.34,Liters
12502,4817,82,125.1,Liters
12503,9200,2,118.96,Liters
12504,9975,87,484.76,Pieces
12505,2932,8,168.63,Kg
12506,6599,98,427.61,Liters
12507,5826,97,428.86,Kg
12508,1,60,443.29,Pieces
12509,92,105,310.79,Liters
12510,6004,63,85.1,Liters
12511,4226,101,8.8,Pieces
12512,7088,78,138.36,Liters
12513,2127,65,485.54,Liters
12514,6909,32,228.32,Liters
12515,866,101,108.45,Pieces
12516,1373,76,418.97,Liters
12517,1619,36,371.18,Pieces
12518,8219,120,334.12,Liters
12519,164,116,121.39,Liters
12520,3257,149,266.75,Kg
12521,1899,100,415.78,Liters
12522,6436,64,472.67,Pieces
12523,793,65,326.86,Pieces
12524,9371,37,253.07,Liters
12525,7630,63,370.63,Pieces
12526,4232,105,194.31,Kg
12527,766,146,389.81,Pieces
12528,2002,150,262.3,Kg
12529,2473,41,280.16,Pieces
12530,8529,96,286.13,Liters
12531,2720,9,234.58,Liters
12532,8725,107,349.33,Kg
12533,8687,79,46.34,Pieces
12534,4866,107,476.16,Pieces
12535,5172,28,137.54,Liters
12536,6336,144,455.62,Pieces
12537,9588,4,393.57,Pieces
12538,9756,55,290.36,Kg
12539,5395,34,362.89,Kg
12540,2828,88,7.56,Liters
12541,3649,87,344.96,Kg
12542,672,105,94.02,Kg
12543,6461,147,37.25,Kg
12544,2394,51,444.19,Liters
12545,3569,25,287.15,Kg
12546,6491,63,40.35,Liters
12547,553,51,389.29,Kg
12548,4600,140,493.34,Liters
12549,4149,67,67.43,Liters
12550,6503,4,191.57,Liters
12551,5493,47,283.9,Kg
12552,907,83,226.41,Kg
12553,442,91,189.0,Pieces
12554,567,52,459.42,Pieces
12555,5134,15,485.27,Liters
12556,1390,25,256.38,Pieces
12557,7494,129,49.39,Kg
12558,4312,110,276.0,Pieces
12559,5414,105,315.97,Liters
12560,2181,61,311.73,Kg
12561,8795,95,277.98,Pieces
12562,2084,75,196.74,Kg
12563,338,109,225.61,Pieces
12564,6518,144,372.48,Pieces
12565,3640,75,242.09,Pieces
12566,7923,133,269.05,Liters
12567,4462,14,448.84,Liters
12568,1212,12,413.29,Liters
12569,6899,9,327.4,Pieces
12570,5408,15,151.03,Kg
12571,3299,119,131.76,Kg
12572,9835,142,107.81,Kg
12573,3644,61,232.9,Pieces
12574,5049,117,157.63,Kg
12575,2973,4,467.88,Pieces
12576,5021,145,112.31,Liters
12577,5006,130,475.86,Kg
12578,3781,146,443.15,Liters
12579,8239,118,493.51,Pieces
12580,3932,111,475.97,Liters
12581,9867,128,60.72,Liters
12582,437,38,494.17,Pieces
12583,478,121,143.32,Kg
12584,533,53,187.53,Pieces
12585,2855,34,488.47,Pieces
12586,9276,27,203.94,Liters
12587,3622,79,288.14,Pieces
12588,3236,110,66.45,Liters
12589,3099,29,211.37,Kg
12590,2480,144,185.31,Pieces
12591,1514,62,386.4,Liters
12592,4502,122,368.25,Pieces
12593,664,114,199.93,Liters
12594,9400,115,308.7,Liters
12595,8354,143,419.06,Pieces
12596,9112,92,438.51,Pieces
12597,2594,105,356.66,Kg
12598,2012,121,448.53,Pieces
12599,3945,13,76.04,Pieces
12600,1809,39,407.91,Pieces
12601,7321,17,454.82,Pieces
12602,667,142,324.05,Pieces
12603,2955,147,380.31,Liters
12604,572,99,113.73,Kg
12605,7448,7,95.18,Pieces
12606,9909,133,452.61,Liters
12607,5107,123,106.19,Pieces
12608,578,128,423.93,Liters
12609,429,97,471.38,Liters
12610,9664,30,283.68,Kg
12611,7649,21,261.99,Pieces
12612,4436,125,450.33,Liters
12613,7556,127,464.29,Kg
12614,9418,112,157.25,Kg
12615,9173,110,333.36,Pieces
12616,4142,45,428.91,Pieces
12617,7730,73,296.33,Liters
12618,7691,20,347.29,Kg
12619,7972,98,497.09,Pieces
12620,6250,50,471.6,Kg
12621,9842,126,329.98,Pieces
12622,1481,2,289.97,Pieces
12623,1957,27,462.16,Liters
12624,7504,103,180.56,Kg
12625,6421,26,348.52,Liters
12626,5088,90,291.54,Liters
12627,5118,19,322.35,Liters
12628,9383,126,341.35,Kg
12629,8144,34,428.17,Kg
12630,83,43,496.85,Pieces
12631,1570,143,228.06,Kg
12632,3047,111,224.41,Kg
12633,3993,35,260.63,Kg
12634,7054,44,444.58,Liters
12635,6755,122,386.7,Liters
12636,802,22,276.08,Liters
12637,5772,88,129.85,Pieces
12638,7859,35,469.64,Pieces
12639,6787,74,216.48,Liters
12640,9365,126,71.2,Liters
12641,4181,113,433.61,Liters
12642,9776,118,143.48,Liters
12643,1603,11,321.68,Liters
12644,8375,34,124.48,Kg
12645,4052,58,99.88,Kg
12646,6977,130,44.79,Liters
12647,804,82,228.77,Kg
12648,5653,122,155.51,Liters
12649,7285,44,452.8,Kg
12650,1115,145,496.58,Liters
12651,4422,66,320.65,Pieces
12652,8679,58,401.27,Kg
12653,6724,97,459.98,Liters
12654,8321,103,486.02,Liters
12655,3933,108,494.38,Kg
12656,9986,66,34.72,Kg
12657,486,30,450.84,Pieces
12658,5613,14,165.83,Kg
12659,2564,77,171.37,Kg
12660,4814,122,280.42,Liters
12661,162,70,451.77,Liters
12662,7816,122,324.98,Liters
12663,2971,45,52.91,Kg
12664,6765,47,274.87,Kg
12665,4673,31,258.19,Kg
12666,108,83,369.47,Pieces
12667,7880,145,216.55,Pieces
12668,5423,119,480.46,Pieces
12669,3594,33,491.57,Liters
12670,124,140,180.61,Kg
12671,2008,103,127.81,Pieces
12672,6486,107,374.54,Pieces
12673,7186,29,475.45,Kg
12674,6685,146,2.2,Pieces
12675,623,26,222.7,Liters
12676,9425,45,276.5,Pieces
12677,742,33,346.88,Pieces
12678,4997,138,447.96,Pieces
12679,121,31,107.67,Pieces
12680,9407,42,363.42,Liters
12681,8850,100,206.82,Kg
12682,9226,39,170.68,Kg
12683,8262,130,338.29,Liters
12684,6477,134,180.64,Pieces
12685,7279,23,2.78,Kg
12686,4332,33,241.68,Kg
12687,8141,37,154.44,Liters
12688,3703,96,486.45,Liters
12689,637,101,358.43,Liters
12690,109,56,244.81,Liters
12691,7287,90,231.71,Liters
12692,6496,17,180.02,Kg
12693,1898,139,244.11,Kg
12694,1908,67,420.91,Kg
12695,6454,9,322.32,Kg
12696,4207,66,22.85,Pieces
12697,3105,29,106.05,Pieces
12698,7462,8,248.79,Liters
12699,575,140,345.47,Liters
12700,2438,75,374.49,Kg
12701,276,34,62.25,Liters
12702,654,70,241.12,Pieces
12703,403,144,174.56,Liters
12704,8008,103,62.66,Liters
12705,3048,8,85.99,Liters
12706,7512,113,45.44,Liters
12707,3960,37,10.05,Pieces
12708,648,68,364.66,Kg
12709,3220,16,414.68,Kg
12710,2986,90,6.7,Liters
12711,4860,21,475.6,Kg
12712,4562,115,275.06,Kg
12713,3074,51,184.52,Pieces
12714,3191,41,19.95,Liters
12715,6880,31,345.39,Liters
12716,7641,85,353.17,Pieces
12717,4749,107,493.51,Liters
12718,220,93,410.15,Liters
12719,9551,91,126.83,Pieces
12720,7840,112,248.25,Kg
12721,6623,134,221.85,Pieces
12722,8482,72,398.05,Pieces
12723,1940,50,73.25,Pieces
12724,3726,35,128.87,Pieces
12725,3463,69,270.72,Kg
12726,6257,117,29.48,Pieces
12727,9133,107,308.49,Liters
12728,1973,92,165.1,Kg
12729,9375,125,226.84,Kg
12730,1884,48,177.13,Pieces
12731,447,111,275.82,Pieces
12732,2854,31,88.32,Liters
12733,6433,33,102.98,Kg
12734,6768,4,273.12,Kg
12735,9804,62,409.99,Liters
12736,5736,13,226.73,Kg
12737,8888,43,368.8,Pieces
12738,2331,35,72.58,Pieces
12739,8417,116,311.6,Kg
12740,7052,55,256.34,Liters
12741,6331,59,333.28,Liters
12742,2438,75,264.25,Pieces
12743,2833,83,434.43,Liters
12744,1863,101,197.61,Liters
12745,4651,1,447.85,Liters
12746,1148,62,33.13,Kg
12747,2458,20,242.29,Liters
12748,969,67,229.64,Kg
12749,2440,21,470.22,Liters
12750,7800,14,196.42,Pieces
12751,2655,127,497.55,Liters
12752,417,124,36.85,Pieces
12753,7586,88,185.06,Pieces
12754,8835,60,238.95,Pieces
12755,701,143,432.74,Pieces
12756,6475,42,327.94,Pieces
12757,4975,11,184.99,Pieces
12758,8384,124,380.11,Liters
12759,6902,84,310.49,Kg
12760,8921,136,370.82,Pieces
12761,7278,133,4.85,Pieces
12762,3993,120,276.34,Kg
12763,9239,38,414.05,Liters
12764,185,13,233.58,Pieces
12765,3971,89,371.03,Kg
12766,7466,149,7.68,Kg
12767,1280,18,70.54,Kg
12768,1597,108,292.74,Liters
12769,7568,36,65.33,Liters
12770,9892,77,317.8,Pieces
12771,2193,90,323.94,Liters
12772,7734,137,313.49,Pieces
12773,6310,98,422.39,Liters
12774,7795,6,244.86,Pieces
12775,1380,136,215.42,Liters
12776,291,105,31.81,Pieces
12777,9765,107,327.82,Pieces
12778,2439,70,404.39,Liters
12779,521,116,288.47,Liters
12780,4839,26,256.08,Liters
12781,2885,1,9.49,Pieces
12782,9342,73,281.17,Liters
12783,7341,55,484.1,Pieces
12784,1101,106,242.91,Kg
12785,9341,147,263.43,Kg
12786,5753,41,257.8,Pieces
12787,4470,38,351.8,Kg
12788,341,92,88.88,Pieces
12789,4564,85,33.24,Kg
12790,2012,139,52.06,Kg
12791,3783,144,50.56,Liters
12792,9139,57,238.53,Pieces
12793,2239,22,413.92,Pieces
12794,6811,73,40.01,Pieces
12795,8634,58,428.9,Pieces
12796,3836,105,204.67,Pieces
12797,3325,49,362.05,Kg
12798,4036,124,187.04,Pieces
12799,1179,120,30.26,Liters
12800,4273,98,434.5,Kg
12801,5704,115,399.49,Pieces
12802,1194,24,295.5,Kg
12803,6510,109,281.02,Kg
12804,4661,62,441.32,Liters
12805,2320,14,56.12,Liters
12806,4549,100,335.51,Pieces
12807,8241,34,45.74,Kg
12808,3037,65,445.75,Kg
12809,1484,91,440.62,Kg
12810,1716,39,59.11,Kg
12811,4346,70,139.49,Pieces
12812,9891,148,357.48,Pieces
12813,1575,72,376.44,Pieces
12814,4012,41,212.93,Pieces
12815,8040,10,202.94,Kg
12816,7273,100,422.44,Pieces
12817,5439,23,80.18,Kg
12818,2842,18,325.58,Kg
12819,7098,79,315.58,Pieces
12820,5580,2,26.67,Pieces
12821,9157,129,434.38,Liters
12822,3649,120,75.7,Pieces
12823,3418,118,296.74,Liters
12824,2255,139,354.41,Liters
12825,6012,7,298.67,Liters
12826,2481,57,485.61,Pieces
12827,1052,138,345.59,Kg
12828,3601,9,91.27,Kg
12829,3896,27,25.13,Pieces
12830,3524,53,94.41,Liters
12831,2271,97,83.39,Kg
12832,6996,10,341.99,Kg
12833,303,92,316.44,Kg
12834,1242,113,300.05,Pieces
12835,9449,78,76.46,Liters
12836,3619,144,276.27,Pieces
12837,7903,13,430.32,Kg
12838,9414,101,140.47,Kg
12839,1199,45,71.54,Liters
12840,670,32,61.83,Kg
12841,2715,75,58.51,Pieces
12842,5603,4,69.07,Kg
12843,8513,60,448.17,Kg
12844,7206,109,375.7,Liters
12845,4468,136,154.33,Liters
12846,2537,61,95.15,Kg
12847,5218,1,413.55,Liters
12848,6679,12,327.19,Pieces
12849,5787,53,444.01,Pieces
12850,8775,149,440.06,Kg
12851,8302,25,275.24,Kg
12852,3768,135,199.01,Pieces
12853,3164,142,51.37,Liters
12854,357,45,226.57,Kg
12855,4707,56,299.55,Kg
12856,5119,144,225.2,Pieces
12857,774,19,110.13,Pieces
12858,7472,144,113.82,Liters
12859,938,49,81.32,Kg
12860,8677,50,160.8,Kg
12861,6271,4,325.62,Kg
12862,2758,112,410.61,Kg
12863,8727,119,176.7,Liters
12864,7362,10,284.74,Kg
12865,434,2,387.85,Liters
12866,1765,55,344.7,Liters
12867,6117,29,184.35,Kg
12868,6431,30,366.41,Kg
12869,7986,33,149.04,Pieces
12870,9001,131,196.55,Kg
12871,1948,20,117.34,Kg
12872,7862,114,242.69,Kg
12873,6982,134,25.89,Pieces
12874,3962,116,249.02,Kg
12875,4000,7,114.14,Pieces
12876,5375,121,96.46,Kg
12877,7594,12,80.26,Kg
12878,4748,77,280.58,Liters
12879,8264,143,68.38,Liters
12880,3146,83,178.09,Kg
12881,6825,105,317.16,Liters
12882,309,131,354.79,Pieces
12883,243,148,14.51,Kg
12884,6201,8,426.62,Liters
12885,4180,126,365.15,Liters
12886,3846,13,455.84,Kg
12887,314,17,185.81,Pieces
12888,615,81,324.56,Pieces
12889,7755,12,365.31,Kg
12890,4004,19,340.99,Pieces
12891,7722,39,80.99,Liters
12892,9299,54,101.61,Liters
12893,2177,56,111.12,Pieces
12894,3540,145,310.89,Kg
12895,4393,50,391.67,Kg
12896,9197,95,177.36,Kg
12897,1889,47,201.24,Kg
12898,639,126,308.3,Kg
12899,1379,17,224.55,Pieces
12900,686,18,142.8,Liters
12901,2712,53,75.96,Pieces
12902,6922,9,140.87,Liters
12903,8004,101,13.55,Kg
12904,328,1,260.82,Liters
12905,6084,81,11.08,Pieces
12906,7901,97,350.81,Pieces
12907,2308,127,280.32,Pieces
12908,6019,66,283.08,Kg
12909,7376,26,161.85,Kg
12910,5987,9,62.19,Kg
12911,6499,10,113.64,Liters
12912,3573,46,427.99,Pieces
12913,6439,139,110.93,Liters
12914,9350,136,462.92,Kg
12915,2037,113,111.62,Kg
12916,4950,150,73.19,Kg
12917,5162,110,276.13,Pieces
12918,6801,124,68.36,Pieces
12919,4790,44,119.41,Pieces
12920,8041,21,488.51,Liters
12921,4784,11,151.53,Liters
12922,7852,40,86.98,Kg
12923,421,63,367.73,Pieces
12924,135,7,498.92,Pieces
12925,1620,115,406.48,Liters
12926,5220,86,63.4,Liters
12927,1939,114,279.53,Pieces
12928,1607,85,146.58,Kg
12929,1205,38,66.62,Kg
12930,1856,106,4.58,Liters
12931,3340,56,346.01,Pieces
12932,2740,49,7.83,Kg
12933,8863,91,167.47,Pieces
12934,7223,7,237.58,Liters
12935,4655,43,153.43,Liters
12936,8547,82,80.06,Pieces
12937,5711,81,218.11,Pieces
12938,7104,49,468.76,Pieces
12939,7617,56,402.54,Liters
12940,7932,18,14.3,Pieces
12941,7131,20,366.11,Pieces
12942,7619,41,494.11,Kg
12943,9409,143,372.58,Pieces
12944,6161,73,345.4,Pieces
12945,2470,55,491.62,Pieces
12946,7677,65,486.92,Kg
12947,3726,66,53.45,Kg
12948,3018,4,171.21,Liters
12949,5228,95,262.24,Pieces
12950,5792,91,272.11,Kg
12951,8730,87,148.22,Kg
12952,551,49,104.73,Kg
12953,6895,16,169.27,Liters
12954,8997,122,95.83,Pieces
12955,4297,60,50.56,Kg
12956,4345,93,215.18,Pieces
12957,4686,19,31.5,Kg
12958,5574,142,173.68,Pieces
12959,5306,81,75.32,Kg
12960,5706,24,417.26,Liters
12961,7678,133,260.36,Kg
12962,6157,34,155.37,Kg
12963,7132,81,419.0,Liters
12964,8458,38,465.15,Kg
12965,8622,126,423.8,Liters
12966,4121,37,253.21,Liters
12967,8567,49,414.3,Pieces
12968,8692,132,65.08,Liters
12969,1431,38,451.99,Liters
12970,8552,80,177.1,Liters
12971,360,51,447.88,Pieces
12972,4140,141,384.94,Kg
12973,5381,121,163.5,Liters
12974,3208,47,247.29,Liters
12975,9524,121,10.05,Liters
12976,847,58,496.29,Kg
12977,1141,24,279.5,Pieces
12978,3526,64,363.38,Liters
12979,9587,111,219.72,Kg
12980,4399,124,185.47,Liters
12981,8887,81,234.46,Liters
12982,7172,101,327.31,Liters
12983,9524,51,331.16,Liters
12984,5595,143,425.38,Kg
12985,5474,7,294.78,Pieces
12986,811,73,88.64,Kg
12987,5484,80,340.99,Kg
12988,160,33,158.44,Liters
12989,3828,72,398.57,Pieces
12990,215,1,436.31,Kg
12991,7274,150,174.74,Kg
12992,2795,150,424.24,Liters
12993,6094,58,228.54,Liters
12994,1923,87,115.61,Kg
12995,7851,5,208.13,Pieces
12996,9896,23,21.41,Liters
12997,3609,3,146.56,Pieces
12998,4987,20,143.11,Liters
12999,4509,5,119.92,Pieces
13000,7766,68,368.69,Kg
13001,1981,148,462.28,Pieces
13002,4760,69,456.98,Pieces
13003,5292,13,21.17,Kg
13004,2461,61,308.14,Kg
13005,506,92,175.33,Pieces
13006,2832,140,324.54,Pieces
13007,5845,67,110.2,Pieces
13008,5623,4,374.96,Pieces
13009,9840,108,439.92,Kg
13010,1949,131,352.04,Pieces
13011,9833,95,141.8,Pieces
13012,2132,78,140.94,Kg
13013,9904,101,137.81,Liters
13014,194,80,334.92,Liters
13015,4270,43,18.22,Liters
13016,3058,79,306.1,Kg
13017,723,23,232.61,Pieces
13018,9064,71,51.65,Pieces
13019,9236,16,251.36,Kg
13020,5179,58,254.58,Kg
13021,9603,107,413.21,Pieces
13022,6391,87,215.5,Liters
13023,2993,73,387.92,Liters
13024,9829,101,321.35,Kg
13025,9837,24,113.03,Liters
13026,7662,129,211.33,Pieces
13027,4872,132,423.73,Kg
13028,5673,43,309.38,Liters
13029,2922,138,43.65,Liters
13030,4969,47,331.75,Pieces
13031,568,18,136.29,Kg
13032,2149,111,306.36,Liters
13033,1183,34,145.86,Liters
13034,2325,6,15.3,Liters
13035,9294,131,258.85,Liters
13036,4719,67,390.52,Pieces
13037,56,107,25.61,Pieces
13038,5619,140,433.73,Pieces
13039,6023,86,363.31,Pieces
13040,3524,38,312.8,Liters
13041,5086,86,458.55,Pieces
13042,5459,69,3.7,Liters
13043,9616,113,5.32,Pieces
13044,9469,80,322.17,Pieces
13045,2732,133,260.43,Liters
13046,2168,90,236.86,Pieces
13047,5325,60,233.27,Pieces
13048,9279,145,267.31,Kg
13049,5455,29,340.85,Kg
13050,5735,94,68.37,Kg
13051,6423,126,253.83,Pieces
13052,1150,54,35.18,Kg
13053,475,25,126.92,Pieces
13054,6298,50,191.85,Liters
13055,3267,144,46.79,Liters
13056,7291,114,35.54,Pieces
13057,7461,23,466.89,Kg
13058,6873,1,267.88,Liters
13059,3074,103,297.91,Pieces
13060,4766,137,99.78,Liters
13061,9513,83,309.08,Liters
13062,4152,16,440.16,Kg
13063,2948,2,230.28,Liters
13064,9533,6,470.91,Kg
13065,1578,44,301.91,Liters
13066,7030,133,94.8,Kg
13067,2324,20,333.66,Liters
13068,1685,71,182.45,Pieces
13069,2376,71,397.64,Kg
13070,5605,16,158.55,Pieces
13071,2961,29,133.71,Liters
13072,4324,108,41.6,Pieces
13073,5279,150,445.45,Kg
13074,5141,1,247.19,Pieces
13075,1358,12,340.83,Pieces
13076,7670,20,327.26,Kg
13077,5470,68,65.92,Pieces
13078,4421,103,383.87,Liters
13079,5736,135,195.72,Pieces
13080,5248,69,294.67,Pieces
13081,288,64,128.58,Kg
13082,5652,127,369.62,Liters
13083,2063,28,221.29,Pieces
13084,9786,6,212.52,Kg
13085,7911,26,138.77,Kg
13086,5634,16,114.78,Kg
13087,5472,11,25.29,Kg
13088,3661,17,300.77,Kg
13089,8813,5,270.75,Pieces
13090,9340,49,303.33,Kg
13091,6036,41,244.09,Pieces
13092,6255,35,106.8,Pieces
13093,823,45,11.53,Pieces
13094,8933,21,458.78,Liters
13095,1603,108,273.25,Kg
13096,1640,102,359.52,Liters
13097,3314,3,285.09,Liters
13098,6365,43,29.21,Pieces
13099,8490,139,130.71,Kg
13100,2448,117,317.68,Pieces
13101,104,148,59.15,Pieces
13102,105,108,489.3,Kg
13103,4505,41,346.43,Kg
13104,7033,92,213.06,Kg
13105,4291,95,267.95,Kg
13106,4869,147,264.16,Liters
13107,9317,5,426.55,Kg
13108,9026,4,61.11,Kg
13109,7742,84,456.07,Kg
13110,5709,10,274.28,Liters
13111,3610,129,455.4,Liters
13112,3652,59,14.22,Kg
13113,2740,11,369.04,Liters
13114,5220,35,55.48,Kg
13115,9861,91,305.68,Pieces
13116,7440,105,94.03,Kg
13117,5330,121,347.51,Liters
13118,7256,48,173.87,Pieces
13119,7318,85,213.93,Kg
13120,3004,79,203.08,Kg
13121,7488,52,482.93,Pieces
13122,8775,133,268.21,Liters
13123,4987,3,182.08,Liters
13124,3360,106,398.8,Liters
13125,9185,128,31.74,Pieces
13126,2307,30,223.06,Kg
13127,3347,118,236.64,Pieces
13128,2380,18,199.67,Kg
13129,5040,90,63.1,Pieces
13130,9250,81,173.61,Pieces
13131,5366,82,404.13,Kg
13132,9342,80,83.55,Liters
13133,1595,132,207.45,Kg
13134,7157,1,133.46,Kg
13135,8621,131,230.69,Liters
13136,5858,101,383.5,Pieces
13137,8911,61,333.88,Pieces
13138,1661,58,483.61,Kg
13139,6054,6,171.11,Pieces
13140,3481,74,43.89,Liters
13141,8061,126,150.86,Pieces
13142,5632,129,104.11,Pieces
13143,509,20,159.54,Liters
13144,9911,104,461.67,Liters
13145,8340,76,224.77,Pieces
13146,7828,103,382.03,Liters
13147,7971,132,376.79,Kg
13148,4539,134,187.77,Pieces
13149,12,90,459.58,Liters
13150,1979,1,29.39,Kg
13151,3763,59,20.06,Pieces
13152,2157,30,159.74,Liters
13153,7236,105,443.86,Pieces
13154,6136,79,169.3,Pieces
13155,6342,27,6.39,Liters
13156,6982,27,295.67,Pieces
13157,6769,11,363.05,Pieces
13158,8747,15,287.25,Pieces
13159,9032,105,318.16,Pieces
13160,9757,8,317.86,Liters
13161,8422,77,198.96,Pieces
13162,2445,77,337.92,Kg
13163,9347,11,75.17,Pieces
13164,4040,9,329.25,Kg
13165,5191,74,135.28,Liters
13166,2340,105,180.04,Pieces
13167,3561,117,138.84,Liters
13168,2217,94,244.9,Kg
13169,4376,73,181.26,Liters
13170,9327,114,140.75,Kg
13171,5556,84,135.86,Liters
13172,1126,88,400.51,Kg
13173,2350,6,106.65,Kg
13174,3276,117,74.1,Liters
13175,6615,44,213.18,Liters
13176,9236,140,420.95,Kg
13177,3918,114,321.39,Liters
13178,7756,72,203.49,Kg
13179,7431,102,78.74,Kg
13180,7349,105,144.43,Liters
13181,6824,82,141.98,Pieces
13182,478,138,352.78,Kg
13183,2164,84,242.78,Kg
13184,6428,113,442.8,Liters
13185,4215,142,473.48,Kg
13186,2227,47,43.09,Kg
13187,3235,39,426.25,Liters
13188,1070,38,264.27,Pieces
13189,3483,68,132.72,Liters
13190,3599,26,34.44,Liters
13191,6701,112,294.41,Kg
13192,9795,75,446.2,Pieces
13193,1874,48,19.04,Pieces
13194,2380,41,306.03,Pieces
13195,8795,139,310.64,Kg
13196,8687,82,27.25,Liters
13197,8239,110,37.19,Liters
13198,1526,113,288.76,Kg
13199,7327,95,216.39,Liters
13200,9667,98,276.82,Pieces
13201,5555,147,430.76,Kg
13202,3880,98,474.08,Liters
13203,15,54,384.97,Kg
13204,2056,137,114.34,Pieces
13205,8474,145,453.31,Kg
13206,1810,33,355.92,Kg
13207,5489,139,494.6,Pieces
13208,9370,60,15.72,Pieces
13209,3203,116,324.7,Kg
13210,1701,48,433.33,Liters
13211,6092,150,383.33,Kg
13212,5320,56,368.87,Kg
13213,9949,111,99.5,Kg
13214,4503,95,45.8,Liters
13215,8088,76,2.17,Pieces
13216,6726,31,337.45,Pieces
13217,7731,29,276.54,Kg
13218,2502,104,101.23,Pieces
13219,4233,74,19.3,Kg
13220,5233,47,23.84,Kg
13221,7906,107,335.91,Kg
13222,7549,104,124.36,Kg
13223,4809,119,180.9,Liters
13224,5810,123,321.09,Pieces
13225,9834,79,281.06,Liters
13226,6054,79,425.19,Kg
13227,9085,61,286.94,Liters
13228,4708,56,103.34,Pieces
13229,2714,92,419.09,Kg
13230,2814,22,425.82,Liters
13231,1632,75,217.31,Kg
13232,8198,96,447.55,Pieces
13233,7382,115,284.97,Liters
13234,6726,49,411.45,Kg
13235,8222,74,251.65,Liters
13236,6113,47,437.72,Liters
13237,6218,139,126.02,Pieces
13238,622,74,275.8,Pieces
13239,3401,97,200.99,Pieces
13240,7129,76,362.93,Kg
13241,4593,11,293.34,Kg
13242,906,1,195.01,Kg
13243,9960,117,23.86,Kg
13244,6263,81,428.44,Kg
13245,4081,30,146.33,Pieces
13246,2531,122,128.18,Kg
13247,9658,80,128.98,Pieces
13248,241,99,251.62,Pieces
13249,9343,25,417.85,Pieces
13250,876,127,318.49,Kg
13251,7804,80,125.14,Pieces
13252,1284,60,183.21,Kg
13253,8490,114,110.95,Kg
13254,1824,67,247.91,Pieces
13255,8754,24,113.79,Liters
13256,6712,6,91.07,Liters
13257,2752,119,388.25,Liters
13258,2838,15,119.65,Kg
13259,6018,35,335.66,Liters
13260,4363,34,406.46,Pieces
13261,4224,121,267.8,Pieces
13262,8346,50,400.16,Liters
13263,14,113,446.02,Pieces
13264,8502,145,210.11,Kg
13265,4833,70,346.39,Liters
13266,1884,84,150.83,Liters
13267,616,71,423.14,Liters
13268,8417,36,494.22,Kg
13269,1768,148,335.42,Liters
13270,8770,94,351.04,Liters
13271,6294,43,335.58,Liters
13272,399,78,449.5,Kg
13273,5571,39,345.78,Kg
13274,5538,41,255.15,Liters
13275,9128,82,146.89,Liters
13276,5607,144,287.78,Pieces
13277,6612,15,388.57,Kg
13278,8223,46,53.86,Liters
13279,8642,120,253.45,Kg
13280,4820,121,53.65,Pieces
13281,6149,115,367.74,Pieces
13282,2070,133,290.48,Liters
13283,6604,39,74.92,Pieces
13284,5274,27,403.18,Kg
13285,5586,67,134.18,Liters
13286,4727,35,441.84,Liters
13287,6572,54,226.18,Kg
13288,4930,118,476.18,Kg
13289,4443,43,27.73,Pieces
13290,6939,70,439.42,Pieces
13291,988,36,494.39,Liters
13292,8273,23,490.45,Liters
13293,5384,59,456.01,Pieces
13294,727,92,268.18,Kg
13295,9809,64,298.15,Pieces
13296,3265,116,143.37,Pieces
13297,9220,79,487.09,Kg
13298,7298,60,250.42,Liters
13299,952,30,60.47,Pieces
13300,9679,94,190.58,Liters
13301,8551,93,345.74,Kg
13302,2080,107,155.57,Pieces
13303,247,117,38.01,Kg
13304,9831,64,374.52,Pieces
13305,9431,90,263.01,Pieces
13306,6656,140,400.02,Kg
13307,8529,48,33.79,Liters
13308,2323,23,237.04,Pieces
13309,7958,81,414.06,Liters
13310,4559,141,448.96,Liters
13311,553,106,228.61,Liters
13312,5361,132,351.92,Liters
13313,6633,133,276.74,Kg
13314,2709,73,152.0,Pieces
13315,7894,35,370.97,Kg
13316,3656,56,41.68,Liters
13317,8761,14,417.38,Kg
13318,343,113,103.52,Liters
13319,2476,41,75.22,Pieces
13320,9958,76,71.9,Liters
13321,5139,93,61.27,Kg
13322,5681,67,65.81,Pieces
13323,4611,150,152.7,Pieces
13324,7289,49,72.1,Kg
13325,4829,130,139.31,Liters
13326,8968,8,81.67,Liters
13327,9342,39,113.31,Pieces
13328,9095,13,58.69,Liters
13329,659,39,411.13,Liters
13330,5987,61,449.09,Kg
13331,3796,40,99.21,Pieces
13332,129,4,348.44,Kg
13333,2467,56,374.43,Pieces
13334,7082,107,8.18,Pieces
13335,8557,80,304.48,Pieces
13336,9826,88,43.89,Liters
13337,4552,45,265.7,Kg
13338,8672,8,316.08,Liters
13339,1853,2,428.29,Pieces
13340,7998,138,89.97,Liters
13341,6500,33,170.66,Pieces
13342,7259,112,331.75,Liters
13343,5194,149,360.03,Liters
13344,4938,107,437.08,Pieces
13345,954,133,2.16,Kg
13346,3520,97,402.07,Kg
13347,839,55,110.64,Pieces
13348,7000,47,125.96,Liters
13349,7503,114,25.96,Liters
13350,1251,85,429.99,Kg
13351,8127,146,321.75,Pieces
13352,9746,16,315.54,Liters
13353,7780,63,85.36,Liters
13354,2504,104,155.36,Kg
13355,1618,39,139.08,Kg
13356,2413,73,333.27,Liters
13357,3211,94,65.18,Kg
13358,7411,73,111.97,Liters
13359,2789,23,150.15,Kg
13360,9964,12,83.42,Kg
13361,7806,113,8.72,Pieces
13362,3902,57,249.63,Pieces
13363,9203,146,50.61,Kg
13364,7261,56,352.98,Kg
13365,6374,31,218.16,Liters
13366,9598,124,404.78,Kg
13367,938,138,236.14,Kg
13368,9895,149,267.41,Liters
13369,5886,96,41.54,Liters
13370,5044,65,101.65,Liters
13371,1907,45,449.44,Pieces
13372,3801,100,96.33,Kg
13373,1843,125,422.51,Kg
13374,9041,141,250.45,Pieces
13375,4567,116,211.86,Kg
13376,4219,44,49.32,Kg
13377,4430,28,383.43,Kg
13378,385,128,397.2,Kg
13379,254,128,402.93,Pieces
13380,9234,147,306.78,Liters
13381,4170,133,60.73,Pieces
13382,128,135,80.8,Pieces
13383,6989,36,293.09,Pieces
13384,4128,97,390.49,Kg
13385,3292,22,328.64,Pieces
13386,9023,86,153.88,Pieces
13387,8955,116,254.37,Pieces
13388,5976,136,11.03,Kg
13389,7880,75,393.78,Pieces
13390,3180,95,49.67,Kg
13391,8017,45,354.71,Liters
13392,6206,43,482.9,Kg
13393,8663,108,457.32,Pieces
13394,6457,140,390.66,Liters
13395,1416,63,62.34,Liters
13396,4509,36,211.66,Kg
13397,8263,98,142.41,Kg
13398,8150,38,153.83,Pieces
13399,6523,40,320.48,Liters
13400,1747,30,435.9,Liters
13401,5945,67,271.68,Pieces
13402,1900,93,332.12,Pieces
13403,6895,39,127.62,Liters
13404,8505,22,182.13,Kg
13405,1534,99,458.82,Pieces
13406,6014,27,371.98,Liters
13407,2476,52,432.41,Pieces
13408,7461,142,58.93,Kg
13409,6821,2,358.53,Kg
13410,422,49,446.7,Kg
13411,3042,64,147.49,Liters
13412,7957,147,462.53,Liters
13413,8623,121,217.46,Kg
13414,1278,5,275.4,Liters
13415,7323,131,64.11,Kg
13416,8392,8,387.25,Pieces
13417,3102,112,337.74,Kg
13418,592,9,147.77,Pieces
13419,3314,44,115.54,Liters
13420,390,36,202.24,Pieces
13421,7674,77,432.44,Liters
13422,796,98,190.47,Pieces
13423,4217,112,496.92,Pieces
13424,92,104,177.74,Pieces
13425,5599,62,100.81,Pieces
13426,9771,126,76.68,Pieces
13427,6355,41,262.81,Liters
13428,9673,150,212.45,Liters
13429,5252,2,399.22,Kg
13430,6150,79,182.01,Liters
13431,996,27,356.19,Pieces
13432,3268,115,445.83,Liters
13433,8678,16,390.61,Pieces
13434,2843,99,386.78,Pieces
13435,5268,120,268.3,Kg
13436,286,26,283.7,Liters
13437,1121,90,140.05,Liters
13438,6790,141,243.43,Kg
13439,8033,32,254.15,Pieces
13440,2587,15,278.22,Kg
13441,8457,112,130.16,Pieces
13442,4646,93,6.99,Pieces
13443,384,68,131.09,Pieces
13444,7315,79,458.9,Pieces
13445,8412,103,412.31,Liters
13446,4292,85,254.21,Liters
13447,1281,52,134.77,Liters
13448,5103,34,479.62,Kg
13449,569,21,499.32,Liters
13450,3339,26,120.87,Liters
13451,9147,23,147.76,Pieces
13452,8205,59,126.76,Liters
13453,8167,62,243.68,Kg
13454,9889,115,106.69,Liters
13455,7393,119,435.73,Pieces
13456,5140,4,282.55,Liters
13457,4905,79,185.05,Pieces
13458,1676,51,441.14,Liters
13459,8636,147,18.87,Pieces
13460,9098,87,357.01,Pieces
13461,5351,92,166.74,Kg
13462,6303,144,253.39,Liters
13463,669,89,466.47,Pieces
13464,539,148,418.05,Kg
13465,6577,66,179.83,Kg
13466,4945,118,148.41,Liters
13467,3979,12,306.04,Pieces
13468,851,22,183.05,Liters
13469,337,74,199.85,Pieces
13470,3337,23,119.89,Pieces
13471,9320,106,73.5,Liters
13472,5247,57,388.9,Pieces
13473,9252,139,315.81,Kg
13474,2582,27,203.9,Pieces
13475,7486,93,125.01,Pieces
13476,9254,29,103.46,Liters
13477,8886,149,406.44,Liters
13478,5205,48,54.94,Pieces
13479,9525,114,133.6,Pieces
13480,3698,76,463.9,Kg
13481,213,44,428.91,Pieces
13482,9380,7,254.55,Pieces
13483,3201,124,93.52,Pieces
13484,1801,110,448.37,Kg
13485,1820,7,197.94,Liters
13486,7065,136,455.09,Pieces
13487,2661,72,397.36,Liters
13488,9391,31,425.61,Kg
13489,2930,51,50.42,Kg
13490,3364,74,91.22,Liters
13491,1094,90,96.93,Liters
13492,9099,139,13.74,Pieces
13493,8868,74,489.86,Pieces
13494,1079,29,135.4,Pieces
13495,3264,127,98.96,Kg
13496,5592,96,345.48,Pieces
13497,3219,116,357.56,Kg
13498,8467,7,56.93,Kg
13499,3626,30,320.15,Liters
13500,7539,120,80.2,Kg
13501,9843,102,17.88,Pieces
13502,9321,117,339.75,Liters
13503,9360,8,17.58,Liters
13504,4936,106,14.7,Liters
13505,5054,56,478.08,Kg
13506,5538,82,333.37,Liters
13507,6095,117,224.44,Pieces
13508,5183,2,399.24,Liters
13509,5938,67,481.77,Pieces
13510,911,22,61.36,Pieces
13511,5588,31,489.49,Kg
13512,5637,59,244.2,Liters
13513,6030,4,489.14,Liters
13514,9530,116,305.15,Pieces
13515,8049,145,480.02,Kg
13516,7965,40,208.69,Liters
13517,1029,53,107.67,Liters
13518,9001,126,78.98,Pieces
13519,4878,61,483.33,Liters
13520,5966,56,317.77,Liters
13521,8645,115,14.4,Kg
13522,9734,132,77.99,Liters
13523,1279,117,333.01,Kg
13524,9691,123,157.96,Kg
13525,4781,104,44.11,Liters
13526,1072,15,241.91,Liters
13527,7848,91,314.1,Liters
13528,3531,69,111.42,Pieces
13529,636,128,319.91,Kg
13530,3434,8,242.42,Pieces
13531,556,106,145.05,Liters
13532,5439,66,477.36,Liters
13533,6440,56,205.18,Kg
13534,5198,4,208.03,Liters
13535,2970,3,286.37,Pieces
13536,5855,15,474.97,Kg
13537,7676,111,288.98,Kg
13538,8485,44,411.27,Pieces
13539,3837,21,204.06,Kg
13540,5810,3,459.87,Kg
13541,9687,101,88.24,Liters
13542,6362,108,95.25,Pieces
13543,8861,51,268.08,Pieces
13544,1256,28,169.49,Liters
13545,2714,123,95.25,Kg
13546,1522,17,188.38,Kg
13547,7183,76,172.52,Pieces
13548,3877,52,69.94,Pieces
13549,1074,51,148.25,Pieces
13550,4041,1,283.49,Pieces
13551,5262,144,26.76,Kg
13552,2019,139,179.07,Pieces
13553,7564,68,44.14,Kg
13554,9103,137,480.82,Pieces
13555,5410,15,448.79,Kg
13556,9459,135,479.19,Kg
13557,711,69,133.14,Kg
13558,4300,72,175.93,Kg
13559,7488,86,479.23,Kg
13560,1857,95,366.31,Liters
13561,8318,144,431.97,Kg
13562,99,53,285.81,Pieces
13563,3793,26,269.69,Liters
13564,8560,62,190.46,Pieces
13565,873,92,330.91,Kg
13566,5146,84,154.52,Kg
13567,2180,146,254.97,Liters
13568,7611,138,493.32,Kg
13569,781,112,118.33,Liters
13570,3515,80,315.7,Kg
13571,6417,71,449.88,Kg
13572,3369,105,465.23,Pieces
13573,7434,148,487.47,Liters
13574,1385,68,459.6,Pieces
13575,7805,38,193.06,Liters
13576,4172,76,402.93,Kg
13577,5946,11,170.05,Liters
13578,2620,108,465.24,Pieces
13579,8169,25,229.87,Liters
13580,630,59,103.62,Liters
13581,2363,138,131.91,Liters
13582,6488,11,31.06,Liters
13583,5369,4,246.32,Liters
13584,1775,62,135.95,Kg
13585,3405,66,325.07,Liters
13586,6584,36,281.61,Liters
13587,6957,18,430.35,Kg
13588,229,85,237.27,Kg
13589,4791,100,308.48,Pieces
13590,8391,118,228.74,Kg
13591,9735,81,445.28,Kg
13592,9213,145,76.46,Pieces
13593,89,23,364.55,Kg
13594,5706,121,160.33,Liters
13595,5096,142,487.93,Kg
13596,603,126,39.43,Kg
13597,9432,122,129.8,Kg
13598,5517,69,128.35,Pieces
13599,4104,123,364.08,Kg
13600,6315,9,244.51,Liters
13601,3886,73,82.72,Kg
13602,4305,137,15.32,Kg
13603,7969,64,268.36,Pieces
13604,305,49,347.53,Kg
13605,2598,43,397.77,Pieces
13606,9372,118,469.79,Kg
13607,1474,58,448.49,Pieces
13608,7510,124,191.63,Pieces
13609,6182,131,85.34,Liters
13610,4702,33,433.86,Pieces
13611,399,114,328.92,Kg
13612,1513,101,309.61,Liters
13613,4553,13,96.92,Kg
13614,9080,20,176.16,Kg
13615,957,55,260.17,Pieces
13616,6974,30,449.81,Liters
13617,3193,83,439.38,Liters
13618,1486,75,82.23,Liters
13619,8137,129,391.63,Liters
13620,124,124,234.4,Liters
13621,9894,90,447.89,Kg
13622,9838,6,207.17,Liters
13623,1747,147,412.02,Pieces
13624,4868,10,134.75,Kg
13625,527,137,324.64,Pieces
13626,1923,41,255.85,Kg
13627,9450,77,291.81,Liters
13628,9465,58,81.26,Kg
13629,6560,84,482.06,Kg
13630,3300,84,226.83,Kg
13631,7888,54,356.17,Liters
13632,4714,138,155.96,Pieces
13633,1256,61,203.53,Liters
13634,2425,147,246.15,Pieces
13635,106,96,76.18,Liters
13636,7775,45,466.06,Liters
13637,3789,35,459.74,Kg
13638,4918,102,252.15,Liters
13639,3679,2,255.5,Liters
13640,2414,94,14.52,Kg
13641,3051,101,274.33,Pieces
13642,7150,49,161.76,Liters
13643,269,87,253.72,Liters
13644,4613,115,257.63,Liters
13645,3127,134,61.01,Liters
13646,9999,59,42.79,Kg
13647,4028,32,213.45,Kg
13648,3082,37,40.79,Kg
13649,5995,93,362.35,Kg
13650,566,116,416.35,Liters
13651,9448,55,479.63,Liters
13652,2677,8,78.75,Kg
13653,1431,37,419.99,Liters
13654,7894,76,194.88,Liters
13655,2810,19,67.4,Pieces
13656,9222,15,39.5,Liters
13657,4561,8,146.98,Liters
13658,8879,66,490.61,Liters
13659,2054,126,499.57,Pieces
13660,5052,121,482.56,Kg
13661,3077,132,224.44,Kg
13662,1096,141,454.42,Pieces
13663,1186,127,396.4,Liters
13664,5542,105,415.32,Liters
13665,6103,12,460.38,Kg
13666,258,143,428.68,Liters
13667,6841,76,147.67,Pieces
13668,7193,75,383.56,Kg
13669,7153,150,220.59,Liters
13670,9960,52,419.42,Pieces
13671,8591,59,27.43,Kg
13672,4083,84,43.68,Kg
13673,6569,1,114.04,Liters
13674,7156,14,448.21,Liters
13675,1235,82,139.21,Pieces
13676,4492,30,219.04,Pieces
13677,5020,105,142.24,Liters
13678,2485,83,61.36,Pieces
13679,600,56,130.91,Liters
13680,3843,132,170.95,Pieces
13681,2192,22,363.74,Kg
13682,2090,138,173.2,Liters
13683,9077,34,154.19,Liters
13684,3337,129,154.05,Liters
13685,4812,89,71.24,Pieces
13686,9996,66,37.97,Pieces
13687,633,22,48.31,Kg
13688,4125,4,149.03,Liters
13689,5393,139,378.23,Kg
13690,2535,5,180.66,Kg
13691,5405,124,274.96,Pieces
13692,5097,87,493.24,Kg
13693,1520,145,228.2,Pieces
13694,5955,23,34.57,Liters
13695,6013,98,125.73,Liters
13696,684,83,275.05,Liters
13697,3864,21,344.83,Liters
13698,8320,71,405.28,Liters
13699,771,12,365.31,Pieces
13700,2904,105,408.81,Pieces
13701,4208,92,201.45,Liters
13702,4345,123,110.85,Pieces
13703,575,71,199.38,Pieces
13704,4156,107,468.63,Kg
13705,2484,125,496.95,Pieces
13706,1950,135,356.06,Liters
13707,9291,15,174.53,Pieces
13708,360,148,134.4,Liters
13709,2537,90,398.33,Liters
13710,6218,52,404.44,Kg
13711,5419,78,360.64,Pieces
13712,4116,68,264.28,Liters
13713,7170,143,155.46,Liters
13714,2993,138,458.67,Liters
13715,1387,50,169.42,Liters
13716,6290,38,384.21,Liters
13717,3684,114,170.44,Liters
13718,3192,146,121.11,Kg
13719,918,92,117.15,Kg
13720,6463,18,427.76,Pieces
13721,1768,5,20.17,Liters
13722,7043,90,180.03,Pieces
13723,8006,109,132.71,Pieces
13724,980,79,250.1,Pieces
13725,1320,92,151.0,Pieces
13726,7375,131,303.47,Kg
13727,6440,60,308.23,Liters
13728,3952,52,404.3,Pieces
13729,1224,84,477.24,Liters
13730,7799,49,439.33,Pieces
13731,3977,110,226.23,Kg
13732,4679,144,308.97,Kg
13733,1573,23,493.18,Pieces
13734,3949,21,156.14,Liters
13735,1490,103,357.34,Kg
13736,5452,133,52.39,Liters
13737,5880,111,92.12,Liters
13738,5962,133,82.23,Liters
13739,5970,127,280.65,Kg
13740,2307,21,187.16,Pieces
13741,8800,122,6.04,Liters
13742,6472,72,499.73,Liters
13743,9520,4,22.81,Kg
13744,5923,11,450.6,Liters
13745,6856,101,140.56,Liters
13746,5386,74,221.05,Pieces
13747,7293,19,340.75,Liters
13748,9523,50,484.05,Kg
13749,8137,58,344.45,Kg
13750,1849,144,292.05,Kg
13751,2809,7,261.08,Kg
13752,3933,43,321.0,Kg
13753,9180,19,219.86,Liters
13754,500,104,134.25,Pieces
13755,612,63,1.71,Liters
13756,4918,54,210.86,Kg
13757,7725,45,433.28,Pieces
13758,9291,80,23.09,Liters
13759,1339,115,435.93,Liters
13760,4995,43,398.35,Kg
13761,518,149,382.93,Pieces
13762,768,95,152.21,Liters
13763,5580,76,409.67,Pieces
13764,7538,17,394.69,Kg
13765,211,131,374.34,Kg
13766,8767,65,494.2,Liters
13767,7727,96,305.11,Liters
13768,8982,27,307.26,Kg
13769,6308,6,394.63,Kg
13770,1365,138,437.42,Kg
13771,5542,92,368.82,Liters
13772,2769,51,445.0,Pieces
13773,7650,64,41.5,Kg
13774,144,92,22.98,Pieces
13775,9181,51,383.11,Liters
13776,6619,147,396.85,Kg
13777,9095,111,129.48,Pieces
13778,2098,79,439.08,Liters
13779,2322,41,67.65,Kg
13780,915,97,393.25,Liters
13781,8715,58,60.19,Kg
13782,9038,7,160.26,Kg
13783,981,134,248.23,Pieces
13784,2880,123,61.48,Pieces
13785,5976,35,65.66,Pieces
13786,7195,16,299.84,Kg
13787,6804,143,447.69,Pieces
13788,8656,75,288.61,Kg
13789,6039,7,357.54,Kg
13790,650,116,204.96,Pieces
13791,206,18,367.82,Pieces
13792,6100,34,103.51,Kg
13793,8950,31,344.44,Pieces
13794,1817,29,324.85,Pieces
13795,285,67,370.48,Liters
13796,7049,58,470.26,Kg
13797,5400,13,21.2,Liters
13798,7390,63,213.4,Liters
13799,3995,66,313.89,Kg
13800,3041,83,467.53,Pieces
13801,425,5,135.29,Kg
13802,7400,4,279.39,Pieces
13803,3679,33,71.76,Kg
13804,6638,130,457.75,Liters
13805,7741,7,39.04,Liters
13806,6282,68,51.14,Pieces
13807,1905,90,310.34,Kg
13808,8798,60,214.01,Kg
13809,5363,139,327.17,Pieces
13810,3989,2,32.53,Pieces
13811,378,104,280.12,Pieces
13812,1561,135,438.66,Pieces
13813,8970,75,23.65,Pieces
13814,493,6,209.5,Liters
13815,2160,96,181.03,Liters
13816,6819,1,443.21,Liters
13817,2235,125,476.95,Pieces
13818,4016,56,446.92,Liters
13819,7851,21,238.59,Kg
13820,8797,22,275.58,Pieces
13821,9155,18,320.16,Pieces
13822,5398,150,70.61,Liters
13823,7196,41,199.43,Kg
13824,8428,127,371.32,Liters
13825,3997,1,134.7,Kg
13826,5720,148,6.79,Pieces
13827,3584,96,491.22,Kg
13828,821,17,369.82,Liters
13829,4761,24,378.88,Pieces
13830,8610,85,409.89,Kg
13831,5673,26,406.48,Liters
13832,7858,72,462.47,Kg
13833,6997,127,386.21,Liters
13834,6301,132,44.67,Liters
13835,7747,42,387.96,Kg
13836,6608,148,335.32,Liters
13837,989,96,455.03,Kg
13838,5722,28,175.87,Liters
13839,2883,115,258.28,Pieces
13840,1853,149,335.44,Pieces
13841,3752,135,345.29,Kg
13842,5329,146,480.86,Kg
13843,7871,8,485.65,Pieces
13844,7721,124,147.78,Kg
13845,8883,48,149.48,Kg
13846,2722,100,383.78,Kg
13847,2062,96,409.99,Kg
13848,6934,108,312.71,Pieces
13849,1183,81,128.19,Pieces
13850,2824,40,457.97,Kg
13851,9633,63,141.78,Kg
13852,8742,51,189.26,Liters
13853,1875,64,273.23,Kg
13854,1974,75,297.69,Pieces
13855,5221,108,428.39,Pieces
13856,4468,95,241.45,Liters
13857,7479,37,211.58,Kg
13858,6392,42,137.36,Pieces
13859,3432,80,485.11,Pieces
13860,4457,41,181.52,Pieces
13861,1898,141,304.04,Pieces
13862,1319,9,271.32,Kg
13863,2918,96,324.92,Kg
13864,8142,96,237.26,Kg
13865,4502,35,459.22,Pieces
13866,8438,133,390.42,Pieces
13867,2674,137,330.1,Pieces
13868,912,11,147.63,Liters
13869,6524,96,34.87,Liters
13870,4308,124,102.7,Kg
13871,2195,95,179.03,Liters
13872,9903,129,102.96,Liters
13873,2531,31,323.11,Pieces
13874,4266,16,168.95,Pieces
13875,8511,32,472.46,Pieces
13876,2447,146,121.27,Liters
13877,7999,140,430.84,Pieces
13878,6443,5,180.61,Liters
13879,471,33,474.08,Liters
13880,541,136,224.42,Liters
13881,2258,50,341.53,Kg
13882,6436,69,491.91,Liters
13883,9054,25,267.62,Liters
13884,6545,136,227.43,Liters
13885,4092,43,261.12,Pieces
13886,4858,21,452.89,Liters
13887,3305,82,310.4,Liters
13888,665,44,86.46,Pieces
13889,4742,104,496.78,Kg
13890,9628,34,49.78,Liters
13891,4770,39,270.24,Kg
13892,5218,87,432.08,Pieces
13893,8745,101,258.14,Pieces
13894,5174,123,391.27,Kg
13895,3946,88,130.09,Liters
13896,2296,78,80.94,Pieces
13897,6736,147,54.51,Pieces
13898,951,134,74.56,Kg
13899,4627,78,238.99,Pieces
13900,8099,48,399.54,Kg
13901,6472,7,176.9,Liters
13902,1587,36,281.87,Pieces
13903,1801,121,62.2,Kg
13904,7836,94,147.31,Kg
13905,6260,109,238.34,Kg
13906,4849,49,372.56,Kg
13907,3496,148,464.7,Liters
13908,2694,40,285.26,Liters
13909,4970,125,488.72,Kg
13910,2834,23,192.56,Liters
13911,7633,101,54.58,Kg
13912,9083,22,425.83,Pieces
13913,1836,75,306.19,Liters
13914,8956,57,262.02,Kg
13915,9665,140,498.72,Pieces
13916,1084,4,454.37,Pieces
13917,743,65,340.69,Kg
13918,5860,148,339.94,Kg
13919,8332,13,335.89,Pieces
13920,3473,28,175.76,Liters
13921,6490,67,376.64,Pieces
13922,9805,73,86.1,Kg
13923,56,87,184.29,Liters
13924,9529,95,263.31,Pieces
13925,6354,57,47.07,Kg
13926,6962,41,176.89,Liters
13927,6617,13,400.41,Pieces
13928,9735,135,320.16,Kg
13929,1949,68,464.43,Kg
13930,174,14,394.15,Liters
13931,9887,120,478.77,Kg
13932,5707,98,336.3,Liters
13933,2886,30,262.42,Kg
13934,2606,100,228.26,Liters
13935,6530,141,5.76,Pieces
13936,8230,26,410.61,Kg
13937,4969,78,121.66,Liters
13938,9901,114,210.38,Pieces
13939,236,113,30.71,Kg
13940,1620,117,158.28,Pieces
13941,7943,54,380.45,Pieces
13942,9891,104,38.77,Pieces
13943,7381,14,207.65,Liters
13944,9782,7,429.69,Pieces
13945,2154,117,499.73,Liters
13946,1947,129,199.24,Pieces
13947,4293,30,278.89,Pieces
13948,6006,66,62.09,Kg
13949,5461,119,440.19,Liters
13950,2956,97,249.0,Kg
13951,8453,55,466.44,Kg
13952,6946,100,263.88,Pieces
13953,3292,45,132.96,Kg
13954,7023,98,349.75,Kg
13955,2372,109,302.45,Pieces
13956,1205,39,264.37,Pieces
13957,7142,146,48.38,Pieces
13958,7190,10,86.45,Kg
13959,5875,146,145.96,Pieces
13960,870,119,443.95,Kg
13961,7201,117,265.05,Kg
13962,301,54,175.83,Kg
13963,8606,131,234.69,Pieces
13964,5744,14,439.05,Pieces
13965,7245,64,111.35,Kg
13966,9505,51,241.22,Liters
13967,3692,21,269.04,Pieces
13968,8510,20,329.04,Kg
13969,5595,68,105.74,Kg
13970,8371,62,29.05,Pieces
13971,8782,28,96.8,Kg
13972,6318,54,348.68,Liters
13973,5839,34,419.9,Liters
13974,9743,108,344.88,Kg
13975,8372,20,339.09,Pieces
13976,8943,8,366.79,Pieces
13977,9339,126,396.18,Pieces
13978,139,134,114.84,Kg
13979,539,118,409.14,Pieces
13980,9289,147,442.44,Liters
13981,833,146,475.32,Liters
13982,7919,38,50.11,Kg
13983,1678,44,398.03,Pieces
13984,3384,113,84.54,Liters
13985,580,13,99.88,Liters
13986,3786,125,53.03,Liters
13987,2726,69,130.03,Pieces
13988,101,86,125.31,Liters
13989,536,77,99.29,Kg
13990,219,114,272.56,Kg
13991,9811,122,386.75,Pieces
13992,7209,132,37.64,Pieces
13993,3794,90,259.45,Pieces
13994,3343,54,449.84,Kg
13995,7910,86,103.76,Pieces
13996,8446,65,168.28,Pieces
13997,9127,99,314.41,Liters
13998,6856,108,478.5,Liters
13999,779,143,169.77,Liters
14000,8041,135,460.98,Kg
14001,7400,142,447.42,Pieces
14002,8979,10,75.03,Kg
14003,568,69,368.69,Liters
14004,2804,92,396.35,Liters
14005,7512,45,229.16,Pieces
14006,3510,83,297.12,Pieces
14007,5720,23,51.27,Liters
14008,5841,146,251.32,Liters
14009,1434,12,488.89,Liters
14010,4199,148,465.5,Pieces
14011,8597,31,54.44,Liters
14012,5447,58,261.83,Liters
14013,8508,60,7.71,Pieces
14014,7568,68,236.97,Liters
14015,3447,68,283.33,Liters
14016,1436,101,326.25,Pieces
14017,7431,45,83.46,Kg
14018,8864,52,116.53,Kg
14019,6876,87,51.78,Pieces
14020,533,61,477.15,Kg
14021,9759,130,264.09,Kg
14022,181,32,135.16,Pieces
14023,9332,103,415.83,Pieces
14024,3928,98,306.73,Kg
14025,5969,77,176.58,Liters
14026,8853,54,287.79,Kg
14027,2787,59,302.1,Pieces
14028,5425,51,61.64,Liters
14029,2722,138,433.05,Pieces
14030,5570,112,287.12,Pieces
14031,2986,49,465.69,Pieces
14032,7146,109,123.89,Kg
14033,416,106,366.07,Kg
14034,5903,87,22.77,Kg
14035,6539,103,326.72,Kg
14036,925,8,219.33,Kg
14037,2645,65,434.56,Liters
14038,7768,33,139.27,Pieces
14039,8958,76,96.74,Liters
14040,4328,130,366.58,Liters
14041,3008,53,234.68,Liters
14042,113,128,124.94,Pieces
14043,5280,109,459.53,Pieces
14044,2492,110,433.77,Liters
14045,1492,94,80.55,Liters
14046,9059,64,217.79,Kg
14047,1698,99,469.86,Kg
14048,3128,140,444.99,Pieces
14049,1485,79,303.58,Pieces
14050,4804,48,151.6,Kg
14051,2695,81,204.04,Kg
14052,3652,144,420.53,Kg
14053,6318,52,468.4,Liters
14054,3119,10,186.99,Kg
14055,9038,125,100.36,Liters
14056,5859,80,54.54,Pieces
14057,7309,68,136.14,Pieces
14058,4325,105,101.89,Liters
14059,7236,127,387.18,Kg
14060,1760,122,384.46,Liters
14061,7045,18,429.07,Liters
14062,8731,43,454.93,Liters
14063,9341,93,166.68,Pieces
14064,6524,10,470.75,Kg
14065,2999,129,299.44,Kg
14066,2396,84,499.67,Liters
14067,9522,139,349.62,Pieces
14068,1175,118,118.97,Liters
14069,9105,90,423.64,Kg
14070,4625,35,403.09,Kg
14071,7271,8,490.15,Liters
14072,4188,141,399.06,Pieces
14073,907,3,59.68,Liters
14074,7033,96,120.02,Kg
14075,7147,66,172.76,Liters
14076,6353,58,225.37,Kg
14077,1899,12,271.78,Liters
14078,6709,85,208.61,Liters
14079,849,130,205.43,Liters
14080,3729,104,289.6,Liters
14081,2730,138,358.92,Pieces
14082,6866,136,419.29,Liters
14083,4597,68,290.39,Pieces
14084,6696,93,270.96,Kg
14085,8249,90,290.67,Pieces
14086,9122,119,145.59,Pieces
14087,619,115,89.98,Pieces
14088,6325,120,465.18,Kg
14089,1106,107,337.79,Liters
14090,8149,113,118.83,Pieces
14091,25,19,183.51,Pieces
14092,7495,70,333.03,Pieces
14093,6951,127,405.98,Kg
14094,5025,78,418.72,Pieces
14095,7691,107,166.43,Pieces
14096,4450,110,64.99,Pieces
14097,6603,145,443.65,Kg
14098,3947,42,399.8,Pieces
14099,1621,14,167.42,Pieces
14100,4083,138,122.7,Pieces
14101,3704,22,145.37,Pieces
14102,9244,106,444.18,Liters
14103,6653,86,373.45,Kg
14104,4780,136,219.39,Kg
14105,1920,97,175.7,Kg
14106,8421,48,74.56,Pieces
14107,6772,45,499.0,Pieces
14108,2198,86,198.78,Kg
14109,9699,149,490.53,Kg
14110,9889,104,477.87,Pieces
14111,4016,46,189.32,Kg
14112,7427,18,64.61,Kg
14113,1000,88,83.38,Kg
14114,106,8,158.99,Liters
14115,9131,95,481.68,Liters
14116,8214,93,134.4,Pieces
14117,8643,23,71.72,Pieces
14118,5226,83,276.12,Liters
14119,9256,4,346.59,Liters
14120,9336,131,397.21,Pieces
14121,3215,125,178.79,Pieces
14122,6657,37,385.64,Kg
14123,4084,93,59.03,Liters
14124,9289,8,348.12,Kg
14125,9874,120,53.96,Kg
14126,5954,8,379.98,Liters
14127,9310,55,78.59,Kg
14128,8378,120,431.14,Pieces
14129,4270,19,173.77,Pieces
14130,3777,29,307.57,Kg
14131,8197,138,22.74,Liters
14132,6495,98,359.96,Pieces
14133,3879,18,443.43,Pieces
14134,5275,128,397.62,Kg
14135,6255,47,210.1,Kg
14136,3573,61,490.79,Pieces
14137,1939,123,460.94,Pieces
14138,3559,3,331.2,Pieces
14139,1276,94,406.32,Pieces
14140,5003,78,65.47,Pieces
14141,3465,86,332.47,Liters
14142,2046,42,477.05,Liters
14143,8736,126,4.7,Pieces
14144,3666,13,37.82,Liters
14145,1569,119,145.67,Kg
14146,8731,58,109.07,Liters
14147,8801,122,217.11,Liters
14148,4663,136,396.42,Kg
14149,4015,132,163.04,Pieces
14150,4477,22,483.59,Kg
14151,6474,121,63.69,Kg
14152,361,92,72.48,Kg
14153,1617,136,53.6,Pieces
14154,7995,149,220.84,Kg
14155,4133,110,220.35,Liters
14156,635,142,391.51,Kg
14157,927,6,162.04,Pieces
14158,6416,78,291.25,Kg
14159,443,10,148.77,Kg
14160,1059,120,413.27,Kg
14161,8753,73,292.48,Kg
14162,2704,112,248.63,Pieces
14163,2112,76,19.03,Kg
14164,8356,20,429.55,Kg
14165,5403,53,496.35,Liters
14166,6144,148,383.78,Pieces
14167,1813,145,403.27,Pieces
14168,5272,44,252.58,Pieces
14169,9407,6,265.19,Kg
14170,4685,87,351.88,Liters
14171,9790,122,58.93,Kg
14172,1052,95,384.97,Pieces
14173,3017,107,383.4,Pieces
14174,2577,134,171.81,Liters
14175,1860,80,380.14,Kg
14176,7334,19,3.15,Kg
14177,1049,145,415.75,Liters
14178,9628,79,440.95,Liters
14179,7770,60,319.34,Pieces
14180,5012,7,58.28,Liters
14181,650,56,227.31,Kg
14182,8184,22,367.85,Kg
14183,1504,19,251.31,Pieces
14184,1690,108,138.0,Kg
14185,4342,89,293.09,Liters
14186,9966,149,306.95,Pieces
14187,2070,114,121.82,Kg
14188,9018,42,238.39,Kg
14189,8735,58,291.76,Kg
14190,2426,60,161.57,Liters
14191,5166,105,54.2,Liters
14192,4637,52,198.66,Kg
14193,2079,11,127.4,Kg
14194,6051,36,39.52,Pieces
14195,7324,37,286.06,Liters
14196,6017,104,232.81,Kg
14197,2158,2,212.98,Kg
14198,6080,61,12.6,Liters
14199,2583,45,250.23,Pieces
14200,2336,102,208.41,Kg
14201,2782,137,94.39,Liters
14202,1379,104,133.6,Pieces
14203,2933,6,30.51,Kg
14204,2721,31,394.67,Liters
14205,9544,46,18.03,Liters
14206,531,40,328.08,Kg
14207,7741,107,142.94,Liters
14208,4562,7,321.96,Pieces
14209,3658,90,332.42,Pieces
14210,1052,87,139.39,Pieces
14211,6047,65,353.69,Liters
14212,1446,66,499.97,Liters
14213,9903,18,491.69,Liters
14214,5551,131,226.69,Liters
14215,7232,39,17.95,Liters
14216,8901,134,200.12,Pieces
14217,3432,26,449.52,Kg
14218,6174,2,405.05,Liters
14219,4057,147,305.51,Pieces
14220,4708,44,268.52,Liters
14221,4687,19,245.21,Kg
14222,81,24,362.4,Liters
14223,449,96,215.95,Kg
14224,847,142,395.4,Pieces
14225,1060,79,1.81,Liters
14226,7144,39,216.25,Pieces
14227,4718,20,355.14,Kg
14228,5607,57,404.04,Pieces
14229,5853,3,179.94,Kg
14230,9014,137,303.06,Kg
14231,5042,1,391.38,Pieces
14232,9004,148,348.93,Kg
14233,756,72,320.11,Kg
14234,9376,101,231.72,Pieces
14235,2407,106,332.29,Pieces
14236,173,43,166.34,Liters
14237,4219,69,291.03,Pieces
14238,6438,52,493.15,Kg
14239,7767,69,168.74,Liters
14240,6893,41,44.61,Pieces
14241,2610,120,131.13,Kg
14242,9248,72,82.35,Liters
14243,4080,78,100.51,Kg
14244,2608,124,417.18,Liters
14245,8629,39,481.24,Liters
14246,2400,44,43.22,Pieces
14247,9020,123,303.21,Liters
14248,9205,63,366.03,Liters
14249,8831,80,217.53,Liters
14250,4308,94,215.99,Pieces
14251,1179,85,458.66,Kg
14252,614,132,46.33,Kg
14253,3807,136,176.17,Liters
14254,4612,70,1.32,Kg
14255,6421,89,414.95,Kg
14256,6197,57,382.86,Kg
14257,4407,79,313.44,Pieces
14258,3018,17,347.77,Liters
14259,2182,29,273.01,Kg
14260,4395,107,58.8,Liters
14261,2521,113,218.51,Liters
14262,392,99,152.71,Liters
14263,2167,62,323.21,Pieces
14264,8113,79,82.03,Pieces
14265,2656,143,33.1,Kg
14266,7247,99,224.5,Pieces
14267,324,87,342.75,Liters
14268,5148,129,350.36,Pieces
14269,6209,149,220.01,Liters
14270,9882,44,24.38,Liters
14271,5209,36,236.1,Liters
14272,1971,50,464.66,Liters
14273,1770,89,156.48,Liters
14274,322,105,195.63,Pieces
14275,237,9,487.13,Pieces
14276,5810,10,406.46,Kg
14277,2181,105,247.41,Pieces
14278,7407,24,121.22,Kg
14279,2128,45,238.03,Liters
14280,8910,17,108.39,Liters
14281,967,138,251.13,Pieces
14282,2629,60,264.95,Liters
14283,7484,18,235.47,Liters
14284,3885,123,84.8,Liters
14285,7035,40,449.64,Pieces
14286,4560,146,466.7,Liters
14287,9693,58,459.82,Pieces
14288,5068,96,423.74,Liters
14289,4480,66,492.58,Kg
14290,4798,148,127.61,Liters
14291,4263,132,139.08,Kg
14292,1631,72,353.36,Liters
14293,874,13,337.82,Pieces
14294,6945,41,378.96,Pieces
14295,8259,115,14.73,Kg
14296,1734,16,497.51,Liters
14297,4829,16,8.75,Kg
14298,2757,21,4.95,Liters
14299,3692,38,397.89,Kg
14300,1114,137,349.11,Kg
14301,6869,74,139.65,Kg
14302,4756,16,94.43,Pieces
14303,896,69,447.6,Liters
14304,140,140,486.79,Kg
14305,3117,36,249.29,Kg
14306,4577,10,463.47,Kg
14307,7943,94,14.42,Pieces
14308,6518,102,253.96,Kg
14309,8785,2,370.29,Pieces
14310,9096,132,64.25,Kg
14311,1884,108,44.06,Pieces
14312,6401,67,386.42,Pieces
14313,6128,93,72.5,Liters
14314,8714,13,148.18,Liters
14315,3667,89,466.14,Liters
14316,7837,93,61.98,Pieces
14317,3722,118,278.44,Liters
14318,4978,3,345.44,Liters
14319,1472,99,285.29,Kg
14320,4526,31,396.82,Pieces
14321,8700,116,240.1,Kg
14322,7049,90,465.32,Pieces
14323,7103,61,96.51,Pieces
14324,2171,4,219.39,Kg
14325,3471,18,279.62,Pieces
14326,6674,140,373.14,Pieces
14327,2833,119,442.86,Liters
14328,5786,72,41.79,Pieces
14329,8277,130,476.79,Pieces
14330,1039,128,62.57,Pieces
14331,1948,29,95.78,Liters
14332,8192,34,127.3,Pieces
14333,1467,120,439.05,Liters
14334,8527,5,357.86,Pieces
14335,1851,121,289.05,Kg
14336,5901,20,59.91,Kg
14337,4646,144,156.75,Pieces
14338,9701,115,320.33,Pieces
14339,241,58,36.45,Liters
14340,3306,149,402.27,Pieces
14341,3772,1,490.05,Kg
14342,9871,129,460.41,Liters
14343,4019,20,239.0,Kg
14344,8052,23,366.12,Pieces
14345,2990,29,371.97,Liters
14346,933,99,167.49,Kg
14347,1611,4,321.01,Pieces
14348,3529,129,183.93,Liters
14349,7948,16,371.91,Pieces
14350,4095,111,478.56,Pieces
14351,2242,140,178.5,Kg
14352,1018,32,128.05,Kg
14353,1000,128,435.63,Pieces
14354,7604,23,10.76,Kg
14355,8192,111,202.23,Pieces
14356,7441,60,357.31,Liters
14357,5787,126,132.64,Liters
14358,9712,66,377.74,Liters
14359,2075,5,370.33,Kg
14360,7925,120,405.63,Kg
14361,8514,98,38.32,Kg
14362,6498,126,444.0,Kg
14363,5614,101,236.58,Pieces
14364,4368,114,144.68,Pieces
14365,1861,101,470.23,Kg
14366,2883,94,438.7,Liters
14367,3553,70,460.73,Liters
14368,640,21,230.33,Kg
14369,1958,13,137.29,Kg
14370,14,78,34.57,Pieces
14371,8571,122,311.13,Liters
14372,3389,43,85.07,Kg
14373,8637,40,497.94,Pieces
14374,6505,1,6.54,Liters
14375,6653,4,325.07,Pieces
14376,8911,2,212.04,Kg
14377,1598,58,474.57,Pieces
14378,3500,7,50.96,Pieces
14379,8646,147,45.33,Liters
14380,7782,77,225.03,Liters
14381,290,125,363.67,Pieces
14382,8879,49,259.81,Kg
14383,568,21,340.29,Liters
14384,9153,83,3.37,Pieces
14385,5507,147,268.18,Liters
14386,1585,141,471.66,Pieces
14387,8154,148,40.53,Liters
14388,7859,34,199.9,Kg
14389,9269,38,96.97,Liters
14390,3790,110,231.19,Liters
14391,1918,49,20.01,Liters
14392,3392,140,389.65,Kg
14393,7150,96,481.2,Kg
14394,3389,84,474.78,Liters
14395,5461,17,111.31,Liters
14396,1864,15,224.01,Liters
14397,966,143,202.79,Liters
14398,4042,98,425.04,Kg
14399,7527,104,150.17,Pieces
14400,4880,87,111.06,Kg
14401,9243,10,210.06,Kg
14402,6779,5,18.37,Kg
14403,1544,94,36.34,Pieces
14404,9115,4,112.19,Liters
14405,3325,105,93.92,Pieces
14406,8653,32,481.4,Pieces
14407,3339,150,215.46,Liters
14408,7682,111,270.63,Liters
14409,9178,129,446.82,Pieces
14410,6477,10,417.84,Pieces
14411,5355,35,232.44,Liters
14412,230,99,374.66,Liters
14413,7904,45,414.67,Liters
14414,6027,84,288.24,Pieces
14415,203,19,317.2,Pieces
14416,4959,4,473.62,Kg
14417,1568,138,408.14,Pieces
14418,326,51,224.23,Pieces
14419,7520,78,301.04,Pieces
14420,2357,142,186.14,Liters
14421,5641,140,122.32,Kg
14422,5599,99,174.21,Kg
14423,674,3,434.84,Pieces
14424,7659,77,355.99,Pieces
14425,5063,137,272.81,Kg
14426,8281,86,269.55,Kg
14427,2403,25,400.58,Kg
14428,4037,85,56.57,Pieces
14429,521,73,361.7,Liters
14430,2532,133,420.25,Liters
14431,4838,10,170.78,Liters
14432,5500,64,444.46,Pieces
14433,302,117,179.55,Kg
14434,8029,14,178.53,Kg
14435,1170,39,296.66,Pieces
14436,4655,101,487.16,Liters
14437,860,4,58.66,Kg
14438,2803,89,9.52,Liters
14439,8676,135,55.54,Pieces
14440,198,146,459.82,Liters
14441,2351,95,35.66,Kg
14442,8146,30,127.69,Pieces
14443,5860,36,394.54,Kg
14444,5198,107,136.56,Kg
14445,3626,83,240.69,Pieces
14446,2760,26,77.88,Kg
14447,3797,17,11.88,Pieces
14448,7318,60,374.89,Kg
14449,2650,89,326.66,Pieces
14450,1767,17,353.67,Liters
14451,1876,33,244.79,Kg
14452,6045,79,104.4,Kg
14453,520,112,439.07,Kg
14454,1051,46,131.26,Kg
14455,7543,141,440.85,Pieces
14456,1313,79,6.98,Liters
14457,6652,107,62.19,Kg
14458,8034,99,362.99,Pieces
14459,6127,124,186.82,Kg
14460,3711,134,103.04,Pieces
14461,2187,52,93.88,Kg
14462,9692,128,3.62,Kg
14463,9071,85,259.96,Liters
14464,2487,22,252.19,Kg
14465,7456,21,58.5,Liters
14466,1559,2,250.3,Kg
14467,7025,89,334.81,Pieces
14468,9475,100,149.97,Liters
14469,452,109,427.29,Pieces
14470,8556,125,307.74,Pieces
14471,7907,52,257.13,Kg
14472,5181,86,32.51,Pieces
14473,1573,69,283.4,Pieces
14474,7941,135,2.62,Kg
14475,6672,144,322.06,Kg
14476,3604,37,231.02,Liters
14477,1804,147,31.66,Kg
14478,185,146,47.78,Kg
14479,5892,138,39.01,Kg
14480,8661,58,337.61,Pieces
14481,2989,43,311.5,Pieces
14482,9832,149,108.04,Liters
14483,7245,83,239.95,Kg
14484,2193,149,54.33,Liters
14485,5254,129,42.22,Pieces
14486,7382,17,230.09,Kg
14487,3029,94,481.39,Liters
14488,722,58,275.9,Kg
14489,3790,141,496.66,Pieces
14490,4296,101,130.74,Liters
14491,1968,110,370.34,Kg
14492,6199,76,291.3,Liters
14493,4472,103,222.49,Liters
14494,4054,121,365.49,Liters
14495,1353,54,482.24,Kg
14496,3047,105,442.49,Kg
14497,7770,23,340.61,Liters
14498,3445,54,145.09,Pieces
14499,9581,66,260.91,Pieces
14500,4410,91,56.92,Kg
14501,8463,90,152.36,Liters
14502,8378,91,153.72,Kg
14503,1632,8,435.13,Pieces
14504,9879,15,377.67,Liters
14505,3055,44,234.97,Liters
14506,5984,126,498.97,Kg
14507,4533,25,144.65,Kg
14508,9528,46,215.14,Kg
14509,2192,121,161.97,Kg
14510,9520,52,498.5,Liters
14511,9929,29,309.31,Liters
14512,2925,68,466.06,Kg
14513,5874,150,233.04,Liters
14514,7817,33,46.59,Liters
14515,5585,78,111.19,Kg
14516,5370,114,372.69,Kg
14517,6161,119,326.1,Liters
14518,7173,79,47.7,Kg
14519,2128,128,271.24,Liters
14520,1542,25,329.04,Liters
14521,7151,72,197.3,Pieces
14522,6572,15,315.98,Kg
14523,7008,136,490.05,Kg
14524,4305,32,125.29,Pieces
14525,7725,2,424.71,Liters
14526,1187,69,32.35,Kg
14527,3059,115,39.68,Liters
14528,1989,77,348.4,Pieces
14529,4647,117,166.16,Liters
14530,4901,80,43.0,Kg
14531,330,15,76.35,Kg
14532,4266,81,253.9,Kg
14533,5131,36,127.58,Pieces
14534,3865,47,70.56,Kg
14535,8665,53,90.83,Kg
14536,1817,30,375.44,Liters
14537,4443,39,452.5,Pieces
14538,2100,91,258.21,Pieces
14539,5413,85,415.31,Pieces
14540,2058,85,219.92,Kg
14541,3330,54,154.57,Kg
14542,4741,40,308.01,Pieces
14543,7017,51,84.45,Pieces
14544,679,70,473.76,Pieces
14545,1910,109,242.37,Liters
14546,8997,144,276.5,Kg
14547,8264,146,62.95,Pieces
14548,6766,51,20.84,Pieces
14549,8979,60,251.86,Kg
14550,6235,54,120.69,Kg
14551,4208,33,344.24,Liters
14552,2373,109,365.96,Pieces
14553,3571,117,262.07,Kg
14554,18,64,395.64,Kg
14555,1043,38,402.61,Liters
14556,7488,86,85.84,Liters
14557,6631,105,445.64,Kg
14558,362,84,416.84,Liters
14559,7596,102,381.69,Liters
14560,7147,123,379.39,Pieces
14561,4960,33,167.72,Pieces
14562,4678,24,207.87,Kg
14563,3729,130,426.45,Pieces
14564,559,43,202.1,Kg
14565,8120,37,272.95,Liters
14566,5179,89,351.84,Kg
14567,1723,67,41.69,Pieces
14568,6558,29,126.06,Liters
14569,1413,130,66.35,Kg
14570,3347,78,139.29,Liters
14571,9120,19,369.05,Kg
14572,1250,119,421.89,Kg
14573,6078,148,40.16,Liters
14574,1950,69,25.5,Kg
14575,6900,10,359.02,Liters
14576,1891,143,266.61,Pieces
14577,5636,98,392.21,Pieces
14578,4000,138,329.86,Pieces
14579,4261,149,25.46,Liters
14580,9828,57,411.23,Liters
14581,3040,32,338.5,Pieces
14582,8911,110,183.75,Pieces
14583,5873,105,195.39,Pieces
14584,9940,128,141.95,Pieces
14585,7722,76,470.34,Liters
14586,757,3,474.27,Liters
14587,5785,69,102.81,Pieces
14588,6975,93,316.55,Pieces
14589,5553,104,318.13,Kg
14590,6544,87,147.11,Kg
14591,9528,132,25.45,Liters
14592,8196,82,63.89,Pieces
14593,6112,113,266.61,Kg
14594,9017,59,459.22,Liters
14595,2172,52,167.77,Pieces
14596,5648,20,127.86,Pieces
14597,9782,37,384.03,Kg
14598,185,55,352.19,Kg
14599,1073,106,424.66,Pieces
14600,9147,23,43.54,Kg
14601,9015,30,56.12,Kg
14602,4628,95,198.81,Pieces
14603,3492,123,5.48,Pieces
14604,7773,140,492.59,Kg
14605,7932,96,474.37,Pieces
14606,1092,149,250.01,Kg
14607,1672,32,254.99,Liters
14608,8487,59,434.74,Pieces
14609,4658,108,320.61,Pieces
14610,9202,119,483.17,Kg
14611,5,102,431.64,Liters
14612,4236,91,429.14,Kg
14613,1839,134,44.5,Liters
14614,9560,145,251.07,Kg
14615,3420,136,224.78,Kg
14616,2045,1,228.57,Pieces
14617,1983,144,254.99,Kg
14618,8653,42,305.69,Pieces
14619,8766,137,280.38,Pieces
14620,1937,35,343.24,Pieces
14621,1635,7,35.16,Liters
14622,1839,45,270.79,Liters
14623,5652,133,362.38,Liters
14624,6450,48,71.13,Pieces
14625,8088,73,411.34,Liters
14626,5283,145,423.8,Pieces
14627,9387,63,83.87,Pieces
14628,5335,95,27.27,Kg
14629,361,119,458.56,Liters
14630,5484,22,35.42,Kg
14631,576,99,36.9,Kg
14632,760,19,33.95,Pieces
14633,8090,26,344.73,Liters
14634,1458,98,149.68,Liters
14635,524,124,387.33,Liters
14636,7488,64,433.79,Pieces
14637,3254,8,459.57,Kg
14638,5128,129,104.43,Liters
14639,61,143,459.92,Kg
14640,8400,58,303.82,Liters
14641,9787,99,393.61,Kg
14642,5992,43,286.14,Pieces
14643,7793,8,51.46,Pieces
14644,7165,144,228.05,Pieces
14645,8106,107,42.7,Liters
14646,6483,93,285.01,Pieces
14647,4968,56,167.93,Kg
14648,6065,47,70.26,Kg
14649,3917,19,273.05,Liters
14650,6486,112,356.92,Liters
14651,6824,96,305.26,Liters
14652,9705,121,227.18,Kg
14653,9769,135,464.32,Pieces
14654,6291,36,225.54,Pieces
14655,5753,124,459.65,Pieces
14656,1367,119,186.94,Kg
14657,9408,65,80.23,Liters
14658,8475,60,197.73,Liters
14659,8398,41,45.67,Pieces
14660,587,39,170.98,Liters
14661,9872,149,33.51,Kg
14662,4291,17,133.57,Kg
14663,6639,33,172.09,Kg
14664,4232,99,64.48,Kg
14665,40,143,56.49,Pieces
14666,696,96,101.03,Kg
14667,3593,23,103.37,Kg
14668,5633,111,456.75,Liters
14669,6985,69,321.94,Pieces
14670,363,138,439.08,Liters
14671,7065,111,410.48,Pieces
14672,7151,128,306.03,Liters
14673,5310,38,473.66,Liters
14674,3894,98,257.83,Pieces
14675,2920,128,317.41,Kg
14676,9139,46,46.01,Kg
14677,6998,85,374.24,Kg
14678,2537,94,76.82,Liters
14679,6814,68,19.84,Kg
14680,2889,135,169.07,Kg
14681,3687,150,6.44,Liters
14682,3671,122,144.19,Liters
14683,8466,2,335.37,Liters
14684,3462,104,398.92,Liters
14685,7319,101,258.31,Pieces
14686,2444,39,408.66,Pieces
14687,2936,66,470.37,Pieces
14688,7019,46,445.92,Liters
14689,1934,47,374.23,Kg
14690,7346,112,265.31,Liters
14691,4325,80,45.11,Pieces
14692,9422,29,171.66,Kg
14693,7988,107,378.14,Liters
14694,6119,107,450.46,Pieces
14695,5358,118,365.42,Kg
14696,1454,94,250.56,Pieces
14697,8118,80,108.67,Kg
14698,7855,13,379.3,Kg
14699,612,60,184.36,Liters
14700,6670,64,415.11,Kg
14701,7567,100,387.35,Pieces
14702,7931,122,94.03,Pieces
14703,2379,10,187.08,Pieces
14704,2083,81,155.76,Liters
14705,3883,111,33.69,Liters
14706,3257,29,490.98,Liters
14707,2149,53,447.81,Liters
14708,8616,150,43.03,Pieces
14709,4537,67,353.26,Kg
14710,852,10,172.72,Liters
14711,3058,98,52.96,Pieces
14712,6342,43,83.05,Kg
14713,9501,96,304.38,Kg
14714,7329,149,179.51,Liters
14715,2778,4,302.58,Pieces
14716,3876,25,146.16,Kg
14717,9025,48,47.83,Pieces
14718,4445,120,149.08,Pieces
14719,7689,70,234.21,Pieces
14720,5293,116,309.93,Kg
14721,1593,76,344.85,Kg
14722,7923,141,489.0,Pieces
14723,5024,147,445.5,Liters
14724,7417,102,158.12,Liters
14725,718,47,185.44,Liters
14726,1072,123,325.71,Kg
14727,9661,142,91.53,Pieces
14728,1624,23,174.34,Liters
14729,5558,100,298.97,Liters
14730,7873,17,357.79,Kg
14731,5314,13,403.15,Liters
14732,5459,59,180.45,Pieces
14733,2526,115,436.64,Pieces
14734,2344,116,186.28,Pieces
14735,4483,36,379.34,Pieces
14736,5162,105,414.49,Pieces
14737,9705,61,381.84,Kg
14738,2205,15,166.72,Liters
14739,943,36,330.89,Liters
14740,5992,69,474.01,Pieces
14741,1982,38,90.9,Pieces
14742,4782,133,56.71,Kg
14743,5654,30,352.45,Liters
14744,5901,126,306.57,Pieces
14745,5177,108,377.85,Liters
14746,2376,89,44.14,Liters
14747,5794,138,311.41,Pieces
14748,8596,14,304.09,Liters
14749,5790,9,348.7,Kg
14750,7606,14,379.62,Liters
14751,9146,144,365.71,Liters
14752,6837,127,383.98,Liters
14753,1137,2,401.34,Liters
14754,6127,15,440.6,Pieces
14755,7413,17,271.6,Kg
14756,9422,56,199.95,Liters
14757,4287,99,45.76,Liters
14758,4474,36,11.78,Kg
14759,7669,138,377.47,Liters
14760,4107,103,430.32,Liters
14761,2554,130,68.29,Liters
14762,2514,25,358.52,Liters
14763,69,140,138.42,Kg
14764,8644,148,139.3,Pieces
14765,4964,124,417.61,Liters
14766,2582,54,312.19,Pieces
14767,1736,57,240.52,Kg
14768,1360,117,154.43,Kg
14769,2495,139,422.35,Pieces
14770,9361,42,475.8,Liters
14771,8427,46,186.3,Liters
14772,2744,92,221.1,Kg
14773,2841,38,72.11,Pieces
14774,5807,77,439.69,Kg
14775,5915,12,460.26,Liters
14776,5960,67,221.24,Liters
14777,3068,7,38.15,Pieces
14778,2597,60,431.56,Liters
14779,2520,1,279.16,Kg
14780,6582,32,209.35,Liters
14781,4676,23,485.42,Liters
14782,9753,28,96.59,Pieces
14783,2387,113,208.6,Kg
14784,6440,29,46.32,Liters
14785,2344,17,339.39,Liters
14786,545,150,435.12,Kg
14787,5634,71,35.97,Liters
14788,8874,54,13.47,Kg
14789,7838,133,46.89,Liters
14790,6561,146,149.85,Kg
14791,1230,21,13.17,Liters
14792,740,146,469.12,Pieces
14793,7062,102,184.12,Liters
14794,8075,48,436.0,Liters
14795,9948,80,332.52,Kg
14796,9468,3,58.38,Liters
14797,6669,96,264.28,Kg
14798,3558,125,172.6,Liters
14799,6380,128,183.77,Kg
14800,6396,112,458.14,Liters
14801,43,93,115.96,Liters
14802,8810,42,332.95,Liters
14803,9677,91,371.89,Pieces
14804,2592,93,171.21,Kg
14805,1993,144,364.51,Liters
14806,1037,25,63.79,Pieces
14807,4160,27,431.83,Liters
14808,2242,70,1.08,Pieces
14809,9278,45,338.26,Liters
14810,9342,41,200.31,Kg
14811,9873,144,469.64,Pieces
14812,8664,38,455.59,Pieces
14813,3189,55,387.38,Kg
14814,7808,93,290.74,Liters
14815,2855,2,276.08,Kg
14816,3468,107,466.19,Liters
14817,1092,16,44.73,Liters
14818,7203,51,312.14,Pieces
14819,9614,48,54.85,Liters
14820,1698,106,16.91,Liters
14821,2770,71,497.38,Liters
14822,4020,112,250.14,Kg
14823,5896,102,213.22,Liters
14824,6228,26,118.63,Pieces
14825,1098,150,208.63,Liters
14826,9936,121,227.31,Kg
14827,6619,28,154.64,Pieces
14828,102,86,216.51,Liters
14829,9746,73,419.99,Pieces
14830,8577,145,46.93,Liters
14831,9823,115,126.14,Kg
14832,9270,144,247.05,Kg
14833,5161,3,435.73,Liters
14834,7880,31,440.98,Pieces
14835,8915,147,428.71,Liters
14836,7640,142,236.83,Pieces
14837,2841,150,452.2,Liters
14838,155,96,414.14,Liters
14839,628,134,207.56,Liters
14840,6666,71,435.82,Pieces
14841,9182,106,391.51,Kg
14842,1484,122,5.16,Pieces
14843,9863,137,355.08,Pieces
14844,7536,99,444.2,Kg
14845,1282,58,10.22,Pieces
14846,983,121,471.36,Pieces
14847,2288,82,109.36,Liters
14848,9633,87,90.85,Kg
14849,910,125,23.69,Pieces
14850,4348,127,220.79,Liters
14851,4217,102,137.62,Liters
14852,5243,14,92.83,Kg
14853,9294,34,131.6,Pieces
14854,2373,88,51.66,Kg
14855,6911,123,416.03,Liters
14856,6627,74,52.55,Pieces
14857,181,140,94.71,Pieces
14858,8842,27,345.27,Kg
14859,3826,47,448.56,Liters
14860,4114,105,210.11,Kg
14861,2453,99,368.53,Pieces
14862,3019,7,334.06,Liters
14863,5234,59,258.96,Pieces
14864,8192,30,283.33,Liters
14865,4701,149,20.01,Kg
14866,4470,122,350.09,Pieces
14867,2166,28,113.24,Pieces
14868,5755,24,441.69,Pieces
14869,5879,115,313.29,Pieces
14870,5374,15,497.67,Kg
14871,1505,99,3.02,Kg
14872,6531,93,452.25,Kg
14873,2366,52,63.41,Liters
14874,8913,53,308.76,Pieces
14875,8496,33,137.55,Liters
14876,6192,74,407.07,Liters
14877,3190,64,367.11,Liters
14878,93,139,470.49,Liters
14879,4575,41,196.15,Liters
14880,5680,101,109.99,Pieces
14881,7995,70,389.06,Kg
14882,8462,55,221.31,Liters
14883,6147,136,157.77,Kg
14884,5773,121,453.95,Liters
14885,8481,106,385.77,Pieces
14886,9812,34,84.85,Kg
14887,312,147,121.9,Kg
14888,5966,61,232.5,Liters
14889,7178,72,416.54,Pieces
14890,1139,99,347.81,Kg
14891,7111,138,338.04,Liters
14892,1008,93,363.86,Liters
14893,6160,64,237.49,Pieces
14894,8982,38,473.11,Kg
14895,7648,125,212.63,Kg
14896,1814,118,123.42,Pieces
14897,5126,15,148.65,Kg
14898,5853,61,233.33,Kg
14899,456,136,122.11,Kg
14900,4352,23,204.2,Kg
14901,1868,91,60.54,Liters
14902,9905,140,148.6,Liters
14903,4716,14,220.71,Liters
14904,9164,137,246.49,Pieces
14905,7557,97,266.91,Liters
14906,7816,17,240.43,Kg
14907,5047,133,235.75,Pieces
14908,9084,98,51.34,Liters
14909,5084,97,49.81,Liters
14910,1552,46,437.23,Kg
14911,5939,60,356.59,Liters
14912,5868,81,23.93,Kg
14913,1742,46,477.49,Pieces
14914,8552,58,212.34,Liters
14915,9152,90,276.85,Liters
14916,1566,12,10.21,Kg
14917,6635,145,315.91,Kg
14918,4201,73,411.08,Pieces
14919,9482,7,354.79,Kg
14920,8814,69,351.51,Liters
14921,7582,22,360.29,Liters
14922,5582,46,138.72,Liters
14923,6937,149,24.01,Liters
14924,1334,97,107.99,Kg
14925,112,87,144.33,Liters
14926,6590,140,409.91,Pieces
14927,412,103,71.35,Liters
14928,8335,11,54.43,Kg
14929,3727,119,423.83,Liters
14930,8883,25,179.86,Liters
14931,8263,47,486.91,Kg
14932,3073,40,357.12,Liters
14933,686,28,23.58,Pieces
14934,2310,75,243.58,Kg
14935,1263,85,57.51,Pieces
14936,5363,6,8.67,Kg
14937,4906,42,284.42,Kg
14938,4570,103,4.08,Kg
14939,4203,5,247.64,Liters
14940,3136,99,75.35,Pieces
14941,8623,64,24.16,Liters
14942,5801,16,302.17,Liters
14943,4072,52,231.74,Liters
14944,2976,76,405.72,Kg
14945,1764,119,134.9,Kg
14946,5083,36,496.42,Liters
14947,8124,48,410.1,Kg
14948,4275,114,107.38,Liters
14949,5318,59,195.05,Kg
14950,8813,34,379.44,Pieces
14951,3264,81,329.02,Pieces
14952,2253,111,103.85,Kg
14953,6959,25,255.26,Pieces
14954,3033,100,257.86,Pieces
14955,244,35,187.63,Liters
14956,4393,45,387.11,Kg
14957,7608,110,164.53,Pieces
14958,2193,12,482.23,Pieces
14959,6311,115,58.58,Kg
14960,5436,76,478.47,Pieces
14961,9512,105,276.66,Pieces
14962,4767,113,98.37,Pieces
14963,6013,145,8.47,Pieces
14964,8523,119,10.63,Kg
14965,5332,133,455.33,Kg
14966,6241,87,64.76,Kg
14967,5394,34,418.75,Pieces
14968,6304,92,344.76,Pieces
14969,2258,10,17.12,Kg
14970,2425,106,211.85,Pieces
14971,5088,52,335.78,Liters
14972,3511,69,241.6,Liters
14973,8536,108,159.61,Liters
14974,4048,52,486.89,Liters
14975,4308,52,423.52,Kg
14976,5695,20,25.12,Liters
14977,9374,9,392.71,Liters
14978,85,2,493.59,Liters
14979,7070,69,480.57,Liters
14980,7183,116,260.55,Pieces
14981,8348,46,374.13,Liters
14982,9300,103,235.0,Liters
14983,4127,61,79.22,Pieces
14984,2874,14,353.07,Liters
14985,6498,87,285.14,Liters
14986,1454,10,125.19,Kg
14987,8228,11,338.43,Pieces
14988,1039,58,3.19,Kg
14989,1230,147,307.19,Liters
14990,4296,88,49.02,Liters
14991,2037,39,175.52,Pieces
14992,9602,40,444.22,Pieces
14993,4907,83,380.65,Kg
14994,1946,146,122.38,Kg
14995,5291,148,284.37,Liters
14996,1300,96,363.09,Pieces
14997,1829,59,328.85,Pieces
14998,3883,95,412.47,Pieces
14999,8996,74,367.11,Liters
15000,7275,106,85.18,Kg
