batch_id,product_id,machine_id,operator_id,production_date,planned_quantity,produced_quantity,batch_status
1,21,49,142,2025-06-07,1974,2003,Delayed
2,16,3,110,2025-12-04,984,934,Completed
3,14,49,27,2025-03-04,825,726,Completed
4,40,20,138,2025-11-19,530,510,Completed
5,8,57,33,2025-01-14,1770,1735,Completed
6,1,66,108,2025-11-07,1519,1564,Delayed
7,12,43,66,2025-01-25,1801,1742,Completed
8,23,69,33,2025-04-02,1368,1250,Rejected
9,34,8,29,2025-03-07,625,566,Delayed
10,28,72,128,2025-07-07,1315,1257,Completed
11,22,49,14,2025-01-18,1029,943,Delayed
12,25,5,54,2025-05-26,1729,1615,Delayed
13,4,38,29,2025-10-05,1678,1430,Completed
14,17,27,96,2025-09-01,1017,870,Completed
15,10,43,70,2025-11-01,1539,1465,Completed
16,2,50,59,2025-02-01,854,845,Delayed
17,21,37,141,2025-12-27,1574,1534,Delayed
18,31,34,67,2025-03-23,746,703,Delayed
19,5,59,67,2025-10-21,1422,1246,Rejected
20,25,14,88,2025-10-19,910,900,Completed
21,7,31,132,2025-08-02,567,556,Rejected
22,14,2,79,2025-01-09,1844,1605,Completed
23,2,27,56,2025-12-10,1604,1436,Rejected
24,12,75,147,2025-02-05,1239,1118,Completed
25,33,57,115,2025-06-02,1359,1267,Delayed
26,23,50,95,2025-06-15,1869,1690,Completed
27,31,70,68,2025-12-01,1032,939,Rejected
28,23,60,67,2025-11-11,1366,1230,Completed
29,14,14,81,2025-03-03,719,681,Completed
30,39,55,89,2025-02-17,1069,1079,Completed
31,2,36,53,2025-02-26,1262,1271,Rejected
32,6,47,18,2025-09-13,690,709,Completed
33,39,43,46,2025-04-10,1042,1083,Rejected
34,40,63,24,2025-08-05,649,615,Completed
35,40,35,46,2025-08-30,673,594,Completed
36,16,29,54,2025-11-18,1995,1922,Completed
37,10,34,66,2025-07-12,1815,1562,Delayed
38,36,21,16,2025-07-17,1723,1534,Rejected
39,18,20,57,2025-06-12,546,494,Completed
40,19,56,51,2025-08-14,1725,1737,Completed
41,17,12,19,2025-10-12,516,505,Rejected
42,33,61,54,2025-09-12,1984,1883,Delayed
43,27,21,47,2025-07-22,1798,1745,Completed
44,20,4,62,2025-12-16,703,627,Completed
45,24,23,125,2025-10-20,630,630,Completed
46,3,14,70,2025-03-17,974,863,Completed
47,17,69,31,2025-02-12,1741,1547,Completed
48,40,59,34,2025-05-12,753,662,Completed
49,22,54,146,2025-06-14,1870,1714,Delayed
50,5,6,67,2025-09-28,1375,1352,Rejected
51,6,73,119,2025-05-27,1907,1765,Completed
52,27,24,55,2025-12-23,747,635,Delayed
53,1,36,21,2025-04-26,1318,1172,Completed
54,27,74,103,2025-07-28,903,844,Completed
55,20,12,140,2025-11-10,1064,972,Completed
56,33,38,17,2025-10-18,1846,1831,Completed
57,40,46,98,2025-09-01,1988,2029,Completed
58,1,74,28,2025-05-25,1634,1626,Completed
59,34,29,107,2025-03-01,1060,1045,Delayed
60,7,72,51,2025-07-28,1863,1863,Completed
61,24,57,7,2025-09-10,949,875,Completed
62,36,59,58,2025-06-07,1853,1840,Completed
63,37,48,142,2025-11-08,1805,1843,Completed
64,10,66,34,2025-06-23,1879,1858,Rejected
65,30,45,127,2025-09-10,1997,1772,Completed
66,25,60,26,2025-06-17,1464,1528,Delayed
67,10,17,34,2025-10-12,1287,1286,Delayed
68,6,25,87,2025-07-15,1229,1075,Completed
69,19,19,6,2025-04-18,762,647,Completed
70,23,55,75,2025-08-11,1330,1265,Delayed
71,3,45,110,2025-12-15,1730,1621,Completed
72,40,55,91,2025-01-04,543,510,Completed
73,27,36,148,2025-04-28,1157,1113,Completed
74,25,18,110,2025-03-25,1826,1799,Completed
75,39,13,134,2025-09-24,1567,1517,Completed
76,38,65,81,2025-04-01,857,887,Rejected
77,28,33,127,2025-02-01,1686,1612,Rejected
78,20,53,48,2025-04-07,723,657,Completed
79,30,31,52,2025-07-16,1901,1632,Delayed
80,29,60,117,2025-12-30,1127,1072,Delayed
81,1,21,8,2025-12-28,1711,1606,Completed
82,14,64,52,2025-12-10,1606,1404,Completed
83,3,46,90,2025-07-14,1053,1099,Completed
84,9,56,141,2025-05-23,848,848,Completed
85,28,67,118,2025-06-11,1442,1245,Rejected
86,36,39,112,2025-07-14,1350,1340,Rejected
87,17,64,86,2025-04-26,899,821,Delayed
88,21,72,29,2025-05-31,532,494,Completed
89,19,56,148,2025-06-16,528,543,Completed
90,31,28,90,2025-01-11,1241,1187,Delayed
91,38,63,78,2025-09-17,1232,1084,Completed
92,31,25,12,2025-10-03,1651,1622,Completed
93,35,29,123,2025-02-13,781,805,Completed
94,19,50,58,2025-12-16,1026,917,Completed
95,5,67,13,2025-09-04,690,703,Delayed
96,14,72,22,2025-06-15,1280,1325,Completed
97,40,52,89,2025-05-30,1327,1150,Delayed
98,1,5,75,2025-09-29,1552,1324,Completed
99,24,63,94,2025-09-23,1854,1684,Delayed
100,33,30,106,2025-08-24,1409,1319,Delayed
101,15,67,48,2025-02-13,1212,1160,Completed
102,31,65,1,2025-01-17,1664,1695,Completed
103,12,68,150,2025-10-11,1278,1261,Completed
104,12,17,143,2025-10-29,1695,1469,Delayed
105,11,37,122,2025-07-05,1276,1160,Delayed
106,2,41,60,2025-11-08,1688,1615,Completed
107,39,67,62,2025-08-21,1650,1518,Rejected
108,40,26,76,2025-07-17,1419,1318,Completed
109,26,26,36,2025-06-10,1323,1387,Rejected
110,33,42,124,2025-03-13,516,470,Completed
111,36,16,17,2025-11-25,1634,1608,Rejected
112,36,28,111,2025-07-23,1680,1545,Delayed
113,30,12,105,2025-01-20,1868,1742,Completed
114,28,23,132,2025-01-17,1073,968,Delayed
115,23,36,21,2025-07-22,538,461,Completed
116,24,47,72,2025-06-18,948,838,Completed
117,27,28,99,2025-02-22,675,658,Completed
118,27,31,76,2025-08-17,869,741,Completed
119,14,28,94,2025-10-24,1170,1039,Completed
120,38,11,141,2025-12-26,1274,1255,Completed
121,6,11,69,2025-02-25,1871,1724,Delayed
122,18,42,6,2025-06-04,1096,1095,Completed
123,27,70,143,2025-03-21,902,775,Completed
124,22,18,28,2025-08-14,1232,1278,Completed
125,9,35,30,2025-10-14,1055,983,Completed
126,5,38,55,2025-06-04,1029,954,Rejected
127,1,18,29,2025-07-26,930,969,Completed
128,27,28,11,2025-07-10,1294,1301,Completed
129,31,56,72,2025-08-31,1083,1019,Completed
130,18,42,142,2025-04-11,1382,1246,Delayed
131,4,3,116,2025-06-15,1764,1569,Completed
132,4,30,77,2025-02-15,1142,1162,Completed
133,5,59,45,2025-03-01,1373,1286,Completed
134,20,68,54,2025-01-10,962,921,Rejected
135,30,37,85,2025-09-24,1570,1409,Rejected
136,16,31,85,2025-11-10,697,630,Completed
137,24,16,33,2025-10-12,1543,1317,Completed
138,1,66,99,2025-05-03,626,575,Completed
139,10,75,61,2025-01-29,1568,1639,Completed
140,3,29,121,2025-06-22,1011,1052,Rejected
141,6,58,95,2025-04-22,1804,1723,Delayed
142,29,64,9,2025-03-03,695,608,Completed
143,33,59,40,2025-11-19,1657,1593,Delayed
144,20,61,146,2025-10-27,1907,1896,Completed
145,15,70,6,2025-03-26,1422,1329,Completed
146,3,14,38,2025-05-06,1315,1231,Completed
147,23,66,26,2025-06-06,569,557,Completed
148,30,50,92,2025-09-03,828,784,Delayed
149,9,52,14,2025-05-02,1634,1574,Delayed
150,36,40,99,2025-03-10,823,822,Delayed
151,10,59,65,2025-08-21,795,813,Delayed
152,13,25,54,2025-07-21,651,587,Completed
153,23,59,67,2025-10-02,1844,1899,Delayed
154,16,8,112,2025-05-09,1771,1508,Delayed
155,7,7,22,2025-09-09,702,688,Completed
156,8,28,101,2025-02-16,879,794,Rejected
157,12,57,128,2025-11-13,1618,1410,Completed
158,2,35,109,2025-04-07,573,501,Rejected
159,29,17,45,2025-09-24,1011,947,Completed
160,12,55,58,2025-09-15,1510,1366,Completed
161,30,7,30,2025-02-08,523,508,Completed
162,12,50,51,2025-08-31,541,563,Rejected
163,24,36,84,2025-06-21,966,896,Completed
164,2,45,119,2025-04-06,1833,1734,Delayed
165,11,37,59,2025-06-28,1723,1735,Completed
166,12,48,96,2025-02-13,1762,1522,Delayed
167,19,26,3,2025-11-30,1615,1415,Completed
168,35,75,129,2025-12-17,1215,1116,Completed
169,5,42,134,2025-11-05,1974,1740,Completed
170,9,9,49,2025-06-12,1804,1880,Completed
171,27,2,59,2025-03-18,1905,1811,Delayed
172,38,3,63,2025-03-15,1922,1972,Completed
173,30,42,36,2025-09-23,1145,1041,Completed
174,24,34,123,2025-01-28,1856,1614,Completed
175,20,41,38,2025-01-16,812,693,Rejected
176,7,25,87,2025-11-22,1796,1644,Completed
177,31,60,110,2025-11-25,1926,1736,Delayed
178,8,66,103,2025-01-21,1647,1657,Delayed
179,28,46,131,2025-11-03,1248,1236,Completed
180,3,72,9,2025-09-11,1833,1598,Completed
181,3,48,137,2025-11-18,957,878,Rejected
182,36,29,59,2025-10-18,887,912,Completed
183,10,21,126,2025-01-15,861,785,Completed
184,39,67,26,2025-11-21,1859,1699,Completed
185,23,67,39,2025-07-23,1877,1636,Completed
186,34,1,12,2025-06-30,1122,1017,Rejected
187,17,23,39,2025-11-14,778,759,Completed
188,21,28,19,2025-04-10,961,955,Completed
189,22,3,102,2025-03-24,1567,1566,Completed
190,24,70,84,2025-11-08,1196,1194,Rejected
191,28,62,120,2025-04-04,921,961,Completed
192,33,50,12,2025-02-19,1513,1348,Delayed
193,10,36,40,2025-12-18,507,505,Completed
194,37,66,68,2025-01-21,1831,1851,Completed
195,2,40,28,2025-03-22,946,946,Completed
196,21,3,123,2025-07-08,1291,1339,Completed
197,13,61,92,2025-06-15,814,807,Rejected
198,32,9,145,2025-03-04,509,528,Rejected
199,30,2,4,2025-12-16,1756,1542,Completed
200,14,1,23,2025-06-30,1011,1016,Delayed
201,7,12,74,2025-06-04,1451,1357,Completed
202,30,15,45,2025-11-24,1521,1521,Delayed
203,4,74,148,2025-04-07,1684,1444,Completed
204,16,42,125,2025-08-31,745,738,Completed
205,37,43,122,2025-02-06,1684,1628,Completed
206,24,40,115,2025-09-08,1311,1120,Completed
207,23,45,109,2025-05-01,1688,1475,Completed
208,10,61,126,2025-06-29,943,842,Completed
209,8,29,63,2025-01-05,792,824,Completed
210,8,48,134,2025-08-04,1516,1573,Rejected
211,16,62,111,2025-03-08,1728,1642,Rejected
212,9,19,32,2025-07-07,1154,1101,Delayed
213,16,71,5,2025-12-21,1152,1165,Completed
214,19,67,31,2025-07-23,1771,1701,Completed
215,29,68,148,2025-08-31,1380,1257,Completed
216,38,14,52,2025-06-03,773,796,Completed
217,32,69,68,2025-10-24,753,678,Completed
218,2,9,71,2025-06-18,1842,1691,Completed
219,22,9,34,2025-07-14,1442,1439,Completed
220,33,9,71,2025-11-05,865,809,Completed
221,21,2,64,2025-12-15,1058,1076,Completed
222,35,57,30,2025-07-21,859,858,Rejected
223,38,23,112,2025-07-26,1011,864,Completed
224,10,21,49,2025-02-24,670,632,Completed
225,6,51,23,2025-04-23,1135,1105,Rejected
226,5,31,112,2025-07-18,520,540,Delayed
227,2,46,114,2025-09-04,1625,1582,Completed
228,35,48,115,2025-03-08,1942,1774,Completed
229,38,72,77,2025-03-05,1626,1678,Completed
230,38,69,31,2025-01-03,572,544,Completed
231,21,5,32,2025-01-14,544,470,Completed
232,26,5,27,2025-04-12,822,799,Delayed
233,27,10,40,2025-04-03,915,833,Completed
234,31,65,50,2025-12-21,810,828,Rejected
235,1,25,104,2025-03-17,1694,1769,Completed
236,26,13,50,2025-09-17,1545,1316,Completed
237,5,37,114,2025-05-07,912,802,Rejected
238,40,48,32,2025-07-28,1053,977,Completed
239,17,2,141,2025-07-24,517,499,Completed
240,11,12,90,2025-01-07,1465,1531,Rejected
241,26,52,133,2025-03-05,539,552,Delayed
242,14,20,26,2025-06-07,1421,1408,Completed
243,35,30,11,2025-11-10,1902,1754,Delayed
244,20,75,29,2025-08-05,1025,944,Completed
245,23,61,18,2025-02-17,1129,1052,Completed
246,29,23,84,2025-02-07,555,486,Completed
247,3,50,17,2025-11-09,1668,1599,Delayed
248,15,38,91,2025-06-29,879,807,Delayed
249,26,1,33,2025-12-03,1410,1346,Completed
250,12,40,6,2025-07-25,936,843,Completed
251,34,43,71,2025-12-22,1924,1754,Completed
252,40,59,64,2025-04-13,1662,1519,Completed
253,7,36,148,2025-07-27,1502,1455,Completed
254,11,68,133,2025-06-02,1812,1651,Completed
255,11,46,24,2025-03-16,585,601,Rejected
256,6,8,113,2025-07-11,995,879,Completed
257,40,16,51,2025-02-23,1886,1695,Completed
258,16,17,26,2025-02-18,1384,1246,Completed
259,24,23,44,2025-01-14,573,546,Completed
260,38,4,146,2025-12-02,900,890,Completed
261,10,56,139,2025-11-09,1362,1356,Completed
262,2,40,56,2025-08-17,1997,1967,Delayed
263,16,50,109,2025-05-11,1200,1189,Completed
264,11,52,15,2025-05-01,740,631,Delayed
265,25,48,53,2025-09-21,1634,1557,Completed
266,6,71,32,2025-01-18,783,784,Delayed
267,39,4,113,2025-05-09,1999,1946,Rejected
268,13,67,100,2025-08-26,1548,1344,Rejected
269,30,17,69,2025-03-21,1664,1743,Delayed
270,1,19,75,2025-01-09,1646,1407,Completed
271,25,70,65,2025-04-30,849,780,Rejected
272,13,7,51,2025-07-27,1562,1616,Completed
273,9,65,2,2025-06-30,1855,1875,Delayed
274,16,1,148,2025-07-14,1062,960,Delayed
275,8,40,46,2025-11-08,1248,1275,Completed
276,30,45,31,2025-04-01,1591,1505,Completed
277,30,60,9,2025-10-01,1520,1401,Completed
278,3,3,93,2025-06-23,1371,1296,Completed
279,18,3,36,2025-02-06,946,835,Rejected
280,26,68,70,2025-02-03,1863,1850,Rejected
281,16,58,110,2025-12-01,1699,1640,Delayed
282,38,29,146,2025-07-14,1057,1056,Rejected
283,15,42,30,2025-11-28,1967,2009,Rejected
284,31,58,106,2025-02-09,603,539,Rejected
285,6,67,127,2025-02-18,1024,946,Delayed
286,10,41,20,2025-07-03,628,623,Rejected
287,12,15,35,2025-08-21,1955,1985,Completed
288,27,7,12,2025-05-23,1600,1537,Delayed
289,29,74,133,2025-09-21,641,606,Rejected
290,40,65,66,2025-10-29,1205,1088,Rejected
291,27,65,12,2025-01-16,833,796,Delayed
292,20,54,137,2025-06-09,963,980,Completed
293,2,63,134,2025-05-03,733,750,Rejected
294,27,58,34,2025-09-07,1890,1889,Completed
295,38,16,48,2025-02-19,939,939,Completed
296,31,42,42,2025-03-15,758,667,Completed
297,18,21,8,2025-07-23,1573,1510,Delayed
298,14,55,136,2025-10-11,1321,1130,Completed
299,22,17,145,2025-06-06,2000,1851,Completed
300,39,61,106,2025-12-25,1803,1781,Rejected
301,38,43,127,2025-11-17,566,537,Delayed
302,28,7,8,2025-05-08,1792,1556,Delayed
303,2,61,64,2025-09-20,697,625,Completed
304,22,37,129,2025-12-28,1941,1726,Rejected
305,10,55,68,2025-06-03,1361,1363,Rejected
306,27,37,7,2025-02-04,1771,1763,Completed
307,29,58,52,2025-05-12,1336,1229,Rejected
308,3,49,56,2025-03-24,946,823,Completed
309,22,57,31,2025-11-08,541,542,Completed
310,29,71,67,2025-05-22,1292,1188,Delayed
311,21,11,119,2025-07-09,951,908,Completed
312,11,68,114,2025-01-17,1069,1007,Completed
313,31,68,42,2025-02-26,1628,1604,Rejected
314,4,45,25,2025-01-27,1332,1357,Completed
315,38,43,119,2025-12-02,1807,1862,Completed
316,10,53,57,2025-06-04,1368,1357,Completed
317,1,73,75,2025-04-21,1388,1303,Delayed
318,13,53,144,2025-08-09,1036,1036,Rejected
319,11,62,7,2025-11-25,1977,2049,Completed
320,11,62,45,2025-03-04,1192,1226,Completed
321,20,34,46,2025-12-09,836,752,Delayed
322,37,7,49,2025-03-07,1465,1270,Delayed
323,37,17,112,2025-11-15,853,865,Completed
324,22,42,77,2025-09-01,1051,911,Completed
325,29,24,96,2025-02-28,1177,1192,Delayed
326,16,35,139,2025-02-21,1654,1727,Completed
327,36,39,82,2025-06-28,1421,1457,Completed
328,19,12,40,2025-03-31,1872,1760,Completed
329,12,67,116,2025-01-25,1735,1810,Completed
330,3,46,127,2025-03-03,878,770,Rejected
331,4,37,123,2025-01-08,1359,1246,Completed
332,8,66,109,2025-07-23,614,635,Rejected
333,30,12,49,2025-09-21,1264,1165,Rejected
334,26,75,138,2025-03-10,1180,1061,Completed
335,21,7,86,2025-09-02,1626,1624,Completed
336,31,52,17,2025-02-06,823,759,Delayed
337,16,21,13,2025-11-28,604,538,Completed
338,34,44,4,2025-08-27,1130,1088,Completed
339,12,61,70,2025-04-04,891,799,Completed
340,17,31,38,2025-01-25,1367,1305,Rejected
341,7,65,102,2025-06-21,1184,1032,Delayed
342,7,48,9,2025-12-10,839,726,Completed
343,22,73,135,2025-01-08,658,568,Completed
344,39,17,130,2025-10-09,1883,1705,Rejected
345,35,18,57,2025-01-24,899,792,Delayed
346,35,19,117,2025-04-16,1283,1342,Completed
347,26,54,111,2025-12-18,707,708,Completed
348,19,39,145,2025-06-30,1480,1396,Completed
349,11,66,109,2025-08-12,790,806,Completed
350,14,46,50,2025-06-08,1047,986,Completed
351,20,13,98,2025-02-18,1019,902,Delayed
352,5,60,134,2025-07-17,690,636,Completed
353,10,59,109,2025-01-10,1066,985,Rejected
354,10,8,103,2025-05-08,1817,1855,Rejected
355,27,31,42,2025-03-10,1530,1451,Completed
356,36,46,64,2025-04-29,1000,875,Completed
357,3,23,141,2025-04-16,992,972,Completed
358,40,70,90,2025-11-17,1513,1579,Completed
359,29,41,133,2025-07-15,1139,993,Completed
360,30,37,142,2025-07-04,649,626,Delayed
361,10,45,26,2025-07-12,1587,1377,Delayed
362,35,31,29,2025-05-18,1109,953,Completed
363,11,75,57,2025-06-16,1864,1823,Completed
364,36,37,107,2025-01-06,909,885,Completed
365,34,53,3,2025-07-28,1883,1628,Rejected
366,36,22,119,2025-03-16,1016,911,Completed
367,15,29,73,2025-05-30,1190,1145,Completed
368,26,74,30,2026-01-01,1412,1401,Completed
369,25,27,13,2025-05-31,1442,1270,Completed
370,13,27,54,2025-07-12,865,831,Completed
371,12,60,135,2025-06-13,1749,1533,Completed
372,29,55,17,2025-11-23,1441,1282,Completed
373,21,28,148,2025-08-15,1639,1469,Completed
374,5,8,39,2025-10-02,1021,899,Completed
375,4,54,51,2025-06-16,1395,1194,Completed
376,10,55,84,2025-08-02,1839,1902,Completed
377,9,61,45,2025-06-11,1451,1466,Completed
378,20,18,31,2025-03-13,1784,1634,Completed
379,16,16,134,2025-06-26,555,494,Completed
380,20,56,99,2025-11-20,547,529,Rejected
381,15,1,8,2025-11-05,633,598,Completed
382,6,62,35,2025-03-02,667,663,Completed
383,35,27,86,2025-02-04,1699,1481,Completed
384,6,22,131,2025-03-23,1209,1209,Completed
385,11,37,16,2025-08-18,1456,1523,Completed
386,39,43,102,2025-07-27,1008,926,Completed
387,40,60,80,2025-02-12,738,747,Delayed
388,22,27,102,2025-03-21,1247,1082,Rejected
389,29,46,106,2025-09-13,1155,1069,Rejected
390,24,44,45,2025-07-14,539,519,Rejected
391,12,22,40,2025-08-18,1582,1351,Completed
392,19,2,93,2025-04-21,1855,1821,Completed
393,17,69,29,2025-04-01,1138,1042,Completed
394,34,21,81,2025-12-13,548,498,Completed
395,36,10,39,2025-11-04,1420,1452,Rejected
396,1,23,92,2025-02-10,1119,1015,Completed
397,2,30,61,2025-11-19,599,617,Delayed
398,21,71,110,2025-02-14,1111,1070,Delayed
399,11,16,45,2025-08-11,1804,1778,Completed
400,7,26,50,2025-10-15,504,498,Completed
401,23,75,89,2025-04-27,1510,1305,Completed
402,19,22,27,2025-03-26,1360,1283,Rejected
403,3,59,122,2025-07-13,689,718,Completed
404,32,38,118,2025-10-12,522,483,Completed
405,23,12,60,2025-10-14,1271,1221,Completed
406,10,33,42,2025-11-24,1479,1549,Rejected
407,3,22,6,2025-01-25,1647,1680,Delayed
408,40,19,127,2025-03-23,1273,1206,Delayed
409,29,43,44,2025-07-17,1638,1418,Completed
410,26,53,66,2025-01-16,725,669,Delayed
411,17,8,106,2025-11-11,518,479,Completed
412,34,33,141,2025-03-26,1575,1352,Completed
413,5,27,132,2025-11-19,1789,1606,Completed
414,11,38,142,2025-02-23,605,570,Completed
415,20,20,25,2025-09-08,974,955,Completed
416,15,20,13,2025-07-01,1369,1405,Rejected
417,38,45,115,2025-03-02,1930,1650,Rejected
418,34,59,36,2025-12-28,927,956,Completed
419,28,49,52,2025-02-17,1244,1222,Rejected
420,3,63,128,2025-09-29,1560,1441,Completed
421,7,3,110,2025-02-02,580,587,Delayed
422,10,43,64,2025-07-14,1592,1528,Completed
423,16,71,49,2025-02-14,654,632,Completed
424,12,30,101,2025-02-09,846,853,Completed
425,9,35,146,2025-09-06,1119,1134,Rejected
426,2,56,7,2025-06-06,1083,1060,Completed
427,35,9,127,2025-06-07,975,985,Completed
428,31,55,87,2025-01-30,1693,1668,Completed
429,17,37,8,2025-07-25,1898,1925,Completed
430,16,40,141,2025-03-01,1029,943,Completed
431,15,37,22,2025-11-01,528,522,Completed
432,14,37,58,2025-11-06,1927,1901,Completed
433,35,6,12,2025-09-28,1694,1686,Completed
434,15,17,8,2025-06-18,1418,1263,Delayed
435,15,8,108,2025-09-16,1374,1340,Completed
436,38,47,112,2025-04-04,1151,1117,Completed
437,30,8,15,2025-11-17,778,770,Completed
438,7,7,110,2025-02-14,614,602,Completed
439,14,41,112,2025-03-14,1641,1621,Completed
440,30,10,136,2025-04-30,1060,959,Completed
441,6,60,49,2025-08-19,568,555,Delayed
442,27,56,32,2025-11-23,1622,1490,Completed
443,27,72,36,2025-01-23,636,659,Completed
444,3,51,139,2025-08-29,1383,1295,Completed
445,31,23,4,2025-01-24,1486,1512,Completed
446,7,56,54,2025-06-04,1675,1521,Rejected
447,30,31,10,2025-10-29,1620,1545,Completed
448,40,73,62,2025-11-06,1817,1756,Completed
449,40,54,43,2025-04-28,840,818,Completed
450,35,20,111,2025-02-03,926,937,Completed
451,7,18,86,2025-03-15,1531,1582,Completed
452,36,40,17,2025-10-28,1719,1742,Completed
453,8,7,128,2025-01-07,772,741,Completed
454,28,53,8,2025-06-08,1451,1237,Completed
455,29,26,56,2025-02-27,1006,909,Completed
456,23,2,13,2025-11-21,1395,1252,Completed
457,33,68,84,2025-06-08,1893,1910,Completed
458,5,21,82,2025-11-20,761,668,Completed
459,21,24,29,2025-11-08,1349,1240,Completed
460,35,37,60,2025-09-14,1681,1494,Completed
461,36,30,13,2025-05-02,1734,1613,Rejected
462,22,38,5,2025-07-20,1758,1684,Rejected
463,13,21,115,2025-05-10,1312,1376,Completed
464,38,58,113,2025-07-07,803,695,Completed
465,25,11,57,2025-04-03,1224,1060,Completed
466,16,52,45,2025-03-22,664,604,Completed
467,14,63,12,2025-04-21,1239,1188,Completed
468,35,18,135,2025-10-30,730,690,Delayed
469,16,23,29,2025-04-26,1254,1301,Rejected
470,4,8,84,2025-11-02,918,877,Delayed
471,38,24,78,2025-08-22,1148,1107,Rejected
472,5,72,7,2025-07-30,865,746,Rejected
473,6,71,82,2025-03-28,973,1011,Completed
474,9,67,6,2025-03-13,1560,1466,Delayed
475,22,29,124,2025-10-15,881,917,Completed
476,23,69,112,2025-05-09,656,578,Rejected
477,10,53,81,2025-04-14,1444,1251,Rejected
478,33,45,94,2025-08-11,1370,1331,Completed
479,38,29,79,2025-11-13,1235,1105,Completed
480,9,66,113,2025-12-21,1927,1774,Completed
481,23,4,1,2025-04-10,1730,1727,Completed
482,20,35,113,2025-03-11,527,472,Completed
483,4,69,68,2025-12-10,1852,1816,Rejected
484,23,39,60,2025-10-03,1179,1157,Delayed
485,23,20,3,2025-06-10,572,584,Completed
486,4,3,26,2025-09-19,1425,1333,Completed
487,19,35,94,2025-03-21,1905,1694,Completed
488,36,39,92,2025-03-04,1059,1044,Completed
489,1,4,147,2025-06-14,508,437,Completed
490,35,25,119,2025-04-04,1240,1110,Completed
491,17,51,38,2025-12-15,1433,1225,Completed
492,9,24,88,2025-07-15,1721,1467,Completed
493,18,31,14,2025-06-04,1487,1338,Completed
494,7,20,44,2025-03-17,1782,1727,Completed
495,15,25,132,2025-12-10,765,786,Completed
496,12,53,12,2025-08-17,1939,1916,Completed
497,9,13,1,2025-07-22,1921,1752,Completed
498,3,6,65,2025-10-19,1057,960,Completed
499,10,46,75,2025-03-27,822,767,Rejected
500,23,1,129,2025-09-20,881,917,Delayed
501,22,3,65,2025-04-04,875,774,Completed
502,25,49,96,2025-03-10,1933,1973,Completed
503,12,24,41,2025-01-20,683,685,Completed
504,12,26,68,2025-06-14,750,675,Completed
505,28,52,136,2025-02-25,1314,1315,Completed
506,8,43,4,2025-01-15,1832,1921,Delayed
507,25,14,51,2025-04-12,1486,1402,Rejected
508,12,75,86,2025-04-01,1178,1041,Completed
509,16,1,89,2025-09-05,506,457,Rejected
510,38,74,98,2025-05-20,606,592,Completed
511,35,32,62,2025-06-02,996,1012,Completed
512,3,38,92,2025-08-13,1104,1149,Completed
513,17,30,129,2025-07-13,1030,903,Completed
514,16,36,124,2025-02-11,1590,1544,Completed
515,14,25,12,2025-02-13,963,969,Delayed
516,7,35,35,2025-02-10,687,593,Rejected
517,15,48,104,2025-07-31,1069,1044,Completed
518,6,61,139,2025-07-17,1543,1570,Completed
519,22,17,94,2025-08-04,1268,1175,Completed
520,6,44,99,2025-09-27,704,645,Completed
521,28,62,83,2025-12-02,1291,1116,Completed
522,14,20,55,2025-04-15,1414,1408,Rejected
523,9,59,77,2025-03-09,1838,1716,Completed
524,26,64,66,2025-08-31,1310,1232,Completed
525,40,23,59,2025-03-12,1688,1744,Completed
526,6,73,97,2025-10-03,788,795,Rejected
527,11,65,141,2025-02-11,1109,1140,Completed
528,3,39,14,2025-06-11,1801,1855,Rejected
529,19,2,38,2025-07-26,1331,1232,Delayed
530,18,12,48,2025-07-29,653,663,Completed
531,3,75,88,2025-01-18,1737,1509,Completed
532,6,44,126,2025-12-04,1046,954,Delayed
533,25,70,92,2025-05-16,1073,1018,Completed
534,27,5,90,2025-04-05,1016,901,Rejected
535,16,46,1,2025-01-16,640,624,Rejected
536,33,46,71,2025-03-20,762,654,Rejected
537,24,29,55,2025-06-27,1027,1071,Delayed
538,13,43,20,2025-11-22,995,863,Completed
539,6,24,27,2025-10-08,1982,1747,Completed
540,36,68,15,2025-05-15,1628,1518,Completed
541,40,31,78,2025-09-28,1883,1827,Rejected
542,22,46,11,2025-07-13,1623,1443,Completed
543,14,66,70,2025-11-13,1809,1834,Completed
544,19,69,67,2025-11-20,571,587,Completed
545,27,51,104,2025-11-19,1833,1859,Rejected
546,17,33,117,2025-10-02,553,556,Delayed
547,11,63,87,2025-10-13,700,629,Rejected
548,40,66,23,2025-07-27,620,603,Completed
549,18,74,63,2025-11-11,1068,998,Delayed
550,2,13,89,2025-10-02,699,611,Completed
551,14,10,77,2025-05-03,1788,1679,Rejected
552,33,63,31,2025-06-24,900,794,Completed
553,8,25,113,2025-07-05,1338,1311,Completed
554,9,60,115,2025-09-03,1294,1319,Completed
555,3,46,132,2025-08-26,700,667,Delayed
556,27,48,113,2025-12-05,880,784,Delayed
557,29,64,10,2025-01-20,923,901,Completed
558,28,4,114,2025-05-13,1822,1775,Completed
559,4,19,105,2025-01-22,749,677,Completed
560,8,55,93,2025-03-12,1572,1539,Completed
561,34,23,12,2025-02-10,1439,1398,Delayed
562,11,45,47,2025-06-03,817,855,Delayed
563,25,6,61,2025-07-29,1170,1136,Completed
564,2,54,27,2025-09-03,1912,1964,Delayed
565,33,2,108,2025-12-16,539,474,Delayed
566,33,50,29,2025-07-21,740,716,Delayed
567,18,64,14,2025-05-30,1693,1720,Completed
568,33,49,50,2025-09-11,1131,1100,Completed
569,36,23,47,2025-10-11,1442,1302,Completed
570,4,1,48,2025-01-03,934,809,Delayed
571,12,47,126,2025-02-16,821,855,Rejected
572,31,14,54,2025-11-17,1844,1862,Completed
573,2,27,61,2025-10-12,1410,1402,Rejected
574,7,55,132,2025-09-25,1376,1230,Completed
575,40,3,104,2025-02-20,1434,1241,Completed
576,13,32,88,2025-04-11,930,823,Rejected
577,10,63,142,2025-11-21,1105,1111,Rejected
578,8,54,77,2025-11-25,1551,1499,Delayed
579,12,6,123,2025-03-31,1873,1602,Rejected
580,1,71,95,2025-12-16,1156,1028,Completed
581,28,50,134,2025-10-15,563,490,Delayed
582,7,21,129,2025-05-20,1575,1500,Rejected
583,25,68,114,2025-10-25,1281,1273,Completed
584,40,17,149,2025-05-23,606,602,Completed
585,27,11,148,2025-10-19,1886,1877,Completed
586,15,27,99,2025-07-25,1441,1408,Completed
587,9,59,34,2025-07-20,1354,1415,Completed
588,27,30,106,2025-05-28,1275,1137,Completed
589,5,6,6,2025-08-28,1211,1256,Completed
590,22,14,73,2025-10-13,1459,1479,Rejected
591,27,30,108,2025-03-30,673,613,Completed
592,23,3,103,2025-02-08,1557,1354,Completed
593,39,65,65,2025-04-22,1526,1428,Delayed
594,14,71,105,2025-02-14,1688,1478,Rejected
595,37,60,115,2025-10-15,1048,951,Completed
596,9,54,149,2025-01-16,1667,1587,Completed
597,22,75,148,2025-04-10,859,792,Completed
598,3,68,133,2025-07-03,702,671,Completed
599,11,56,131,2025-09-08,720,725,Delayed
600,22,35,29,2025-01-20,1661,1478,Completed
601,34,55,149,2025-09-19,1636,1717,Completed
602,28,69,134,2025-02-21,1254,1097,Completed
603,34,50,60,2025-03-21,1884,1629,Delayed
604,22,58,138,2025-08-30,1314,1262,Rejected
605,28,16,35,2025-11-09,1095,1101,Delayed
606,14,35,41,2025-07-20,876,864,Completed
607,32,9,48,2025-06-06,1857,1903,Rejected
608,28,50,19,2025-02-21,650,651,Delayed
609,29,38,12,2025-07-11,525,512,Completed
610,33,38,104,2025-03-02,1593,1629,Delayed
611,37,16,150,2025-12-19,660,664,Completed
612,33,72,146,2025-07-06,1787,1653,Delayed
613,12,72,129,2025-03-25,506,510,Completed
614,21,51,29,2025-01-06,1137,1146,Delayed
615,5,54,137,2025-09-30,1563,1532,Completed
616,22,8,4,2025-06-25,852,729,Completed
617,5,43,67,2025-01-05,1886,1911,Delayed
618,26,31,99,2025-08-21,673,586,Completed
619,31,24,50,2025-10-20,1129,969,Completed
620,25,53,77,2025-07-23,631,597,Completed
621,16,33,67,2025-06-20,1752,1614,Completed
622,6,64,58,2025-11-09,1825,1569,Completed
623,26,55,74,2025-06-25,1392,1407,Completed
624,7,72,45,2025-12-11,662,663,Completed
625,27,10,148,2025-07-16,605,587,Completed
626,4,44,48,2025-01-14,1347,1259,Completed
627,15,62,59,2025-07-08,1684,1760,Delayed
628,9,48,26,2025-09-22,653,565,Completed
629,29,15,117,2025-06-20,1335,1398,Delayed
630,17,48,125,2025-01-30,794,771,Rejected
631,24,10,71,2025-10-09,1268,1241,Delayed
632,22,68,41,2025-05-29,1201,1228,Rejected
633,9,8,26,2025-02-03,1205,1110,Completed
634,21,42,140,2025-09-23,1457,1455,Rejected
635,28,69,1,2025-11-22,1471,1391,Completed
636,33,16,77,2025-02-04,1025,1064,Completed
637,22,3,77,2025-10-02,1273,1276,Completed
638,17,67,150,2025-02-21,1747,1685,Completed
639,23,31,43,2025-12-28,566,572,Completed
640,18,73,12,2025-09-20,834,867,Completed
641,38,49,67,2025-06-16,741,728,Completed
642,33,38,32,2025-10-07,1762,1528,Rejected
643,36,27,135,2025-11-27,615,638,Completed
644,30,44,60,2025-02-20,678,706,Completed
645,23,50,148,2025-09-15,1813,1687,Completed
646,8,57,7,2025-02-22,1409,1205,Completed
647,39,2,65,2025-01-20,1794,1774,Rejected
648,32,29,120,2025-09-18,1838,1921,Completed
649,20,20,40,2025-10-16,1380,1262,Completed
650,11,34,116,2025-06-01,1760,1820,Rejected
651,6,7,15,2025-05-27,1679,1679,Completed
652,18,58,86,2025-02-18,1322,1301,Rejected
653,6,16,138,2025-09-25,1603,1448,Completed
654,16,40,83,2025-02-07,767,735,Completed
655,1,19,129,2025-01-05,646,630,Completed
656,9,27,104,2025-04-05,1209,1050,Completed
657,24,9,139,2025-02-06,883,916,Delayed
658,39,58,14,2025-03-07,927,844,Completed
659,16,25,116,2025-12-06,1406,1205,Completed
660,6,9,36,2025-09-30,1303,1162,Completed
661,31,74,113,2025-10-21,1005,896,Completed
662,2,25,3,2025-12-08,1493,1389,Delayed
663,28,64,83,2025-05-06,597,540,Completed
664,3,28,4,2025-03-30,1025,1076,Completed
665,14,8,14,2025-05-15,713,726,Completed
666,36,22,55,2025-10-04,1662,1710,Completed
667,30,16,2,2025-07-10,1773,1751,Rejected
668,26,61,32,2025-10-17,768,724,Delayed
669,36,44,119,2025-07-21,1123,1022,Delayed
670,37,24,58,2025-01-20,736,695,Completed
671,33,22,121,2025-10-26,805,691,Completed
672,10,16,35,2025-05-08,1256,1137,Completed
673,28,5,113,2025-12-21,835,731,Completed
674,23,13,82,2025-01-28,609,529,Rejected
675,39,22,64,2025-07-30,1469,1277,Rejected
676,27,12,80,2025-09-26,1540,1394,Completed
677,20,49,85,2025-02-22,1089,1122,Completed
678,21,72,51,2025-08-17,1866,1659,Delayed
679,21,15,61,2025-02-16,1870,1641,Delayed
680,36,3,56,2025-01-10,1506,1347,Delayed
681,37,61,46,2025-08-20,619,543,Completed
682,24,25,131,2025-09-11,1160,1078,Completed
683,2,37,39,2025-05-10,886,774,Completed
684,39,19,64,2025-09-04,1737,1573,Completed
685,39,19,134,2025-03-17,1326,1220,Completed
686,2,54,46,2025-06-19,1704,1511,Rejected
687,12,70,137,2025-06-09,1893,1687,Rejected
688,10,34,10,2025-10-29,774,662,Delayed
689,33,71,100,2025-05-12,1903,1670,Delayed
690,21,38,37,2025-05-31,1352,1415,Completed
691,10,47,45,2025-03-13,1978,1898,Rejected
692,11,20,27,2025-02-22,1736,1527,Delayed
693,13,61,76,2025-04-28,596,541,Delayed
694,23,64,37,2025-07-10,1353,1262,Rejected
695,27,62,107,2025-08-22,511,441,Completed
696,7,31,74,2025-04-21,1986,1726,Completed
697,10,54,11,2025-02-28,724,682,Completed
698,22,53,146,2025-04-28,1577,1372,Completed
699,5,37,145,2025-02-13,1266,1281,Completed
700,31,30,133,2025-04-30,1548,1466,Completed
701,13,25,10,2025-12-20,1978,1940,Completed
702,20,8,40,2025-09-19,1823,1912,Rejected
703,28,29,46,2025-08-30,1555,1372,Completed
704,31,21,51,2025-10-15,1606,1554,Delayed
705,4,22,4,2025-11-26,1330,1202,Completed
706,10,36,81,2025-02-05,1451,1243,Completed
707,10,8,59,2025-08-03,1105,958,Delayed
708,25,41,75,2025-04-28,1460,1313,Completed
709,8,42,95,2025-08-28,1995,1728,Completed
710,24,62,114,2025-07-23,895,892,Rejected
711,16,56,85,2025-03-16,974,986,Rejected
712,23,42,25,2025-08-04,1212,1176,Completed
713,18,64,52,2025-04-16,1292,1328,Completed
714,12,45,78,2025-10-22,1293,1277,Delayed
715,7,56,136,2025-03-19,1827,1799,Delayed
716,19,32,11,2025-04-30,783,757,Completed
717,13,25,144,2025-12-23,1323,1306,Completed
718,11,72,3,2025-01-23,1939,1676,Rejected
719,33,37,15,2025-09-01,1758,1704,Completed
720,7,42,21,2025-04-13,1884,1798,Completed
721,9,21,25,2025-11-25,1415,1220,Delayed
722,37,10,36,2025-03-27,859,866,Delayed
723,40,34,6,2025-04-14,1843,1901,Rejected
724,37,59,32,2025-06-18,1201,1166,Rejected
725,24,28,70,2025-09-08,689,639,Delayed
726,12,34,23,2025-08-12,755,686,Rejected
727,22,59,59,2025-07-21,669,694,Completed
728,32,43,130,2025-05-04,1358,1395,Completed
729,34,74,77,2025-03-02,681,632,Rejected
730,13,8,62,2025-07-24,720,616,Rejected
731,31,70,6,2025-05-14,867,811,Rejected
732,14,22,9,2025-04-03,948,835,Completed
733,21,18,140,2025-01-07,1976,2040,Completed
734,4,8,103,2025-03-10,1464,1330,Completed
735,19,31,60,2025-02-14,1447,1403,Completed
736,11,53,14,2025-09-08,714,714,Completed
737,32,4,35,2025-12-24,1479,1467,Rejected
738,10,3,89,2025-08-29,1956,1812,Completed
739,15,57,11,2025-10-25,1828,1853,Completed
740,10,26,89,2025-12-29,1600,1674,Completed
741,21,39,53,2025-07-31,1613,1523,Completed
742,1,11,100,2025-05-10,858,746,Completed
743,15,72,53,2025-08-19,1011,977,Completed
744,35,24,26,2025-06-15,1571,1494,Rejected
745,11,54,16,2025-09-13,1603,1416,Completed
746,1,34,103,2025-09-02,757,650,Completed
747,15,23,79,2025-05-25,714,630,Delayed
748,28,26,81,2025-01-18,1511,1467,Completed
749,28,69,23,2025-04-30,1569,1444,Completed
750,13,22,105,2025-08-18,533,505,Delayed
751,5,56,46,2025-05-26,1104,1035,Completed
752,14,45,150,2025-08-01,1014,1027,Completed
753,23,51,48,2025-01-20,1394,1274,Rejected
754,40,70,127,2025-10-22,1821,1844,Completed
755,23,47,60,2025-08-18,1730,1610,Completed
756,31,23,137,2025-12-19,1220,1259,Rejected
757,21,44,105,2025-09-23,1401,1429,Delayed
758,12,45,20,2025-08-06,1486,1524,Completed
759,28,24,18,2025-01-10,1183,1152,Completed
760,36,4,145,2025-07-19,736,729,Rejected
761,8,71,148,2025-10-26,674,652,Rejected
762,29,73,48,2025-06-11,1201,1155,Completed
763,19,30,42,2025-06-09,1560,1563,Delayed
764,40,51,117,2025-07-18,1894,1943,Delayed
765,31,22,6,2025-06-12,1916,1687,Delayed
766,40,75,21,2025-09-19,1157,1066,Delayed
767,19,41,37,2025-05-31,599,581,Completed
768,38,8,91,2025-08-23,1273,1177,Completed
769,39,31,101,2025-08-06,1100,940,Delayed
770,29,36,135,2025-01-22,785,779,Rejected
771,10,53,77,2025-03-17,1155,1108,Delayed
772,16,34,107,2025-06-27,1659,1491,Delayed
773,25,74,62,2025-09-12,1144,1123,Rejected
774,6,53,126,2025-11-12,578,525,Completed
775,28,74,143,2025-05-18,904,911,Completed
776,1,12,55,2025-02-15,575,586,Rejected
777,37,49,107,2025-03-10,821,779,Delayed
778,23,56,96,2025-12-05,625,649,Completed
779,31,17,149,2025-03-15,1901,1914,Delayed
780,4,28,139,2025-03-27,1786,1831,Delayed
781,28,7,121,2025-03-23,1682,1567,Completed
782,19,32,149,2025-02-03,997,988,Completed
783,3,64,105,2025-06-29,1538,1331,Completed
784,12,47,22,2025-05-07,1260,1081,Delayed
785,12,16,123,2025-07-09,1818,1764,Completed
786,15,8,107,2025-07-03,943,808,Completed
787,37,16,107,2025-08-24,1921,1652,Completed
788,24,60,78,2025-07-28,1162,1118,Delayed
789,5,40,8,2025-03-21,927,931,Rejected
790,13,74,45,2025-08-14,1048,1082,Completed
791,13,36,12,2025-04-20,1465,1427,Completed
792,23,2,131,2025-08-24,1260,1313,Completed
793,33,32,56,2025-12-26,1188,1016,Completed
794,12,37,136,2025-06-04,1118,1081,Rejected
795,35,41,149,2025-03-13,800,694,Delayed
796,18,66,35,2025-01-29,1510,1343,Delayed
797,33,56,82,2025-06-02,524,471,Completed
798,23,6,61,2025-11-18,1742,1814,Completed
799,38,41,42,2025-02-28,693,620,Rejected
800,15,1,147,2025-05-17,1891,1894,Delayed
801,27,7,119,2025-01-09,1278,1229,Rejected
802,1,43,35,2025-04-30,1198,1180,Completed
803,35,45,77,2025-01-27,1980,1857,Delayed
804,27,31,107,2025-06-19,930,944,Completed
805,38,7,41,2025-07-12,1123,1115,Completed
806,37,67,116,2025-07-30,617,637,Completed
807,4,40,122,2025-11-04,1193,1114,Rejected
808,34,62,113,2025-06-30,692,671,Completed
809,7,45,86,2025-02-07,1264,1130,Rejected
810,29,33,123,2025-03-07,675,587,Completed
811,40,69,142,2025-12-29,939,856,Delayed
812,5,75,53,2025-04-09,1537,1554,Rejected
813,34,26,5,2025-07-25,626,647,Delayed
814,15,14,23,2025-12-24,1423,1214,Completed
815,30,20,37,2025-11-20,1946,1748,Delayed
816,3,32,73,2025-12-14,1043,910,Completed
817,29,24,94,2025-09-05,832,774,Completed
818,18,27,141,2025-07-08,870,756,Completed
819,27,47,43,2025-11-04,738,676,Completed
820,1,36,6,2025-07-27,1211,1127,Completed
821,11,46,99,2025-11-22,606,524,Completed
822,36,37,6,2025-05-20,1740,1552,Completed
823,8,71,125,2025-12-20,1822,1848,Completed
824,15,2,62,2025-04-29,949,846,Completed
825,21,18,69,2025-11-19,1576,1507,Rejected
826,21,8,6,2025-04-02,512,436,Completed
827,26,75,126,2025-02-12,1756,1497,Delayed
828,34,66,77,2025-03-28,1564,1459,Completed
829,37,29,148,2025-09-19,1065,930,Completed
830,17,70,77,2025-10-20,637,579,Delayed
831,17,36,146,2025-06-30,1354,1255,Completed
832,8,61,55,2025-12-24,1078,1070,Delayed
833,30,69,1,2025-06-19,1118,1128,Completed
834,10,34,13,2025-05-16,829,759,Completed
835,30,45,37,2025-06-11,1318,1179,Completed
836,13,6,123,2025-04-04,719,680,Delayed
837,32,9,77,2025-11-26,548,499,Completed
838,40,57,70,2025-12-30,773,735,Rejected
839,34,39,111,2025-03-23,1567,1644,Rejected
840,11,53,8,2025-08-21,727,620,Rejected
841,8,50,111,2025-08-05,1038,1054,Completed
842,6,58,144,2025-02-28,1101,1136,Completed
843,38,65,119,2025-02-28,765,745,Completed
844,1,10,136,2025-12-26,1892,1617,Completed
845,17,19,37,2025-04-05,1123,1170,Rejected
846,6,75,128,2025-08-07,1902,1676,Completed
847,7,43,66,2025-04-04,904,775,Completed
848,26,66,146,2025-05-24,1419,1286,Rejected
849,34,52,1,2025-01-07,1964,1875,Completed
850,26,32,52,2025-09-08,1254,1097,Completed
851,21,74,80,2025-03-22,1658,1498,Completed
852,4,20,62,2025-11-08,1174,1198,Completed
853,27,40,83,2025-04-18,644,607,Completed
854,35,54,56,2025-08-11,841,739,Completed
855,9,9,140,2025-02-12,1304,1181,Rejected
856,19,36,14,2025-03-17,1294,1166,Delayed
857,29,52,82,2025-04-08,567,496,Completed
858,37,37,95,2025-02-25,1857,1790,Completed
859,28,68,140,2025-09-13,752,669,Delayed
860,4,51,90,2025-09-11,1582,1413,Completed
861,24,53,108,2025-06-17,1293,1247,Completed
862,19,34,84,2025-03-26,1741,1571,Completed
863,1,20,42,2025-11-12,1722,1716,Completed
864,2,49,40,2025-11-30,1094,1013,Completed
865,6,8,91,2025-09-08,1263,1284,Completed
866,40,44,75,2025-04-26,1094,1064,Completed
867,19,36,17,2025-03-10,1979,1965,Rejected
868,28,45,147,2025-05-25,1974,1685,Completed
869,9,35,33,2025-08-03,765,794,Completed
870,17,9,55,2025-06-04,1959,2035,Rejected
871,26,41,148,2025-08-03,1496,1331,Completed
872,7,43,33,2025-11-14,1379,1316,Completed
873,16,7,4,2025-11-21,1468,1380,Rejected
874,5,44,126,2025-01-15,1995,1805,Delayed
875,15,73,12,2025-05-10,654,597,Rejected
876,24,14,123,2025-05-02,1372,1230,Delayed
877,14,5,13,2025-02-22,1121,1006,Completed
878,26,6,138,2025-02-04,975,930,Completed
879,15,26,139,2025-08-02,1585,1430,Completed
880,16,10,20,2025-03-13,1970,1887,Completed
881,10,48,43,2025-04-05,676,659,Completed
882,37,9,94,2025-06-27,1363,1404,Rejected
883,16,43,48,2025-11-14,1278,1311,Completed
884,38,42,7,2025-04-16,1337,1156,Delayed
885,25,70,72,2025-06-19,1444,1268,Completed
886,24,55,54,2025-02-21,1921,1771,Completed
887,19,9,136,2025-08-19,1580,1367,Completed
888,17,36,116,2025-02-28,1998,1875,Completed
889,17,68,132,2025-02-07,853,869,Completed
890,37,26,49,2025-08-18,1561,1341,Completed
891,17,9,51,2025-02-28,1623,1440,Completed
892,4,22,117,2025-09-07,855,839,Completed
893,5,31,69,2025-11-21,1718,1621,Delayed
894,28,26,120,2025-04-26,1394,1298,Completed
895,31,55,92,2025-06-29,1671,1621,Rejected
896,30,32,46,2025-05-12,1085,1086,Completed
897,40,65,90,2025-08-02,578,522,Completed
898,29,54,34,2025-09-17,1684,1765,Completed
899,3,11,127,2025-06-30,992,1040,Delayed
900,4,46,56,2025-03-21,581,498,Completed
901,29,66,3,2025-11-16,1405,1470,Completed
902,5,65,55,2025-10-05,677,655,Rejected
903,22,26,77,2025-01-27,1941,1650,Completed
904,36,53,83,2025-04-25,1511,1535,Completed
905,35,36,127,2025-09-29,1657,1446,Delayed
906,7,51,63,2025-08-05,1652,1690,Rejected
907,15,57,132,2025-09-06,1376,1296,Completed
908,5,48,54,2025-04-03,1379,1302,Delayed
909,30,72,108,2025-12-31,858,866,Delayed
910,9,49,104,2025-12-09,702,640,Completed
911,14,6,17,2025-04-06,1706,1508,Delayed
912,38,8,44,2025-01-01,511,497,Rejected
913,38,54,113,2025-01-09,1396,1320,Completed
914,24,14,30,2025-11-28,597,569,Completed
915,35,29,145,2025-04-09,1918,1990,Rejected
916,33,7,44,2025-02-25,1182,1104,Delayed
917,17,6,49,2025-12-12,1226,1215,Rejected
918,24,30,31,2025-05-26,1863,1866,Delayed
919,37,52,146,2025-06-10,1692,1551,Rejected
920,16,55,90,2025-09-26,1456,1435,Delayed
921,16,5,75,2025-12-18,987,1018,Completed
922,15,8,96,2025-11-04,1214,1266,Delayed
923,31,28,128,2025-09-07,1367,1258,Completed
924,2,12,3,2025-11-13,851,807,Rejected
925,13,72,91,2025-06-15,1380,1181,Completed
926,37,3,45,2025-08-02,1480,1450,Delayed
927,8,36,91,2025-08-05,1555,1450,Completed
928,2,14,15,2025-12-21,1102,1096,Completed
929,21,66,10,2025-11-13,1549,1406,Completed
930,10,5,140,2025-01-16,1331,1214,Completed
931,19,45,33,2025-09-11,1357,1156,Delayed
932,20,29,119,2025-01-26,1992,2075,Completed
933,35,26,35,2025-07-31,788,673,Delayed
934,30,41,69,2025-01-30,1842,1729,Completed
935,13,29,32,2025-07-22,614,573,Delayed
936,40,7,76,2025-12-26,1407,1261,Completed
937,19,3,4,2025-02-01,515,530,Completed
938,20,14,13,2025-05-05,1174,1231,Completed
939,28,39,68,2025-08-05,607,581,Rejected
940,29,45,141,2025-08-11,958,913,Rejected
941,7,51,18,2025-09-05,1364,1402,Rejected
942,8,38,34,2025-10-12,1926,1833,Completed
943,31,53,58,2025-11-15,995,867,Completed
944,23,13,27,2025-08-09,1931,1736,Completed
945,7,29,132,2025-09-27,1231,1183,Completed
946,22,29,90,2025-07-16,1687,1443,Rejected
947,39,4,86,2025-06-14,847,808,Completed
948,29,64,90,2025-02-21,1584,1349,Completed
949,1,35,139,2025-11-10,753,755,Rejected
950,13,27,2,2025-11-24,1374,1310,Rejected
951,37,6,49,2025-11-24,1263,1144,Delayed
952,29,40,117,2025-12-23,619,583,Completed
953,19,75,98,2025-02-03,1181,1228,Completed
954,31,71,23,2025-12-22,821,710,Completed
955,3,39,13,2025-12-04,1637,1434,Completed
956,33,6,26,2025-05-13,1487,1430,Completed
957,23,33,120,2025-05-30,1207,1195,Delayed
958,20,23,49,2025-09-09,637,664,Completed
959,30,25,2,2025-03-24,831,845,Delayed
960,37,63,94,2025-02-03,1197,1231,Rejected
961,18,48,77,2025-04-16,1729,1703,Completed
962,23,71,138,2025-02-26,1384,1307,Completed
963,33,37,141,2025-03-30,1125,1153,Rejected
964,39,61,35,2025-06-19,1429,1346,Completed
965,38,25,32,2025-07-23,1054,981,Completed
966,40,55,116,2025-02-06,741,736,Completed
967,37,60,64,2025-04-15,1224,1182,Completed
968,7,33,5,2025-06-17,1890,1912,Rejected
969,18,22,37,2025-07-13,868,752,Delayed
970,14,10,126,2025-03-16,945,824,Delayed
971,2,38,69,2025-02-27,1397,1274,Delayed
972,21,42,29,2025-05-21,657,570,Rejected
973,11,21,95,2025-01-05,1229,1087,Completed
974,13,29,5,2025-10-20,626,619,Completed
975,29,10,121,2025-07-02,870,794,Rejected
976,15,29,126,2025-03-05,693,613,Completed
977,19,21,123,2025-10-18,1627,1478,Delayed
978,36,2,36,2025-12-23,795,794,Rejected
979,21,12,44,2025-02-02,1612,1463,Rejected
980,26,7,4,2025-01-02,1320,1316,Completed
981,39,25,65,2025-05-20,1310,1353,Completed
982,29,45,17,2025-12-26,1332,1168,Completed
983,33,39,74,2025-10-06,1729,1533,Delayed
984,29,52,80,2025-07-06,1547,1382,Rejected
985,15,39,57,2025-06-10,743,717,Completed
986,7,49,113,2025-12-26,1979,1752,Completed
987,29,38,98,2025-10-29,716,744,Completed
988,6,14,138,2025-07-14,546,511,Rejected
989,37,12,97,2025-12-26,993,938,Completed
990,22,50,46,2025-05-02,1365,1199,Completed
991,27,24,125,2025-09-11,1721,1686,Completed
992,10,62,125,2025-01-13,598,565,Completed
993,18,57,44,2025-08-04,1019,980,Completed
994,26,16,149,2025-01-04,784,716,Delayed
995,32,36,89,2025-06-14,1477,1325,Delayed
996,11,9,37,2025-01-26,1768,1792,Completed
997,16,71,59,2025-04-20,1691,1558,Rejected
998,28,31,8,2025-01-13,728,650,Completed
999,23,29,98,2025-11-09,1894,1903,Completed
1000,8,75,45,2025-05-19,1239,1071,Rejected
1001,32,57,49,2025-05-18,1533,1432,Delayed
1002,23,31,10,2025-02-08,1896,1724,Completed
1003,17,10,7,2025-05-07,779,695,Completed
1004,8,58,15,2025-03-08,1226,1221,Completed
1005,4,49,49,2025-10-01,1145,986,Completed
1006,23,2,148,2025-08-26,992,899,Rejected
1007,26,20,48,2025-08-22,1836,1717,Delayed
1008,31,34,14,2025-03-13,760,709,Rejected
1009,31,13,61,2025-10-24,1726,1676,Delayed
1010,39,22,132,2025-11-14,1543,1515,Completed
1011,7,52,17,2025-03-12,764,679,Completed
1012,21,68,55,2025-07-10,1324,1330,Rejected
1013,22,15,133,2025-10-09,1341,1236,Rejected
1014,36,74,18,2025-07-01,639,603,Rejected
1015,10,57,73,2025-06-21,1257,1107,Completed
1016,19,28,61,2025-03-18,1275,1151,Rejected
1017,38,3,106,2025-06-15,544,546,Completed
1018,4,47,62,2025-06-06,1002,994,Delayed
1019,1,34,42,2025-05-15,602,532,Rejected
1020,37,54,47,2025-03-26,1455,1297,Completed
1021,20,49,119,2025-11-07,1166,1004,Rejected
1022,11,42,144,2025-11-19,1132,1149,Rejected
1023,9,51,132,2025-03-05,516,457,Completed
1024,20,52,77,2025-01-30,1926,2008,Completed
1025,13,28,35,2025-02-23,1270,1200,Delayed
1026,18,19,81,2025-12-16,1757,1677,Completed
1027,1,32,73,2025-06-02,818,784,Rejected
1028,19,65,78,2025-12-11,1760,1600,Completed
1029,37,6,27,2025-06-07,716,687,Completed
1030,38,26,115,2025-12-12,1356,1157,Delayed
1031,9,21,25,2025-03-05,1910,1696,Completed
1032,32,1,52,2025-09-21,1147,1096,Delayed
1033,26,43,28,2025-04-26,625,626,Completed
1034,39,54,5,2025-08-06,1193,1082,Completed
1035,6,65,112,2025-10-28,1541,1400,Completed
1036,29,21,112,2025-03-20,1836,1645,Completed
1037,24,39,125,2025-12-26,1087,945,Rejected
1038,36,47,25,2025-06-08,1962,1764,Delayed
1039,9,18,112,2025-04-16,1916,1850,Delayed
1040,8,8,18,2025-02-28,1119,1060,Rejected
1041,16,33,26,2025-09-29,536,561,Rejected
1042,8,68,21,2025-09-30,1556,1570,Completed
1043,27,66,44,2025-03-18,1489,1517,Delayed
1044,3,51,9,2025-01-16,1010,1001,Completed
1045,30,33,126,2025-08-18,886,880,Rejected
1046,36,2,74,2025-07-01,641,619,Completed
1047,31,1,127,2025-12-06,1560,1451,Rejected
1048,28,28,78,2025-07-10,1762,1669,Rejected
1049,30,54,52,2025-07-10,538,535,Completed
1050,26,1,3,2025-01-20,949,820,Completed
1051,27,9,57,2025-07-27,1536,1485,Completed
1052,29,75,1,2025-03-14,1419,1465,Completed
1053,39,22,16,2025-07-07,1404,1214,Delayed
1054,18,73,7,2025-01-03,934,896,Delayed
1055,24,17,35,2025-08-20,1479,1371,Rejected
1056,22,58,58,2025-07-09,1860,1852,Completed
1057,4,3,80,2025-03-16,504,432,Rejected
1058,27,47,51,2025-10-15,1286,1154,Completed
1059,36,68,94,2025-05-26,1975,1860,Completed
1060,25,52,17,2025-09-05,902,897,Rejected
1061,15,38,46,2025-09-16,1022,891,Completed
1062,2,56,105,2025-10-07,927,877,Completed
1063,16,52,72,2025-12-18,1945,1922,Rejected
1064,34,35,94,2025-03-26,562,565,Completed
1065,24,46,30,2025-08-08,771,697,Delayed
1066,16,6,138,2025-11-24,1041,918,Completed
1067,7,61,8,2025-05-25,1980,1915,Delayed
1068,24,64,97,2025-02-23,1498,1512,Completed
1069,18,12,65,2025-12-05,1974,2003,Completed
1070,6,56,35,2025-07-23,1022,988,Rejected
1071,11,32,93,2025-12-14,1162,1182,Completed
1072,26,3,135,2025-09-28,1366,1370,Completed
1073,21,59,72,2025-07-13,1577,1430,Completed
1074,8,40,32,2025-01-26,1985,2002,Completed
1075,10,18,107,2025-01-31,749,692,Delayed
1076,6,19,14,2025-05-21,976,975,Completed
1077,5,54,20,2025-05-14,1057,1031,Rejected
1078,23,26,44,2025-11-14,1583,1515,Completed
1079,8,30,110,2025-04-02,1709,1553,Delayed
1080,8,72,65,2025-02-01,1050,968,Delayed
1081,39,39,129,2025-03-07,1200,1200,Delayed
1082,12,5,119,2025-08-09,915,859,Rejected
1083,21,21,89,2025-07-13,1624,1407,Rejected
1084,3,44,148,2025-05-13,700,674,Rejected
1085,21,13,118,2025-07-11,1354,1342,Rejected
1086,29,75,19,2025-06-29,557,540,Completed
1087,29,75,19,2025-06-07,887,761,Completed
1088,36,70,5,2025-06-25,1753,1759,Completed
1089,17,43,121,2025-01-08,1499,1445,Completed
1090,2,12,90,2025-10-29,1091,1020,Completed
1091,20,31,8,2025-02-03,501,524,Rejected
1092,34,36,42,2025-06-16,797,796,Completed
1093,40,42,52,2025-02-28,1024,1041,Completed
1094,27,65,46,2025-11-03,1143,1068,Completed
1095,17,38,74,2025-02-08,798,832,Rejected
1096,15,17,1,2025-04-05,947,970,Delayed
1097,9,74,76,2025-04-04,1979,1770,Delayed
1098,5,56,137,2025-05-22,788,767,Rejected
1099,31,7,63,2025-03-10,537,497,Completed
1100,31,19,147,2025-11-11,1115,994,Delayed
1101,16,68,50,2025-07-09,838,762,Rejected
1102,1,41,6,2025-05-07,1706,1541,Completed
1103,7,58,42,2025-09-02,1557,1509,Completed
1104,36,4,76,2025-08-31,1239,1149,Completed
1105,24,1,14,2025-09-06,830,780,Completed
1106,26,75,42,2025-05-07,1336,1163,Delayed
1107,6,75,49,2025-02-20,578,494,Completed
1108,26,13,65,2025-05-12,1535,1505,Completed
1109,13,55,115,2025-05-29,1054,1020,Rejected
1110,36,73,42,2025-09-12,867,750,Completed
1111,21,50,134,2025-05-10,1794,1739,Completed
1112,24,55,128,2025-04-20,608,611,Delayed
1113,36,39,127,2025-12-10,1206,1252,Rejected
1114,26,41,148,2025-12-31,898,766,Completed
1115,25,72,150,2025-03-09,1636,1524,Completed
1116,3,43,95,2025-02-02,1429,1408,Completed
1117,23,7,3,2025-01-25,1285,1326,Delayed
1118,4,59,124,2025-05-25,1907,1772,Completed
1119,4,55,49,2025-09-15,1560,1423,Completed
1120,26,51,93,2025-06-22,1387,1227,Completed
1121,34,74,66,2025-09-05,1918,1756,Completed
1122,12,34,67,2025-09-17,960,825,Rejected
1123,10,30,127,2025-08-07,1096,1091,Completed
1124,5,17,15,2025-04-30,1447,1293,Rejected
1125,24,62,99,2025-05-30,1268,1187,Completed
1126,27,34,85,2025-03-10,1240,1235,Completed
1127,30,66,145,2025-03-03,1726,1602,Delayed
1128,31,19,106,2025-03-26,1861,1786,Completed
1129,18,45,86,2025-07-30,1101,1138,Completed
1130,4,4,89,2025-02-14,1203,1173,Rejected
1131,16,18,47,2025-06-07,621,582,Rejected
1132,18,72,14,2025-03-15,1468,1484,Delayed
1133,14,60,136,2025-09-09,825,776,Completed
1134,26,68,88,2025-05-18,964,919,Completed
1135,27,63,57,2025-05-24,1191,1172,Delayed
1136,1,8,24,2025-01-05,1723,1595,Rejected
1137,27,22,73,2025-02-01,1281,1191,Completed
1138,2,2,128,2025-08-07,1973,1759,Delayed
1139,23,9,40,2025-12-25,852,860,Delayed
1140,18,3,125,2025-04-20,1757,1835,Completed
1141,9,59,69,2025-06-04,1954,2021,Completed
1142,33,5,107,2025-06-05,821,803,Completed
1143,25,24,16,2025-01-17,1657,1437,Delayed
1144,23,29,94,2025-05-14,1985,1772,Completed
1145,27,71,142,2025-02-18,1573,1476,Completed
1146,3,38,19,2025-06-12,673,703,Rejected
1147,1,7,126,2025-02-28,554,572,Completed
1148,40,75,21,2025-10-01,1753,1782,Delayed
1149,34,23,64,2025-07-15,1099,1112,Delayed
1150,28,18,42,2025-11-12,1293,1105,Rejected
1151,7,52,149,2025-08-16,824,847,Completed
1152,8,58,135,2026-01-01,1562,1349,Rejected
1153,35,24,35,2025-12-20,1525,1338,Completed
1154,13,7,47,2025-01-25,807,744,Rejected
1155,40,58,73,2025-08-01,1455,1514,Delayed
1156,8,8,42,2025-10-14,1462,1327,Rejected
1157,27,48,60,2025-12-30,1441,1371,Completed
1158,36,51,106,2025-06-03,966,1005,Completed
1159,24,66,119,2025-09-19,1321,1200,Completed
1160,4,10,113,2025-05-20,1150,994,Delayed
1161,5,37,84,2025-05-31,1209,1265,Completed
1162,28,39,129,2025-11-03,962,1004,Completed
1163,14,30,143,2025-09-15,1961,1766,Completed
1164,21,73,41,2025-01-10,1407,1415,Delayed
1165,7,20,91,2025-10-22,1685,1651,Completed
1166,14,2,122,2025-01-20,671,701,Delayed
1167,39,8,107,2025-05-09,664,572,Rejected
1168,34,26,7,2025-02-14,1296,1139,Completed
1169,23,53,45,2025-02-22,1171,999,Completed
1170,38,28,30,2025-10-05,771,685,Rejected
1171,2,52,140,2025-12-20,1214,1203,Completed
1172,38,35,42,2025-03-29,1777,1560,Delayed
1173,10,28,97,2025-11-08,511,492,Completed
1174,2,69,97,2025-11-14,1754,1751,Delayed
1175,26,2,7,2025-03-16,1915,1728,Completed
1176,28,28,108,2025-01-31,702,694,Rejected
1177,4,26,1,2025-11-13,776,711,Completed
1178,13,62,101,2025-08-07,1885,1633,Completed
1179,14,61,16,2025-06-22,1714,1560,Completed
1180,17,32,107,2025-05-13,1442,1249,Rejected
1181,36,8,73,2025-01-04,872,888,Completed
1182,32,72,57,2025-10-19,1102,1063,Completed
1183,1,67,78,2025-07-16,1605,1427,Rejected
1184,3,16,110,2025-05-24,625,608,Delayed
1185,31,4,63,2025-05-27,1576,1532,Completed
1186,34,4,87,2025-08-07,992,875,Delayed
1187,26,64,24,2025-03-13,1104,1137,Completed
1188,18,21,76,2025-11-02,1314,1218,Completed
1189,20,48,116,2025-11-16,1449,1503,Completed
1190,21,3,47,2025-08-25,1562,1578,Completed
1191,14,45,2,2025-12-11,1905,1645,Completed
1192,9,73,83,2025-12-24,985,862,Delayed
1193,19,24,108,2025-02-08,960,839,Rejected
1194,23,20,36,2025-02-04,1523,1483,Completed
1195,29,46,73,2025-07-19,567,510,Delayed
1196,20,62,65,2025-03-28,941,907,Completed
1197,2,34,122,2025-08-07,1661,1709,Completed
1198,38,33,109,2025-10-02,1431,1405,Delayed
1199,38,48,44,2025-02-20,1833,1718,Rejected
1200,2,17,111,2025-02-06,951,886,Completed
1201,14,74,15,2025-01-13,982,1006,Completed
1202,11,16,77,2025-04-27,1364,1431,Completed
1203,31,41,78,2025-06-20,1584,1618,Delayed
1204,19,43,102,2025-06-05,1637,1469,Completed
1205,29,52,6,2025-06-30,1539,1383,Completed
1206,27,67,133,2025-04-03,1949,1813,Delayed
1207,39,20,96,2025-07-11,1054,1006,Completed
1208,17,15,149,2025-12-25,640,639,Rejected
1209,38,46,116,2025-07-11,1848,1733,Rejected
1210,9,65,55,2025-06-09,547,547,Completed
1211,29,53,73,2025-12-18,1836,1739,Delayed
1212,22,50,103,2025-09-05,510,497,Rejected
1213,26,55,1,2025-03-20,1946,1996,Completed
1214,24,56,143,2025-09-14,672,637,Completed
1215,25,49,144,2025-08-28,953,820,Delayed
1216,27,2,17,2025-11-11,1362,1158,Completed
1217,11,67,80,2025-04-13,1347,1276,Completed
1218,21,60,95,2025-04-24,1799,1608,Completed
1219,37,42,97,2025-09-05,1711,1664,Delayed
1220,39,5,26,2025-01-05,510,487,Completed
1221,38,7,121,2025-08-30,1367,1391,Completed
1222,34,74,127,2025-12-15,1828,1706,Rejected
1223,33,60,22,2025-11-24,689,594,Delayed
1224,9,52,27,2025-07-21,1652,1414,Completed
1225,31,68,54,2025-05-13,1256,1180,Delayed
1226,36,52,96,2025-01-20,506,437,Completed
1227,13,55,74,2025-07-10,1928,1780,Rejected
1228,10,5,70,2025-09-12,1993,1970,Rejected
1229,29,25,28,2025-03-04,1226,1185,Completed
1230,38,31,97,2025-11-29,699,611,Delayed
1231,32,68,54,2025-12-30,850,885,Completed
1232,19,23,91,2025-07-18,660,672,Delayed
1233,22,52,83,2025-05-30,1343,1225,Rejected
1234,35,15,109,2025-03-05,1493,1454,Completed
1235,6,1,102,2025-07-31,1563,1587,Completed
1236,33,61,95,2025-08-19,537,492,Completed
1237,23,21,91,2025-07-13,1293,1334,Delayed
1238,22,35,12,2025-08-10,573,501,Rejected
1239,6,36,110,2025-03-10,866,856,Delayed
1240,13,7,34,2025-01-15,1740,1675,Delayed
1241,12,75,11,2025-11-06,1465,1454,Completed
1242,31,43,72,2025-11-08,1247,1148,Completed
1243,40,19,52,2025-09-28,895,828,Completed
1244,39,19,142,2025-04-09,1484,1505,Delayed
1245,1,35,47,2025-07-05,1794,1767,Delayed
1246,25,32,52,2025-11-02,1108,1066,Delayed
1247,33,66,5,2025-02-08,785,692,Completed
1248,9,53,109,2025-05-05,1252,1137,Delayed
1249,33,38,52,2025-12-08,1554,1555,Rejected
1250,40,26,81,2025-09-21,1389,1379,Completed
1251,14,49,32,2025-08-06,779,681,Delayed
1252,28,73,90,2025-06-21,1186,1244,Delayed
1253,18,62,88,2025-09-21,1354,1239,Rejected
1254,16,34,19,2025-07-13,796,738,Completed
1255,11,9,93,2025-11-08,988,853,Completed
1256,2,73,132,2025-05-14,714,730,Delayed
1257,23,4,94,2025-10-18,1840,1700,Completed
1258,31,17,113,2025-01-02,1373,1304,Completed
1259,32,61,105,2025-01-07,784,733,Completed
1260,4,1,119,2025-03-09,1231,1272,Delayed
1261,9,11,47,2025-11-20,726,690,Completed
1262,5,32,79,2025-01-12,524,472,Completed
1263,3,40,46,2025-01-27,876,881,Rejected
1264,23,57,139,2025-08-24,1556,1553,Delayed
1265,13,5,74,2025-09-04,1900,1666,Completed
1266,14,24,102,2025-02-27,1520,1526,Completed
1267,38,53,7,2025-09-11,649,596,Rejected
1268,10,6,101,2025-10-12,994,952,Completed
1269,7,30,43,2025-12-01,1303,1135,Completed
1270,15,12,72,2025-12-07,539,539,Delayed
1271,6,30,94,2025-11-13,887,883,Completed
1272,34,35,45,2025-09-11,845,732,Completed
1273,32,55,58,2025-04-16,1087,948,Rejected
1274,10,33,117,2025-06-30,832,711,Delayed
1275,11,48,56,2025-03-25,1326,1295,Completed
1276,5,47,51,2025-01-22,1597,1450,Completed
1277,34,34,109,2025-08-24,1155,1061,Completed
1278,22,54,139,2025-09-28,1880,1603,Completed
1279,9,35,124,2025-09-28,1007,952,Completed
1280,33,22,35,2025-04-14,833,791,Rejected
1281,9,4,77,2025-04-28,632,647,Completed
1282,1,7,84,2025-01-03,1356,1396,Completed
1283,20,24,56,2025-03-09,1170,1107,Completed
1284,19,59,56,2025-04-28,543,492,Completed
1285,34,7,60,2025-09-01,1838,1654,Delayed
1286,17,10,125,2025-03-25,1263,1234,Delayed
1287,27,61,123,2025-11-27,1156,1092,Completed
1288,24,21,12,2025-04-03,1578,1415,Completed
1289,11,60,105,2025-07-03,521,545,Rejected
1290,23,4,97,2025-10-09,1015,871,Rejected
1291,38,1,139,2025-09-20,1726,1685,Rejected
1292,6,10,97,2025-10-12,1611,1568,Delayed
1293,6,58,65,2025-09-26,565,564,Completed
1294,27,18,116,2025-04-16,862,829,Rejected
1295,16,24,98,2025-05-06,1080,966,Completed
1296,7,54,111,2025-08-27,1956,1854,Completed
1297,7,23,31,2025-12-21,553,555,Rejected
1298,24,53,100,2025-02-16,866,895,Completed
1299,14,16,18,2025-07-10,1294,1334,Completed
1300,26,31,52,2025-05-19,1146,1092,Completed
1301,27,72,22,2025-12-31,1943,1888,Rejected
1302,5,11,121,2025-07-31,1433,1426,Completed
1303,1,22,148,2025-10-18,1511,1416,Completed
1304,27,11,9,2025-07-05,958,1002,Completed
1305,6,45,134,2025-04-24,1127,1112,Completed
1306,12,56,128,2025-10-28,1864,1709,Completed
1307,2,24,50,2025-08-23,1837,1721,Delayed
1308,30,55,65,2025-07-03,1188,1044,Delayed
1309,23,69,88,2025-11-09,713,642,Delayed
1310,2,66,78,2025-10-04,685,678,Completed
1311,27,51,44,2025-08-16,1536,1500,Completed
1312,17,23,12,2025-10-28,1945,1728,Delayed
1313,16,11,89,2025-08-28,971,953,Completed
1314,32,16,109,2025-06-15,844,729,Completed
1315,27,37,70,2025-10-05,856,801,Rejected
1316,4,60,128,2025-11-04,805,762,Completed
1317,4,5,115,2025-03-15,1760,1569,Completed
1318,11,60,8,2025-09-14,1722,1571,Delayed
1319,20,24,77,2025-06-10,1929,1646,Completed
1320,36,68,83,2025-11-17,932,932,Completed
1321,1,51,10,2025-02-13,1924,1889,Delayed
1322,7,14,29,2025-11-09,736,739,Completed
1323,16,37,1,2025-05-22,696,699,Completed
1324,35,10,31,2025-04-09,1532,1547,Completed
1325,17,37,81,2025-11-07,1272,1164,Completed
1326,1,71,121,2025-01-31,1773,1726,Rejected
1327,16,58,112,2025-12-06,861,882,Rejected
1328,21,57,33,2025-05-25,1058,957,Completed
1329,9,62,53,2025-09-09,1646,1697,Completed
1330,21,51,108,2025-03-08,1627,1579,Rejected
1331,15,35,66,2025-02-09,604,615,Completed
1332,13,28,86,2025-05-10,1426,1338,Completed
1333,17,66,147,2025-10-13,667,670,Rejected
1334,13,19,94,2025-08-07,1885,1659,Completed
1335,13,44,48,2025-03-10,587,505,Delayed
1336,32,74,71,2025-06-22,1622,1420,Completed
1337,27,4,22,2025-11-01,1949,1754,Rejected
1338,33,42,53,2025-12-11,1769,1776,Completed
1339,21,53,23,2025-06-04,1781,1617,Completed
1340,38,10,44,2025-02-11,1404,1223,Completed
1341,40,45,149,2025-05-07,1925,1731,Completed
1342,30,60,89,2025-01-11,1322,1145,Completed
1343,33,34,93,2025-06-27,1479,1359,Completed
1344,38,11,77,2025-01-15,643,642,Completed
1345,17,47,150,2025-03-26,920,936,Delayed
1346,39,56,143,2025-06-13,1438,1233,Completed
1347,25,46,95,2025-12-30,1537,1336,Completed
1348,33,49,92,2025-05-13,1254,1105,Completed
1349,20,16,107,2025-04-25,570,495,Completed
1350,29,5,121,2025-10-28,585,502,Completed
1351,5,19,4,2025-08-17,1153,1200,Completed
1352,4,38,106,2025-04-07,700,621,Delayed
1353,33,40,123,2025-12-02,606,549,Completed
1354,1,40,126,2026-01-01,1279,1326,Rejected
1355,2,40,104,2025-10-03,1565,1618,Rejected
1356,39,74,135,2025-06-11,1348,1187,Completed
1357,38,18,79,2025-01-05,1862,1923,Delayed
1358,1,48,120,2025-11-25,585,589,Rejected
1359,35,29,107,2025-11-15,1899,1774,Completed
1360,19,44,136,2025-06-21,1653,1587,Completed
1361,18,67,13,2025-03-02,1891,1667,Completed
1362,34,23,113,2025-07-14,1992,1971,Completed
1363,25,34,80,2025-03-07,606,633,Completed
1364,17,8,60,2025-12-09,967,991,Completed
1365,36,70,59,2025-05-21,1575,1518,Rejected
1366,18,50,134,2025-07-03,1149,1026,Rejected
1367,22,22,15,2025-12-04,1094,1090,Completed
1368,20,63,99,2025-01-24,1531,1518,Completed
1369,1,24,81,2025-07-29,1879,1947,Completed
1370,31,66,60,2025-12-20,1472,1389,Completed
1371,35,38,91,2025-09-22,1614,1539,Completed
1372,3,53,20,2025-12-08,866,864,Rejected
1373,7,6,114,2025-05-03,1763,1614,Completed
1374,37,56,112,2025-02-22,943,974,Completed
1375,18,26,119,2025-04-10,1815,1591,Completed
1376,26,49,10,2025-09-27,1105,1030,Completed
1377,8,30,114,2025-10-01,691,681,Completed
1378,15,23,21,2025-10-12,1039,1036,Delayed
1379,29,63,64,2025-08-11,1004,1001,Completed
1380,7,2,23,2025-01-03,1165,1219,Rejected
1381,30,43,40,2025-05-15,1826,1769,Delayed
1382,18,6,69,2025-09-02,868,763,Completed
1383,32,2,42,2025-04-26,1927,1804,Delayed
1384,14,59,100,2025-12-19,1711,1621,Delayed
1385,6,21,139,2025-12-16,729,655,Completed
1386,35,17,105,2025-03-31,1664,1680,Completed
1387,24,13,70,2025-05-26,858,747,Completed
1388,11,60,4,2025-09-09,1186,1075,Completed
1389,7,30,136,2025-07-10,594,599,Completed
1390,30,47,107,2025-01-07,1459,1356,Rejected
1391,25,27,59,2025-02-07,556,493,Completed
1392,14,44,12,2025-09-21,1208,1074,Completed
1393,27,49,33,2025-06-22,1354,1212,Completed
1394,20,7,31,2025-12-17,1228,1285,Completed
1395,26,44,9,2025-07-04,1221,1043,Completed
1396,8,31,92,2025-07-29,1698,1604,Completed
1397,6,49,6,2025-11-24,934,950,Delayed
1398,1,40,20,2025-01-26,894,854,Delayed
1399,31,73,119,2025-02-12,760,785,Delayed
1400,23,66,119,2025-04-21,985,951,Completed
1401,11,61,34,2025-09-17,1615,1521,Completed
1402,37,63,116,2025-11-11,1667,1746,Rejected
1403,1,68,138,2025-10-04,1076,948,Completed
1404,5,24,99,2025-07-18,886,844,Delayed
1405,12,9,52,2025-12-02,774,796,Completed
1406,2,65,45,2025-08-30,688,615,Completed
1407,17,7,45,2025-11-13,1774,1735,Delayed
1408,14,7,56,2025-08-29,713,630,Completed
1409,3,34,112,2025-01-27,789,798,Rejected
1410,4,23,70,2025-07-21,983,988,Completed
1411,4,48,124,2025-10-26,830,777,Rejected
1412,14,2,37,2025-02-23,663,683,Delayed
1413,38,59,47,2025-03-17,1087,950,Delayed
1414,7,31,6,2025-06-25,1438,1306,Delayed
1415,31,5,125,2025-06-30,639,668,Completed
1416,25,60,86,2025-12-17,1785,1782,Completed
1417,14,19,6,2025-04-17,1595,1401,Delayed
1418,31,10,86,2025-12-06,853,740,Completed
1419,27,38,68,2025-04-02,721,632,Completed
1420,27,57,130,2025-03-08,1482,1297,Completed
1421,6,51,121,2025-05-25,1559,1530,Rejected
1422,9,69,111,2025-08-30,1881,1878,Completed
1423,2,21,130,2025-06-26,859,845,Completed
1424,29,53,150,2025-01-24,877,840,Delayed
1425,9,48,61,2025-04-05,845,817,Completed
1426,23,52,117,2025-06-18,1383,1407,Completed
1427,29,74,72,2025-04-05,1191,1250,Completed
1428,20,41,107,2025-04-26,920,800,Rejected
1429,13,64,127,2025-05-31,1477,1435,Rejected
1430,6,5,148,2025-01-20,1644,1427,Delayed
1431,13,9,70,2025-11-02,1183,1152,Completed
1432,17,64,102,2025-07-06,802,778,Completed
1433,25,21,1,2025-03-08,1989,2081,Completed
1434,32,28,106,2025-02-12,1226,1261,Rejected
1435,35,20,26,2025-06-07,1769,1838,Delayed
1436,40,51,134,2025-02-22,971,1019,Completed
1437,8,25,87,2025-03-27,1868,1634,Rejected
1438,5,69,128,2025-02-19,1910,1854,Completed
1439,1,67,1,2025-12-30,1653,1486,Completed
1440,21,14,77,2025-04-23,1469,1508,Completed
1441,9,15,57,2025-02-25,1050,923,Completed
1442,5,63,134,2025-02-25,1135,1045,Completed
1443,18,46,43,2025-11-29,846,765,Completed
1444,5,50,101,2025-03-10,1701,1694,Rejected
1445,36,52,76,2025-08-31,1567,1368,Completed
1446,7,53,85,2025-12-11,699,617,Completed
1447,25,66,9,2025-01-05,781,734,Completed
1448,24,28,34,2025-07-07,1739,1663,Delayed
1449,37,54,21,2025-06-14,1934,1933,Completed
1450,34,59,136,2025-04-20,1341,1147,Completed
1451,3,54,35,2025-10-06,875,884,Delayed
1452,32,48,39,2025-09-09,918,858,Completed
1453,22,39,64,2025-11-04,1917,1734,Delayed
1454,11,72,100,2025-02-04,1029,990,Completed
1455,10,62,29,2025-07-20,1828,1914,Delayed
1456,16,24,98,2025-04-03,1087,933,Rejected
1457,16,42,130,2025-07-19,1033,952,Completed
1458,9,24,39,2025-01-31,1074,919,Delayed
1459,22,67,109,2025-07-04,716,738,Completed
1460,35,30,61,2025-07-12,1270,1223,Completed
1461,35,62,73,2025-01-06,950,970,Completed
1462,24,12,122,2025-06-02,1839,1701,Completed
1463,18,36,22,2025-07-23,1429,1310,Completed
1464,40,52,90,2025-02-11,1115,1087,Completed
1465,24,12,26,2025-03-14,961,987,Completed
1466,13,36,150,2025-02-12,1298,1286,Completed
1467,15,52,37,2025-01-02,1885,1796,Completed
1468,26,65,17,2025-04-11,1164,1088,Rejected
1469,9,12,124,2025-04-29,875,801,Completed
1470,24,56,77,2025-06-08,807,768,Completed
1471,22,25,90,2025-11-14,1643,1675,Completed
1472,24,71,120,2025-04-10,1425,1392,Completed
1473,5,68,59,2025-05-25,1976,1752,Rejected
1474,39,47,150,2025-10-03,967,955,Completed
1475,33,19,17,2025-07-17,1867,1690,Completed
1476,17,6,150,2025-02-14,1607,1382,Rejected
1477,19,41,56,2025-12-11,1389,1423,Delayed
1478,35,17,28,2025-10-11,1662,1670,Completed
1479,29,66,104,2025-02-14,907,902,Rejected
1480,37,27,101,2025-04-21,1132,1051,Rejected
1481,39,13,30,2025-07-05,1916,1971,Completed
1482,36,38,71,2025-11-18,1395,1436,Rejected
1483,5,30,90,2025-07-07,958,932,Delayed
1484,39,23,45,2025-04-15,1865,1722,Completed
1485,37,71,52,2025-01-11,690,686,Rejected
1486,11,13,36,2025-12-20,1900,1665,Rejected
1487,33,71,17,2025-06-22,1870,1666,Completed
1488,17,15,122,2025-01-12,911,892,Rejected
1489,20,48,127,2025-11-10,513,506,Completed
1490,10,6,21,2025-02-03,1439,1249,Delayed
1491,39,52,96,2025-03-30,1716,1467,Completed
1492,17,73,119,2025-07-16,1673,1719,Rejected
1493,24,57,71,2025-08-21,1467,1290,Completed
1494,36,46,117,2025-04-29,1259,1261,Delayed
1495,2,48,123,2025-12-01,1225,1279,Completed
1496,31,74,146,2025-01-15,1847,1653,Rejected
1497,27,75,80,2025-01-25,1676,1652,Rejected
1498,30,29,128,2025-05-05,697,684,Delayed
1499,21,6,71,2026-01-01,845,835,Delayed
1500,9,28,96,2025-05-06,682,667,Completed
1501,29,55,112,2025-09-06,1665,1572,Completed
1502,1,44,70,2025-07-22,1405,1316,Delayed
1503,2,55,85,2025-11-03,1864,1795,Completed
1504,38,20,11,2025-10-29,1391,1363,Completed
1505,6,18,8,2025-11-03,934,828,Completed
1506,14,21,86,2025-10-20,595,596,Completed
1507,25,30,85,2025-06-27,1815,1617,Rejected
1508,40,8,44,2025-02-13,1818,1838,Delayed
1509,25,4,49,2025-09-11,1668,1433,Completed
1510,11,32,9,2025-05-16,1624,1570,Completed
1511,34,53,2,2025-10-02,760,653,Completed
1512,32,21,139,2025-09-14,1081,1112,Completed
1513,5,19,148,2025-10-28,1751,1562,Completed
1514,20,28,51,2025-06-06,1355,1260,Completed
1515,23,43,31,2025-09-05,1774,1785,Rejected
1516,17,70,70,2025-06-29,1568,1627,Delayed
1517,34,73,97,2025-05-04,1657,1570,Delayed
1518,40,39,27,2025-03-24,1307,1270,Completed
1519,6,39,133,2025-08-06,1364,1402,Completed
1520,8,62,54,2025-10-24,1364,1372,Delayed
1521,24,9,139,2025-09-12,1122,1092,Completed
1522,4,21,136,2025-05-20,953,958,Rejected
1523,37,43,61,2025-12-13,1198,1228,Rejected
1524,33,6,143,2025-06-30,1298,1162,Delayed
1525,29,58,123,2025-06-19,707,680,Completed
1526,22,60,105,2025-07-10,1199,1101,Completed
1527,38,3,131,2025-08-25,1751,1603,Rejected
1528,1,42,24,2025-10-02,602,521,Completed
1529,31,54,117,2025-09-23,1831,1837,Rejected
1530,26,27,69,2025-04-24,1695,1743,Completed
1531,32,12,142,2025-08-22,1110,956,Delayed
1532,11,65,27,2025-01-25,1181,1227,Completed
1533,33,43,95,2025-08-07,955,848,Completed
1534,25,71,98,2025-02-10,1296,1152,Completed
1535,17,27,99,2025-03-28,764,709,Delayed
1536,7,25,142,2025-01-22,1662,1523,Completed
1537,21,67,107,2025-07-02,822,767,Completed
1538,23,41,36,2025-12-09,1035,970,Completed
1539,9,26,46,2025-08-11,989,861,Rejected
1540,18,40,2,2025-06-28,649,664,Completed
1541,9,7,128,2025-01-21,639,669,Completed
1542,20,4,89,2025-11-24,822,827,Rejected
1543,10,31,42,2025-11-18,1883,1725,Completed
1544,31,69,110,2025-07-21,645,607,Completed
1545,20,10,37,2025-05-24,1706,1600,Delayed
1546,22,20,144,2025-01-16,1779,1742,Delayed
1547,32,30,7,2025-01-02,1924,1657,Completed
1548,18,72,89,2025-08-16,1695,1520,Delayed
1549,11,25,3,2025-10-10,1704,1530,Completed
1550,25,17,139,2025-11-30,657,650,Completed
1551,30,43,62,2025-08-02,885,904,Completed
1552,8,21,26,2025-02-04,794,827,Completed
1553,21,11,31,2025-07-10,998,869,Delayed
1554,16,72,142,2025-05-24,535,465,Delayed
1555,24,56,79,2025-02-24,1992,2088,Rejected
1556,9,15,44,2025-03-15,1520,1455,Rejected
1557,36,53,74,2025-04-16,1931,1735,Completed
1558,17,28,110,2025-01-29,1368,1229,Completed
1559,3,72,18,2025-09-26,1212,1134,Completed
1560,22,39,68,2025-01-19,1464,1324,Rejected
1561,22,15,105,2025-07-03,606,537,Rejected
1562,18,49,22,2025-08-22,882,802,Completed
1563,26,50,120,2025-02-22,1496,1561,Completed
1564,10,29,16,2025-11-26,992,880,Rejected
1565,18,46,91,2025-02-03,589,610,Completed
1566,37,62,115,2025-07-01,1733,1770,Completed
1567,14,24,143,2025-08-10,1366,1340,Rejected
1568,16,70,148,2025-12-04,1331,1227,Delayed
1569,23,68,52,2025-03-18,1972,1975,Rejected
1570,35,45,26,2025-11-03,1575,1340,Completed
1571,40,53,13,2025-08-31,677,661,Completed
1572,8,47,46,2025-11-24,707,639,Completed
1573,12,68,2,2025-11-04,1345,1373,Delayed
1574,22,63,104,2025-10-23,1797,1883,Completed
1575,29,12,43,2025-06-17,1198,1224,Rejected
1576,29,26,105,2025-11-05,1092,1129,Rejected
1577,5,18,6,2025-10-21,920,787,Completed
1578,12,48,82,2025-06-04,1391,1237,Completed
1579,14,60,80,2025-04-22,720,666,Completed
1580,28,24,119,2025-05-11,1754,1650,Completed
1581,16,30,25,2025-03-20,680,652,Delayed
1582,40,2,129,2025-09-09,707,679,Completed
1583,9,6,51,2025-11-21,1367,1238,Delayed
1584,32,9,16,2025-05-18,1722,1789,Completed
1585,3,67,23,2025-06-29,1579,1448,Completed
1586,35,17,57,2025-02-18,1252,1144,Completed
1587,30,73,144,2025-07-30,1302,1259,Completed
1588,1,14,18,2025-11-23,1429,1353,Completed
1589,31,4,92,2025-03-21,1703,1561,Completed
1590,3,43,128,2025-05-13,994,962,Completed
1591,5,6,29,2025-01-25,837,875,Completed
1592,36,1,46,2025-12-09,1649,1726,Rejected
1593,40,69,134,2025-12-11,1924,2000,Delayed
1594,36,22,34,2025-08-22,1199,1037,Delayed
1595,31,59,34,2025-08-29,812,804,Completed
1596,40,15,134,2025-11-20,556,500,Delayed
1597,1,64,18,2025-12-31,1480,1275,Delayed
1598,6,30,30,2025-10-20,1955,1911,Rejected
1599,24,42,120,2025-04-06,1674,1518,Completed
1600,28,29,78,2025-10-26,1399,1399,Delayed
1601,9,74,70,2025-02-24,1147,1002,Completed
1602,7,67,46,2025-11-10,1070,986,Rejected
1603,31,36,82,2025-02-21,1352,1349,Completed
1604,4,46,10,2025-08-30,990,900,Completed
1605,33,68,32,2025-07-04,810,748,Rejected
1606,11,67,15,2025-03-05,784,791,Completed
1607,19,35,150,2025-11-26,1667,1595,Delayed
1608,26,65,149,2025-12-11,904,794,Rejected
1609,8,17,41,2025-11-02,1504,1541,Delayed
1610,13,34,34,2025-04-01,534,550,Rejected
1611,23,52,49,2025-09-02,1554,1501,Completed
1612,37,2,52,2025-08-22,1950,1761,Rejected
1613,1,22,64,2025-04-05,1310,1157,Rejected
1614,21,34,79,2025-10-31,884,796,Completed
1615,10,62,68,2025-05-20,1195,1139,Completed
1616,36,46,48,2025-09-28,1082,1039,Completed
1617,15,22,76,2025-05-13,1046,916,Delayed
1618,5,21,119,2025-02-09,1208,1137,Rejected
1619,8,11,99,2025-01-03,1024,918,Completed
1620,25,55,9,2025-08-06,1042,1023,Completed
1621,38,41,108,2025-06-23,1803,1891,Completed
1622,33,12,79,2025-10-23,1121,1126,Delayed
1623,23,13,87,2025-05-07,672,692,Completed
1624,35,38,146,2025-03-02,541,530,Rejected
1625,38,48,64,2025-09-16,551,562,Rejected
1626,35,32,74,2025-04-11,733,692,Rejected
1627,19,14,71,2025-05-18,893,823,Completed
1628,2,2,110,2025-10-23,1296,1116,Completed
1629,5,11,107,2025-02-05,1280,1199,Completed
1630,18,5,78,2025-04-19,542,490,Completed
1631,3,2,103,2025-09-17,1863,1633,Completed
1632,11,4,51,2025-01-04,1245,1077,Completed
1633,29,60,74,2025-12-27,1846,1604,Completed
1634,35,53,30,2025-12-24,1333,1186,Completed
1635,31,68,136,2025-02-03,1067,1076,Completed
1636,16,57,42,2025-02-03,1844,1853,Completed
1637,10,70,128,2025-09-08,1597,1596,Completed
1638,27,55,5,2025-01-07,576,491,Delayed
1639,40,24,25,2025-05-14,697,729,Completed
1640,13,49,35,2025-12-09,1688,1714,Delayed
1641,23,5,87,2025-05-19,1549,1359,Delayed
1642,39,29,45,2025-04-30,590,554,Rejected
1643,3,30,87,2025-04-11,912,871,Rejected
1644,40,75,73,2025-02-15,1030,931,Delayed
1645,28,43,42,2025-08-21,553,544,Completed
1646,12,63,110,2025-07-08,717,611,Completed
1647,29,49,70,2025-09-28,1879,1901,Completed
1648,20,12,11,2025-11-22,1648,1718,Completed
1649,28,47,85,2025-07-28,1682,1533,Completed
1650,18,39,33,2025-08-17,1106,1145,Completed
1651,39,56,60,2025-01-22,1253,1311,Completed
1652,20,6,54,2025-04-05,1140,1114,Completed
1653,37,49,32,2025-03-11,1029,1024,Delayed
1654,38,35,64,2025-02-25,1042,935,Completed
1655,6,9,104,2025-11-29,1970,1684,Completed
1656,23,55,79,2025-09-13,1554,1433,Completed
1657,36,37,77,2025-11-17,1016,1018,Delayed
1658,2,24,40,2025-04-11,1658,1613,Completed
1659,12,50,58,2025-03-02,1327,1310,Completed
1660,31,24,22,2025-04-23,1837,1621,Completed
1661,26,15,119,2025-05-16,1513,1330,Rejected
1662,23,19,31,2025-10-19,1360,1214,Delayed
1663,26,35,143,2025-04-29,999,875,Delayed
1664,22,37,24,2025-02-17,1732,1551,Rejected
1665,39,38,39,2025-11-16,1815,1560,Completed
1666,6,68,92,2025-01-09,1132,1014,Completed
1667,39,68,71,2025-11-27,1656,1625,Completed
1668,30,47,93,2025-12-05,1486,1546,Completed
1669,24,74,81,2025-12-07,1169,1170,Completed
1670,34,39,120,2025-12-29,1487,1458,Completed
1671,15,25,54,2025-01-18,1061,1057,Completed
1672,20,45,54,2025-01-27,1357,1161,Completed
1673,25,2,12,2025-10-28,1242,1114,Completed
1674,26,41,108,2025-04-06,1661,1693,Completed
1675,20,69,27,2025-08-20,1898,1615,Delayed
1676,33,13,57,2025-09-21,1289,1254,Delayed
1677,10,24,20,2025-07-01,1794,1549,Completed
1678,11,16,120,2025-09-02,1992,1702,Completed
1679,36,68,11,2025-12-28,1665,1485,Completed
1680,33,6,70,2025-06-01,1902,1835,Completed
1681,31,40,117,2025-03-08,1482,1289,Completed
1682,13,45,87,2025-05-09,1981,1939,Delayed
1683,5,57,46,2025-08-15,713,726,Rejected
1684,23,16,66,2025-05-16,1954,2015,Completed
1685,16,32,95,2025-11-06,1386,1395,Rejected
1686,40,39,69,2025-04-04,1039,926,Completed
1687,19,32,8,2025-09-22,1710,1578,Rejected
1688,12,17,134,2025-02-28,1391,1254,Completed
1689,8,15,103,2025-02-19,1254,1247,Completed
1690,34,21,95,2025-04-04,1869,1771,Completed
1691,11,73,37,2025-08-23,1228,1061,Completed
1692,2,24,43,2025-04-29,929,805,Delayed
1693,13,33,74,2025-10-05,852,806,Completed
1694,17,31,11,2025-12-24,1562,1533,Completed
1695,27,74,19,2025-12-02,662,573,Completed
1696,26,11,124,2025-08-09,935,830,Rejected
1697,11,20,7,2025-11-23,813,729,Rejected
1698,12,53,98,2025-08-21,1907,1850,Completed
1699,17,61,139,2025-08-17,1390,1390,Delayed
1700,10,50,106,2025-02-25,1645,1680,Delayed
1701,36,36,72,2025-12-13,1424,1439,Completed
1702,9,21,33,2025-10-17,683,649,Completed
1703,34,40,95,2025-11-03,1398,1406,Delayed
1704,21,30,102,2025-02-18,1699,1496,Completed
1705,26,12,25,2025-12-31,1854,1806,Delayed
1706,39,53,88,2025-09-20,1436,1235,Completed
1707,40,24,37,2025-05-15,1078,1054,Rejected
1708,2,56,38,2025-08-27,612,608,Rejected
1709,28,60,94,2025-11-06,1708,1654,Rejected
1710,27,48,57,2025-08-23,1250,1191,Rejected
1711,39,51,27,2025-12-24,1869,1940,Completed
1712,4,33,23,2025-10-04,1909,1655,Completed
1713,31,7,76,2025-03-06,1820,1610,Completed
1714,18,19,74,2025-03-22,1784,1585,Completed
1715,12,60,137,2025-05-27,535,464,Rejected
1716,13,4,144,2025-05-23,1583,1576,Rejected
1717,23,31,109,2025-01-09,1632,1699,Rejected
1718,14,24,77,2025-12-14,1240,1173,Completed
1719,28,65,112,2025-10-03,1334,1259,Completed
1720,22,15,20,2025-09-07,1826,1912,Delayed
1721,1,42,135,2025-03-01,1934,1764,Completed
1722,9,41,81,2025-05-23,1829,1760,Delayed
1723,33,30,62,2025-05-29,692,712,Completed
1724,20,31,9,2025-01-22,1870,1872,Delayed
1725,35,11,103,2025-11-16,1572,1590,Completed
1726,39,8,35,2025-03-31,1421,1267,Rejected
1727,16,25,39,2025-07-23,1432,1379,Completed
1728,13,20,42,2025-03-28,1366,1282,Completed
1729,23,46,123,2025-02-14,1757,1702,Rejected
1730,27,49,131,2025-01-23,502,464,Completed
1731,37,59,118,2025-08-14,1680,1741,Completed
1732,38,13,130,2025-07-07,1585,1572,Completed
1733,36,68,126,2025-04-26,1831,1610,Completed
1734,14,8,5,2025-02-05,681,672,Completed
1735,25,46,1,2025-09-28,735,690,Completed
1736,16,27,71,2025-07-18,750,712,Completed
1737,40,70,59,2025-01-02,515,523,Completed
1738,5,58,10,2025-02-13,1560,1503,Completed
1739,29,56,37,2025-10-21,1359,1218,Completed
1740,16,43,61,2025-06-21,1799,1882,Delayed
1741,9,74,43,2025-09-29,1179,1012,Delayed
1742,8,63,100,2025-02-02,1539,1417,Delayed
1743,14,63,149,2025-02-24,597,619,Delayed
1744,39,19,76,2025-12-29,1627,1434,Completed
1745,40,57,102,2025-11-23,1159,1074,Completed
1746,1,71,96,2025-02-09,1956,1886,Rejected
1747,25,3,95,2025-03-26,1922,1659,Completed
1748,40,21,145,2025-08-30,1258,1086,Delayed
1749,27,45,118,2025-12-09,1272,1125,Completed
1750,1,48,23,2025-07-22,1267,1133,Completed
1751,9,35,114,2025-07-02,1383,1185,Delayed
1752,2,56,113,2025-08-26,739,654,Completed
1753,22,40,126,2025-09-16,554,480,Rejected
1754,4,42,21,2025-12-28,1617,1465,Rejected
1755,1,26,145,2025-10-27,572,553,Completed
1756,1,45,68,2025-11-26,543,478,Delayed
1757,40,2,131,2025-03-21,1179,1234,Rejected
1758,33,73,40,2025-10-06,1091,1033,Delayed
1759,29,23,136,2025-07-01,1790,1749,Delayed
1760,24,39,127,2025-01-27,1112,1089,Completed
1761,1,61,3,2025-04-23,967,959,Completed
1762,10,23,54,2025-01-06,844,766,Delayed
1763,7,48,64,2025-10-03,799,817,Completed
1764,12,16,87,2025-09-20,1471,1452,Rejected
1765,19,20,141,2025-10-02,1009,898,Delayed
1766,24,18,105,2025-10-25,1187,1116,Completed
1767,22,73,145,2025-04-08,1962,1720,Rejected
1768,31,59,141,2025-01-12,1208,1152,Completed
1769,40,43,4,2025-10-09,664,636,Delayed
1770,15,46,74,2025-09-18,996,1007,Completed
1771,22,47,100,2025-05-09,818,858,Completed
1772,34,11,40,2025-04-16,1111,988,Completed
1773,28,11,53,2025-02-24,748,688,Completed
1774,37,63,61,2025-03-02,1599,1605,Completed
1775,31,49,98,2025-03-06,970,914,Completed
1776,31,22,24,2025-08-20,1482,1292,Rejected
1777,17,18,28,2025-05-25,861,848,Delayed
1778,10,52,35,2025-05-03,900,888,Completed
1779,3,55,126,2025-08-15,506,496,Completed
1780,40,74,77,2025-03-29,1836,1876,Completed
1781,23,18,4,2025-01-16,1674,1433,Completed
1782,35,65,129,2025-09-24,1987,1781,Completed
1783,24,40,71,2025-03-28,1281,1209,Delayed
1784,40,36,28,2025-08-25,1455,1331,Delayed
1785,38,3,18,2025-09-27,673,619,Delayed
1786,4,70,55,2025-11-23,1310,1243,Rejected
1787,19,43,103,2025-04-26,637,631,Completed
1788,27,40,49,2025-06-23,1528,1361,Rejected
1789,40,23,7,2025-11-15,1137,1166,Completed
1790,37,16,87,2025-08-08,1474,1544,Completed
1791,15,5,53,2025-11-22,923,908,Completed
1792,28,72,13,2025-08-13,517,444,Completed
1793,28,19,4,2025-06-10,1756,1796,Delayed
1794,10,42,82,2025-09-29,1766,1814,Rejected
1795,20,22,5,2025-10-08,1555,1552,Rejected
1796,3,68,1,2025-09-05,1831,1724,Completed
1797,10,26,149,2025-10-09,669,692,Delayed
1798,13,49,134,2025-11-10,1005,978,Delayed
1799,2,43,72,2025-03-04,892,919,Completed
1800,27,11,80,2025-02-25,1249,1096,Rejected
1801,19,62,55,2025-11-08,1957,1670,Completed
1802,32,58,79,2025-03-29,1851,1937,Delayed
1803,7,55,149,2025-12-31,1336,1330,Delayed
1804,27,45,134,2025-12-20,1734,1754,Delayed
1805,7,53,16,2025-06-23,1966,1946,Rejected
1806,28,16,15,2025-03-07,1313,1268,Completed
1807,4,73,33,2025-07-30,1331,1229,Delayed
1808,31,57,29,2025-09-13,1172,1029,Completed
1809,17,26,104,2025-02-26,1341,1262,Completed
1810,5,45,140,2025-07-24,1391,1217,Rejected
1811,20,75,56,2025-02-08,920,915,Completed
1812,39,12,16,2025-04-27,1281,1251,Completed
1813,15,43,48,2025-07-09,1019,1044,Rejected
1814,40,64,111,2025-07-01,1987,1989,Completed
1815,34,20,121,2025-10-25,1330,1356,Completed
1816,26,17,57,2025-09-16,1705,1695,Completed
1817,9,69,107,2025-11-29,1676,1574,Completed
1818,2,15,113,2025-05-13,861,770,Completed
1819,39,37,127,2025-02-25,1514,1315,Completed
1820,1,66,28,2025-11-13,775,730,Delayed
1821,29,73,122,2025-06-23,1669,1650,Completed
1822,40,10,132,2025-11-29,667,658,Completed
1823,9,73,42,2025-10-07,1745,1805,Delayed
1824,31,6,1,2025-03-16,666,646,Delayed
1825,11,51,112,2025-11-18,1432,1459,Completed
1826,22,70,61,2025-07-16,1718,1463,Rejected
1827,32,5,47,2025-12-09,1937,1980,Completed
1828,28,41,108,2025-08-07,1076,1066,Completed
1829,22,49,132,2025-08-29,1315,1237,Completed
1830,14,4,58,2025-08-22,1496,1310,Completed
1831,28,44,42,2025-11-18,1430,1226,Delayed
1832,32,46,124,2025-03-22,1775,1695,Rejected
1833,4,27,142,2025-09-11,1680,1452,Completed
1834,39,60,1,2025-03-03,682,699,Completed
1835,7,4,127,2025-07-16,820,752,Rejected
1836,40,51,116,2025-12-27,781,717,Completed
1837,1,40,32,2025-12-13,1274,1299,Delayed
1838,6,8,116,2025-03-26,1077,933,Delayed
1839,21,73,110,2025-10-17,601,546,Completed
1840,19,25,117,2025-01-08,1836,1613,Rejected
1841,3,31,77,2025-05-12,842,810,Completed
1842,18,50,87,2025-04-28,1875,1665,Completed
1843,26,48,147,2025-02-25,796,815,Completed
1844,31,1,18,2025-05-26,1952,1705,Completed
1845,10,22,141,2025-07-10,1392,1347,Completed
1846,14,37,38,2025-05-06,1438,1237,Completed
1847,33,24,115,2025-03-08,1900,1759,Delayed
1848,20,66,1,2025-01-30,817,706,Completed
1849,8,9,16,2025-06-08,1790,1579,Completed
1850,12,11,106,2025-06-18,1292,1342,Completed
1851,37,34,144,2025-01-01,2000,1986,Completed
1852,11,75,121,2025-09-28,959,960,Completed
1853,33,60,27,2025-10-17,803,796,Completed
1854,36,41,41,2025-05-07,1530,1433,Completed
1855,3,75,120,2025-10-01,794,801,Delayed
1856,31,31,25,2025-01-08,1796,1545,Completed
1857,7,55,15,2025-09-30,1590,1448,Delayed
1858,13,3,140,2025-12-30,988,985,Delayed
1859,5,42,60,2025-07-05,1155,995,Completed
1860,39,2,20,2025-08-01,583,587,Delayed
1861,39,64,81,2025-07-11,1093,1069,Delayed
1862,4,11,145,2025-09-17,718,691,Completed
1863,18,31,105,2025-04-10,694,616,Completed
1864,35,74,47,2025-05-28,993,918,Delayed
1865,30,7,129,2025-07-11,1909,1683,Rejected
1866,19,7,57,2025-09-04,1235,1211,Completed
1867,22,10,51,2025-01-29,997,1028,Completed
1868,16,14,57,2025-03-04,552,504,Completed
1869,29,38,8,2025-09-30,986,866,Completed
1870,33,71,59,2025-08-04,1162,1086,Rejected
1871,13,50,135,2025-03-10,1804,1678,Completed
1872,20,17,72,2025-04-26,1570,1543,Completed
1873,9,57,40,2025-01-06,1971,1971,Completed
1874,31,66,98,2025-08-07,1879,1665,Delayed
1875,14,34,112,2025-02-19,1122,1110,Completed
1876,32,11,84,2025-04-01,1285,1237,Rejected
1877,18,19,123,2025-09-26,1239,1098,Completed
1878,30,46,39,2025-12-06,1469,1495,Completed
1879,30,17,137,2025-06-24,1923,1909,Completed
1880,29,61,147,2025-12-26,623,542,Completed
1881,2,59,14,2025-11-30,896,821,Completed
1882,7,47,24,2025-03-12,1815,1674,Completed
1883,5,31,118,2025-12-26,1966,1854,Delayed
1884,14,5,13,2025-06-06,994,983,Completed
1885,17,47,88,2025-01-17,1469,1360,Completed
1886,37,50,31,2025-11-03,1020,888,Completed
1887,20,56,39,2025-08-15,792,777,Completed
1888,19,56,51,2025-09-30,1145,1093,Rejected
1889,27,31,28,2025-09-18,1864,1717,Delayed
1890,33,74,72,2025-11-28,1977,1980,Delayed
1891,26,73,115,2025-01-20,1676,1752,Completed
1892,17,33,103,2025-06-13,810,818,Delayed
1893,19,64,16,2025-12-23,1948,2030,Completed
1894,4,22,10,2025-07-20,772,708,Completed
1895,13,68,117,2025-08-18,1375,1373,Completed
1896,39,5,8,2025-07-12,1254,1260,Completed
1897,6,20,138,2025-01-06,1807,1604,Rejected
1898,12,12,86,2025-03-27,852,801,Rejected
1899,38,73,104,2025-05-22,772,800,Completed
1900,24,15,28,2025-11-24,1293,1174,Delayed
1901,3,22,131,2025-01-21,1925,1982,Completed
1902,5,25,134,2025-09-02,782,811,Completed
1903,2,47,13,2025-11-29,1786,1848,Rejected
1904,38,11,54,2025-11-11,1305,1208,Completed
1905,18,31,87,2025-07-13,1428,1433,Completed
1906,8,16,58,2025-02-13,1581,1573,Completed
1907,2,45,132,2025-05-22,931,898,Completed
1908,32,44,80,2025-03-02,1901,1858,Delayed
1909,31,59,137,2025-08-25,1359,1276,Completed
1910,25,18,97,2025-01-09,874,868,Rejected
1911,2,68,108,2025-04-29,707,727,Rejected
1912,15,48,134,2025-03-08,1283,1125,Rejected
1913,25,51,37,2025-12-26,851,868,Completed
1914,12,52,37,2025-08-07,1386,1406,Rejected
1915,27,65,127,2025-07-02,1571,1407,Rejected
1916,23,65,88,2025-05-30,1243,1089,Delayed
1917,35,74,69,2025-04-21,1403,1332,Rejected
1918,12,68,86,2025-12-21,1073,925,Completed
1919,26,7,8,2025-01-20,1591,1413,Completed
1920,36,47,6,2025-03-30,1280,1335,Completed
1921,1,21,1,2025-07-27,776,765,Rejected
1922,34,66,109,2025-01-22,665,650,Delayed
1923,10,40,5,2025-05-25,1772,1800,Completed
1924,20,18,74,2025-02-27,1686,1626,Delayed
1925,39,28,20,2025-02-22,649,642,Completed
1926,4,12,3,2025-06-24,1023,946,Completed
1927,34,10,40,2025-05-15,1351,1188,Completed
1928,9,28,32,2025-05-05,564,564,Completed
1929,21,17,140,2025-10-02,1147,1089,Delayed
1930,8,12,91,2025-06-06,1286,1116,Delayed
1931,19,57,14,2025-12-31,528,493,Completed
1932,3,20,98,2025-05-04,811,736,Rejected
1933,14,63,25,2025-03-31,741,679,Rejected
1934,27,25,99,2025-09-09,711,662,Rejected
1935,16,52,112,2025-09-11,1257,1121,Completed
1936,2,42,40,2025-09-19,1272,1175,Completed
1937,40,51,46,2025-08-31,830,806,Completed
1938,9,26,89,2025-11-04,1213,1189,Completed
1939,3,18,50,2025-12-30,522,513,Rejected
1940,37,14,61,2025-12-03,601,590,Rejected
1941,30,9,130,2025-08-15,1274,1096,Rejected
1942,28,17,5,2025-08-20,768,791,Completed
1943,10,33,35,2025-03-31,1750,1542,Completed
1944,2,26,81,2025-03-25,1457,1481,Completed
1945,13,25,9,2025-10-14,766,791,Completed
1946,31,47,149,2025-11-14,789,686,Rejected
1947,11,29,11,2025-07-10,940,855,Completed
1948,24,64,78,2025-02-01,1696,1636,Completed
1949,18,1,134,2025-07-09,574,521,Completed
1950,14,23,117,2025-08-11,1362,1191,Delayed
1951,40,68,35,2025-06-22,1848,1592,Completed
1952,4,66,126,2025-03-18,1798,1771,Delayed
1953,17,44,68,2025-07-30,1014,864,Completed
1954,37,14,51,2025-06-30,890,885,Delayed
1955,14,38,147,2025-01-24,1221,1138,Completed
1956,30,71,92,2025-10-09,1970,1935,Completed
1957,1,62,66,2025-03-18,571,582,Delayed
1958,3,60,97,2025-01-05,1784,1719,Delayed
1959,10,39,147,2025-01-14,905,945,Completed
1960,29,71,65,2025-07-15,1307,1208,Delayed
1961,3,60,107,2025-04-27,1766,1770,Rejected
1962,12,46,3,2025-06-16,1878,1884,Completed
1963,7,22,148,2025-01-17,1873,1748,Completed
1964,21,66,136,2025-09-11,1237,1134,Completed
1965,29,14,142,2025-11-05,1991,1960,Delayed
1966,22,41,39,2025-08-15,1085,1001,Completed
1967,1,66,121,2025-12-30,506,430,Completed
1968,11,44,146,2025-01-11,802,740,Delayed
1969,26,53,88,2025-03-26,1976,1688,Completed
1970,14,70,113,2025-09-10,1817,1847,Completed
1971,10,11,33,2025-01-31,1565,1573,Completed
1972,8,66,74,2025-03-29,775,788,Rejected
1973,30,3,132,2025-07-24,1761,1544,Completed
1974,28,46,128,2025-04-17,1086,936,Completed
1975,32,27,142,2025-09-05,555,481,Completed
1976,27,11,23,2025-03-03,1157,1021,Completed
1977,6,15,139,2025-08-14,921,930,Completed
1978,33,67,12,2025-01-26,746,779,Delayed
1979,14,25,90,2025-06-09,1670,1571,Completed
1980,26,2,114,2025-07-01,1775,1690,Delayed
1981,25,68,110,2025-07-29,786,692,Rejected
1982,28,14,73,2025-01-20,954,970,Delayed
1983,29,4,107,2025-03-08,866,823,Completed
1984,38,14,82,2025-03-23,1960,1949,Completed
1985,20,16,110,2025-10-09,1197,1110,Completed
1986,36,20,8,2025-11-18,1996,1989,Rejected
1987,28,21,77,2025-11-26,924,863,Delayed
1988,32,3,110,2025-06-21,1034,914,Delayed
1989,19,42,37,2025-03-26,1801,1729,Completed
1990,27,69,7,2025-10-26,1555,1522,Delayed
1991,21,36,67,2025-07-23,724,714,Delayed
1992,11,27,56,2025-10-14,1917,1826,Rejected
1993,14,46,84,2025-09-21,1972,1878,Rejected
1994,9,43,73,2025-02-24,1974,1742,Delayed
1995,27,37,56,2025-12-08,972,906,Completed
1996,5,30,78,2025-02-16,1771,1709,Completed
1997,12,65,113,2025-07-19,1950,1740,Completed
1998,36,52,12,2025-08-24,1247,1111,Completed
1999,29,47,9,2025-03-15,706,658,Rejected
2000,29,17,95,2025-01-19,839,776,Completed
2001,23,8,17,2025-06-11,654,641,Completed
2002,31,12,87,2025-10-06,1450,1345,Completed
2003,18,51,53,2025-02-19,1383,1312,Delayed
2004,35,65,30,2025-11-09,1982,2051,Rejected
2005,28,36,136,2025-03-01,1189,1234,Completed
2006,17,13,92,2025-02-20,1852,1780,Completed
2007,18,49,55,2025-08-19,1834,1803,Completed
2008,8,61,31,2025-03-08,1493,1408,Delayed
2009,8,39,86,2025-12-13,1483,1261,Rejected
2010,5,27,39,2025-03-09,817,838,Rejected
2011,16,5,47,2025-02-26,663,586,Rejected
2012,20,12,44,2025-09-19,707,727,Completed
2013,11,67,137,2025-10-06,738,712,Delayed
2014,38,7,14,2025-11-28,1700,1548,Delayed
2015,32,60,30,2025-09-18,1035,914,Delayed
2016,36,33,39,2025-08-06,681,652,Completed
2017,7,16,127,2025-03-20,764,795,Completed
2018,10,11,81,2025-11-26,1109,1092,Completed
2019,9,61,21,2025-05-20,827,863,Completed
2020,23,65,67,2025-11-20,849,862,Delayed
2021,27,56,125,2025-06-22,1515,1480,Rejected
2022,33,60,44,2025-06-29,979,883,Delayed
2023,22,17,3,2025-02-15,986,853,Completed
2024,20,51,63,2025-10-03,658,590,Rejected
2025,31,3,60,2025-10-21,1113,1118,Completed
2026,34,69,124,2025-10-20,1579,1524,Delayed
2027,9,63,110,2025-02-19,950,972,Rejected
2028,3,35,85,2025-02-21,1366,1217,Completed
2029,4,9,104,2025-04-30,1474,1407,Completed
2030,30,49,88,2025-05-14,1630,1680,Completed
2031,35,1,98,2025-04-05,1330,1162,Completed
2032,25,19,50,2025-01-25,1613,1678,Completed
2033,19,59,119,2025-06-13,1462,1411,Completed
2034,4,61,110,2025-04-03,900,935,Completed
2035,2,68,150,2025-02-12,1843,1630,Rejected
2036,35,43,131,2025-12-24,1280,1334,Rejected
2037,8,35,130,2025-11-08,723,690,Completed
2038,20,50,37,2025-06-26,1211,1146,Rejected
2039,26,7,118,2025-02-28,1533,1404,Rejected
2040,4,37,109,2025-11-11,1661,1650,Rejected
2041,21,72,48,2025-07-27,1118,1011,Completed
2042,7,57,8,2025-02-23,1954,1939,Completed
2043,4,41,104,2025-10-19,630,536,Rejected
2044,18,38,18,2025-12-01,1504,1428,Rejected
2045,24,9,95,2025-12-29,718,658,Delayed
2046,10,75,45,2025-05-16,889,857,Completed
2047,16,62,93,2025-07-22,1157,1134,Rejected
2048,30,28,111,2025-03-19,1820,1705,Delayed
2049,17,15,55,2025-03-10,816,767,Completed
2050,8,66,64,2025-04-10,1187,1106,Completed
2051,7,2,135,2025-08-01,682,631,Completed
2052,40,58,41,2025-04-26,1305,1221,Completed
2053,25,64,93,2025-10-29,1661,1590,Completed
2054,4,21,15,2025-10-24,1454,1479,Completed
2055,36,60,134,2025-10-11,944,935,Completed
2056,27,69,116,2025-09-10,1335,1284,Rejected
2057,39,7,1,2025-03-15,1152,1029,Delayed
2058,9,1,138,2025-06-06,1690,1460,Completed
2059,7,56,48,2025-08-28,842,855,Completed
2060,32,41,41,2025-05-01,1201,1200,Completed
2061,22,48,26,2025-10-05,706,614,Delayed
2062,6,62,107,2025-12-16,599,552,Completed
2063,12,61,7,2025-02-25,889,884,Delayed
2064,33,65,146,2025-01-26,821,726,Delayed
2065,6,69,57,2025-11-19,769,655,Completed
2066,29,14,109,2025-08-29,1856,1851,Delayed
2067,9,48,144,2025-06-01,1880,1695,Completed
2068,38,74,147,2025-07-11,990,865,Completed
2069,26,17,102,2025-05-11,1815,1672,Completed
2070,2,5,47,2025-07-03,995,869,Completed
2071,30,11,76,2025-05-27,1983,1697,Completed
2072,22,1,147,2025-06-17,1396,1396,Completed
2073,23,68,128,2025-11-14,1108,986,Completed
2074,17,4,35,2025-11-22,1465,1400,Rejected
2075,33,19,114,2025-06-10,1346,1356,Completed
2076,10,13,15,2025-09-05,1739,1652,Completed
2077,30,19,63,2025-06-20,1088,990,Completed
2078,24,37,5,2025-10-04,807,811,Delayed
2079,35,12,110,2025-11-14,1550,1444,Delayed
2080,25,20,1,2025-11-03,1313,1257,Rejected
2081,22,18,47,2025-08-27,1920,1650,Delayed
2082,21,25,81,2025-02-14,659,684,Completed
2083,10,56,79,2025-11-05,572,529,Delayed
2084,5,38,24,2025-02-21,515,457,Completed
2085,14,11,96,2025-04-08,1315,1173,Rejected
2086,6,33,63,2025-01-25,1855,1802,Rejected
2087,7,3,87,2025-09-24,840,811,Completed
2088,35,75,81,2025-05-28,1611,1462,Completed
2089,14,69,73,2025-12-30,986,846,Completed
2090,16,66,20,2025-08-23,1418,1464,Completed
2091,13,48,86,2025-08-30,1274,1282,Delayed
2092,36,74,28,2025-08-18,957,994,Rejected
2093,17,63,65,2025-02-19,875,769,Rejected
2094,6,49,96,2025-09-29,1883,1701,Delayed
2095,10,60,59,2025-07-12,1542,1605,Completed
2096,7,48,62,2025-04-29,1408,1415,Rejected
2097,13,51,1,2025-08-28,1143,1159,Completed
2098,8,50,112,2025-08-18,809,718,Completed
2099,39,2,55,2025-04-27,975,911,Rejected
2100,17,38,76,2025-04-22,1109,1048,Completed
2101,33,43,48,2025-12-21,1227,1250,Rejected
2102,29,8,147,2025-08-20,1707,1515,Completed
2103,31,50,125,2025-01-17,915,952,Rejected
2104,21,16,62,2025-04-02,927,864,Rejected
2105,31,68,137,2025-02-18,1011,966,Completed
2106,7,45,75,2025-04-02,1918,1883,Completed
2107,26,62,125,2025-08-29,1861,1948,Completed
2108,38,75,2,2025-07-19,837,759,Completed
2109,7,15,120,2025-05-03,1558,1340,Completed
2110,14,6,60,2025-09-23,1418,1423,Completed
2111,2,50,38,2025-08-28,1240,1271,Rejected
2112,17,8,118,2025-02-11,1575,1362,Completed
2113,8,74,145,2025-12-11,1067,968,Delayed
2114,30,19,35,2025-05-03,1006,941,Completed
2115,12,68,7,2025-03-08,704,599,Completed
2116,33,41,145,2025-07-17,1247,1180,Completed
2117,18,44,16,2025-12-20,1112,970,Completed
2118,20,42,106,2025-12-22,1478,1304,Completed
2119,8,52,5,2025-12-15,1118,991,Rejected
2120,4,28,60,2025-11-07,1494,1461,Completed
2121,25,44,54,2025-12-15,1097,965,Delayed
2122,5,58,22,2025-08-24,1324,1281,Completed
2123,13,7,34,2025-11-21,560,562,Completed
2124,33,16,97,2025-07-14,1868,1602,Completed
2125,18,20,143,2025-09-13,1122,1100,Completed
2126,26,6,114,2025-02-16,758,739,Delayed
2127,35,51,96,2025-01-24,1440,1402,Rejected
2128,26,37,74,2025-06-03,1981,1807,Delayed
2129,10,11,76,2025-09-19,906,872,Completed
2130,37,52,103,2025-05-05,722,672,Rejected
2131,25,62,120,2025-03-24,1520,1435,Completed
2132,21,75,122,2025-09-02,1358,1234,Delayed
2133,12,7,99,2025-08-28,1726,1504,Rejected
2134,9,63,33,2025-03-10,1249,1098,Rejected
2135,21,7,67,2025-01-19,1564,1554,Completed
2136,7,19,35,2025-06-02,1470,1339,Delayed
2137,19,25,19,2025-11-26,1756,1602,Delayed
2138,14,6,108,2025-12-11,970,948,Completed
2139,31,33,126,2025-11-10,1619,1474,Completed
2140,2,34,32,2025-11-28,524,546,Completed
2141,35,1,82,2025-06-21,1552,1588,Rejected
2142,11,18,147,2025-07-21,1819,1774,Completed
2143,2,19,18,2025-05-09,1049,1080,Completed
2144,5,5,59,2025-01-16,1709,1768,Completed
2145,2,41,118,2025-03-26,1148,1182,Rejected
2146,13,17,26,2025-03-08,1666,1687,Completed
2147,38,30,145,2025-05-17,1949,1973,Completed
2148,20,2,49,2025-03-05,1634,1650,Rejected
2149,5,73,107,2025-03-15,1022,1055,Delayed
2150,10,15,108,2025-02-13,531,488,Completed
2151,11,45,49,2025-12-31,792,732,Rejected
2152,35,1,18,2025-07-22,996,900,Completed
2153,36,73,138,2025-09-16,1721,1629,Completed
2154,5,64,137,2025-01-13,1192,1091,Completed
2155,8,16,10,2025-02-23,1240,1221,Rejected
2156,38,67,92,2025-05-03,866,829,Completed
2157,37,74,127,2025-10-22,781,802,Completed
2158,17,17,135,2025-02-17,1315,1152,Delayed
2159,28,6,145,2025-09-03,826,784,Completed
2160,34,29,54,2025-02-28,838,766,Completed
2161,36,29,81,2025-08-16,1298,1350,Completed
2162,26,51,143,2025-08-24,832,789,Completed
2163,18,60,125,2025-12-15,1038,1034,Completed
2164,33,58,86,2025-06-03,1177,1016,Completed
2165,19,12,15,2025-09-27,1174,1176,Completed
2166,17,70,41,2025-10-21,1958,1940,Completed
2167,20,10,46,2025-07-14,783,681,Rejected
2168,39,57,120,2025-07-29,1927,1904,Rejected
2169,18,16,99,2025-05-25,1578,1394,Completed
2170,36,58,104,2025-06-04,1672,1587,Delayed
2171,28,10,80,2025-02-03,1405,1383,Rejected
2172,9,8,68,2025-05-03,1166,1031,Completed
2173,3,42,75,2025-08-16,681,697,Completed
2174,21,59,18,2025-07-16,518,458,Completed
2175,6,73,58,2025-03-18,925,851,Delayed
2176,6,52,129,2025-11-28,1951,2000,Completed
2177,14,72,96,2025-09-09,1623,1687,Completed
2178,11,44,142,2025-08-22,1090,975,Completed
2179,38,14,55,2025-12-13,632,617,Completed
2180,32,35,140,2025-11-22,1210,1150,Completed
2181,8,61,26,2025-12-25,626,537,Completed
2182,24,16,53,2025-02-13,871,848,Completed
2183,3,27,41,2025-07-24,1655,1476,Delayed
2184,19,34,66,2025-09-02,1993,1809,Completed
2185,7,6,40,2025-07-22,1922,1725,Rejected
2186,2,36,48,2025-03-13,1098,936,Completed
2187,29,45,28,2025-10-01,1084,998,Completed
2188,2,51,28,2025-12-08,1668,1511,Completed
2189,23,47,102,2025-04-05,581,573,Completed
2190,40,25,12,2025-09-23,1311,1237,Completed
2191,18,17,92,2025-05-26,1567,1599,Completed
2192,16,66,43,2025-01-13,1952,1719,Rejected
2193,2,35,113,2025-10-15,563,564,Delayed
2194,30,2,62,2025-03-30,1270,1107,Rejected
2195,29,60,127,2025-07-01,597,567,Delayed
2196,31,1,45,2025-10-30,1965,1959,Completed
2197,34,40,12,2025-01-02,1914,1839,Completed
2198,38,53,4,2025-04-08,1430,1467,Completed
2199,31,33,61,2025-04-21,556,532,Completed
2200,38,26,77,2025-09-16,1746,1825,Delayed
2201,35,55,140,2025-08-22,896,930,Completed
2202,40,47,44,2025-08-04,699,601,Completed
2203,28,32,85,2025-04-22,1393,1304,Completed
2204,22,70,31,2025-05-26,1083,922,Rejected
2205,29,45,45,2025-09-01,1724,1789,Completed
2206,26,14,78,2025-05-03,1083,953,Completed
2207,13,44,60,2025-11-01,1520,1454,Delayed
2208,22,52,74,2025-03-14,653,662,Delayed
2209,39,19,70,2025-03-17,893,898,Completed
2210,32,7,77,2025-05-25,1683,1607,Completed
2211,5,74,76,2025-02-20,1594,1478,Rejected
2212,3,12,65,2025-05-04,1656,1411,Delayed
2213,30,49,84,2025-03-16,1525,1517,Completed
2214,18,69,41,2025-11-02,1337,1189,Delayed
2215,28,21,62,2025-01-09,1167,1098,Completed
2216,22,38,143,2025-07-19,1322,1330,Rejected
2217,30,27,138,2025-04-28,1423,1338,Rejected
2218,37,26,42,2025-10-25,819,855,Rejected
2219,13,1,132,2025-07-17,1349,1338,Rejected
2220,16,20,118,2025-06-01,1916,1672,Completed
2221,36,10,131,2025-02-08,603,556,Completed
2222,30,4,25,2025-07-29,943,869,Rejected
2223,27,16,121,2025-12-02,1401,1287,Completed
2224,25,36,64,2025-08-27,897,830,Rejected
2225,32,18,113,2025-01-31,1902,1690,Completed
2226,29,7,2,2025-03-23,692,675,Delayed
2227,7,37,40,2025-09-18,1298,1186,Completed
2228,18,23,26,2025-05-26,1391,1388,Completed
2229,32,46,36,2025-07-21,1864,1796,Completed
2230,18,35,74,2025-11-13,856,739,Delayed
2231,27,58,84,2025-03-16,612,561,Completed
2232,24,16,4,2025-07-12,948,992,Completed
2233,6,49,87,2025-10-14,930,836,Completed
2234,23,38,102,2025-06-19,703,605,Delayed
2235,37,69,77,2025-06-01,1453,1443,Completed
2236,26,16,1,2025-03-03,1526,1320,Completed
2237,36,11,143,2025-04-11,575,494,Completed
2238,8,4,13,2025-11-29,1095,945,Rejected
2239,33,45,73,2025-01-11,831,794,Delayed
2240,26,15,13,2025-08-31,1873,1782,Delayed
2241,17,52,124,2025-04-08,1232,1148,Completed
2242,15,45,4,2025-01-12,1462,1472,Rejected
2243,4,5,4,2025-06-28,529,532,Completed
2244,22,65,109,2025-06-07,1219,1195,Delayed
2245,10,68,18,2025-05-30,1876,1947,Delayed
2246,34,37,52,2025-03-13,649,664,Delayed
2247,18,23,14,2025-01-04,815,803,Completed
2248,13,66,34,2025-06-01,1367,1379,Completed
2249,21,45,31,2025-08-16,1363,1231,Completed
2250,23,64,84,2025-09-28,1497,1280,Rejected
2251,18,65,98,2025-01-09,1896,1960,Completed
2252,37,24,61,2025-11-25,1837,1917,Completed
2253,33,36,148,2025-03-17,679,628,Delayed
2254,30,60,76,2025-07-23,1780,1770,Completed
2255,20,24,84,2025-09-27,1760,1827,Completed
2256,3,73,16,2025-03-18,847,856,Completed
2257,15,52,34,2025-03-15,1806,1584,Completed
2258,37,42,85,2025-04-23,863,827,Delayed
2259,33,59,96,2025-11-07,1423,1400,Delayed
2260,30,46,127,2025-03-16,1273,1274,Completed
2261,35,15,62,2025-09-25,1503,1514,Rejected
2262,15,14,50,2025-11-07,825,730,Completed
2263,22,72,53,2025-01-04,535,466,Completed
2264,21,1,125,2025-08-25,1161,1191,Delayed
2265,5,25,143,2025-11-14,1775,1854,Delayed
2266,3,21,40,2025-11-20,1869,1856,Delayed
2267,35,13,42,2025-09-16,1714,1700,Delayed
2268,10,73,76,2025-10-30,969,1016,Completed
2269,27,72,40,2025-12-02,1265,1223,Completed
2270,2,58,131,2025-03-17,1184,1102,Completed
2271,10,56,107,2025-03-25,1009,910,Completed
2272,7,18,55,2025-04-20,1280,1161,Completed
2273,21,63,4,2025-06-05,1901,1629,Completed
2274,12,24,36,2025-02-20,1581,1472,Delayed
2275,19,38,94,2025-05-23,1575,1352,Completed
2276,25,72,9,2025-01-26,535,522,Completed
2277,1,43,139,2025-10-23,891,833,Completed
2278,32,70,107,2025-12-28,1085,1027,Completed
2279,35,29,3,2025-05-07,1412,1205,Rejected
2280,4,28,39,2025-11-06,1780,1715,Completed
2281,27,20,72,2025-02-05,1837,1829,Rejected
2282,5,18,75,2025-02-19,998,892,Completed
2283,38,31,50,2025-06-06,770,677,Delayed
2284,1,24,104,2025-01-15,1568,1394,Rejected
2285,37,2,100,2025-01-12,684,647,Completed
2286,7,72,46,2025-01-13,872,756,Rejected
2287,16,22,120,2025-02-21,1214,1218,Rejected
2288,6,72,76,2025-02-09,685,649,Rejected
2289,28,57,7,2025-12-14,609,518,Rejected
2290,23,74,49,2025-01-31,1516,1426,Completed
2291,17,50,65,2025-08-09,1813,1801,Completed
2292,1,26,145,2025-07-08,829,774,Delayed
2293,25,5,46,2025-05-14,1126,1026,Rejected
2294,1,29,126,2025-12-29,1449,1496,Delayed
2295,12,40,98,2025-05-17,1918,1794,Completed
2296,1,39,124,2025-02-22,896,873,Rejected
2297,14,15,49,2025-12-14,808,777,Rejected
2298,12,48,69,2025-08-21,802,744,Completed
2299,18,18,113,2025-08-22,1067,933,Rejected
2300,8,58,98,2025-11-18,1280,1298,Completed
2301,8,74,101,2025-12-18,1248,1234,Completed
2302,1,36,82,2025-11-20,1984,2019,Delayed
2303,28,1,123,2025-10-23,1448,1297,Delayed
2304,26,73,105,2025-05-05,1176,1018,Delayed
2305,16,5,89,2025-05-24,810,804,Rejected
2306,35,17,48,2025-03-08,1435,1483,Completed
2307,2,32,69,2025-09-11,953,888,Completed
2308,1,5,60,2025-09-01,1206,1078,Completed
2309,32,74,49,2025-11-08,1518,1479,Completed
2310,2,40,138,2025-10-03,1430,1460,Completed
2311,21,48,126,2025-11-29,1652,1414,Delayed
2312,1,15,64,2025-01-10,1079,1075,Completed
2313,19,47,67,2025-05-24,1432,1289,Rejected
2314,22,37,39,2025-04-16,1893,1982,Rejected
2315,32,40,97,2025-05-11,1648,1698,Completed
2316,5,23,42,2025-04-21,1544,1465,Completed
2317,9,58,123,2025-12-11,1989,2026,Delayed
2318,31,17,43,2025-07-07,1226,1047,Delayed
2319,9,64,58,2025-10-14,535,462,Completed
2320,33,60,48,2025-03-23,598,518,Completed
2321,38,50,138,2025-07-12,1645,1461,Completed
2322,34,13,62,2025-05-07,1270,1131,Completed
2323,19,37,6,2025-09-07,999,928,Completed
2324,29,45,125,2025-10-12,912,908,Completed
2325,39,10,85,2025-01-23,1150,1185,Completed
2326,25,55,69,2025-06-20,1925,2005,Completed
2327,37,61,113,2025-02-02,910,857,Completed
2328,27,59,135,2025-08-23,797,779,Completed
2329,25,40,63,2025-05-27,776,786,Delayed
2330,34,37,7,2025-06-15,715,741,Delayed
2331,14,48,104,2025-01-23,710,688,Completed
2332,10,18,60,2025-10-21,736,657,Completed
2333,24,18,140,2025-06-28,943,857,Completed
2334,29,9,32,2025-08-08,635,551,Delayed
2335,5,52,96,2025-01-27,1167,1088,Completed
2336,37,30,122,2025-04-20,1648,1470,Completed
2337,29,1,82,2025-12-18,881,895,Completed
2338,8,12,121,2025-02-08,1425,1463,Completed
2339,32,27,136,2025-07-21,1018,919,Completed
2340,18,43,81,2025-09-15,1881,1949,Completed
2341,28,67,91,2025-05-01,537,543,Completed
2342,3,41,59,2025-05-28,862,814,Completed
2343,8,31,37,2025-08-04,1382,1407,Delayed
2344,2,63,29,2025-08-09,585,559,Delayed
2345,13,46,83,2025-07-05,986,878,Completed
2346,9,33,19,2025-05-23,1875,1598,Delayed
2347,15,19,66,2025-12-08,1149,1011,Completed
2348,32,26,66,2025-04-13,1130,1165,Delayed
2349,6,50,74,2025-03-09,733,680,Completed
2350,26,56,95,2025-10-18,1872,1754,Completed
2351,34,67,144,2025-05-16,1388,1243,Delayed
2352,22,40,128,2025-08-27,1884,1900,Delayed
2353,18,7,42,2025-02-14,1052,923,Completed
2354,22,32,140,2025-05-20,661,637,Completed
2355,2,36,5,2025-02-26,1842,1816,Delayed
2356,34,59,42,2025-10-30,581,551,Completed
2357,17,16,31,2025-02-21,1986,1788,Delayed
2358,3,11,95,2025-08-15,1593,1424,Rejected
2359,24,52,104,2025-06-10,857,886,Completed
2360,12,48,134,2025-03-28,1235,1080,Completed
2361,17,11,58,2025-12-06,1724,1682,Rejected
2362,38,51,52,2025-05-22,1656,1536,Delayed
2363,16,68,91,2025-12-18,1449,1424,Completed
2364,33,42,141,2025-03-29,936,801,Delayed
2365,17,45,127,2025-02-15,639,564,Completed
2366,35,29,90,2025-04-30,1551,1457,Rejected
2367,4,13,80,2025-06-18,552,556,Completed
2368,29,69,79,2025-04-17,1381,1262,Completed
2369,39,29,99,2025-12-23,995,881,Completed
2370,17,31,18,2025-09-10,977,851,Completed
2371,18,38,122,2025-05-09,576,561,Rejected
2372,29,33,109,2025-09-08,1971,1737,Completed
2373,12,3,96,2025-06-03,1794,1734,Rejected
2374,11,44,45,2025-02-23,1191,1080,Completed
2375,25,2,109,2025-11-03,1086,1104,Completed
2376,21,50,132,2025-07-31,1254,1239,Delayed
2377,3,72,32,2025-07-03,513,489,Completed
2378,37,11,122,2025-07-25,1547,1393,Completed
2379,14,27,68,2025-05-28,993,870,Rejected
2380,37,33,66,2025-11-10,1937,1847,Delayed
2381,25,72,30,2025-11-12,1266,1165,Completed
2382,2,12,59,2025-08-05,1302,1172,Completed
2383,3,33,126,2025-05-25,1507,1361,Completed
2384,29,74,23,2025-04-13,505,525,Completed
2385,15,2,122,2025-06-28,853,863,Delayed
2386,16,60,10,2025-07-14,932,898,Completed
2387,4,54,39,2025-07-09,572,598,Completed
2388,33,1,116,2025-07-04,1050,1078,Rejected
2389,34,67,59,2025-04-04,1954,1723,Rejected
2390,2,68,78,2025-05-29,917,926,Completed
2391,32,67,34,2025-04-12,562,579,Delayed
2392,16,51,149,2025-12-31,720,687,Completed
2393,40,8,8,2025-01-16,1825,1876,Rejected
2394,32,57,19,2025-06-01,1847,1580,Delayed
2395,9,56,16,2025-03-14,1996,1942,Completed
2396,31,54,104,2025-02-24,895,831,Completed
2397,9,20,149,2025-12-11,1672,1656,Completed
2398,20,11,2,2025-02-23,1081,1104,Delayed
2399,33,48,66,2025-12-24,1116,1103,Completed
2400,18,26,150,2025-05-27,1570,1538,Delayed
2401,14,8,122,2025-09-04,1268,1190,Completed
2402,21,52,84,2025-03-06,1415,1214,Completed
2403,7,27,112,2025-01-28,1133,1153,Completed
2404,32,46,83,2025-04-04,1032,892,Completed
2405,35,61,23,2025-02-26,1760,1759,Completed
2406,2,39,84,2025-04-12,1991,1730,Completed
2407,35,45,96,2025-06-28,1942,1847,Completed
2408,34,29,105,2025-03-10,1166,1151,Completed
2409,35,72,145,2025-05-28,1463,1447,Completed
2410,9,52,75,2025-10-31,1268,1277,Rejected
2411,23,20,109,2025-06-03,1970,1900,Rejected
2412,9,14,26,2025-11-26,529,551,Completed
2413,27,30,68,2025-05-01,862,778,Rejected
2414,3,60,102,2025-04-10,533,493,Completed
2415,29,6,53,2025-04-14,798,699,Completed
2416,16,69,122,2025-10-05,677,696,Completed
2417,22,43,127,2025-04-30,1010,922,Completed
2418,8,58,127,2025-03-27,1474,1518,Delayed
2419,26,2,128,2025-12-27,1308,1137,Delayed
2420,36,20,114,2025-03-11,864,743,Completed
2421,5,1,16,2025-12-06,1086,1115,Completed
2422,14,55,28,2025-02-17,839,850,Completed
2423,9,46,31,2025-02-02,1535,1569,Rejected
2424,16,28,120,2025-10-21,1107,998,Completed
2425,26,11,134,2025-11-25,1631,1523,Completed
2426,26,10,4,2025-10-31,1428,1420,Completed
2427,15,33,86,2025-08-21,1941,1975,Delayed
2428,38,31,144,2025-04-17,1867,1755,Completed
2429,39,31,13,2025-02-10,1285,1285,Completed
2430,23,15,61,2025-05-16,1367,1424,Completed
2431,32,44,30,2025-06-24,1835,1626,Completed
2432,2,2,126,2025-03-29,725,666,Rejected
2433,19,34,150,2025-02-04,1606,1603,Delayed
2434,20,44,37,2025-06-06,1996,1970,Completed
2435,27,75,128,2025-08-28,1021,1059,Completed
2436,3,38,104,2025-07-25,1249,1296,Completed
2437,8,4,56,2025-07-07,607,597,Delayed
2438,5,52,121,2025-08-28,1439,1320,Completed
2439,26,11,21,2025-12-05,1732,1672,Completed
2440,10,46,64,2025-06-30,1874,1699,Rejected
2441,32,17,117,2025-02-12,1184,1170,Completed
2442,30,53,115,2025-07-13,860,810,Completed
2443,37,65,97,2025-12-22,1969,1924,Completed
2444,27,49,129,2025-09-16,812,757,Completed
2445,10,74,78,2025-05-03,1987,1770,Completed
2446,23,46,126,2025-01-31,595,544,Completed
2447,21,43,31,2025-06-27,680,656,Completed
2448,5,63,128,2025-11-20,1810,1717,Completed
2449,26,70,2,2025-01-11,851,770,Rejected
2450,21,33,135,2025-11-04,1691,1596,Completed
2451,30,35,135,2025-07-07,944,865,Completed
2452,28,40,89,2025-10-24,738,772,Completed
2453,3,75,82,2025-01-09,1422,1244,Delayed
2454,40,62,64,2025-11-13,580,519,Delayed
2455,20,36,138,2025-11-14,1753,1539,Completed
2456,39,42,76,2025-08-31,599,543,Delayed
2457,40,27,65,2025-01-15,1808,1880,Delayed
2458,28,2,95,2025-05-01,964,911,Delayed
2459,5,47,45,2025-04-09,1178,1153,Rejected
2460,22,7,75,2025-01-01,1750,1719,Rejected
2461,3,51,55,2025-05-11,1463,1449,Completed
2462,24,39,4,2025-10-11,1089,1082,Delayed
2463,2,55,100,2025-08-26,1233,1216,Delayed
2464,33,47,67,2025-09-24,765,765,Completed
2465,9,64,131,2025-11-06,1696,1643,Completed
2466,16,74,112,2025-05-10,997,966,Delayed
2467,37,58,66,2025-08-02,1944,1795,Completed
2468,33,10,83,2025-12-18,1826,1695,Completed
2469,10,51,3,2025-02-21,1848,1820,Rejected
2470,3,23,101,2025-08-17,860,856,Rejected
2471,36,70,73,2025-04-23,1549,1385,Rejected
2472,31,26,46,2025-04-29,764,796,Rejected
2473,2,32,93,2025-06-27,1759,1699,Completed
2474,31,72,139,2025-02-17,1303,1298,Rejected
2475,24,35,48,2025-03-12,805,701,Completed
2476,16,64,124,2025-02-28,852,762,Completed
2477,13,65,149,2025-08-25,656,622,Completed
2478,1,41,77,2025-06-16,880,867,Completed
2479,21,33,124,2025-08-10,1072,935,Completed
2480,19,40,73,2025-11-28,1923,1650,Rejected
2481,13,36,18,2025-02-09,1206,1170,Delayed
2482,26,52,87,2025-03-27,1056,926,Rejected
2483,12,3,88,2025-09-02,1344,1376,Completed
2484,8,47,51,2025-05-28,1007,1008,Completed
2485,31,73,148,2025-06-13,1035,886,Rejected
2486,32,7,150,2025-06-21,711,643,Rejected
2487,12,75,62,2025-10-05,1298,1345,Completed
2488,3,48,87,2025-06-21,557,576,Delayed
2489,37,1,148,2025-07-30,826,737,Completed
2490,9,56,73,2025-09-19,1133,1008,Completed
2491,12,2,138,2025-12-04,854,747,Rejected
2492,16,11,150,2025-10-06,1329,1252,Completed
2493,1,25,79,2025-07-14,1129,1142,Rejected
2494,1,37,104,2025-02-21,811,746,Completed
2495,19,48,130,2025-07-05,1938,1983,Completed
2496,3,49,91,2025-09-16,1950,2006,Rejected
2497,9,2,82,2025-03-20,1988,1755,Completed
2498,5,68,52,2025-01-30,1011,949,Delayed
2499,30,68,14,2025-09-18,1396,1190,Delayed
2500,26,32,108,2025-09-26,1085,922,Completed
2501,28,1,69,2025-10-26,732,623,Delayed
2502,31,55,4,2025-04-09,1766,1651,Delayed
2503,40,4,66,2025-11-15,1683,1711,Rejected
2504,4,68,14,2025-06-14,1496,1374,Delayed
2505,29,52,16,2025-08-16,1088,1106,Completed
2506,30,48,144,2025-12-17,616,604,Delayed
2507,29,1,145,2025-11-04,585,503,Rejected
2508,34,67,97,2025-01-28,855,866,Completed
2509,5,20,70,2025-08-21,1491,1466,Completed
2510,40,61,39,2025-08-04,1007,888,Rejected
2511,29,18,29,2025-07-25,1774,1660,Completed
2512,3,44,130,2025-10-03,1141,1094,Delayed
2513,34,32,96,2025-03-09,773,708,Completed
2514,10,5,105,2025-01-17,1539,1466,Completed
2515,14,34,13,2025-05-09,1430,1289,Rejected
2516,33,37,126,2025-01-06,1974,2007,Completed
2517,6,49,9,2025-01-16,1164,1215,Completed
2518,21,41,76,2025-10-03,1684,1597,Completed
2519,24,31,101,2025-12-27,1962,1949,Completed
2520,5,74,98,2026-01-01,1880,1678,Rejected
2521,18,62,79,2025-02-07,530,508,Completed
2522,28,50,135,2025-02-06,785,750,Completed
2523,32,21,96,2025-12-12,1203,1240,Completed
2524,21,67,135,2025-08-25,1694,1491,Completed
2525,11,26,105,2025-02-20,639,604,Completed
2526,10,30,27,2025-09-23,1166,1135,Completed
2527,17,68,111,2025-08-26,863,746,Rejected
2528,28,61,24,2025-09-07,1702,1451,Completed
2529,2,13,30,2025-03-21,1705,1525,Rejected
2530,26,34,64,2025-01-29,1539,1330,Completed
2531,21,20,23,2025-12-17,911,879,Completed
2532,24,14,53,2025-08-02,545,554,Delayed
2533,38,8,78,2025-06-07,1950,2038,Completed
2534,38,52,81,2025-05-08,959,948,Delayed
2535,19,69,34,2025-10-21,1394,1388,Completed
2536,28,34,67,2025-12-03,1072,1025,Rejected
2537,19,16,11,2025-09-23,1717,1509,Rejected
2538,37,1,23,2025-08-28,1598,1608,Rejected
2539,12,51,36,2025-12-11,1099,969,Completed
2540,28,57,57,2025-08-20,607,536,Rejected
2541,21,19,116,2025-01-17,915,783,Completed
2542,30,75,1,2025-02-17,827,781,Delayed
2543,7,72,62,2025-10-05,1674,1629,Completed
2544,34,23,2,2025-05-03,512,487,Rejected
2545,3,36,36,2025-10-12,1895,1762,Completed
2546,20,57,97,2025-12-25,1675,1585,Rejected
2547,40,43,8,2025-10-03,1065,976,Delayed
2548,29,32,79,2025-08-07,1774,1633,Delayed
2549,15,33,144,2025-07-03,1813,1765,Completed
2550,12,19,23,2025-02-17,817,749,Completed
2551,24,22,57,2025-02-22,1286,1114,Completed
2552,11,70,79,2025-07-15,1103,970,Delayed
2553,39,42,67,2025-06-01,1276,1228,Rejected
2554,17,8,89,2025-03-11,1731,1567,Completed
2555,27,49,26,2025-08-07,1748,1783,Delayed
2556,34,65,130,2025-08-25,1074,945,Completed
2557,30,37,39,2025-12-08,1085,989,Delayed
2558,21,1,60,2025-07-03,1907,1896,Delayed
2559,34,23,17,2025-05-03,1050,988,Completed
2560,14,29,21,2025-11-28,1597,1600,Completed
2561,19,33,94,2025-08-22,1825,1693,Completed
2562,22,4,14,2025-09-14,824,854,Completed
2563,22,48,118,2025-10-28,1465,1316,Rejected
2564,30,28,7,2025-02-01,544,518,Completed
2565,37,27,60,2025-01-06,936,840,Completed
2566,4,25,74,2025-01-16,1760,1723,Completed
2567,29,44,13,2025-09-22,976,884,Completed
2568,13,43,49,2025-06-18,1214,1103,Completed
2569,30,24,67,2025-06-01,953,982,Delayed
2570,10,16,30,2025-10-09,1618,1599,Completed
2571,34,54,2,2025-05-31,1771,1850,Rejected
2572,12,49,74,2025-10-01,902,871,Completed
2573,35,35,64,2025-04-22,703,658,Completed
2574,24,32,100,2025-10-16,1797,1607,Completed
2575,12,2,83,2025-02-04,1502,1461,Delayed
2576,35,5,35,2025-02-13,1507,1323,Delayed
2577,1,66,105,2025-12-12,1928,2011,Completed
2578,39,30,52,2025-08-20,649,669,Completed
2579,8,72,129,2025-10-21,923,869,Completed
2580,2,68,111,2025-03-03,1301,1113,Completed
2581,22,45,49,2025-01-22,1117,1117,Completed
2582,1,69,83,2025-05-01,1273,1090,Completed
2583,38,19,64,2025-05-17,1045,947,Completed
2584,26,72,82,2025-06-28,1155,1211,Delayed
2585,9,36,33,2025-09-08,833,797,Completed
2586,26,67,90,2025-06-10,997,886,Delayed
2587,26,49,57,2025-10-18,660,594,Completed
2588,9,23,132,2025-05-20,941,982,Rejected
2589,39,9,76,2025-12-23,584,503,Completed
2590,29,40,27,2025-04-10,1984,1899,Rejected
2591,9,59,49,2025-07-21,1041,963,Completed
2592,21,38,86,2025-07-02,751,673,Completed
2593,30,22,67,2025-09-19,1088,946,Rejected
2594,23,74,42,2025-05-03,1948,1813,Completed
2595,36,50,44,2025-04-27,869,882,Completed
2596,18,56,7,2025-01-09,697,656,Completed
2597,31,6,83,2025-10-15,1828,1737,Completed
2598,6,32,53,2025-05-20,613,576,Completed
2599,39,37,56,2025-06-10,1395,1198,Completed
2600,25,56,18,2025-06-13,1130,1087,Completed
2601,32,20,17,2025-11-09,560,508,Delayed
2602,13,31,138,2025-09-11,1247,1267,Completed
2603,27,11,101,2025-05-17,1768,1750,Completed
2604,20,47,129,2025-08-22,689,703,Completed
2605,32,10,60,2025-07-08,778,739,Completed
2606,8,21,40,2025-06-24,782,714,Completed
2607,38,71,29,2025-08-26,1543,1588,Completed
2608,7,66,30,2025-12-01,1504,1439,Rejected
2609,15,65,68,2025-01-06,1498,1344,Completed
2610,34,12,5,2025-07-11,1485,1357,Delayed
2611,16,9,124,2025-03-21,1603,1674,Completed
2612,23,23,90,2025-08-26,1584,1376,Rejected
2613,20,73,27,2025-01-16,1242,1149,Completed
2614,7,17,15,2025-01-31,1790,1719,Completed
2615,5,14,142,2025-03-09,1131,1083,Completed
2616,5,38,75,2025-12-11,1956,1758,Completed
2617,27,54,75,2025-08-26,1844,1706,Completed
2618,28,13,120,2025-05-10,1952,1851,Completed
2619,32,35,144,2025-11-16,801,707,Completed
2620,40,8,92,2025-11-28,750,659,Rejected
2621,2,31,120,2025-09-13,1016,1031,Completed
2622,27,51,119,2025-11-26,1463,1357,Rejected
2623,7,72,26,2025-04-25,1392,1213,Rejected
2624,24,17,22,2025-12-09,1188,1047,Rejected
2625,2,63,117,2025-02-26,1296,1129,Delayed
2626,18,68,49,2025-07-18,1105,1109,Rejected
2627,1,40,13,2025-06-06,1804,1796,Rejected
2628,33,6,133,2025-07-15,1245,1302,Rejected
2629,23,43,68,2025-03-21,894,823,Completed
2630,12,74,100,2025-09-02,1828,1567,Completed
2631,4,72,77,2025-05-04,1629,1568,Delayed
2632,38,6,41,2025-02-18,625,570,Rejected
2633,39,27,47,2025-11-02,1161,1139,Delayed
2634,18,75,1,2025-12-17,557,497,Completed
2635,5,13,35,2025-09-12,1725,1639,Completed
2636,5,8,18,2025-08-27,1740,1810,Completed
2637,1,67,56,2025-11-08,1671,1673,Rejected
2638,18,31,11,2025-01-27,922,942,Completed
2639,34,34,20,2025-08-12,1801,1605,Rejected
2640,2,15,106,2025-03-26,1027,976,Completed
2641,3,20,26,2025-10-20,626,574,Delayed
2642,10,45,37,2025-08-15,1759,1766,Completed
2643,11,8,147,2025-06-09,1650,1471,Completed
2644,4,33,137,2025-10-13,1531,1421,Rejected
2645,16,3,54,2025-09-20,1057,977,Delayed
2646,34,24,114,2025-01-10,1332,1267,Delayed
2647,27,15,125,2025-04-17,1946,1709,Completed
2648,20,39,28,2025-03-03,1352,1228,Completed
2649,28,39,15,2025-07-02,1339,1281,Completed
2650,17,13,1,2025-03-26,1434,1418,Completed
2651,13,17,45,2025-01-19,1566,1475,Completed
2652,36,2,49,2025-01-27,841,823,Completed
2653,3,1,8,2025-09-06,527,450,Completed
2654,16,54,63,2025-04-11,617,564,Rejected
2655,24,11,114,2025-09-15,788,790,Completed
2656,1,75,15,2025-09-28,740,735,Completed
2657,29,67,133,2025-08-13,1911,1879,Rejected
2658,24,29,73,2025-06-18,1733,1645,Completed
2659,4,62,93,2025-10-26,1327,1252,Delayed
2660,9,9,39,2025-12-30,1442,1325,Completed
2661,38,20,131,2025-07-06,1253,1243,Completed
2662,12,23,54,2025-02-02,1662,1664,Rejected
2663,31,16,120,2025-12-05,1482,1480,Completed
2664,1,53,146,2025-04-21,985,1019,Completed
2665,3,8,50,2025-01-15,1812,1573,Completed
2666,40,2,46,2025-09-09,545,503,Completed
2667,24,12,19,2025-10-03,872,805,Completed
2668,32,51,140,2025-05-05,1850,1573,Completed
2669,14,71,93,2025-01-04,1790,1852,Completed
2670,29,3,99,2025-08-25,677,667,Rejected
2671,26,37,35,2025-01-07,1177,1201,Rejected
2672,27,75,91,2025-09-09,764,679,Rejected
2673,4,74,110,2025-05-30,1632,1486,Completed
2674,30,22,11,2025-06-28,998,960,Completed
2675,35,62,73,2025-12-22,877,784,Completed
2676,31,42,75,2025-12-09,517,457,Delayed
2677,13,45,64,2025-01-13,1763,1601,Completed
2678,32,75,137,2025-08-09,1481,1324,Delayed
2679,32,57,61,2025-12-31,745,780,Completed
2680,18,36,115,2025-10-05,803,750,Completed
2681,40,4,73,2025-11-23,1988,1788,Completed
2682,20,66,114,2025-06-23,1265,1169,Completed
2683,21,71,118,2025-09-28,962,855,Rejected
2684,13,34,69,2025-11-14,1131,1013,Completed
2685,16,72,135,2025-06-05,535,492,Delayed
2686,25,50,144,2025-07-03,1979,1983,Completed
2687,2,44,144,2025-12-25,1141,1111,Completed
2688,29,28,82,2025-11-22,786,675,Completed
2689,39,61,3,2025-01-17,509,478,Delayed
2690,5,4,7,2025-02-26,1746,1758,Rejected
2691,20,54,33,2025-10-29,1169,1138,Completed
2692,36,45,115,2025-07-09,1768,1555,Completed
2693,7,24,62,2025-05-07,1491,1447,Completed
2694,34,74,86,2025-10-15,1792,1824,Rejected
2695,7,35,25,2025-11-29,1153,1123,Delayed
2696,7,45,114,2025-07-02,677,694,Completed
2697,33,7,25,2025-08-30,1099,1077,Delayed
2698,1,19,39,2025-07-30,1776,1714,Completed
2699,35,63,85,2025-06-01,1914,1813,Completed
2700,27,57,77,2025-12-20,664,656,Rejected
2701,40,56,100,2025-05-04,1392,1188,Completed
2702,35,72,34,2025-03-29,1056,1031,Completed
2703,13,18,3,2025-10-10,1779,1796,Completed
2704,25,18,150,2025-01-20,1451,1467,Rejected
2705,32,51,43,2025-10-10,1993,1987,Completed
2706,19,56,53,2025-04-28,1726,1723,Completed
2707,31,7,35,2025-09-12,1225,1266,Delayed
2708,32,24,1,2025-11-19,1604,1653,Rejected
2709,27,62,58,2025-10-06,1397,1237,Completed
2710,7,52,62,2025-07-13,1451,1468,Delayed
2711,7,59,86,2025-05-17,1382,1382,Completed
2712,20,71,50,2025-05-27,1383,1210,Rejected
2713,33,67,107,2025-03-07,1334,1215,Rejected
2714,21,71,84,2025-08-20,1502,1420,Delayed
2715,29,48,60,2025-06-29,877,895,Completed
2716,14,1,127,2025-05-29,562,531,Completed
2717,37,65,97,2025-02-08,1895,1891,Completed
2718,11,20,72,2025-03-20,649,574,Completed
2719,14,48,126,2025-02-16,1553,1488,Completed
2720,18,72,24,2025-05-07,864,794,Completed
2721,15,12,65,2025-12-24,995,938,Delayed
2722,31,35,62,2025-10-14,1892,1672,Completed
2723,4,72,40,2025-06-11,1570,1508,Rejected
2724,7,23,66,2025-04-27,586,519,Delayed
2725,28,38,44,2025-04-24,1713,1756,Rejected
2726,34,22,77,2025-07-03,1910,1889,Rejected
2727,40,22,20,2025-05-12,747,711,Completed
2728,33,5,65,2025-07-17,1363,1319,Completed
2729,40,18,4,2025-05-13,1662,1693,Completed
2730,22,27,31,2025-08-04,1373,1294,Completed
2731,6,64,21,2025-04-30,870,878,Completed
2732,9,57,105,2025-01-27,1532,1369,Rejected
2733,37,59,21,2025-07-21,1885,1704,Completed
2734,35,64,136,2025-04-09,1020,959,Rejected
2735,8,27,53,2025-05-14,1822,1617,Delayed
2736,17,23,87,2025-12-18,769,710,Completed
2737,31,12,120,2025-02-06,1553,1408,Delayed
2738,11,63,4,2025-08-18,1806,1739,Completed
2739,39,16,38,2025-02-16,1140,1009,Completed
2740,25,14,4,2025-03-28,839,827,Completed
2741,7,69,106,2025-08-09,1132,1055,Completed
2742,16,64,14,2025-07-17,1585,1421,Completed
2743,38,74,146,2025-05-19,1355,1212,Completed
2744,26,60,23,2025-07-18,1294,1289,Delayed
2745,36,32,122,2025-09-19,682,690,Delayed
2746,16,12,3,2025-04-20,1715,1519,Completed
2747,7,41,113,2025-09-27,1538,1612,Rejected
2748,21,56,81,2025-09-11,557,552,Completed
2749,27,1,98,2025-08-28,1265,1296,Rejected
2750,29,75,98,2025-08-30,820,828,Completed
2751,31,3,132,2025-09-07,702,686,Delayed
2752,31,21,28,2025-09-09,994,997,Completed
2753,1,24,130,2025-01-09,1180,1215,Completed
2754,5,72,133,2025-03-21,1588,1374,Completed
2755,8,42,61,2025-09-24,1327,1210,Rejected
2756,31,10,137,2025-05-31,1253,1171,Rejected
2757,38,44,84,2025-07-18,1577,1545,Completed
2758,17,5,57,2025-10-01,1972,2051,Rejected
2759,3,3,62,2025-03-20,931,890,Delayed
2760,27,17,9,2025-12-05,1709,1599,Completed
2761,22,69,59,2025-11-19,1007,1025,Completed
2762,39,6,144,2025-02-19,1885,1670,Completed
2763,1,16,91,2025-12-28,1073,1027,Completed
2764,33,39,10,2025-05-10,921,935,Completed
2765,2,39,2,2025-04-06,1225,1281,Completed
2766,17,27,19,2025-08-07,597,610,Completed
2767,3,39,58,2025-05-06,1133,1102,Completed
2768,36,58,64,2025-02-14,1121,979,Rejected
2769,13,53,83,2025-07-14,1254,1111,Rejected
2770,25,51,114,2025-06-03,1588,1653,Completed
2771,13,50,72,2025-02-10,797,684,Completed
2772,16,72,9,2025-02-18,1913,1724,Completed
2773,15,17,81,2025-08-09,1343,1360,Completed
2774,18,25,91,2025-05-19,1042,981,Rejected
2775,25,5,113,2025-07-26,1889,1849,Completed
2776,12,24,127,2025-04-10,627,599,Completed
2777,32,22,112,2025-08-29,1135,1121,Completed
2778,22,3,133,2025-05-14,1651,1439,Rejected
2779,25,4,93,2025-02-28,533,523,Completed
2780,6,65,15,2025-02-08,1791,1849,Rejected
2781,4,64,81,2025-04-26,1374,1383,Delayed
2782,23,12,145,2025-10-09,1677,1673,Delayed
2783,25,2,58,2025-09-06,716,716,Completed
2784,32,46,53,2025-08-20,703,626,Rejected
2785,18,45,94,2025-07-11,1943,2027,Rejected
2786,2,59,70,2025-06-12,1353,1273,Completed
2787,21,66,33,2025-11-06,1923,1913,Completed
2788,31,73,15,2025-06-03,591,525,Completed
2789,4,16,60,2025-06-04,1087,1067,Completed
2790,30,33,149,2025-03-02,534,485,Rejected
2791,15,23,146,2025-03-15,1565,1495,Completed
2792,32,28,64,2025-11-27,607,539,Completed
2793,39,47,92,2025-02-17,1876,1729,Completed
2794,39,16,128,2025-10-04,708,683,Completed
2795,13,47,147,2025-06-21,623,603,Completed
2796,39,28,92,2025-06-19,990,891,Rejected
2797,24,73,149,2025-04-22,896,847,Completed
2798,10,69,33,2025-03-11,1215,1204,Completed
2799,35,13,68,2025-09-07,1989,1932,Delayed
2800,32,64,79,2025-07-25,1445,1460,Rejected
2801,21,61,52,2025-06-15,1586,1388,Rejected
2802,10,43,19,2025-04-02,1861,1913,Completed
2803,32,34,123,2025-03-28,1366,1174,Completed
2804,11,68,5,2025-05-09,1974,2035,Completed
2805,36,60,105,2025-06-28,889,813,Completed
2806,29,43,55,2025-07-24,1946,1776,Rejected
2807,27,2,150,2025-10-31,723,671,Rejected
2808,5,16,74,2025-08-16,1086,959,Completed
2809,35,57,84,2025-02-06,1237,1097,Delayed
2810,10,19,15,2025-07-08,506,463,Rejected
2811,5,53,74,2025-01-10,522,457,Completed
2812,21,62,126,2025-10-28,1462,1455,Completed
2813,4,43,85,2025-06-20,800,806,Completed
2814,17,9,47,2025-03-16,1795,1712,Completed
2815,15,54,118,2025-03-20,1494,1369,Delayed
2816,23,57,62,2025-06-12,1311,1156,Completed
2817,29,52,91,2025-01-13,770,722,Rejected
2818,28,64,112,2025-01-27,1945,1929,Completed
2819,28,66,68,2025-06-24,1726,1477,Rejected
2820,17,36,12,2025-01-31,1360,1273,Completed
2821,7,37,51,2025-02-06,526,535,Completed
2822,17,13,117,2025-04-27,1314,1367,Delayed
2823,14,24,1,2025-07-04,1465,1251,Completed
2824,3,65,107,2025-12-22,1609,1474,Rejected
2825,2,71,84,2025-02-06,1026,892,Completed
2826,18,70,81,2025-01-07,1358,1299,Delayed
2827,32,52,125,2025-03-25,1803,1535,Completed
2828,7,61,17,2025-11-11,690,695,Completed
2829,4,50,109,2025-01-17,1769,1765,Rejected
2830,10,42,100,2025-05-15,801,728,Delayed
2831,10,56,22,2025-05-12,759,757,Completed
2832,28,2,26,2025-08-14,1008,1004,Completed
2833,13,59,71,2025-07-10,1849,1685,Delayed
2834,24,20,87,2025-04-24,559,486,Rejected
2835,3,74,97,2025-10-29,1831,1829,Delayed
2836,19,42,24,2025-03-23,750,660,Completed
2837,16,39,117,2025-02-22,643,596,Delayed
2838,37,46,126,2025-01-01,1969,1806,Completed
2839,27,14,134,2025-04-25,1725,1610,Completed
2840,27,74,134,2025-09-16,1309,1345,Completed
2841,32,59,42,2025-01-04,1123,1056,Completed
2842,1,32,116,2025-02-24,874,817,Completed
2843,22,39,62,2025-08-11,1945,1687,Rejected
2844,33,58,78,2025-09-16,961,919,Delayed
2845,4,20,101,2025-07-01,1427,1466,Delayed
2846,8,60,143,2025-07-29,1918,1675,Completed
2847,1,25,139,2025-03-08,945,949,Completed
2848,28,11,27,2025-09-07,1817,1855,Delayed
2849,13,19,132,2025-06-23,1450,1267,Delayed
2850,26,42,112,2025-04-03,1873,1747,Rejected
2851,3,35,44,2025-12-19,1283,1174,Completed
2852,22,39,102,2025-05-25,1479,1290,Completed
2853,15,49,67,2025-09-03,1059,1058,Completed
2854,36,75,82,2025-05-05,661,601,Delayed
2855,9,56,11,2025-06-21,933,815,Completed
2856,21,52,95,2025-01-05,557,572,Delayed
2857,26,27,138,2025-08-20,901,803,Delayed
2858,31,54,59,2025-12-06,1566,1408,Completed
2859,10,25,53,2025-01-13,1773,1677,Completed
2860,10,69,77,2025-09-26,895,862,Completed
2861,16,17,44,2025-04-23,1538,1333,Completed
2862,30,66,113,2025-04-09,1760,1622,Rejected
2863,12,5,141,2025-03-19,1773,1618,Completed
2864,11,54,17,2025-11-27,900,884,Completed
2865,37,23,113,2025-08-20,975,953,Completed
2866,25,1,125,2025-06-21,1411,1345,Rejected
2867,32,23,64,2025-06-10,1418,1319,Completed
2868,21,32,33,2025-06-09,1214,1226,Delayed
2869,32,53,85,2025-03-04,1364,1359,Rejected
2870,28,18,53,2025-04-25,1661,1433,Rejected
2871,7,66,32,2025-07-12,1429,1469,Completed
2872,24,36,50,2025-08-31,1636,1511,Rejected
2873,19,54,138,2025-08-30,722,710,Completed
2874,34,1,63,2025-07-24,1221,1088,Completed
2875,19,75,72,2025-08-07,1971,2020,Completed
2876,38,74,52,2025-01-06,1083,1072,Completed
2877,11,75,66,2025-03-29,1554,1342,Rejected
2878,5,12,71,2025-10-17,1155,1135,Completed
2879,27,34,116,2025-03-29,1045,1027,Completed
2880,17,8,149,2025-06-11,672,624,Rejected
2881,23,40,48,2025-11-30,1290,1101,Completed
2882,12,21,71,2025-01-12,864,851,Completed
2883,34,19,7,2025-01-30,565,586,Rejected
2884,24,4,133,2025-07-13,1446,1430,Completed
2885,15,34,108,2025-02-04,1790,1839,Completed
2886,40,32,123,2025-05-26,743,701,Completed
2887,12,8,119,2025-08-12,886,899,Completed
2888,21,64,24,2025-09-20,959,970,Delayed
2889,6,42,52,2025-06-25,1027,940,Completed
2890,16,36,109,2025-05-01,1294,1299,Rejected
2891,15,56,63,2025-11-12,562,505,Completed
2892,13,58,6,2025-03-07,743,658,Completed
2893,1,27,97,2025-07-25,1482,1554,Delayed
2894,5,1,91,2025-10-27,1621,1486,Completed
2895,21,4,108,2025-12-23,931,826,Rejected
2896,14,35,38,2025-06-27,1986,1969,Completed
2897,6,45,145,2025-11-18,1845,1840,Rejected
2898,4,74,46,2025-06-01,1905,1636,Completed
2899,25,25,13,2025-04-24,582,512,Delayed
2900,10,3,127,2025-04-23,942,881,Completed
2901,12,47,147,2025-05-24,1782,1790,Rejected
2902,38,71,133,2025-04-15,1908,1879,Completed
2903,22,51,72,2025-06-02,898,922,Delayed
2904,16,75,143,2025-08-08,901,906,Delayed
2905,31,25,139,2025-12-30,1532,1437,Rejected
2906,32,73,25,2025-11-14,1405,1436,Completed
2907,29,64,147,2025-06-15,618,571,Completed
2908,19,6,133,2025-08-15,1821,1610,Completed
2909,36,24,139,2025-12-14,533,507,Rejected
2910,37,24,67,2025-09-21,1313,1239,Completed
2911,24,6,8,2025-09-20,518,510,Completed
2912,32,32,75,2025-06-16,710,698,Delayed
2913,19,2,88,2025-06-16,1876,1857,Delayed
2914,29,47,54,2025-08-24,626,537,Completed
2915,24,69,10,2025-12-04,855,768,Completed
2916,26,4,146,2025-08-25,1125,1035,Completed
2917,18,43,87,2025-08-20,837,866,Completed
2918,2,39,81,2025-02-01,580,524,Delayed
2919,17,18,75,2025-08-03,563,578,Completed
2920,34,34,112,2025-05-17,1849,1837,Rejected
2921,29,57,125,2025-11-09,664,580,Completed
2922,1,60,118,2025-11-26,1634,1499,Completed
2923,39,18,53,2025-03-12,792,732,Completed
2924,38,18,22,2025-03-03,888,762,Completed
2925,36,24,127,2025-08-16,984,910,Completed
2926,19,49,29,2025-07-24,594,523,Delayed
2927,5,7,138,2025-07-16,1548,1535,Completed
2928,10,41,95,2025-07-02,596,563,Rejected
2929,38,59,20,2025-01-13,1042,983,Delayed
2930,13,57,15,2025-10-28,1710,1786,Rejected
2931,31,65,80,2025-06-04,1400,1200,Completed
2932,25,63,62,2025-10-08,609,519,Delayed
2933,4,65,55,2025-03-07,1217,1249,Rejected
2934,8,33,62,2025-02-06,1193,1191,Delayed
2935,21,68,108,2025-07-24,1656,1500,Delayed
2936,1,8,145,2025-02-01,1641,1665,Delayed
2937,17,42,129,2025-11-03,909,950,Completed
2938,34,23,29,2025-05-08,721,615,Rejected
2939,27,15,37,2025-03-27,1474,1390,Delayed
2940,36,28,138,2025-08-20,1058,1016,Completed
2941,5,5,89,2025-04-21,1938,1815,Completed
2942,9,63,98,2025-12-11,817,756,Completed
2943,34,68,2,2025-09-22,1843,1672,Completed
2944,14,21,67,2025-10-29,757,776,Completed
2945,6,45,54,2025-02-23,936,973,Rejected
2946,14,71,143,2025-06-17,1005,884,Completed
2947,27,68,135,2025-11-17,870,748,Completed
2948,9,21,24,2025-12-13,1397,1300,Completed
2949,38,11,7,2025-11-06,1293,1203,Delayed
2950,35,73,142,2025-03-13,1196,1088,Completed
2951,36,1,80,2025-07-02,1477,1357,Completed
2952,29,48,14,2025-07-23,1973,1971,Completed
2953,11,32,2,2025-05-01,680,695,Completed
2954,11,46,22,2025-06-18,1699,1626,Rejected
2955,16,16,112,2025-09-20,1331,1225,Completed
2956,27,24,84,2025-03-30,557,557,Completed
2957,31,42,35,2025-04-25,605,519,Rejected
2958,1,63,49,2025-11-23,1746,1719,Rejected
2959,8,21,92,2025-04-03,1550,1459,Delayed
2960,4,8,37,2025-10-10,1620,1646,Completed
2961,20,59,126,2025-03-28,591,556,Rejected
2962,35,1,141,2025-09-08,1909,1642,Completed
2963,30,68,145,2025-05-09,506,480,Completed
2964,35,45,147,2025-09-06,1928,1751,Rejected
2965,20,58,44,2025-09-13,551,544,Completed
2966,15,29,53,2025-05-16,1133,1144,Completed
2967,1,23,72,2025-02-25,1227,1240,Delayed
2968,12,5,131,2025-01-02,959,979,Rejected
2969,23,26,122,2025-10-05,1138,1065,Delayed
2970,31,45,96,2025-02-24,791,673,Completed
2971,35,35,134,2025-11-05,1152,1178,Completed
2972,16,9,26,2025-12-24,1384,1437,Completed
2973,8,43,14,2025-08-25,1505,1578,Delayed
2974,22,15,8,2025-02-17,1615,1422,Rejected
2975,1,17,75,2025-11-19,748,742,Delayed
2976,13,22,75,2025-10-20,1028,877,Delayed
2977,28,14,15,2025-12-28,657,635,Rejected
2978,26,19,93,2025-05-09,1153,1201,Delayed
2979,40,33,21,2025-10-22,1071,978,Completed
2980,21,67,69,2025-05-12,1238,1203,Delayed
2981,40,36,63,2025-08-20,1495,1277,Completed
2982,12,68,145,2025-09-03,1285,1170,Rejected
2983,21,69,144,2025-03-11,838,745,Rejected
2984,33,19,29,2025-12-14,1745,1635,Delayed
2985,30,37,33,2025-12-23,1032,945,Delayed
2986,16,45,6,2025-08-20,1332,1168,Delayed
2987,12,2,30,2025-08-31,1289,1143,Completed
2988,17,72,46,2025-07-19,1436,1261,Completed
2989,15,9,3,2025-03-01,1309,1253,Completed
2990,38,71,135,2025-12-22,1928,1765,Completed
2991,14,5,68,2025-02-26,516,490,Delayed
2992,28,61,4,2025-01-22,1433,1306,Completed
2993,3,28,5,2025-07-25,1550,1519,Rejected
2994,13,66,132,2025-12-23,967,827,Delayed
2995,29,6,115,2025-06-17,1831,1677,Rejected
2996,22,43,39,2025-08-11,875,821,Completed
2997,4,8,103,2025-05-16,1121,1140,Completed
2998,13,37,21,2025-11-29,727,640,Rejected
2999,5,33,34,2025-12-21,614,577,Completed
3000,15,4,9,2025-04-18,1547,1378,Rejected
3001,22,43,30,2025-04-04,824,829,Completed
3002,4,20,93,2025-01-24,1871,1671,Rejected
3003,19,68,114,2025-09-14,1861,1626,Completed
3004,15,13,25,2025-02-19,1397,1388,Delayed
3005,20,19,135,2025-11-22,514,498,Delayed
3006,30,1,19,2025-09-08,1267,1201,Rejected
3007,39,72,29,2025-12-30,1618,1385,Completed
3008,37,65,22,2025-07-21,1555,1436,Rejected
3009,38,22,73,2025-03-23,1042,913,Completed
3010,18,20,4,2025-05-30,1762,1765,Completed
3011,39,39,90,2025-06-09,820,698,Completed
3012,33,70,132,2025-03-15,1934,1825,Rejected
3013,37,18,128,2025-12-06,610,523,Completed
3014,39,19,39,2025-09-19,1876,1665,Delayed
3015,37,68,132,2025-11-11,727,752,Rejected
3016,39,58,42,2025-04-24,1099,1113,Completed
3017,21,49,119,2025-04-17,1030,1005,Completed
3018,13,32,54,2025-12-04,1168,1161,Completed
3019,34,8,105,2025-05-28,990,908,Completed
3020,6,16,107,2025-02-12,1603,1675,Rejected
3021,24,18,109,2025-10-14,619,599,Completed
3022,20,53,87,2025-12-12,946,806,Completed
3023,31,45,106,2025-04-19,889,927,Rejected
3024,19,50,76,2025-07-01,599,626,Rejected
3025,20,53,34,2025-07-21,1446,1440,Delayed
3026,12,60,35,2025-02-02,1267,1146,Delayed
3027,9,16,10,2025-02-10,1879,1847,Delayed
3028,13,15,31,2025-09-06,1673,1428,Completed
3029,21,18,74,2025-08-04,1593,1527,Completed
3030,3,56,10,2025-12-18,1355,1295,Delayed
3031,34,52,128,2025-10-15,1932,1924,Rejected
3032,9,14,18,2025-05-14,1801,1767,Delayed
3033,19,18,18,2025-04-08,1489,1295,Completed
3034,12,30,93,2025-10-10,1559,1412,Rejected
3035,4,46,16,2025-11-17,1617,1685,Completed
3036,24,32,56,2025-08-25,891,852,Rejected
3037,40,36,109,2025-12-14,1450,1267,Completed
3038,35,64,111,2025-01-14,1294,1269,Delayed
3039,18,64,69,2025-06-19,1668,1579,Delayed
3040,17,30,8,2025-08-15,1814,1726,Rejected
3041,18,74,72,2025-02-27,1700,1462,Completed
3042,31,43,49,2025-08-02,1915,1929,Completed
3043,30,39,50,2025-07-12,963,941,Rejected
3044,21,29,24,2025-06-27,906,834,Rejected
3045,29,69,63,2025-03-26,1199,1200,Delayed
3046,24,59,44,2025-02-26,1976,1929,Completed
3047,1,37,52,2025-10-12,1020,1070,Completed
3048,25,48,46,2025-10-25,1469,1308,Completed
3049,11,11,82,2025-04-13,1907,1999,Delayed
3050,20,38,62,2025-06-24,1717,1615,Completed
3051,28,32,12,2025-10-12,1855,1646,Completed
3052,14,70,87,2025-07-12,1623,1625,Rejected
3053,15,33,44,2025-10-13,682,618,Completed
3054,9,4,20,2025-04-15,1841,1646,Completed
3055,31,65,146,2025-09-29,1812,1771,Delayed
3056,12,11,92,2025-09-08,903,939,Completed
3057,26,8,1,2025-02-01,860,888,Completed
3058,36,7,57,2025-01-24,1315,1316,Completed
3059,19,72,75,2025-09-02,765,680,Completed
3060,5,28,144,2025-07-11,710,607,Completed
3061,20,54,135,2025-04-13,882,915,Completed
3062,18,18,79,2025-09-25,1962,1707,Completed
3063,9,18,108,2025-01-07,990,1024,Delayed
3064,21,36,77,2025-01-05,654,663,Completed
3065,39,2,1,2025-03-29,1240,1056,Completed
3066,29,57,120,2025-07-22,1910,1653,Completed
3067,21,41,132,2025-06-04,863,855,Completed
3068,11,61,75,2025-06-14,1860,1934,Completed
3069,22,67,29,2025-05-28,1455,1445,Completed
3070,21,31,44,2025-02-03,510,466,Completed
3071,1,17,109,2025-11-27,955,956,Rejected
3072,37,55,73,2025-11-13,990,1029,Completed
3073,10,44,120,2025-01-03,1809,1757,Completed
3074,17,71,102,2025-01-10,1279,1144,Delayed
3075,40,46,52,2025-04-06,939,846,Completed
3076,28,32,5,2025-11-19,895,796,Rejected
3077,37,67,94,2025-06-29,1262,1313,Completed
3078,5,67,44,2025-07-16,553,553,Completed
3079,19,74,75,2025-12-15,581,535,Completed
3080,13,56,56,2025-07-12,945,891,Completed
3081,13,4,86,2025-11-10,1075,985,Completed
3082,24,75,11,2025-06-15,1573,1449,Completed
3083,32,47,146,2025-10-25,529,536,Completed
3084,32,55,53,2025-03-23,1001,894,Completed
3085,17,68,14,2025-08-31,1643,1698,Completed
3086,37,43,47,2025-01-17,1718,1719,Completed
3087,34,9,38,2025-09-15,1853,1697,Delayed
3088,15,14,21,2025-07-19,1785,1635,Rejected
3089,12,49,94,2025-07-11,1224,1204,Rejected
3090,14,54,72,2025-04-05,1035,994,Completed
3091,3,65,84,2025-09-08,544,555,Completed
3092,8,24,30,2025-04-14,545,486,Delayed
3093,34,32,27,2025-09-28,1556,1347,Completed
3094,2,50,6,2025-10-31,806,819,Rejected
3095,31,67,28,2025-04-08,1919,1845,Completed
3096,5,15,143,2025-02-08,1075,1082,Delayed
3097,13,6,3,2025-03-18,1162,1166,Delayed
3098,34,45,130,2025-09-15,901,859,Completed
3099,31,8,131,2025-01-14,1589,1430,Completed
3100,16,31,64,2025-06-15,1154,1150,Completed
3101,29,60,102,2025-03-05,1985,1995,Delayed
3102,40,18,18,2025-01-22,1247,1149,Completed
3103,20,31,11,2025-12-21,645,557,Completed
3104,27,25,52,2025-06-29,1008,877,Completed
3105,9,34,94,2025-01-21,531,493,Delayed
3106,3,31,127,2025-04-26,1991,1938,Completed
3107,5,52,26,2025-01-09,1605,1370,Completed
3108,15,9,61,2025-01-04,1653,1488,Delayed
3109,37,52,66,2025-06-27,1832,1641,Rejected
3110,36,8,52,2025-01-30,1666,1735,Completed
3111,8,73,75,2025-08-24,835,798,Completed
3112,12,57,139,2025-12-15,1606,1515,Completed
3113,18,42,115,2025-12-14,1474,1444,Completed
3114,12,41,127,2025-06-16,1157,1185,Completed
3115,4,41,142,2025-01-26,1719,1760,Completed
3116,33,10,143,2025-06-06,858,847,Completed
3117,10,60,135,2025-06-17,1354,1202,Completed
3118,10,18,92,2025-11-03,1793,1795,Delayed
3119,28,71,29,2025-12-08,1337,1180,Delayed
3120,21,11,104,2025-10-16,844,793,Completed
3121,38,6,3,2025-04-17,1971,1737,Completed
3122,5,5,7,2025-08-09,1304,1250,Rejected
3123,39,34,89,2025-06-02,1945,2039,Completed
3124,11,9,140,2025-12-31,515,462,Delayed
3125,30,41,10,2025-11-17,895,873,Rejected
3126,40,46,54,2025-07-03,525,512,Completed
3127,39,69,17,2025-10-05,1877,1759,Rejected
3128,29,6,37,2025-11-30,819,763,Completed
3129,11,71,95,2025-11-07,1745,1516,Delayed
3130,21,66,98,2025-09-15,564,506,Rejected
3131,14,20,81,2025-03-21,1136,1171,Rejected
3132,16,43,94,2025-03-31,1056,1008,Rejected
3133,16,52,82,2025-12-15,1305,1214,Completed
3134,14,47,149,2025-12-21,1229,1058,Delayed
3135,8,24,62,2025-11-08,1091,975,Rejected
3136,3,53,19,2025-04-01,1972,1692,Completed
3137,21,75,127,2025-04-20,1943,1897,Rejected
3138,20,1,24,2025-12-26,1853,1800,Completed
3139,12,60,97,2025-09-02,845,801,Completed
3140,34,37,77,2025-12-21,604,513,Completed
3141,24,39,102,2025-02-22,1812,1548,Delayed
3142,21,15,103,2025-11-25,814,821,Completed
3143,37,38,46,2025-05-28,1217,1227,Completed
3144,33,18,124,2025-10-29,1340,1228,Delayed
3145,35,61,63,2025-08-10,865,820,Completed
3146,22,15,110,2025-02-22,1875,1705,Completed
3147,3,12,42,2025-07-18,986,1028,Completed
3148,5,25,134,2025-04-14,1813,1546,Completed
3149,10,18,56,2025-10-14,649,618,Rejected
3150,19,50,134,2025-07-26,1723,1642,Delayed
3151,25,36,58,2025-06-17,1378,1357,Completed
3152,4,6,54,2025-01-29,1613,1626,Completed
3153,34,66,93,2025-11-01,898,801,Completed
3154,26,2,108,2025-10-19,1597,1581,Completed
3155,15,10,44,2025-06-29,1005,932,Completed
3156,35,67,2,2025-06-26,1756,1808,Completed
3157,6,70,16,2025-05-07,1654,1535,Completed
3158,37,20,125,2025-12-29,1555,1429,Completed
3159,24,3,149,2025-05-21,1038,1054,Completed
3160,23,58,128,2025-05-10,1999,1852,Rejected
3161,35,9,71,2025-01-09,1201,1230,Delayed
3162,37,41,23,2025-01-05,1032,911,Completed
3163,33,72,58,2025-08-09,938,872,Completed
3164,29,54,10,2025-09-29,1608,1589,Rejected
3165,21,16,32,2025-10-30,1292,1287,Completed
3166,30,42,77,2025-07-24,1398,1208,Completed
3167,6,1,34,2025-12-14,1222,1083,Completed
3168,28,1,58,2025-09-08,885,776,Completed
3169,12,32,59,2025-12-19,1050,1031,Completed
3170,35,27,90,2025-05-23,1958,1955,Completed
3171,28,59,129,2025-11-28,734,693,Rejected
3172,4,63,132,2025-03-13,507,482,Delayed
3173,37,60,135,2025-04-12,1882,1609,Completed
3174,21,29,102,2025-07-04,550,483,Completed
3175,37,38,129,2025-01-09,747,709,Completed
3176,22,1,50,2025-03-29,833,718,Completed
3177,21,37,56,2025-12-20,899,812,Rejected
3178,1,53,61,2025-07-20,850,857,Delayed
3179,34,26,43,2025-10-27,1107,976,Completed
3180,31,24,101,2025-03-06,1236,1243,Completed
3181,38,66,110,2025-05-26,956,896,Completed
3182,33,6,129,2025-03-09,925,787,Completed
3183,7,74,58,2025-01-24,603,623,Completed
3184,25,5,119,2025-02-10,1747,1511,Rejected
3185,7,54,107,2025-09-29,1894,1612,Completed
3186,26,7,5,2025-12-20,637,595,Rejected
3187,8,58,114,2025-01-18,906,949,Delayed
3188,26,17,93,2025-09-03,1564,1373,Delayed
3189,28,44,49,2025-07-17,568,493,Completed
3190,5,59,36,2025-09-14,1937,1798,Completed
3191,25,49,89,2025-01-28,1555,1573,Rejected
3192,9,6,20,2025-03-16,1953,1767,Completed
3193,4,59,44,2025-03-31,773,793,Completed
3194,30,45,48,2025-10-19,1610,1681,Completed
3195,12,9,88,2025-01-13,1409,1218,Completed
3196,26,19,58,2025-11-07,616,564,Completed
3197,15,53,11,2025-05-20,736,727,Completed
3198,39,73,32,2025-04-30,1847,1578,Completed
3199,6,13,42,2025-11-22,1795,1762,Completed
3200,3,48,1,2025-02-15,1671,1659,Completed
3201,29,42,27,2025-07-30,875,783,Completed
3202,39,10,104,2025-09-06,756,645,Rejected
3203,11,44,128,2025-04-26,824,839,Rejected
3204,20,66,142,2025-10-18,1687,1678,Completed
3205,13,26,54,2025-12-04,1799,1855,Rejected
3206,31,60,149,2025-12-31,1443,1488,Completed
3207,7,31,125,2025-10-14,577,577,Completed
3208,31,55,108,2025-11-09,1308,1252,Completed
3209,18,18,40,2025-11-08,1470,1312,Completed
3210,32,15,103,2025-01-23,1542,1338,Completed
3211,26,25,93,2025-04-24,500,507,Delayed
3212,9,2,24,2025-08-14,1912,1891,Rejected
3213,3,25,126,2025-12-07,559,584,Delayed
3214,2,46,96,2025-04-29,1173,1103,Delayed
3215,15,5,52,2025-07-19,1906,1975,Completed
3216,12,45,113,2025-04-01,1976,1792,Rejected
3217,27,69,58,2025-12-25,1188,1080,Completed
3218,31,72,120,2025-08-04,518,457,Completed
3219,34,16,138,2025-08-24,629,635,Completed
3220,3,22,98,2025-11-25,883,914,Completed
3221,30,11,136,2025-11-03,1471,1253,Delayed
3222,8,3,45,2025-01-26,1979,1970,Delayed
3223,35,73,41,2025-07-20,655,613,Rejected
3224,3,66,40,2025-04-29,1222,1132,Completed
3225,4,5,89,2025-09-30,960,931,Rejected
3226,27,73,57,2025-06-19,1196,1169,Delayed
3227,28,69,130,2025-10-27,1027,956,Delayed
3228,20,47,71,2025-11-04,1592,1355,Completed
3229,16,42,25,2025-10-18,1166,1119,Delayed
3230,4,17,146,2025-07-02,1811,1756,Completed
3231,31,31,8,2025-02-13,643,558,Completed
3232,26,17,65,2025-05-09,1397,1306,Delayed
3233,33,48,39,2025-08-09,720,636,Completed
3234,39,26,146,2025-10-04,1453,1277,Delayed
3235,24,57,84,2025-07-24,1122,976,Completed
3236,9,56,72,2025-03-24,1524,1356,Rejected
3237,27,55,129,2025-10-10,1113,991,Rejected
3238,3,75,59,2025-09-21,687,705,Delayed
3239,22,35,141,2025-06-28,1289,1186,Delayed
3240,26,24,120,2025-12-13,598,525,Rejected
3241,17,18,85,2025-08-26,1445,1462,Completed
3242,20,21,125,2025-10-31,761,713,Completed
3243,9,41,23,2025-10-09,779,773,Completed
3244,5,50,115,2025-01-26,1158,1155,Delayed
3245,15,7,46,2025-05-14,1700,1457,Completed
3246,8,75,42,2025-08-01,1608,1558,Rejected
3247,28,6,37,2025-03-19,1129,982,Completed
3248,3,37,103,2025-04-30,816,800,Completed
3249,15,30,76,2025-09-30,1693,1644,Completed
3250,3,10,89,2025-05-19,1043,1048,Rejected
3251,34,9,98,2025-01-11,1678,1468,Completed
3252,10,20,85,2025-01-03,923,791,Completed
3253,13,71,1,2025-01-07,1752,1600,Completed
3254,30,33,102,2025-10-02,759,688,Rejected
3255,32,18,79,2025-04-09,1093,1104,Delayed
3256,26,49,101,2025-11-24,1891,1958,Completed
3257,22,51,31,2025-01-20,703,677,Delayed
3258,34,27,94,2025-06-26,1743,1486,Delayed
3259,35,34,19,2025-04-10,1319,1193,Completed
3260,13,19,95,2025-01-09,907,813,Completed
3261,8,64,16,2025-08-13,1976,1963,Rejected
3262,32,50,78,2025-10-19,1501,1476,Completed
3263,38,6,132,2025-05-15,664,588,Delayed
3264,8,17,36,2025-10-04,1747,1565,Completed
3265,25,66,31,2025-09-21,1451,1301,Completed
3266,26,73,66,2025-11-06,1302,1207,Completed
3267,20,48,115,2025-10-27,960,909,Delayed
3268,2,30,108,2025-03-22,1914,1890,Completed
3269,26,46,130,2025-01-25,1016,939,Rejected
3270,37,23,128,2025-04-05,1367,1172,Rejected
3271,2,50,68,2025-04-12,1879,1622,Delayed
3272,31,20,139,2025-09-20,846,777,Delayed
3273,37,26,95,2025-09-16,590,512,Completed
3274,32,41,55,2025-09-05,1323,1242,Completed
3275,36,75,146,2025-03-26,805,758,Completed
3276,30,42,43,2025-03-29,900,942,Completed
3277,16,39,106,2025-09-29,1948,1734,Delayed
3278,11,60,33,2025-05-19,1651,1543,Completed
3279,39,58,10,2025-06-11,913,930,Completed
3280,38,33,68,2025-05-20,1148,1037,Completed
3281,26,9,113,2025-08-02,1306,1250,Completed
3282,7,15,30,2025-12-18,1192,1015,Completed
3283,16,10,76,2025-01-31,566,564,Completed
3284,10,63,61,2025-06-26,867,819,Completed
3285,34,42,124,2025-10-22,1482,1462,Completed
3286,37,45,120,2025-09-01,1092,1069,Completed
3287,28,37,117,2025-08-26,1215,1133,Delayed
3288,6,18,36,2025-06-13,534,556,Delayed
3289,35,67,25,2025-04-26,1858,1687,Rejected
3290,14,2,32,2025-12-02,859,864,Delayed
3291,26,5,67,2025-07-20,1692,1605,Completed
3292,13,53,134,2025-07-27,1361,1310,Completed
3293,37,6,67,2025-08-15,1153,1097,Completed
3294,26,9,95,2025-05-11,726,711,Delayed
3295,9,19,96,2025-01-12,1276,1316,Rejected
3296,37,2,72,2025-09-11,1139,1098,Delayed
3297,2,50,84,2025-08-25,1825,1715,Rejected
3298,29,13,5,2025-11-23,620,580,Completed
3299,8,67,101,2025-05-04,1498,1524,Completed
3300,8,23,105,2025-10-04,1725,1760,Completed
3301,4,73,148,2025-11-09,1499,1410,Completed
3302,30,41,15,2025-07-14,1871,1616,Delayed
3303,20,3,86,2025-10-29,1900,1806,Completed
3304,21,45,9,2025-07-23,791,808,Completed
3305,11,59,17,2025-12-01,785,712,Completed
3306,7,15,71,2025-02-17,1599,1444,Rejected
3307,6,54,135,2025-11-24,1750,1824,Completed
3308,39,30,30,2025-03-17,1733,1548,Completed
3309,6,49,125,2025-01-24,1829,1844,Completed
3310,4,75,44,2025-01-28,1571,1631,Delayed
3311,21,70,133,2025-09-08,708,623,Completed
3312,26,72,110,2025-07-19,1788,1712,Rejected
3313,27,16,138,2025-02-28,1320,1305,Completed
3314,5,37,11,2025-03-02,1648,1453,Delayed
3315,3,62,49,2025-01-12,951,842,Completed
3316,3,52,54,2025-03-03,912,859,Delayed
3317,12,70,148,2025-09-03,1351,1350,Completed
3318,7,8,33,2025-05-18,1647,1643,Completed
3319,32,11,98,2025-10-23,1113,1053,Rejected
3320,39,18,96,2025-04-13,804,744,Rejected
3321,12,15,110,2025-11-13,1715,1677,Rejected
3322,32,29,13,2025-10-03,1848,1649,Rejected
3323,37,41,134,2025-09-01,1537,1506,Completed
3324,21,1,35,2025-06-05,2000,2093,Completed
3325,11,69,89,2025-02-08,1275,1177,Completed
3326,28,51,115,2025-11-28,1487,1479,Rejected
3327,24,54,107,2025-06-29,1881,1921,Completed
3328,19,41,83,2025-04-08,1759,1680,Completed
3329,28,4,143,2025-06-11,1906,1634,Delayed
3330,30,63,9,2025-03-02,1989,1730,Rejected
3331,6,67,98,2025-02-19,1091,1034,Rejected
3332,22,63,103,2025-07-15,1057,973,Delayed
3333,36,46,46,2025-08-27,1283,1280,Completed
3334,9,12,7,2025-03-15,1314,1165,Delayed
3335,23,26,64,2025-11-18,1453,1275,Completed
3336,36,48,25,2025-06-03,1072,985,Completed
3337,33,13,80,2025-06-28,683,600,Completed
3338,34,23,27,2025-04-21,1563,1411,Completed
3339,4,23,24,2025-05-19,1201,1214,Delayed
3340,5,51,147,2025-08-12,1337,1402,Completed
3341,38,52,106,2025-03-08,651,585,Delayed
3342,1,52,52,2025-03-15,1506,1297,Completed
3343,14,62,62,2025-04-27,883,911,Completed
3344,19,23,95,2025-07-18,1195,1018,Completed
3345,28,42,6,2025-11-04,1916,1940,Completed
3346,4,45,90,2025-07-30,800,700,Completed
3347,28,55,11,2025-03-26,572,501,Completed
3348,36,14,104,2025-11-23,1893,1946,Rejected
3349,6,26,17,2025-09-17,1468,1373,Completed
3350,11,22,40,2025-02-03,1187,1047,Completed
3351,32,40,3,2025-12-30,948,993,Delayed
3352,35,58,35,2025-01-01,1808,1592,Completed
3353,32,60,6,2025-02-14,828,773,Completed
3354,31,6,59,2025-01-09,755,707,Rejected
3355,34,75,102,2025-08-05,1783,1764,Rejected
3356,21,17,79,2025-03-26,851,803,Delayed
3357,9,34,138,2025-02-04,1670,1680,Rejected
3358,20,17,25,2025-01-31,696,684,Completed
3359,18,35,97,2025-09-29,1724,1663,Rejected
3360,36,17,9,2025-02-10,1441,1326,Rejected
3361,6,63,37,2025-09-17,589,522,Completed
3362,7,60,4,2025-02-19,1602,1446,Delayed
3363,19,6,82,2025-02-13,1481,1326,Completed
3364,1,45,95,2025-01-16,1279,1212,Completed
3365,27,14,140,2025-02-15,1151,1069,Completed
3366,17,47,50,2025-02-12,529,474,Completed
3367,28,24,37,2025-06-28,1308,1286,Completed
3368,8,74,49,2025-02-18,1981,1973,Rejected
3369,10,43,41,2025-11-30,1476,1534,Delayed
3370,34,59,85,2025-08-26,1719,1586,Completed
3371,35,68,40,2025-03-29,1992,2088,Delayed
3372,40,16,29,2025-05-03,682,625,Delayed
3373,2,17,142,2025-06-09,512,456,Delayed
3374,22,72,7,2025-07-25,1204,1069,Delayed
3375,18,27,109,2025-10-07,1272,1241,Completed
3376,1,57,93,2025-10-22,1025,911,Delayed
3377,12,75,32,2025-11-01,1123,1131,Completed
3378,4,64,125,2025-04-04,1502,1509,Delayed
3379,37,67,55,2025-09-16,1018,913,Rejected
3380,38,21,27,2025-12-20,595,510,Completed
3381,19,66,48,2025-08-30,793,675,Completed
3382,6,28,81,2025-06-26,793,764,Completed
3383,5,10,38,2025-04-24,1007,1021,Completed
3384,30,32,55,2025-02-03,1342,1289,Completed
3385,31,32,3,2025-07-24,521,504,Completed
3386,2,45,1,2025-05-18,1314,1118,Completed
3387,19,72,140,2025-08-03,998,850,Completed
3388,13,75,127,2025-09-17,731,653,Rejected
3389,14,59,60,2025-08-03,1637,1541,Completed
3390,1,7,102,2025-12-01,1710,1654,Completed
3391,5,52,137,2025-05-30,1424,1367,Completed
3392,29,59,85,2025-12-06,1050,933,Completed
3393,11,57,50,2025-08-28,1770,1657,Completed
3394,12,7,14,2025-04-28,1041,1090,Rejected
3395,6,35,30,2025-05-12,1367,1307,Completed
3396,1,52,6,2025-05-16,526,476,Completed
3397,17,31,113,2025-03-09,1327,1319,Completed
3398,13,16,147,2025-01-19,843,733,Completed
3399,30,9,32,2025-08-09,1860,1724,Completed
3400,1,19,132,2025-11-15,1058,1003,Delayed
3401,14,30,118,2025-01-30,1913,1897,Completed
3402,18,29,57,2025-08-08,1740,1735,Rejected
3403,19,52,120,2025-03-10,1026,876,Rejected
3404,6,24,30,2025-09-27,1171,1043,Completed
3405,22,55,125,2025-09-13,1761,1564,Completed
3406,33,2,53,2025-08-08,1609,1566,Completed
3407,5,20,54,2025-02-10,1352,1290,Completed
3408,14,5,91,2025-10-02,1077,1109,Rejected
3409,23,42,136,2025-07-23,644,577,Rejected
3410,29,22,50,2025-12-29,558,562,Completed
3411,11,29,45,2025-04-15,1444,1355,Completed
3412,26,2,84,2025-02-08,1157,997,Completed
3413,21,7,42,2025-12-29,1588,1371,Completed
3414,12,41,143,2025-10-11,816,832,Completed
3415,17,69,117,2025-03-24,1115,1089,Completed
3416,16,34,131,2025-04-28,1455,1418,Completed
3417,18,69,60,2025-07-18,1531,1578,Completed
3418,30,26,143,2025-05-12,708,648,Completed
3419,19,72,70,2025-09-03,1463,1313,Completed
3420,39,36,89,2025-10-31,1907,1631,Completed
3421,13,62,56,2025-05-11,809,845,Rejected
3422,37,31,8,2025-01-26,1923,2011,Completed
3423,14,7,79,2025-05-19,1825,1833,Completed
3424,40,39,5,2025-04-18,1859,1762,Completed
3425,20,18,104,2025-11-10,773,792,Completed
3426,12,11,145,2025-12-02,1846,1609,Delayed
3427,16,62,80,2025-12-29,1243,1274,Delayed
3428,24,46,11,2025-01-23,1690,1500,Rejected
3429,32,55,112,2025-05-05,1466,1249,Completed
3430,17,36,41,2025-11-04,1512,1349,Completed
3431,23,41,75,2025-05-09,749,690,Completed
3432,23,17,130,2025-05-09,1256,1239,Delayed
3433,35,26,111,2025-04-26,1755,1559,Delayed
3434,36,46,14,2025-05-29,1584,1604,Completed
3435,34,70,52,2025-05-20,1510,1577,Rejected
3436,14,8,3,2025-05-21,1113,1021,Rejected
3437,38,70,91,2025-03-04,1270,1267,Rejected
3438,36,17,75,2025-07-03,1140,1162,Delayed
3439,17,19,54,2025-08-02,1238,1242,Completed
3440,28,75,109,2025-01-30,1161,1005,Completed
3441,13,57,21,2025-09-15,527,458,Delayed
3442,9,27,121,2025-01-18,1328,1290,Rejected
3443,37,6,124,2025-07-16,1253,1202,Completed
3444,8,61,98,2025-04-30,1877,1886,Completed
3445,28,61,51,2025-11-23,1030,917,Completed
3446,30,22,105,2025-11-27,1885,1839,Completed
3447,13,65,93,2025-03-09,1126,1159,Completed
3448,24,68,140,2025-03-14,529,471,Completed
3449,34,29,97,2025-05-30,923,860,Completed
3450,5,28,53,2025-01-12,1028,1044,Completed
3451,30,40,81,2025-05-22,1296,1329,Completed
3452,29,23,32,2025-12-01,1693,1449,Delayed
3453,17,7,10,2025-10-01,519,527,Rejected
3454,21,5,58,2025-02-10,1554,1595,Completed
3455,35,9,145,2025-10-03,1780,1779,Rejected
3456,8,17,83,2025-11-18,1903,1645,Delayed
3457,29,45,100,2025-03-21,804,699,Rejected
3458,40,67,132,2025-08-29,1918,1795,Completed
3459,10,23,148,2025-08-15,553,529,Completed
3460,10,39,25,2025-03-22,1981,2033,Completed
3461,32,28,34,2025-03-06,884,919,Completed
3462,9,45,127,2025-10-17,1802,1599,Completed
3463,6,5,150,2025-02-13,514,506,Completed
3464,18,49,74,2025-12-27,600,623,Delayed
3465,14,13,81,2025-05-16,768,699,Completed
3466,15,25,69,2025-04-02,1227,1256,Rejected
3467,5,23,3,2025-03-04,778,753,Completed
3468,2,59,127,2025-07-24,733,673,Completed
3469,28,72,72,2025-07-17,1024,1042,Delayed
3470,24,63,140,2025-01-03,1456,1522,Completed
3471,28,40,68,2025-12-11,1029,901,Rejected
3472,1,48,143,2025-05-02,1102,1145,Delayed
3473,28,69,28,2025-08-18,1420,1419,Completed
3474,24,70,136,2025-06-02,1441,1393,Rejected
3475,13,24,73,2025-03-19,1466,1308,Rejected
3476,8,64,148,2025-06-26,1707,1740,Delayed
3477,31,48,73,2025-02-18,1823,1597,Completed
3478,1,61,106,2025-07-07,811,745,Completed
3479,23,75,8,2025-08-13,1757,1515,Completed
3480,6,6,135,2025-11-09,798,819,Completed
3481,23,30,103,2025-03-19,937,961,Completed
3482,22,23,138,2025-01-27,1005,1012,Rejected
3483,35,10,140,2025-12-28,1517,1353,Completed
3484,9,16,120,2025-10-27,1547,1338,Completed
3485,7,50,137,2025-05-01,569,530,Completed
3486,23,31,9,2025-01-17,1311,1316,Rejected
3487,1,13,100,2025-07-08,1906,1648,Completed
3488,34,28,85,2025-04-21,1320,1261,Completed
3489,17,34,71,2025-12-20,1994,2044,Completed
3490,15,67,131,2025-07-09,536,500,Delayed
3491,22,59,77,2025-11-22,1111,1123,Completed
3492,8,4,36,2025-12-01,1915,1803,Completed
3493,9,54,68,2025-07-04,1643,1614,Delayed
3494,24,16,40,2025-01-27,1220,1224,Completed
3495,37,42,128,2025-10-18,1924,1742,Completed
3496,10,32,148,2025-05-06,1434,1429,Delayed
3497,17,50,100,2025-02-19,1102,1069,Completed
3498,22,60,1,2025-06-02,1897,1714,Completed
3499,18,22,98,2025-11-08,1163,1184,Completed
3500,21,64,5,2025-08-12,675,624,Completed
3501,30,21,49,2025-09-23,1797,1667,Completed
3502,3,62,28,2025-09-23,836,799,Delayed
3503,40,73,41,2025-11-09,946,862,Completed
3504,32,4,21,2025-11-17,836,876,Completed
3505,7,48,69,2025-08-13,1550,1444,Completed
3506,11,25,6,2025-05-27,1555,1468,Completed
3507,31,32,48,2025-02-15,1471,1386,Rejected
3508,28,65,42,2025-07-07,1492,1424,Completed
3509,23,35,49,2025-04-16,1896,1938,Completed
3510,32,51,121,2025-05-17,809,702,Rejected
3511,34,1,132,2025-12-11,1348,1351,Completed
3512,3,65,4,2025-12-09,1841,1892,Completed
3513,11,50,50,2025-02-11,1780,1677,Completed
3514,8,49,82,2025-05-06,1008,882,Completed
3515,27,52,129,2025-02-05,513,530,Completed
3516,34,60,66,2025-08-20,1494,1533,Rejected
3517,15,12,126,2025-04-19,1680,1493,Delayed
3518,2,49,108,2025-02-19,837,756,Rejected
3519,15,19,1,2025-01-16,754,769,Completed
3520,36,65,9,2025-03-03,502,427,Rejected
3521,7,63,68,2025-11-08,515,521,Rejected
3522,32,27,60,2025-12-20,1297,1203,Delayed
3523,11,42,25,2025-03-18,1681,1510,Completed
3524,34,68,145,2025-12-10,1923,1733,Completed
3525,20,53,20,2025-12-31,740,695,Completed
3526,7,48,119,2025-05-20,1575,1482,Completed
3527,14,9,67,2025-09-07,1165,1016,Rejected
3528,33,67,114,2025-01-28,1086,970,Rejected
3529,39,5,77,2025-12-08,1768,1637,Delayed
3530,25,51,107,2025-03-10,997,919,Completed
3531,8,27,117,2025-02-17,1271,1141,Completed
3532,9,38,52,2025-01-14,1689,1615,Rejected
3533,15,62,13,2025-09-06,1142,1115,Completed
3534,24,69,72,2025-07-31,879,781,Delayed
3535,2,20,65,2025-11-09,1931,2026,Completed
3536,16,57,50,2025-05-17,665,637,Completed
3537,11,10,100,2025-03-27,820,769,Rejected
3538,31,67,129,2025-12-14,1086,1059,Completed
3539,36,24,32,2025-06-10,801,708,Completed
3540,38,25,19,2025-06-17,1210,1076,Completed
3541,1,66,54,2025-09-06,1273,1186,Completed
3542,25,43,40,2025-03-25,1195,1234,Completed
3543,31,41,22,2025-07-24,764,685,Completed
3544,19,44,42,2025-12-10,946,869,Completed
3545,6,23,15,2025-04-28,1034,910,Completed
3546,22,69,43,2025-11-20,1914,1972,Rejected
3547,6,34,79,2025-11-27,1682,1728,Completed
3548,17,54,98,2025-01-28,1744,1538,Completed
3549,28,67,145,2025-09-14,1059,1087,Delayed
3550,35,17,141,2025-08-28,595,546,Completed
3551,17,6,17,2025-12-16,1508,1392,Completed
3552,8,11,67,2025-01-07,560,477,Rejected
3553,25,6,81,2025-05-05,1186,1102,Rejected
3554,5,20,48,2025-05-20,624,568,Completed
3555,24,37,100,2025-10-06,1575,1551,Completed
3556,16,17,140,2025-07-04,1928,1823,Completed
3557,16,40,44,2025-02-20,1371,1192,Completed
3558,21,61,12,2025-10-04,810,792,Delayed
3559,24,22,150,2025-09-02,1844,1892,Delayed
3560,5,56,124,2025-02-18,770,746,Delayed
3561,15,71,105,2025-11-28,1766,1617,Completed
3562,6,70,36,2025-01-22,667,628,Completed
3563,13,61,95,2025-07-23,816,850,Completed
3564,26,66,71,2025-07-06,1571,1346,Delayed
3565,19,46,78,2025-10-07,776,746,Delayed
3566,13,48,104,2025-04-04,1174,1195,Completed
3567,21,72,4,2025-06-19,1202,1174,Delayed
3568,26,28,29,2025-06-01,1271,1168,Completed
3569,33,4,22,2025-04-18,1430,1322,Completed
3570,31,15,83,2025-10-27,653,558,Rejected
3571,36,2,132,2025-01-17,800,740,Delayed
3572,9,57,19,2025-05-20,1744,1616,Completed
3573,38,56,83,2025-04-15,1127,1149,Completed
3574,12,22,22,2025-05-13,1836,1701,Delayed
3575,10,20,39,2025-02-02,1204,1088,Completed
3576,34,29,62,2025-06-23,1784,1538,Completed
3577,34,10,145,2025-03-04,1174,1062,Completed
3578,32,27,81,2025-07-11,763,741,Completed
3579,10,59,117,2025-05-15,679,585,Completed
3580,5,15,113,2025-06-06,894,808,Rejected
3581,13,25,121,2025-03-07,1450,1240,Completed
3582,30,3,142,2025-10-10,1386,1335,Rejected
3583,13,37,108,2025-09-25,611,588,Completed
3584,22,46,122,2025-04-27,567,579,Completed
3585,19,1,110,2025-10-01,1224,1221,Delayed
3586,32,58,143,2025-01-05,591,551,Completed
3587,38,75,55,2025-08-08,1232,1269,Completed
3588,11,1,45,2025-10-07,680,685,Rejected
3589,6,4,28,2025-03-22,1080,1013,Completed
3590,28,41,144,2025-03-08,1589,1429,Delayed
3591,18,52,7,2025-05-31,870,764,Delayed
3592,35,49,12,2025-05-27,841,742,Delayed
3593,29,11,72,2025-01-29,565,562,Completed
3594,12,55,19,2025-08-27,1561,1561,Completed
3595,30,62,11,2025-12-01,1886,1852,Completed
3596,18,67,97,2025-05-17,1295,1214,Completed
3597,11,4,31,2025-02-23,1167,1222,Rejected
3598,25,17,135,2025-08-24,701,730,Delayed
3599,7,70,10,2025-03-16,1356,1357,Delayed
3600,24,48,24,2025-12-20,1028,978,Completed
3601,27,7,87,2025-05-01,690,611,Completed
3602,22,55,45,2025-12-18,913,905,Completed
3603,18,69,129,2025-07-08,1486,1463,Delayed
3604,11,21,106,2025-06-12,812,798,Completed
3605,32,63,65,2025-03-09,825,828,Delayed
3606,7,29,104,2025-02-18,1833,1715,Delayed
3607,16,62,56,2025-02-22,1158,1214,Rejected
3608,6,39,51,2025-11-10,1272,1271,Completed
3609,37,68,71,2025-07-02,530,476,Completed
3610,6,10,106,2025-11-04,1932,1675,Completed
3611,3,71,6,2025-09-20,1247,1155,Completed
3612,24,37,115,2025-07-21,1604,1420,Completed
3613,3,21,100,2025-12-16,1574,1505,Completed
3614,11,24,87,2025-06-05,1251,1133,Completed
3615,7,33,147,2025-06-08,514,539,Completed
3616,1,41,128,2025-09-02,1406,1384,Completed
3617,23,74,68,2025-09-14,1136,983,Completed
3618,16,59,39,2025-06-30,632,628,Completed
3619,2,26,39,2025-09-01,518,486,Delayed
3620,34,25,109,2025-12-18,1503,1537,Completed
3621,14,14,30,2025-05-23,1669,1484,Rejected
3622,5,30,23,2025-08-19,1480,1272,Completed
3623,14,72,97,2025-05-20,1995,2052,Delayed
3624,21,20,31,2025-08-13,1570,1554,Delayed
3625,35,22,13,2025-09-25,1658,1618,Rejected
3626,14,63,78,2025-07-02,1393,1328,Completed
3627,1,69,133,2026-01-01,1926,1850,Completed
3628,5,57,136,2025-12-25,686,681,Completed
3629,35,54,53,2025-05-23,612,550,Delayed
3630,13,22,26,2025-11-06,1338,1294,Delayed
3631,1,29,86,2025-05-28,995,920,Completed
3632,36,23,30,2025-03-16,1905,1657,Completed
3633,24,57,88,2025-10-20,1377,1234,Completed
3634,32,46,137,2025-08-07,1599,1363,Completed
3635,19,6,63,2025-04-10,652,611,Completed
3636,40,15,85,2026-01-01,1501,1383,Delayed
3637,3,28,28,2025-01-02,1352,1412,Delayed
3638,2,22,128,2025-07-19,1359,1420,Completed
3639,12,42,67,2025-09-25,1669,1549,Completed
3640,6,31,144,2025-09-04,1827,1633,Rejected
3641,33,25,142,2025-02-11,1139,991,Rejected
3642,15,50,98,2025-11-07,995,922,Completed
3643,29,11,86,2025-09-15,984,990,Delayed
3644,10,19,124,2025-03-02,1942,1924,Rejected
3645,29,21,61,2025-03-01,510,499,Rejected
3646,6,47,105,2025-03-23,557,570,Completed
3647,20,64,131,2025-11-23,1706,1734,Completed
3648,5,40,71,2025-11-06,1299,1262,Completed
3649,40,31,78,2025-06-29,719,720,Rejected
3650,33,55,18,2025-11-09,723,736,Completed
3651,26,25,90,2025-11-20,1833,1789,Completed
3652,34,20,78,2025-07-29,1757,1800,Rejected
3653,30,23,36,2025-06-18,1402,1250,Rejected
3654,2,57,57,2025-11-21,1075,980,Completed
3655,35,31,22,2025-05-22,847,826,Completed
3656,40,39,62,2025-05-20,1848,1784,Completed
3657,2,15,133,2025-10-16,1832,1685,Rejected
3658,24,52,20,2025-06-20,793,777,Delayed
3659,32,54,140,2025-02-02,1506,1438,Delayed
3660,38,13,73,2025-08-29,1595,1547,Completed
3661,24,61,125,2025-01-08,708,691,Rejected
3662,36,39,76,2025-02-19,1151,1086,Completed
3663,38,29,130,2025-07-18,606,525,Rejected
3664,22,15,52,2025-11-10,736,625,Completed
3665,39,31,102,2025-11-01,1951,1859,Delayed
3666,5,27,139,2025-09-19,825,848,Completed
3667,27,74,42,2025-09-30,1297,1219,Completed
3668,29,27,74,2025-10-07,1169,1107,Completed
3669,34,42,103,2025-11-12,1007,1019,Rejected
3670,7,17,129,2025-03-17,1539,1604,Rejected
3671,31,44,57,2025-08-11,1094,1004,Completed
3672,33,57,94,2025-12-30,944,837,Completed
3673,22,39,14,2025-10-18,1368,1400,Delayed
3674,4,56,74,2025-09-10,1109,1027,Delayed
3675,16,24,28,2025-04-06,1392,1282,Completed
3676,7,56,111,2025-11-04,1030,972,Completed
3677,18,62,25,2025-10-21,581,527,Completed
3678,40,50,23,2025-06-20,1019,984,Rejected
3679,22,17,77,2025-04-03,1159,1039,Completed
3680,2,20,12,2025-04-14,1107,975,Rejected
3681,28,30,59,2025-09-22,1572,1361,Delayed
3682,9,48,117,2025-08-15,1273,1282,Rejected
3683,14,46,13,2025-04-28,508,508,Delayed
3684,25,50,25,2025-09-09,650,564,Completed
3685,14,66,73,2025-10-14,1342,1168,Completed
3686,37,61,90,2025-05-25,1758,1552,Completed
3687,32,37,149,2025-06-02,831,731,Completed
3688,3,69,140,2025-01-29,835,804,Completed
3689,15,59,60,2025-03-02,1004,932,Delayed
3690,36,74,101,2025-04-03,1856,1801,Rejected
3691,31,67,129,2025-06-20,976,838,Delayed
3692,23,45,84,2025-08-14,1336,1324,Rejected
3693,40,28,13,2025-08-12,614,627,Completed
3694,1,6,91,2025-05-26,1032,938,Delayed
3695,36,37,49,2025-10-05,554,580,Delayed
3696,36,23,96,2025-03-15,533,480,Completed
3697,29,10,54,2025-09-05,766,666,Completed
3698,5,75,125,2025-05-20,753,771,Delayed
3699,8,26,18,2025-09-02,1596,1649,Rejected
3700,20,39,50,2025-12-04,768,758,Completed
3701,26,64,149,2025-05-07,1259,1247,Rejected
3702,33,14,150,2025-07-29,1350,1252,Delayed
3703,36,75,77,2025-10-14,1212,1153,Rejected
3704,12,9,28,2025-12-17,999,968,Completed
3705,39,26,33,2025-09-26,602,575,Completed
3706,4,27,95,2025-06-12,1117,1093,Completed
3707,4,56,83,2025-05-27,1958,1930,Rejected
3708,29,34,93,2025-02-01,1641,1434,Completed
3709,28,40,82,2025-11-09,1866,1814,Completed
3710,2,14,25,2025-03-16,1371,1178,Completed
3711,31,24,87,2025-12-21,1571,1380,Completed
3712,16,69,63,2025-08-30,1973,2050,Delayed
3713,13,52,143,2025-11-23,1403,1313,Completed
3714,17,27,14,2025-07-04,1308,1279,Completed
3715,5,31,116,2025-11-17,1697,1775,Completed
3716,35,44,60,2025-08-16,1455,1369,Completed
3717,35,48,119,2025-09-11,1145,1017,Rejected
3718,10,37,70,2025-12-11,904,926,Completed
3719,34,16,38,2025-11-01,1607,1423,Completed
3720,32,21,147,2025-02-22,607,551,Delayed
3721,14,20,145,2025-11-24,1108,1089,Rejected
3722,31,27,108,2025-02-17,641,626,Completed
3723,21,33,39,2025-12-12,916,782,Rejected
3724,32,21,54,2025-02-17,774,749,Rejected
3725,26,50,37,2025-12-25,617,629,Completed
3726,33,1,117,2025-04-21,861,871,Completed
3727,15,7,122,2025-01-26,1637,1621,Delayed
3728,7,6,28,2025-11-07,1129,1081,Completed
3729,3,13,37,2025-09-09,1510,1393,Completed
3730,32,23,27,2025-10-21,1275,1131,Completed
3731,38,48,62,2025-08-19,1479,1351,Completed
3732,10,29,143,2025-08-02,1916,1975,Completed
3733,17,40,137,2025-11-08,1715,1592,Delayed
3734,34,60,140,2025-01-14,1838,1719,Delayed
3735,12,14,73,2025-07-26,1214,1142,Delayed
3736,6,23,66,2025-03-16,1080,1005,Rejected
3737,33,66,27,2025-07-25,1769,1695,Completed
3738,39,62,47,2025-04-01,1272,1233,Completed
3739,3,29,150,2025-10-21,839,764,Completed
3740,5,42,47,2025-07-18,1613,1686,Rejected
3741,8,6,140,2025-09-07,1433,1348,Completed
3742,19,17,123,2025-10-12,1362,1349,Delayed
3743,39,6,44,2025-08-13,1125,1135,Rejected
3744,32,4,124,2025-12-04,1596,1378,Rejected
3745,39,69,143,2025-05-06,1752,1720,Completed
3746,37,26,28,2025-10-09,1072,1035,Rejected
3747,15,69,51,2025-08-23,1901,1871,Completed
3748,6,25,119,2025-07-07,757,755,Completed
3749,11,41,147,2025-10-31,1814,1615,Rejected
3750,9,50,87,2025-12-08,1763,1733,Completed
3751,27,24,118,2025-12-20,1983,1826,Completed
3752,24,64,70,2025-03-02,900,854,Rejected
3753,20,48,3,2025-10-13,553,540,Rejected
3754,36,29,78,2025-03-15,1708,1583,Completed
3755,22,70,87,2025-07-02,586,590,Delayed
3756,33,71,110,2025-06-25,1377,1415,Rejected
3757,4,6,27,2025-04-15,1318,1276,Completed
3758,22,17,110,2025-10-03,1498,1507,Completed
3759,37,46,68,2025-10-24,1606,1430,Completed
3760,34,31,14,2025-11-21,1219,1041,Rejected
3761,23,12,133,2025-05-16,556,531,Completed
3762,3,40,30,2025-04-15,1440,1481,Delayed
3763,40,70,147,2025-04-24,512,481,Completed
3764,34,46,2,2025-12-23,985,944,Rejected
3765,28,50,46,2025-06-16,1044,1007,Completed
3766,34,28,126,2025-01-07,554,515,Delayed
3767,20,62,113,2025-09-22,723,756,Completed
3768,13,53,2,2025-10-07,1508,1292,Rejected
3769,13,65,88,2025-05-07,1020,995,Rejected
3770,18,57,120,2025-03-14,524,446,Delayed
3771,33,64,100,2025-03-02,1110,1046,Delayed
3772,20,19,53,2025-05-19,565,518,Rejected
3773,4,29,66,2025-04-19,1462,1457,Completed
3774,25,22,108,2025-02-15,1880,1771,Completed
3775,36,37,122,2025-12-17,1206,1191,Delayed
3776,37,18,14,2025-05-24,1060,960,Delayed
3777,16,26,128,2025-02-11,1106,1106,Delayed
3778,10,68,83,2025-12-28,782,812,Delayed
3779,6,73,62,2025-01-31,1938,1919,Completed
3780,25,13,70,2025-08-15,1322,1285,Rejected
3781,25,17,122,2025-11-10,1356,1283,Completed
3782,7,56,28,2025-11-01,508,502,Completed
3783,34,71,69,2025-06-26,1388,1365,Completed
3784,9,6,50,2025-01-26,1273,1267,Delayed
3785,37,26,60,2025-09-22,561,570,Completed
3786,26,1,107,2025-03-27,536,462,Delayed
3787,13,13,68,2025-08-11,1070,1110,Rejected
3788,30,48,47,2025-03-06,991,969,Completed
3789,19,26,62,2025-08-28,1093,993,Completed
3790,18,69,114,2025-08-25,1918,1630,Delayed
3791,12,33,21,2025-10-25,920,847,Completed
3792,9,22,43,2025-08-21,806,736,Completed
3793,7,43,45,2025-08-02,1826,1761,Delayed
3794,22,30,76,2025-09-27,914,891,Completed
3795,10,21,123,2025-01-26,1132,1144,Delayed
3796,28,11,141,2025-03-28,1161,1050,Delayed
3797,12,31,2,2025-03-23,1816,1863,Completed
3798,26,49,23,2025-11-03,733,697,Completed
3799,29,18,93,2025-11-17,1647,1669,Completed
3800,33,13,45,2025-07-01,1841,1665,Rejected
3801,39,21,41,2025-03-04,1975,1838,Completed
3802,13,60,64,2025-01-27,1424,1416,Completed
3803,24,59,5,2025-10-26,1157,1035,Completed
3804,19,47,143,2025-02-21,546,547,Completed
3805,13,29,75,2025-12-07,1428,1397,Delayed
3806,13,61,148,2025-08-17,1320,1188,Completed
3807,16,21,106,2025-04-10,1213,1255,Rejected
3808,19,54,7,2025-01-04,1147,1056,Completed
3809,38,3,93,2025-06-30,617,525,Completed
3810,23,60,26,2025-09-14,1020,994,Completed
3811,14,35,60,2025-08-04,1142,977,Completed
3812,35,44,128,2025-07-12,1278,1110,Completed
3813,2,66,91,2025-07-07,1083,1076,Rejected
3814,5,6,93,2025-01-10,1145,1104,Completed
3815,5,25,75,2025-08-02,1560,1388,Delayed
3816,29,43,6,2025-04-11,664,580,Completed
3817,38,38,24,2025-05-18,1820,1612,Completed
3818,14,1,54,2025-03-28,1221,1258,Completed
3819,11,68,74,2025-08-19,1441,1494,Completed
3820,35,14,56,2025-10-15,754,681,Delayed
3821,16,22,24,2025-03-22,1442,1498,Rejected
3822,28,73,90,2025-11-06,857,873,Completed
3823,38,7,8,2025-04-16,1659,1735,Completed
3824,6,16,78,2025-03-16,1795,1598,Completed
3825,18,60,128,2025-07-13,807,804,Completed
3826,5,49,86,2025-08-27,1721,1526,Completed
3827,29,1,50,2025-05-24,1697,1449,Completed
3828,27,45,22,2025-01-16,1468,1281,Delayed
3829,36,43,129,2025-01-25,769,655,Completed
3830,10,50,141,2025-05-27,1401,1216,Completed
3831,17,43,59,2025-06-24,1572,1469,Rejected
3832,4,40,58,2025-01-05,872,912,Completed
3833,16,63,78,2025-05-06,1277,1166,Completed
3834,17,61,54,2025-06-30,1932,1959,Completed
3835,16,18,110,2025-12-21,504,460,Delayed
3836,39,64,134,2025-11-06,1134,972,Completed
3837,19,16,27,2025-02-04,1751,1770,Completed
3838,8,57,110,2025-04-26,1499,1335,Completed
3839,17,29,150,2025-10-01,1195,1163,Delayed
3840,23,51,30,2025-03-29,647,629,Delayed
3841,33,49,16,2025-09-09,534,476,Completed
3842,38,66,89,2025-03-12,1317,1272,Completed
3843,35,32,75,2025-11-17,894,787,Completed
3844,19,6,121,2025-07-28,1806,1882,Completed
3845,33,24,142,2025-05-31,1862,1867,Delayed
3846,15,2,39,2025-11-06,505,489,Completed
3847,20,20,33,2025-11-06,862,826,Rejected
3848,34,2,123,2025-05-20,1128,1091,Rejected
3849,20,27,19,2025-08-11,1168,1103,Rejected
3850,26,50,80,2025-10-29,1249,1096,Delayed
3851,7,61,19,2025-05-16,695,644,Completed
3852,8,14,111,2025-08-25,1662,1508,Completed
3853,36,64,104,2025-06-26,565,548,Completed
3854,14,17,34,2025-07-13,1507,1314,Completed
3855,36,62,19,2025-01-17,853,793,Delayed
3856,28,53,131,2025-01-31,1239,1299,Completed
3857,25,24,31,2025-07-07,1355,1400,Rejected
3858,36,43,106,2025-11-18,1100,1140,Completed
3859,3,4,92,2025-03-05,847,731,Completed
3860,13,47,118,2025-11-30,600,593,Delayed
3861,2,40,13,2025-09-10,547,493,Delayed
3862,8,12,128,2025-09-21,1176,1064,Completed
3863,12,32,110,2025-02-10,1244,1075,Completed
3864,18,47,122,2025-01-06,1997,1772,Completed
3865,14,64,127,2025-06-24,1145,1135,Completed
3866,10,25,34,2025-03-31,1837,1607,Completed
3867,15,65,120,2025-07-12,1056,931,Completed
3868,31,7,105,2025-11-12,927,794,Completed
3869,28,57,21,2025-11-16,1408,1260,Completed
3870,24,66,68,2025-03-24,1650,1731,Rejected
3871,35,11,82,2025-07-24,700,653,Completed
3872,37,12,139,2025-09-14,917,790,Completed
3873,35,13,64,2025-03-22,1529,1501,Completed
3874,25,72,87,2025-08-12,1967,2051,Completed
3875,9,51,109,2025-02-21,1784,1657,Completed
3876,31,23,78,2025-05-21,1078,1029,Completed
3877,7,39,84,2025-03-04,1041,967,Rejected
3878,18,38,87,2025-08-10,1314,1132,Rejected
3879,26,26,99,2025-05-23,1487,1293,Completed
3880,22,39,86,2025-02-28,1479,1368,Completed
3881,16,20,10,2025-07-11,731,759,Delayed
3882,12,56,74,2025-03-28,1508,1514,Completed
3883,9,14,44,2025-07-03,680,709,Completed
3884,13,58,57,2025-08-21,688,655,Completed
3885,39,60,23,2025-07-10,1335,1151,Completed
3886,15,11,82,2025-01-19,1845,1688,Delayed
3887,1,59,10,2025-03-31,1481,1374,Completed
3888,7,69,110,2025-10-03,656,569,Completed
3889,34,39,6,2025-01-20,800,693,Rejected
3890,13,44,130,2025-06-13,1061,986,Completed
3891,2,34,79,2025-09-24,1833,1632,Rejected
3892,37,21,36,2025-04-16,1832,1764,Delayed
3893,21,64,48,2025-04-06,1244,1146,Rejected
3894,3,8,76,2025-11-27,1811,1726,Completed
3895,37,27,132,2025-08-08,1520,1374,Rejected
3896,2,61,72,2025-07-06,1688,1553,Delayed
3897,21,14,34,2025-07-09,1854,1630,Delayed
3898,4,38,119,2025-02-27,1720,1501,Completed
3899,30,38,127,2025-08-21,762,705,Completed
3900,2,33,150,2025-09-07,831,770,Delayed
3901,7,9,33,2025-03-22,1755,1600,Completed
3902,17,21,69,2025-03-11,1168,1168,Completed
3903,21,4,84,2025-09-21,1837,1634,Rejected
3904,27,1,149,2025-07-29,1677,1529,Completed
3905,16,14,27,2025-01-24,869,773,Rejected
3906,28,4,115,2025-04-01,1357,1162,Completed
3907,13,51,59,2025-10-02,841,794,Completed
3908,36,4,135,2025-03-12,678,658,Rejected
3909,19,17,135,2025-09-29,1737,1748,Delayed
3910,1,40,142,2025-03-30,1771,1844,Completed
3911,4,56,11,2025-05-24,1437,1224,Delayed
3912,30,62,16,2025-08-18,1404,1316,Completed
3913,2,4,16,2025-12-23,1676,1567,Completed
3914,40,51,127,2025-12-13,961,867,Completed
3915,14,2,61,2025-01-25,1997,1876,Delayed
3916,9,28,32,2025-06-14,1598,1440,Rejected
3917,28,53,96,2025-01-25,1301,1137,Completed
3918,10,1,39,2025-10-07,1291,1161,Delayed
3919,31,37,24,2025-10-12,1531,1441,Rejected
3920,17,62,117,2025-03-08,825,772,Completed
3921,3,33,33,2025-01-09,1633,1600,Completed
3922,19,60,43,2025-04-22,1034,995,Completed
3923,6,30,78,2025-03-30,1367,1331,Completed
3924,30,16,131,2025-09-06,846,853,Rejected
3925,25,61,123,2025-01-03,1816,1615,Completed
3926,26,11,94,2025-03-02,885,777,Delayed
3927,17,4,84,2025-11-08,1695,1679,Completed
3928,14,29,58,2025-02-20,1242,1067,Rejected
3929,11,55,122,2025-12-11,1867,1598,Delayed
3930,5,32,28,2025-08-31,507,438,Completed
3931,15,16,96,2025-02-28,993,949,Completed
3932,36,25,8,2025-06-22,1487,1408,Delayed
3933,20,41,122,2025-04-05,506,511,Delayed
3934,20,36,30,2025-04-21,793,695,Completed
3935,2,19,120,2025-11-10,1142,1170,Delayed
3936,26,16,43,2025-10-21,1701,1781,Completed
3937,30,16,82,2025-07-12,1955,1805,Delayed
3938,29,28,75,2025-12-02,579,601,Rejected
3939,2,45,87,2025-11-05,1811,1740,Delayed
3940,37,7,99,2025-10-24,1445,1354,Completed
3941,20,33,110,2025-09-08,541,561,Completed
3942,10,9,136,2025-01-22,603,546,Rejected
3943,37,70,114,2025-07-23,900,818,Completed
3944,34,17,17,2025-10-30,1289,1202,Rejected
3945,40,48,116,2025-03-21,1838,1753,Completed
3946,13,53,128,2025-06-19,822,802,Completed
3947,40,7,40,2025-02-18,920,840,Rejected
3948,37,22,52,2025-11-04,1528,1437,Delayed
3949,22,41,116,2025-07-03,721,670,Completed
3950,20,62,76,2025-05-19,1578,1381,Completed
3951,32,23,45,2025-10-05,693,650,Completed
3952,32,67,53,2025-11-06,1896,1811,Delayed
3953,15,4,68,2025-09-21,1531,1603,Completed
3954,11,67,147,2025-01-05,1659,1735,Rejected
3955,5,62,136,2025-05-09,1972,2030,Completed
3956,17,11,22,2025-12-08,939,974,Completed
3957,27,56,96,2025-03-04,1476,1499,Rejected
3958,1,1,143,2025-05-07,1617,1676,Completed
3959,25,19,79,2025-02-21,1149,1072,Completed
3960,16,38,6,2025-10-02,507,482,Completed
3961,12,17,41,2025-05-27,880,915,Delayed
3962,29,46,133,2025-12-06,1801,1810,Completed
3963,16,6,23,2025-03-02,1118,1132,Completed
3964,24,44,61,2025-11-19,770,777,Completed
3965,8,22,86,2025-06-04,991,858,Completed
3966,28,11,142,2025-10-31,1194,1224,Rejected
3967,30,43,4,2025-08-22,1473,1485,Rejected
3968,2,19,8,2025-08-22,1221,1246,Completed
3969,26,36,115,2025-06-07,667,682,Rejected
3970,35,60,128,2025-05-28,870,892,Completed
3971,18,30,81,2025-02-02,702,652,Rejected
3972,23,30,45,2025-05-09,518,447,Completed
3973,21,57,51,2025-11-27,999,966,Completed
3974,14,2,32,2025-10-11,1702,1720,Delayed
3975,22,44,126,2025-03-21,787,782,Delayed
3976,13,34,131,2025-05-01,781,694,Completed
3977,19,46,9,2025-02-20,1676,1663,Completed
3978,37,47,146,2025-04-16,1209,1217,Completed
3979,37,30,124,2025-07-24,1389,1222,Delayed
3980,12,17,57,2025-06-24,523,500,Delayed
3981,35,43,91,2025-01-03,1950,1896,Completed
3982,4,39,55,2025-10-11,1358,1182,Delayed
3983,3,1,49,2025-02-24,1767,1521,Completed
3984,7,19,140,2025-05-04,641,661,Delayed
3985,33,50,122,2025-12-12,1205,1242,Completed
3986,40,26,58,2025-06-06,1574,1369,Delayed
3987,20,75,120,2025-01-01,1274,1235,Completed
3988,16,30,102,2025-06-17,1268,1185,Completed
3989,6,59,70,2025-10-13,1350,1399,Completed
3990,37,31,72,2025-11-03,1661,1620,Delayed
3991,29,74,14,2025-02-19,788,732,Completed
3992,1,64,129,2025-08-29,993,863,Rejected
3993,32,62,85,2025-12-01,1587,1414,Completed
3994,28,42,25,2025-06-19,1666,1475,Completed
3995,28,47,13,2025-01-03,1464,1359,Completed
3996,31,18,19,2025-11-16,548,499,Delayed
3997,36,53,73,2025-06-26,919,907,Delayed
3998,9,61,121,2025-01-29,1504,1452,Completed
3999,15,39,49,2025-12-07,806,799,Rejected
4000,38,39,20,2025-09-10,1545,1348,Completed
4001,33,73,99,2025-04-27,928,885,Rejected
4002,40,28,7,2025-06-25,1053,1018,Completed
4003,39,32,108,2025-06-11,502,500,Rejected
4004,27,75,13,2025-07-16,638,590,Rejected
4005,15,10,21,2025-12-28,539,537,Completed
4006,38,33,87,2025-02-16,1476,1465,Completed
4007,6,14,65,2025-08-09,1106,1159,Completed
4008,38,31,54,2025-04-27,908,860,Completed
4009,13,49,139,2025-01-08,777,714,Completed
4010,20,26,51,2025-03-26,596,602,Completed
4011,39,61,36,2025-02-25,516,526,Completed
4012,4,27,148,2025-04-04,1050,911,Delayed
4013,25,69,6,2025-07-28,504,451,Completed
4014,10,30,42,2025-09-21,517,513,Completed
4015,10,43,33,2025-07-11,1448,1433,Rejected
4016,14,20,47,2025-02-20,783,750,Rejected
4017,31,23,42,2025-12-10,541,558,Delayed
4018,18,11,146,2025-12-07,879,845,Completed
4019,2,52,91,2025-04-03,611,542,Completed
4020,25,36,115,2025-12-31,780,808,Delayed
4021,37,13,28,2025-05-06,1415,1339,Completed
4022,36,9,20,2025-09-15,1794,1733,Completed
4023,6,10,132,2025-03-08,558,476,Completed
4024,28,56,21,2025-08-27,1326,1273,Completed
4025,17,24,150,2025-04-30,532,553,Completed
4026,13,13,62,2025-12-29,1933,2006,Completed
4027,17,14,18,2025-09-28,1569,1542,Completed
4028,33,68,23,2025-10-03,1181,1141,Completed
4029,29,55,7,2025-03-09,1315,1246,Completed
4030,39,42,56,2025-04-17,1551,1554,Delayed
4031,25,52,137,2025-01-09,1533,1576,Completed
4032,38,29,39,2025-11-02,1580,1351,Completed
4033,27,52,8,2025-12-26,1409,1399,Completed
4034,18,4,137,2025-08-24,675,584,Delayed
4035,10,70,135,2025-07-10,806,737,Completed
4036,4,45,16,2025-05-04,1509,1561,Delayed
4037,8,20,6,2025-07-09,622,545,Completed
4038,20,9,81,2025-03-22,1033,910,Completed
4039,19,5,125,2025-09-22,1540,1565,Completed
4040,23,53,14,2025-10-03,916,886,Rejected
4041,1,52,78,2025-07-18,778,730,Completed
4042,7,37,17,2025-04-10,1321,1270,Completed
4043,37,49,12,2025-04-18,1748,1689,Completed
4044,35,34,36,2025-09-23,1015,870,Completed
4045,10,25,62,2025-08-11,706,630,Completed
4046,28,23,114,2025-06-09,1428,1269,Rejected
4047,27,25,86,2025-11-13,970,892,Completed
4048,35,54,109,2025-06-05,585,557,Completed
4049,20,44,81,2025-01-17,880,861,Rejected
4050,10,23,112,2025-04-17,1080,1091,Completed
4051,12,33,53,2025-11-09,1132,1015,Rejected
4052,35,20,70,2025-04-20,790,826,Rejected
4053,26,53,69,2025-02-23,1615,1390,Rejected
4054,15,55,70,2025-11-22,1637,1565,Completed
4055,34,37,115,2025-06-26,962,917,Rejected
4056,20,73,57,2025-05-13,570,538,Delayed
4057,6,60,143,2025-11-18,649,625,Delayed
4058,21,56,141,2025-11-01,1352,1339,Completed
4059,23,42,129,2025-09-27,992,883,Completed
4060,6,75,84,2025-01-06,1316,1323,Completed
4061,3,21,98,2025-05-18,651,652,Delayed
4062,9,41,45,2025-10-10,873,783,Rejected
4063,3,3,58,2025-01-17,580,541,Rejected
4064,38,1,135,2025-08-29,1420,1431,Completed
4065,23,42,89,2025-01-20,684,600,Rejected
4066,9,16,75,2025-06-21,1858,1618,Delayed
4067,12,63,27,2025-01-01,1939,1813,Completed
4068,37,41,18,2025-01-22,1938,1821,Completed
4069,10,49,59,2025-01-25,742,747,Completed
4070,8,38,19,2025-01-29,1611,1549,Completed
4071,4,11,20,2025-09-24,1677,1499,Completed
4072,12,1,47,2025-01-03,1264,1300,Rejected
4073,20,24,119,2025-12-22,1077,1010,Completed
4074,17,43,60,2025-01-17,1690,1602,Rejected
4075,30,67,80,2025-04-07,588,521,Rejected
4076,13,33,144,2025-04-15,1753,1513,Completed
4077,6,72,83,2025-08-02,1092,1047,Delayed
4078,5,23,26,2025-09-28,1884,1696,Rejected
4079,40,67,78,2025-07-25,1078,1042,Completed
4080,30,8,121,2025-06-16,1863,1783,Completed
4081,10,18,32,2025-12-25,692,607,Rejected
4082,12,67,61,2025-11-30,1299,1154,Rejected
4083,13,8,123,2025-04-30,1626,1427,Completed
4084,39,30,114,2025-12-25,1505,1279,Completed
4085,37,70,131,2025-03-21,1561,1457,Delayed
4086,28,53,111,2025-12-23,1437,1498,Completed
4087,13,19,47,2025-04-01,996,950,Completed
4088,26,41,97,2025-02-16,1685,1663,Completed
4089,17,33,13,2025-08-02,973,893,Completed
4090,30,73,55,2025-08-21,692,624,Completed
4091,4,1,120,2025-12-08,1350,1316,Rejected
4092,19,9,72,2025-05-22,793,746,Completed
4093,24,65,11,2025-03-26,978,945,Delayed
4094,33,75,72,2025-08-03,888,846,Completed
4095,31,64,136,2025-04-04,949,820,Delayed
4096,24,69,39,2025-10-08,991,954,Completed
4097,24,30,44,2025-03-29,1861,1732,Completed
4098,3,54,121,2025-10-08,835,808,Completed
4099,20,22,99,2025-09-14,1839,1678,Delayed
4100,1,32,129,2025-02-16,1816,1798,Completed
4101,39,16,149,2025-05-11,925,949,Delayed
4102,30,1,89,2025-07-10,544,474,Completed
4103,15,32,84,2025-11-30,1026,968,Completed
4104,38,22,19,2025-12-14,1144,1186,Completed
4105,2,64,138,2025-05-11,1060,1001,Delayed
4106,34,48,118,2025-08-20,1854,1652,Completed
4107,37,28,14,2025-06-11,1232,1058,Delayed
4108,5,47,33,2025-02-13,1760,1811,Completed
4109,37,54,82,2025-10-12,1075,1100,Delayed
4110,19,40,135,2025-08-12,1368,1312,Completed
4111,36,39,129,2025-05-19,1029,1066,Rejected
4112,28,41,137,2025-09-06,850,888,Delayed
4113,37,52,95,2025-06-20,1980,1969,Completed
4114,30,43,17,2025-04-07,1703,1699,Completed
4115,20,73,99,2025-03-28,659,647,Delayed
4116,36,28,97,2025-07-20,553,570,Delayed
4117,5,69,143,2025-07-22,1766,1627,Delayed
4118,38,35,49,2025-05-09,1273,1191,Completed
4119,28,15,46,2025-08-13,665,662,Delayed
4120,25,27,10,2025-05-31,1484,1432,Completed
4121,22,51,98,2025-04-21,1547,1434,Completed
4122,12,51,108,2025-12-04,1281,1317,Completed
4123,40,18,33,2025-02-15,726,730,Completed
4124,36,26,120,2025-08-23,985,940,Delayed
4125,22,45,104,2025-03-06,1306,1318,Completed
4126,27,38,55,2025-02-09,1336,1155,Delayed
4127,2,37,11,2026-01-01,1271,1136,Delayed
4128,15,20,112,2025-04-09,1942,1886,Rejected
4129,26,9,72,2025-03-09,1747,1630,Delayed
4130,6,27,64,2025-03-09,1697,1469,Completed
4131,12,13,108,2025-11-21,986,1007,Completed
4132,34,24,141,2025-01-23,1792,1743,Completed
4133,31,55,107,2025-10-10,1041,927,Completed
4134,12,59,116,2025-05-26,1382,1178,Completed
4135,1,30,124,2025-01-25,1600,1469,Completed
4136,22,46,126,2025-09-14,1138,1182,Rejected
4137,5,1,132,2025-08-20,1694,1694,Delayed
4138,28,23,116,2025-12-05,1345,1322,Delayed
4139,19,19,104,2025-04-05,1196,1106,Completed
4140,36,39,32,2025-06-09,1603,1444,Completed
4141,2,14,19,2025-09-14,1078,1010,Completed
4142,12,56,76,2025-05-24,1961,1911,Rejected
4143,20,36,95,2025-05-28,1246,1206,Delayed
4144,23,51,93,2025-11-28,507,467,Completed
4145,21,14,58,2025-09-18,695,695,Completed
4146,11,33,19,2025-06-05,1344,1267,Completed
4147,7,20,137,2025-02-07,1609,1627,Rejected
4148,4,40,135,2025-01-15,1235,1276,Completed
4149,21,15,139,2025-10-29,1737,1817,Rejected
4150,6,42,39,2025-07-26,886,790,Delayed
4151,27,10,131,2025-03-29,1334,1384,Rejected
4152,37,3,111,2025-07-02,599,619,Completed
4153,35,24,110,2025-01-06,1368,1319,Completed
4154,40,9,3,2025-06-18,991,892,Completed
4155,22,28,80,2025-09-23,958,984,Delayed
4156,7,22,54,2025-04-23,766,707,Completed
4157,40,13,67,2025-07-23,1996,1703,Completed
4158,40,7,38,2025-11-11,615,585,Completed
4159,19,62,132,2025-02-05,1212,1251,Completed
4160,13,26,112,2025-11-30,881,853,Completed
4161,39,41,105,2025-12-19,964,907,Completed
4162,38,47,148,2025-07-07,1842,1738,Completed
4163,26,69,145,2025-06-03,1325,1269,Completed
4164,18,68,83,2025-03-21,798,772,Completed
4165,38,55,86,2025-05-30,1722,1539,Rejected
4166,29,18,131,2025-12-31,1054,930,Rejected
4167,32,70,56,2025-02-16,755,697,Delayed
4168,39,26,47,2025-05-06,923,947,Completed
4169,28,20,2,2025-04-25,955,914,Completed
4170,29,23,19,2025-05-02,1739,1656,Completed
4171,38,45,125,2025-11-01,1228,1142,Delayed
4172,1,3,31,2025-02-05,1159,1183,Completed
4173,38,57,91,2025-07-12,1335,1324,Delayed
4174,1,48,94,2025-02-26,1659,1587,Rejected
4175,17,36,146,2025-11-19,846,789,Completed
4176,24,46,23,2025-10-11,1523,1420,Delayed
4177,34,75,72,2025-04-04,1636,1688,Completed
4178,33,15,76,2025-06-19,1521,1346,Rejected
4179,16,64,9,2025-03-01,1342,1244,Rejected
4180,3,60,35,2025-12-12,1123,1121,Completed
4181,34,43,38,2025-08-07,502,477,Completed
4182,27,52,88,2025-01-21,1387,1179,Rejected
4183,38,7,62,2025-10-07,1105,1111,Rejected
4184,18,20,147,2025-11-17,1813,1841,Completed
4185,40,55,135,2025-11-26,1137,976,Completed
4186,22,4,63,2025-05-11,1821,1882,Completed
4187,14,61,72,2025-07-28,1956,1831,Completed
4188,27,45,53,2025-01-02,1885,1722,Completed
4189,21,72,17,2025-02-27,843,855,Completed
4190,37,29,77,2025-09-17,673,667,Rejected
4191,40,47,7,2025-11-28,1749,1692,Completed
4192,23,59,56,2025-02-19,972,987,Delayed
4193,4,45,134,2025-04-13,1209,1213,Completed
4194,20,29,70,2025-06-08,1961,1699,Rejected
4195,29,68,88,2025-06-29,548,476,Completed
4196,6,45,125,2025-04-11,1196,1100,Completed
4197,40,16,48,2025-11-21,1094,1021,Rejected
4198,18,69,142,2025-09-01,1582,1471,Rejected
4199,35,63,61,2025-11-05,991,938,Delayed
4200,39,13,57,2025-09-08,1496,1357,Rejected
4201,7,54,135,2025-08-09,927,859,Delayed
4202,2,35,95,2025-05-24,722,729,Completed
4203,17,14,60,2025-12-24,534,459,Completed
4204,30,49,63,2025-01-18,1087,1104,Completed
4205,15,36,142,2025-08-06,536,557,Completed
4206,24,51,73,2025-11-09,1406,1304,Completed
4207,36,43,115,2025-10-16,1701,1516,Completed
4208,28,5,121,2025-11-29,1880,1937,Completed
4209,7,75,85,2025-08-28,1444,1458,Completed
4210,2,64,95,2025-09-05,1473,1267,Delayed
4211,5,2,52,2025-09-03,1831,1732,Completed
4212,33,12,122,2025-07-28,1589,1448,Delayed
4213,7,32,78,2025-11-16,514,505,Delayed
4214,13,10,125,2025-11-21,1082,1057,Completed
4215,13,71,112,2025-01-24,1684,1572,Completed
4216,31,13,111,2025-08-11,1015,1048,Rejected
4217,4,22,63,2025-08-28,1578,1483,Completed
4218,32,63,11,2025-11-27,1774,1610,Completed
4219,1,43,129,2025-08-30,799,809,Delayed
4220,39,7,73,2025-12-08,1860,1818,Completed
4221,16,50,43,2025-02-04,541,478,Completed
4222,24,53,92,2025-12-25,825,850,Delayed
4223,21,25,3,2025-05-11,1664,1531,Rejected
4224,28,37,79,2025-08-05,1329,1362,Delayed
4225,39,39,132,2025-04-08,1770,1593,Completed
4226,11,73,70,2025-02-25,955,833,Completed
4227,32,63,53,2025-04-12,1776,1516,Rejected
4228,28,27,64,2025-11-12,1612,1372,Rejected
4229,4,35,3,2025-09-19,1704,1788,Completed
4230,2,61,141,2025-09-10,1377,1427,Completed
4231,38,10,79,2025-02-01,1463,1508,Completed
4232,11,37,148,2025-11-18,1728,1493,Completed
4233,20,5,16,2025-05-06,1363,1283,Delayed
4234,5,35,72,2025-11-01,1425,1465,Delayed
4235,31,8,79,2025-02-13,1358,1245,Delayed
4236,35,14,117,2025-11-20,999,961,Delayed
4237,40,24,79,2025-09-06,1559,1520,Rejected
4238,7,54,68,2025-11-11,1715,1635,Completed
4239,21,26,38,2025-05-02,1085,1071,Completed
4240,2,26,59,2025-10-16,1853,1685,Rejected
4241,29,26,27,2025-11-25,857,867,Completed
4242,13,49,144,2025-10-10,1395,1300,Delayed
4243,26,27,98,2025-09-19,1740,1503,Completed
4244,21,48,144,2025-08-02,851,846,Completed
4245,32,73,26,2025-07-30,1099,1056,Rejected
4246,25,27,8,2025-11-13,1753,1650,Completed
4247,20,69,51,2025-06-19,1902,1969,Completed
4248,28,10,84,2025-03-16,1933,1719,Completed
4249,26,26,99,2025-02-28,602,556,Completed
4250,18,73,2,2025-12-26,1062,1052,Delayed
4251,19,35,147,2025-02-03,976,836,Completed
4252,40,63,96,2025-02-25,963,900,Completed
4253,20,5,103,2025-03-30,1670,1447,Completed
4254,37,41,68,2025-08-01,1269,1197,Completed
4255,22,4,76,2025-07-29,562,479,Rejected
4256,11,60,96,2025-10-06,1801,1761,Completed
4257,5,17,81,2025-11-16,1633,1710,Delayed
4258,14,46,144,2025-02-08,1365,1358,Delayed
4259,1,20,139,2025-06-29,1423,1422,Delayed
4260,15,29,149,2025-06-22,1631,1646,Completed
4261,16,47,124,2025-07-24,1441,1428,Delayed
4262,29,60,33,2025-09-24,1198,1147,Completed
4263,35,73,68,2025-06-23,1223,1238,Delayed
4264,2,38,75,2025-03-18,1431,1270,Rejected
4265,1,50,45,2025-11-26,1032,927,Completed
4266,40,33,28,2025-07-09,1722,1466,Completed
4267,27,24,137,2025-02-09,1700,1576,Completed
4268,15,11,118,2025-10-15,604,573,Delayed
4269,7,30,54,2025-03-05,1808,1811,Completed
4270,30,73,33,2025-04-29,1913,1787,Completed
4271,13,43,14,2025-07-22,1041,1031,Rejected
4272,21,1,67,2025-12-15,1000,1007,Completed
4273,13,60,131,2025-11-17,630,654,Completed
4274,31,10,44,2025-09-19,1232,1232,Completed
4275,1,37,65,2025-06-10,548,536,Delayed
4276,28,16,65,2025-12-15,1556,1545,Completed
4277,11,59,36,2025-01-08,1231,1249,Completed
4278,34,23,8,2025-06-16,1477,1497,Completed
4279,23,43,140,2025-02-05,1417,1460,Completed
4280,22,8,114,2025-10-09,1637,1392,Completed
4281,17,10,77,2025-04-09,657,683,Rejected
4282,20,24,91,2025-08-14,1567,1587,Delayed
4283,34,25,41,2025-01-10,1472,1527,Completed
4284,34,18,132,2025-07-27,835,724,Completed
4285,19,10,96,2025-05-07,1584,1347,Rejected
4286,31,8,1,2025-10-02,1940,1912,Completed
4287,37,61,39,2025-08-06,598,614,Completed
4288,35,24,2,2025-09-04,776,725,Completed
4289,36,42,144,2025-04-29,1318,1275,Delayed
4290,33,50,58,2025-05-17,887,882,Rejected
4291,25,16,87,2025-02-17,1144,1135,Completed
4292,30,58,32,2025-10-18,1420,1331,Completed
4293,19,33,76,2025-04-13,1789,1654,Completed
4294,22,24,72,2025-07-30,510,465,Completed
4295,19,47,30,2025-12-18,1382,1227,Delayed
4296,37,14,37,2025-04-20,1776,1661,Completed
4297,7,68,94,2025-01-12,1849,1691,Completed
4298,29,18,102,2025-03-31,1284,1325,Completed
4299,10,7,129,2025-11-08,1906,1971,Completed
4300,12,52,41,2025-08-21,861,767,Completed
4301,32,42,130,2025-04-11,1787,1827,Completed
4302,4,60,40,2025-05-27,1843,1749,Completed
4303,22,5,45,2025-01-01,1589,1396,Rejected
4304,29,45,81,2025-06-15,570,563,Completed
4305,3,71,60,2025-05-14,1270,1126,Completed
4306,15,13,150,2025-05-10,1726,1675,Rejected
4307,15,55,31,2025-08-10,1535,1394,Rejected
4308,34,46,141,2025-06-07,796,713,Completed
4309,22,14,10,2025-01-05,1459,1506,Rejected
4310,29,72,24,2025-10-25,1257,1158,Rejected
4311,21,52,19,2025-06-08,1258,1175,Delayed
4312,23,68,58,2025-02-27,642,644,Completed
4313,37,50,117,2025-04-22,968,1008,Completed
4314,6,4,34,2025-01-07,1479,1319,Completed
4315,23,6,33,2026-01-01,1554,1588,Completed
4316,15,7,107,2025-12-12,1141,1033,Completed
4317,17,45,146,2025-03-27,822,819,Completed
4318,36,46,96,2025-11-05,644,551,Completed
4319,10,50,29,2025-02-04,1690,1538,Completed
4320,21,38,118,2025-12-12,1054,1002,Completed
4321,14,29,39,2025-05-08,553,474,Rejected
4322,35,41,119,2025-12-15,552,487,Delayed
4323,31,51,111,2025-02-04,1724,1578,Delayed
4324,36,44,78,2025-10-31,1169,996,Completed
4325,9,11,7,2025-09-14,1940,2029,Completed
4326,12,49,31,2025-10-16,1170,1152,Rejected
4327,37,24,97,2025-01-02,1568,1525,Completed
4328,39,28,13,2025-11-04,1877,1634,Completed
4329,37,23,117,2025-07-03,1187,1104,Delayed
4330,40,44,143,2025-02-25,1911,1771,Rejected
4331,22,9,26,2025-03-09,1346,1272,Completed
4332,13,44,66,2025-08-10,1337,1387,Rejected
4333,28,64,40,2025-08-24,885,756,Completed
4334,30,68,61,2025-08-16,580,591,Completed
4335,3,44,73,2025-07-18,1276,1214,Completed
4336,16,75,144,2025-07-23,705,629,Completed
4337,19,5,141,2025-09-26,1132,992,Rejected
4338,16,38,18,2025-06-05,587,580,Completed
4339,33,16,97,2025-09-03,1389,1297,Completed
4340,7,4,29,2025-05-13,1372,1438,Completed
4341,20,75,138,2025-11-13,1893,1694,Completed
4342,26,39,85,2025-07-12,1843,1614,Completed
4343,38,9,128,2025-11-16,1865,1756,Completed
4344,22,42,47,2025-11-09,1932,1767,Completed
4345,40,12,132,2025-06-18,817,805,Completed
4346,2,62,24,2025-08-30,970,826,Completed
4347,19,56,2,2025-04-05,1004,907,Rejected
4348,15,59,53,2025-04-27,1065,1003,Completed
4349,6,49,135,2025-01-29,1979,2047,Delayed
4350,19,15,46,2025-02-08,1672,1593,Completed
4351,26,73,6,2025-11-14,1211,1192,Delayed
4352,9,61,28,2025-10-24,1771,1651,Completed
4353,8,51,135,2025-04-02,1744,1491,Completed
4354,2,42,99,2025-04-13,1629,1583,Delayed
4355,22,29,146,2025-08-10,1405,1309,Completed
4356,30,36,109,2025-03-09,1304,1128,Completed
4357,12,62,45,2025-07-13,1892,1902,Completed
4358,14,22,143,2025-05-14,1933,1688,Completed
4359,37,61,24,2025-07-24,1016,925,Delayed
4360,2,45,68,2025-07-30,710,719,Rejected
4361,35,63,96,2025-01-08,1572,1592,Completed
4362,13,50,26,2025-06-25,1160,996,Completed
4363,2,72,74,2025-09-13,1009,891,Completed
4364,21,25,122,2025-10-16,581,565,Rejected
4365,11,18,141,2025-02-02,1292,1140,Completed
4366,16,33,112,2025-09-04,1515,1313,Rejected
4367,5,41,28,2025-03-11,649,597,Delayed
4368,8,46,95,2025-11-13,1368,1386,Completed
4369,17,3,16,2025-04-12,1467,1311,Completed
4370,6,50,88,2025-02-14,1778,1795,Delayed
4371,33,32,53,2025-03-19,1784,1663,Delayed
4372,13,64,51,2025-05-15,514,523,Completed
4373,21,69,104,2025-07-11,1981,1926,Completed
4374,22,61,33,2025-12-22,749,700,Rejected
4375,37,23,46,2025-10-24,1876,1929,Completed
4376,23,10,28,2025-12-31,582,518,Completed
4377,15,34,54,2025-05-09,1611,1558,Delayed
4378,16,58,75,2025-10-01,1623,1423,Rejected
4379,23,7,98,2025-05-31,1538,1500,Rejected
4380,26,69,145,2025-11-29,1997,1976,Delayed
4381,35,74,127,2025-01-06,1908,1710,Rejected
4382,6,57,84,2025-05-21,1450,1433,Rejected
4383,33,62,84,2025-03-22,1664,1573,Rejected
4384,38,69,122,2025-11-05,1043,962,Completed
4385,17,17,52,2025-10-05,743,738,Completed
4386,39,8,28,2025-08-26,1037,997,Rejected
4387,20,52,136,2025-12-20,1264,1265,Rejected
4388,4,25,69,2025-05-25,1728,1779,Completed
4389,9,53,9,2025-06-28,980,875,Rejected
4390,36,20,9,2025-09-05,1533,1607,Completed
4391,7,61,2,2025-11-07,1326,1168,Completed
4392,17,15,32,2025-09-09,1018,994,Completed
4393,18,68,124,2025-05-04,1410,1348,Completed
4394,14,50,142,2025-07-23,1487,1468,Completed
4395,27,44,124,2025-09-02,1958,1757,Delayed
4396,4,64,51,2025-05-05,1905,1671,Completed
4397,20,33,117,2025-06-01,1490,1309,Completed
4398,21,47,24,2025-10-31,900,921,Completed
4399,15,16,112,2025-03-23,1643,1522,Rejected
4400,36,4,121,2025-01-16,1128,1036,Rejected
4401,32,72,56,2025-04-15,795,710,Rejected
4402,10,62,20,2025-09-30,614,530,Delayed
4403,20,55,13,2025-12-28,1182,1082,Rejected
4404,22,66,150,2025-10-07,1644,1667,Rejected
4405,33,42,23,2025-05-11,742,712,Rejected
4406,40,34,126,2025-03-29,704,652,Rejected
4407,13,35,89,2025-11-03,1017,885,Completed
4408,4,11,63,2025-01-09,1025,884,Delayed
4409,11,48,16,2025-01-19,939,800,Rejected
4410,30,36,39,2025-03-23,1865,1602,Completed
4411,14,18,100,2025-04-07,572,547,Completed
4412,32,48,41,2025-04-29,1117,1168,Completed
4413,12,33,136,2025-03-22,1465,1289,Completed
4414,15,18,96,2025-11-20,1323,1255,Completed
4415,9,24,6,2025-12-09,1539,1349,Completed
4416,6,3,112,2025-12-09,916,856,Completed
4417,19,40,142,2025-10-06,972,889,Rejected
4418,33,9,145,2025-06-06,717,662,Completed
4419,33,72,136,2025-08-01,1672,1597,Completed
4420,24,10,4,2025-06-27,1092,964,Completed
4421,39,1,36,2025-11-04,1831,1900,Completed
4422,5,22,4,2025-10-28,1002,910,Delayed
4423,27,24,21,2025-10-02,638,587,Completed
4424,21,38,16,2025-03-01,1076,1126,Completed
4425,35,42,53,2025-09-08,1796,1876,Delayed
4426,26,56,56,2025-12-06,1666,1627,Completed
4427,3,67,114,2025-06-12,1597,1650,Delayed
4428,18,26,131,2025-03-10,820,844,Completed
4429,18,53,128,2025-07-23,1114,974,Completed
4430,17,27,6,2025-01-08,1655,1539,Completed
4431,35,51,125,2025-10-24,670,593,Rejected
4432,6,12,141,2025-04-25,590,588,Completed
4433,13,24,138,2025-10-08,1195,1033,Completed
4434,10,53,25,2025-07-20,730,655,Completed
4435,33,20,6,2025-01-10,630,619,Completed
4436,24,68,122,2025-03-02,1366,1371,Delayed
4437,37,60,143,2025-10-02,1628,1474,Delayed
4438,34,25,86,2025-12-08,1053,961,Completed
4439,34,21,26,2025-03-12,1816,1603,Rejected
4440,25,68,52,2025-11-20,1553,1483,Delayed
4441,8,14,99,2025-01-16,1181,1099,Rejected
4442,26,63,72,2025-09-19,1489,1310,Completed
4443,1,47,29,2025-03-10,657,610,Completed
4444,14,38,37,2025-01-27,781,809,Completed
4445,8,54,122,2025-07-25,1136,1170,Completed
4446,24,11,1,2025-07-02,1167,1105,Completed
4447,22,3,113,2025-07-30,1586,1620,Completed
4448,31,5,134,2025-01-22,972,839,Rejected
4449,10,61,117,2025-02-19,1483,1310,Completed
4450,7,41,69,2025-09-06,817,740,Delayed
4451,29,28,99,2025-04-15,1407,1290,Completed
4452,3,27,33,2025-10-02,1829,1798,Completed
4453,6,66,22,2025-08-24,1934,1681,Completed
4454,33,36,12,2025-12-01,1585,1473,Completed
4455,1,9,47,2025-05-07,1152,1135,Delayed
4456,9,26,109,2025-08-26,725,694,Delayed
4457,4,21,34,2025-05-12,649,658,Completed
4458,13,41,83,2025-01-05,1638,1543,Rejected
4459,8,55,3,2025-07-31,968,844,Completed
4460,21,18,93,2025-05-07,1998,1853,Completed
4461,40,57,37,2025-01-05,1893,1612,Delayed
4462,14,74,64,2025-06-26,1380,1191,Delayed
4463,3,33,57,2025-03-10,1468,1452,Completed
4464,13,24,123,2025-07-14,1694,1519,Completed
4465,34,60,16,2025-07-14,1176,1023,Completed
4466,10,30,52,2025-02-23,688,586,Completed
4467,3,49,73,2025-02-08,1969,1714,Completed
4468,36,10,42,2025-05-22,788,751,Completed
4469,14,6,39,2025-12-14,1363,1332,Completed
4470,32,56,34,2025-08-07,1864,1803,Completed
4471,1,19,116,2025-12-26,1623,1604,Completed
4472,21,31,103,2025-07-07,1087,1135,Completed
4473,2,7,82,2025-05-17,724,675,Completed
4474,16,50,96,2025-04-08,1956,1949,Delayed
4475,3,31,43,2025-05-27,1809,1708,Completed
4476,36,74,57,2025-07-16,941,828,Delayed
4477,27,65,81,2025-01-11,1390,1274,Rejected
4478,32,32,129,2025-01-27,517,473,Completed
4479,30,22,122,2025-04-08,797,729,Rejected
4480,10,45,70,2025-01-13,697,593,Delayed
4481,27,8,34,2025-07-25,1213,1206,Delayed
4482,18,39,16,2025-02-19,1699,1470,Delayed
4483,20,75,93,2025-08-25,981,955,Rejected
4484,29,8,71,2025-07-08,1494,1496,Completed
4485,34,55,144,2025-08-16,1528,1468,Completed
4486,32,23,41,2025-08-13,1799,1727,Completed
4487,3,1,130,2025-03-10,1186,1054,Completed
4488,12,75,74,2025-11-25,1796,1776,Completed
4489,4,49,84,2025-12-30,617,559,Completed
4490,31,37,146,2025-12-04,1536,1308,Completed
4491,20,57,119,2025-08-30,911,915,Delayed
4492,17,52,129,2025-03-31,1333,1189,Delayed
4493,31,4,135,2025-10-09,1232,1113,Completed
4494,7,69,105,2025-05-15,1749,1615,Rejected
4495,26,23,129,2025-05-03,1536,1358,Completed
4496,10,70,120,2026-01-01,1040,935,Completed
4497,40,33,6,2025-12-28,569,566,Delayed
4498,14,67,16,2025-01-21,1935,1929,Completed
4499,27,61,108,2025-02-05,1113,1125,Completed
4500,15,64,19,2025-10-18,1079,935,Rejected
4501,25,70,65,2025-03-31,1169,1020,Completed
4502,20,59,28,2025-08-23,1580,1606,Rejected
4503,9,29,30,2025-03-29,1777,1748,Rejected
4504,10,17,62,2025-04-16,1508,1569,Rejected
4505,27,61,37,2025-03-16,933,964,Completed
4506,17,63,70,2025-03-27,1816,1881,Rejected
4507,21,50,62,2025-04-09,1285,1135,Rejected
4508,39,66,55,2026-01-01,1667,1651,Delayed
4509,17,59,79,2025-05-13,1663,1588,Completed
4510,14,27,140,2025-10-25,1194,1055,Completed
4511,12,43,6,2025-04-30,1879,1800,Delayed
4512,23,64,101,2025-09-20,1027,1040,Delayed
4513,30,46,41,2025-05-04,1592,1415,Rejected
4514,38,16,131,2025-12-05,1835,1867,Rejected
4515,5,28,28,2025-03-16,1049,964,Rejected
4516,38,60,54,2025-04-16,976,988,Completed
4517,15,19,92,2025-05-06,600,574,Completed
4518,11,29,60,2025-02-27,1048,926,Completed
4519,32,30,17,2025-06-27,1708,1495,Completed
4520,10,25,66,2025-04-16,1963,1966,Completed
4521,3,66,54,2025-03-13,1315,1275,Completed
4522,19,66,140,2025-03-08,1632,1464,Completed
4523,17,73,1,2025-11-26,1247,1268,Completed
4524,38,43,34,2025-05-03,1307,1248,Completed
4525,14,41,147,2025-06-22,1526,1523,Completed
4526,40,57,139,2025-05-11,1075,1106,Completed
4527,3,17,15,2025-07-17,1303,1294,Rejected
4528,36,44,1,2025-07-17,1494,1271,Completed
4529,28,19,50,2025-03-29,923,786,Completed
4530,1,1,125,2025-01-14,1973,2030,Completed
4531,29,31,19,2025-11-30,1407,1347,Completed
4532,37,28,10,2025-05-20,1109,1031,Completed
4533,15,47,79,2025-02-19,1667,1578,Completed
4534,28,53,11,2025-04-07,796,689,Rejected
4535,26,53,109,2025-03-09,1457,1448,Delayed
4536,33,51,101,2025-05-19,1401,1467,Rejected
4537,19,39,8,2025-07-06,1784,1517,Completed
4538,20,37,42,2025-12-07,1940,1760,Completed
4539,34,53,110,2025-02-02,659,637,Completed
4540,9,74,54,2025-12-10,1648,1519,Completed
4541,37,33,32,2025-12-17,1007,901,Completed
4542,2,18,94,2025-05-29,1159,1117,Completed
4543,31,42,77,2025-10-22,1292,1218,Rejected
4544,2,26,62,2025-07-22,666,688,Completed
4545,29,9,90,2025-07-21,979,989,Completed
4546,13,15,138,2025-08-03,1612,1519,Delayed
4547,36,38,33,2025-11-05,1398,1353,Delayed
4548,16,8,40,2025-08-18,1513,1328,Rejected
4549,39,69,107,2025-12-17,1897,1958,Rejected
4550,7,4,4,2025-07-04,1183,1053,Completed
4551,13,44,72,2025-10-08,1797,1676,Completed
4552,7,48,119,2025-01-01,1750,1636,Completed
4553,14,1,67,2025-07-14,1531,1469,Completed
4554,30,12,15,2025-04-09,1094,1076,Delayed
4555,38,12,10,2025-05-24,786,752,Rejected
4556,16,16,129,2025-02-08,1689,1650,Completed
4557,34,64,89,2025-12-05,600,587,Completed
4558,25,43,79,2025-03-17,863,830,Rejected
4559,4,44,40,2025-02-07,1548,1350,Completed
4560,40,49,129,2025-10-16,1365,1368,Delayed
4561,38,57,144,2025-09-11,500,496,Rejected
4562,28,18,122,2025-01-05,602,512,Completed
4563,12,46,94,2025-11-01,1532,1377,Completed
4564,26,18,108,2025-02-21,1936,1889,Completed
4565,11,42,102,2025-07-27,1087,1133,Completed
4566,5,45,150,2025-08-07,1680,1542,Completed
4567,23,56,96,2025-03-15,1267,1193,Delayed
4568,2,20,112,2025-03-01,1704,1774,Rejected
4569,15,33,52,2025-11-24,1113,1143,Completed
4570,29,3,13,2025-10-15,1073,1026,Completed
4571,1,9,25,2025-08-21,1407,1248,Rejected
4572,24,11,3,2025-08-02,1899,1712,Completed
4573,14,8,14,2025-07-16,1199,1222,Completed
4574,25,7,111,2025-10-22,1617,1519,Rejected
4575,28,37,148,2025-06-27,1437,1290,Completed
4576,26,54,62,2025-12-24,1927,1716,Rejected
4577,32,50,66,2025-02-07,1892,1741,Rejected
4578,3,54,33,2025-07-29,911,954,Rejected
4579,28,31,97,2025-07-02,1057,948,Completed
4580,7,71,135,2025-06-27,1535,1526,Completed
4581,23,35,117,2025-10-15,1272,1178,Completed
4582,18,69,64,2025-02-21,1043,1019,Completed
4583,16,36,150,2025-12-18,1020,1007,Completed
4584,4,75,20,2025-06-24,611,631,Completed
4585,4,41,126,2025-07-19,1893,1966,Completed
4586,13,10,21,2025-09-11,1791,1643,Rejected
4587,27,49,35,2025-12-20,856,863,Completed
4588,37,49,79,2025-02-03,1331,1268,Rejected
4589,15,6,56,2025-06-06,1097,1145,Completed
4590,28,47,111,2025-09-15,1443,1227,Rejected
4591,10,57,69,2025-07-25,641,580,Completed
4592,13,58,82,2025-08-04,1231,1190,Completed
4593,21,10,22,2025-11-25,1583,1498,Rejected
4594,5,56,47,2025-10-27,823,750,Delayed
4595,5,13,147,2025-01-22,1975,2064,Rejected
4596,32,4,132,2025-01-22,1949,1715,Completed
4597,7,51,37,2025-05-14,1356,1193,Rejected
4598,29,25,59,2025-07-20,794,825,Completed
4599,26,64,38,2025-10-25,1713,1644,Delayed
4600,17,25,103,2025-06-27,1373,1258,Completed
4601,17,49,149,2025-05-15,631,630,Delayed
4602,24,12,136,2025-11-07,1115,1085,Completed
4603,33,20,45,2025-09-13,536,543,Rejected
4604,5,15,3,2025-07-27,684,704,Completed
4605,36,69,55,2025-06-11,638,585,Rejected
4606,3,29,39,2025-06-19,629,571,Completed
4607,37,12,82,2025-04-29,1062,1054,Completed
4608,31,21,12,2025-06-27,1587,1551,Completed
4609,20,65,34,2025-12-08,722,673,Rejected
4610,1,31,20,2025-03-24,794,709,Rejected
4611,39,46,140,2025-08-16,965,888,Completed
4612,28,11,95,2025-07-17,1381,1278,Delayed
4613,10,61,101,2025-02-19,1113,1050,Completed
4614,19,27,58,2025-09-29,1712,1553,Rejected
4615,2,4,93,2025-08-05,1428,1455,Completed
4616,24,7,122,2025-01-26,1005,1016,Delayed
4617,23,45,138,2025-01-04,1339,1213,Completed
4618,5,69,14,2025-05-12,1297,1120,Completed
4619,32,7,32,2025-07-05,611,531,Completed
4620,21,42,14,2025-05-18,1627,1535,Delayed
4621,37,70,11,2025-10-20,1854,1942,Rejected
4622,34,73,149,2025-10-28,1012,978,Delayed
4623,24,31,67,2025-02-08,1033,944,Completed
4624,3,6,15,2025-06-05,894,902,Completed
4625,6,49,115,2025-06-26,604,621,Completed
4626,5,13,138,2025-08-29,1274,1202,Delayed
4627,13,5,127,2025-03-29,1417,1444,Completed
4628,18,68,60,2025-07-02,661,645,Completed
4629,28,62,143,2025-07-31,1582,1565,Completed
4630,3,29,136,2025-09-04,917,910,Completed
4631,37,4,115,2025-11-30,883,865,Delayed
4632,18,54,108,2025-12-28,1212,1152,Rejected
4633,13,68,56,2025-05-11,1757,1578,Rejected
4634,21,30,22,2025-05-11,1067,1002,Completed
4635,16,47,88,2025-09-20,1067,912,Completed
4636,39,43,93,2025-05-29,1608,1506,Completed
4637,30,8,34,2025-01-08,1278,1174,Rejected
4638,38,41,14,2025-04-26,873,885,Completed
4639,18,57,116,2025-05-26,1084,1101,Completed
4640,18,16,116,2025-03-03,1556,1495,Completed
4641,21,39,133,2025-07-29,859,872,Completed
4642,39,26,21,2025-02-23,1429,1467,Completed
4643,17,31,82,2025-09-14,785,737,Completed
4644,36,56,2,2025-03-24,1429,1466,Completed
4645,26,59,7,2025-08-29,1069,1048,Completed
4646,20,12,149,2025-04-01,1775,1559,Rejected
4647,12,13,97,2025-01-31,1570,1562,Completed
4648,35,70,18,2025-12-06,1372,1264,Completed
4649,3,57,27,2025-07-19,524,501,Completed
4650,3,5,143,2025-09-29,1350,1272,Rejected
4651,27,33,61,2025-08-28,773,684,Completed
4652,8,8,38,2025-10-28,653,634,Completed
4653,36,10,132,2025-01-26,1377,1440,Completed
4654,28,25,71,2025-06-02,1866,1758,Completed
4655,6,69,101,2025-10-27,636,582,Completed
4656,39,71,21,2025-08-17,1089,934,Rejected
4657,17,50,70,2025-09-22,1009,960,Completed
4658,1,27,12,2025-11-27,1749,1762,Delayed
4659,21,41,49,2025-05-21,679,677,Completed
4660,8,31,128,2025-07-28,1251,1201,Delayed
4661,22,27,73,2025-08-25,1908,1802,Rejected
4662,22,39,101,2025-02-17,1284,1105,Delayed
4663,20,17,100,2025-12-15,644,642,Completed
4664,12,61,133,2025-11-02,621,570,Completed
4665,27,40,38,2025-06-11,1170,1091,Delayed
4666,31,74,110,2025-07-09,1562,1552,Completed
4667,20,57,133,2025-10-03,1234,1152,Rejected
4668,20,55,47,2025-07-29,1432,1496,Rejected
4669,17,22,16,2025-11-24,1486,1309,Completed
4670,9,14,56,2025-02-15,1699,1546,Completed
4671,13,41,19,2025-07-14,1240,1131,Rejected
4672,15,61,85,2025-05-29,876,917,Delayed
4673,39,11,45,2025-09-26,597,522,Completed
4674,40,4,96,2025-06-12,1814,1643,Completed
4675,12,14,22,2025-11-21,1202,1073,Rejected
4676,38,10,113,2025-07-31,1789,1677,Completed
4677,10,61,16,2025-09-27,1840,1771,Completed
4678,11,65,24,2025-03-07,1114,1055,Rejected
4679,10,47,81,2025-04-21,1174,1063,Completed
4680,17,65,21,2025-12-31,987,861,Completed
4681,37,39,31,2025-02-14,1375,1414,Completed
4682,22,12,31,2025-06-29,660,594,Rejected
4683,17,44,42,2025-06-14,1246,1226,Completed
4684,35,22,42,2025-01-29,1172,1018,Completed
4685,29,17,103,2025-02-08,1727,1603,Delayed
4686,26,60,148,2025-01-20,721,756,Completed
4687,31,9,144,2025-04-15,1843,1767,Delayed
4688,9,65,34,2025-08-22,1015,947,Completed
4689,22,61,149,2025-06-22,761,749,Delayed
4690,40,6,84,2025-02-17,1628,1400,Rejected
4691,13,3,66,2025-02-08,919,849,Completed
4692,18,75,53,2025-09-11,1770,1726,Completed
4693,25,69,53,2025-03-02,522,501,Completed
4694,18,25,51,2025-04-02,1951,1873,Completed
4695,25,24,37,2025-07-19,1672,1493,Completed
4696,36,14,10,2025-03-18,767,723,Completed
4697,26,50,87,2025-09-13,901,786,Delayed
4698,3,37,142,2025-01-28,1162,1016,Completed
4699,35,12,125,2025-11-11,1330,1278,Completed
4700,17,49,115,2025-05-26,1344,1205,Rejected
4701,12,5,138,2025-01-08,512,463,Completed
4702,3,58,96,2025-11-03,1321,1299,Completed
4703,24,60,7,2025-07-12,1011,947,Delayed
4704,18,57,3,2025-05-04,1189,1094,Completed
4705,25,63,88,2025-07-10,894,854,Rejected
4706,36,35,19,2025-10-07,1769,1805,Completed
4707,28,5,109,2025-10-08,1062,910,Completed
4708,20,74,63,2025-05-21,1586,1544,Rejected
4709,12,44,90,2025-05-31,637,618,Completed
4710,34,36,87,2025-11-29,1812,1662,Rejected
4711,6,63,4,2025-04-18,1314,1236,Completed
4712,35,46,42,2025-08-04,500,479,Completed
4713,5,64,57,2025-07-01,982,940,Delayed
4714,35,30,107,2025-07-14,1790,1873,Rejected
4715,29,11,36,2025-05-25,1046,1034,Delayed
4716,33,64,7,2025-07-23,1098,1027,Delayed
4717,29,45,12,2025-04-23,943,957,Completed
4718,5,58,122,2025-01-30,1837,1627,Delayed
4719,27,23,64,2025-06-18,645,599,Delayed
4720,15,27,60,2025-08-09,919,938,Rejected
4721,39,42,66,2025-05-22,1936,1800,Completed
4722,28,21,142,2025-11-17,1091,1123,Rejected
4723,9,3,125,2025-08-04,1666,1476,Rejected
4724,10,14,110,2025-12-20,1045,1008,Completed
4725,9,44,147,2025-05-21,619,591,Completed
4726,5,24,106,2025-10-11,1710,1587,Completed
4727,11,11,101,2025-05-22,1194,1067,Completed
4728,7,5,58,2025-02-24,1022,904,Completed
4729,13,58,129,2025-05-17,928,962,Completed
4730,14,27,145,2025-04-27,1415,1219,Completed
4731,16,50,3,2025-07-10,1842,1590,Rejected
4732,39,17,105,2025-06-06,841,865,Completed
4733,6,45,49,2025-01-17,1416,1231,Completed
4734,13,23,22,2025-06-23,1457,1413,Delayed
4735,31,65,145,2025-07-04,1730,1655,Delayed
4736,33,53,60,2025-05-31,1182,1183,Rejected
4737,29,56,130,2025-06-20,1173,1143,Completed
4738,21,11,86,2025-04-04,845,872,Completed
4739,10,52,23,2025-04-09,1795,1689,Delayed
4740,34,51,52,2025-12-24,1428,1429,Completed
4741,6,20,138,2025-11-25,1591,1641,Rejected
4742,23,49,130,2025-05-18,591,535,Completed
4743,20,30,92,2025-02-19,1186,1048,Completed
4744,5,40,133,2025-07-10,1413,1409,Rejected
4745,30,48,113,2025-05-27,1874,1865,Completed
4746,8,74,138,2025-04-03,663,621,Completed
4747,24,5,10,2025-12-04,1751,1541,Rejected
4748,18,19,10,2025-07-31,1924,1778,Delayed
4749,37,62,14,2025-04-30,861,779,Delayed
4750,20,16,64,2025-02-03,716,656,Delayed
4751,8,23,24,2025-11-29,585,610,Completed
4752,31,14,42,2025-12-03,1660,1736,Completed
4753,40,7,57,2025-12-19,1293,1171,Rejected
4754,30,52,135,2025-07-05,1494,1339,Completed
4755,10,46,66,2025-05-24,1301,1257,Completed
4756,2,20,19,2025-02-16,722,676,Completed
4757,24,19,105,2025-02-28,1753,1739,Completed
4758,7,67,129,2025-07-07,901,940,Completed
4759,25,18,113,2025-04-20,1853,1701,Completed
4760,23,66,13,2025-06-21,1216,1107,Completed
4761,8,62,104,2025-07-29,1640,1417,Completed
4762,17,10,56,2025-01-17,1918,1789,Rejected
4763,7,63,101,2025-12-01,1663,1505,Completed
4764,23,60,8,2025-11-27,1988,1918,Delayed
4765,9,34,2,2025-11-03,1816,1813,Delayed
4766,25,29,83,2025-03-29,952,958,Completed
4767,39,41,81,2025-07-28,1595,1671,Delayed
4768,5,55,108,2025-01-02,1429,1375,Completed
4769,1,60,78,2025-09-22,745,649,Completed
4770,16,67,66,2025-09-04,1545,1591,Completed
4771,36,35,12,2025-01-01,1713,1556,Completed
4772,24,14,114,2025-08-28,1874,1700,Completed
4773,21,65,99,2025-08-26,1417,1283,Completed
4774,35,68,138,2025-07-11,952,874,Rejected
4775,19,17,44,2025-02-03,782,805,Rejected
4776,1,25,78,2025-12-02,1520,1590,Delayed
4777,11,73,67,2025-04-29,833,836,Delayed
4778,36,22,84,2025-11-13,1951,1729,Rejected
4779,20,75,20,2025-06-20,1268,1112,Delayed
4780,24,63,34,2025-05-26,941,896,Delayed
4781,18,72,114,2025-04-07,1452,1501,Delayed
4782,32,52,90,2025-08-14,734,725,Rejected
4783,10,62,45,2025-03-29,764,706,Completed
4784,26,14,73,2025-10-13,1152,1099,Completed
4785,15,54,43,2025-06-28,1699,1776,Completed
4786,2,50,142,2025-03-23,617,587,Completed
4787,19,22,1,2025-01-19,1603,1553,Delayed
4788,23,46,119,2025-06-07,696,703,Rejected
4789,9,53,68,2025-07-07,1816,1641,Completed
4790,32,11,21,2025-09-28,1127,1058,Rejected
4791,7,6,131,2025-09-21,599,570,Rejected
4792,12,5,43,2025-12-03,725,724,Completed
4793,29,22,95,2025-11-09,968,840,Completed
4794,18,51,109,2025-01-09,804,737,Completed
4795,24,32,41,2025-11-09,1218,1103,Completed
4796,1,2,91,2025-11-11,1898,1942,Completed
4797,14,49,99,2025-08-14,563,487,Completed
4798,33,33,132,2025-05-06,1745,1728,Completed
4799,37,34,37,2025-08-04,845,855,Completed
4800,24,40,43,2025-07-02,1119,1014,Rejected
4801,11,72,95,2025-09-21,1801,1548,Completed
4802,32,49,52,2025-05-11,1642,1577,Completed
4803,2,46,133,2025-08-27,1901,1814,Delayed
4804,23,60,9,2025-03-30,1553,1340,Rejected
4805,29,39,50,2025-06-11,1719,1559,Rejected
4806,31,55,80,2025-12-16,1161,1103,Rejected
4807,1,12,129,2025-11-02,1177,1084,Delayed
4808,8,41,56,2025-12-26,1618,1441,Completed
4809,13,67,53,2025-09-14,1612,1562,Completed
4810,36,28,58,2025-04-10,1934,1726,Completed
4811,39,71,52,2025-09-18,1724,1467,Completed
4812,8,64,14,2025-09-18,1534,1367,Completed
4813,40,53,11,2025-08-04,649,604,Completed
4814,36,11,25,2025-04-19,1059,1017,Completed
4815,12,46,113,2025-11-27,1200,1142,Delayed
4816,6,49,140,2025-10-24,1107,1017,Completed
4817,14,33,106,2025-12-08,1974,1716,Delayed
4818,26,72,107,2025-06-14,715,624,Completed
4819,21,36,52,2025-08-22,578,518,Completed
4820,38,69,67,2025-11-22,1317,1301,Completed
4821,35,46,53,2025-10-05,1060,1112,Rejected
4822,11,5,142,2025-03-06,1960,2009,Rejected
4823,37,33,110,2025-03-27,1589,1578,Completed
4824,6,72,138,2025-05-21,963,948,Rejected
4825,2,15,39,2025-03-02,591,525,Completed
4826,22,41,56,2025-01-01,1965,1688,Completed
4827,40,64,138,2025-11-24,865,804,Delayed
4828,34,39,54,2025-09-10,1950,1848,Delayed
4829,28,50,14,2025-04-14,1373,1296,Delayed
4830,12,70,64,2025-10-07,654,638,Delayed
4831,13,60,142,2025-12-01,1724,1658,Completed
4832,6,68,85,2025-04-03,1412,1474,Completed
4833,9,36,116,2025-12-08,1500,1302,Delayed
4834,38,31,70,2025-03-08,1868,1710,Completed
4835,7,1,61,2025-04-17,1080,923,Delayed
4836,19,52,136,2025-11-22,1791,1537,Delayed
4837,37,55,74,2025-11-18,1160,1138,Completed
4838,40,62,134,2025-08-13,807,820,Delayed
4839,13,6,4,2025-07-05,569,540,Completed
4840,26,57,42,2025-05-11,1314,1185,Completed
4841,30,37,65,2025-06-06,673,578,Completed
4842,19,25,103,2025-07-01,1073,1083,Rejected
4843,38,45,79,2025-02-23,843,827,Completed
4844,28,1,67,2025-08-10,1824,1777,Delayed
4845,8,64,5,2025-05-14,1541,1538,Completed
4846,18,57,141,2025-02-09,889,767,Completed
4847,31,31,25,2025-12-28,893,840,Completed
4848,3,44,116,2025-12-08,1008,945,Completed
4849,18,54,110,2025-06-04,569,497,Rejected
4850,15,60,146,2025-03-04,1187,1044,Delayed
4851,21,22,108,2025-06-22,740,711,Delayed
4852,13,23,93,2025-11-17,1883,1683,Delayed
4853,24,68,81,2025-04-29,1528,1555,Completed
4854,23,19,84,2025-09-27,1958,1966,Delayed
4855,25,40,145,2025-10-07,888,824,Delayed
4856,21,30,95,2025-01-07,1736,1600,Completed
4857,9,29,85,2025-04-30,1612,1535,Rejected
4858,9,33,82,2025-03-13,757,733,Rejected
4859,2,35,126,2025-07-20,1509,1377,Rejected
4860,37,39,71,2025-10-23,1891,1616,Rejected
4861,20,40,32,2025-10-23,1890,1748,Rejected
4862,9,17,76,2025-04-30,842,802,Rejected
4863,32,73,60,2025-04-09,1274,1263,Rejected
4864,6,21,150,2025-01-15,820,854,Completed
4865,30,64,15,2025-08-26,738,656,Completed
4866,17,19,117,2025-07-05,981,964,Completed
4867,5,2,59,2025-04-17,1353,1275,Completed
4868,22,40,44,2025-10-24,1392,1340,Delayed
4869,10,36,2,2025-09-08,1791,1710,Rejected
4870,1,24,90,2025-04-19,1909,1936,Completed
4871,7,22,144,2025-09-15,616,608,Completed
4872,13,39,2,2025-07-09,1647,1558,Delayed
4873,37,51,135,2025-07-04,1086,953,Completed
4874,18,25,73,2025-11-15,879,789,Completed
4875,29,61,99,2025-09-03,624,591,Delayed
4876,36,1,22,2025-11-18,888,787,Delayed
4877,20,20,44,2025-06-20,1937,1943,Completed
4878,6,71,58,2025-07-24,1437,1299,Completed
4879,11,63,60,2025-11-30,584,534,Rejected
4880,24,51,26,2025-12-28,1058,981,Delayed
4881,19,21,49,2025-11-30,1668,1481,Delayed
4882,16,75,59,2025-11-01,1181,1077,Rejected
4883,22,69,118,2025-10-07,600,610,Completed
4884,26,24,48,2025-03-18,1678,1644,Completed
4885,24,47,48,2025-06-23,1849,1765,Rejected
4886,38,45,74,2025-06-26,659,564,Completed
4887,9,69,105,2025-07-17,1781,1569,Completed
4888,19,62,44,2025-05-26,1018,1001,Completed
4889,33,55,19,2025-05-09,1472,1532,Completed
4890,31,54,13,2025-01-24,1790,1871,Delayed
4891,31,26,110,2025-10-28,836,842,Completed
4892,34,71,1,2025-06-28,1260,1117,Completed
4893,27,10,132,2025-06-29,535,457,Completed
4894,9,19,68,2025-01-29,1757,1844,Delayed
4895,28,14,68,2025-07-22,1729,1662,Rejected
4896,6,34,147,2025-12-03,960,923,Rejected
4897,24,63,150,2025-06-15,1458,1246,Completed
4898,26,30,108,2025-06-26,1107,1139,Completed
4899,16,69,74,2025-05-26,1833,1682,Completed
4900,3,30,140,2025-05-05,795,784,Delayed
4901,13,49,142,2025-01-01,668,600,Completed
4902,6,20,8,2025-11-24,1341,1396,Delayed
4903,28,63,61,2025-08-03,1016,865,Completed
4904,11,33,38,2025-10-31,1796,1578,Completed
4905,10,48,101,2025-11-02,1406,1356,Rejected
4906,39,64,111,2025-04-04,1560,1540,Completed
4907,28,33,24,2025-04-06,924,839,Delayed
4908,13,56,35,2025-12-17,1094,1021,Delayed
4909,19,47,134,2025-09-29,1041,969,Rejected
4910,2,25,117,2025-12-02,880,920,Completed
4911,23,46,39,2025-09-09,1658,1631,Delayed
4912,28,39,93,2025-03-12,1285,1142,Completed
4913,29,1,93,2025-02-12,1451,1445,Delayed
4914,10,8,118,2025-03-05,516,518,Completed
4915,28,11,87,2025-09-17,504,520,Completed
4916,38,16,27,2025-09-14,743,738,Completed
4917,11,59,70,2025-12-03,1232,1285,Rejected
4918,4,39,41,2025-09-23,1730,1741,Delayed
4919,19,71,4,2025-04-29,883,820,Rejected
4920,26,5,52,2025-12-06,1883,1682,Delayed
4921,13,14,1,2025-08-14,990,841,Delayed
4922,4,6,33,2025-03-01,1498,1531,Completed
4923,34,49,145,2025-04-06,504,446,Completed
4924,38,71,18,2025-08-09,1412,1301,Delayed
4925,21,1,104,2025-09-03,1194,1131,Completed
4926,35,28,29,2025-02-08,965,836,Rejected
4927,18,23,65,2025-03-01,1491,1401,Completed
4928,22,29,118,2025-04-01,1863,1723,Rejected
4929,4,45,5,2025-10-20,1445,1242,Completed
4930,6,57,149,2025-10-12,1970,1795,Delayed
4931,17,24,40,2025-05-08,1396,1433,Completed
4932,30,37,115,2025-07-27,1819,1752,Completed
4933,29,69,61,2025-09-20,1891,1817,Completed
4934,27,19,81,2025-12-19,1253,1276,Completed
4935,24,66,40,2025-09-04,988,845,Completed
4936,28,46,59,2025-12-15,1966,1691,Completed
4937,14,21,126,2025-05-29,1605,1448,Rejected
4938,34,8,119,2025-12-19,544,546,Completed
4939,33,71,76,2025-09-29,1226,1242,Completed
4940,6,28,106,2025-12-04,1773,1813,Completed
4941,16,23,121,2025-06-14,1890,1980,Completed
4942,14,34,63,2025-09-24,1319,1330,Delayed
4943,2,29,110,2025-12-06,1854,1743,Completed
4944,33,67,47,2025-07-03,1084,1079,Rejected
4945,19,32,57,2025-09-09,532,481,Delayed
4946,6,74,125,2025-12-17,1797,1661,Rejected
4947,34,56,49,2025-11-17,1372,1261,Completed
4948,38,38,120,2025-05-16,1559,1400,Completed
4949,22,54,119,2025-08-18,1293,1101,Rejected
4950,17,36,23,2025-08-14,1966,1826,Rejected
4951,3,3,83,2025-02-05,744,690,Delayed
4952,37,8,93,2025-09-04,1279,1171,Rejected
4953,31,67,97,2025-07-02,1807,1643,Completed
4954,20,24,91,2025-07-01,1253,1294,Completed
4955,19,19,77,2025-12-13,1986,1803,Completed
4956,23,53,16,2025-09-07,1142,1016,Completed
4957,13,24,89,2025-07-07,1451,1455,Rejected
4958,15,15,141,2025-12-13,1996,1793,Completed
4959,35,4,120,2025-02-11,1431,1372,Rejected
4960,27,25,108,2025-12-16,951,935,Delayed
4961,14,20,149,2025-10-02,1045,966,Completed
4962,21,16,137,2025-07-05,882,832,Completed
4963,34,14,99,2025-11-08,1740,1758,Completed
4964,26,23,90,2025-07-19,1459,1514,Completed
4965,7,58,102,2025-05-24,1333,1231,Delayed
4966,36,56,137,2025-04-08,1109,1150,Completed
4967,27,70,113,2025-02-07,1615,1490,Rejected
4968,15,21,134,2025-02-01,1669,1579,Completed
4969,15,1,105,2025-05-10,1572,1615,Completed
4970,30,1,66,2025-10-26,1153,1164,Completed
4971,40,33,43,2025-06-13,1461,1500,Completed
4972,13,38,110,2025-02-17,918,850,Completed
4973,34,59,95,2025-07-29,1163,1084,Completed
4974,30,37,48,2025-03-01,935,967,Completed
4975,28,71,33,2025-10-06,1060,928,Rejected
4976,24,70,118,2025-04-07,1423,1286,Completed
4977,15,43,94,2025-09-02,1827,1787,Completed
4978,36,64,61,2025-08-12,1484,1435,Completed
4979,38,59,96,2025-08-08,1854,1685,Completed
4980,40,34,42,2025-06-25,1063,934,Completed
4981,17,69,88,2025-06-05,724,715,Delayed
4982,31,17,15,2025-06-11,1555,1466,Completed
4983,21,4,59,2025-06-07,830,864,Completed
4984,20,40,69,2025-12-07,1719,1549,Delayed
4985,33,49,34,2025-05-19,1333,1338,Rejected
4986,23,73,17,2025-06-28,1472,1387,Completed
4987,36,16,29,2025-08-11,1293,1119,Completed
4988,7,47,97,2025-05-18,1786,1663,Rejected
4989,2,72,121,2025-07-26,1036,999,Delayed
4990,9,14,15,2025-03-28,1891,1853,Delayed
4991,16,55,97,2025-04-08,742,657,Completed
4992,28,41,115,2025-03-15,1514,1563,Completed
4993,6,6,95,2025-09-30,1211,1228,Rejected
4994,34,25,42,2025-07-01,1131,986,Completed
4995,13,24,113,2025-06-10,929,801,Completed
4996,33,19,56,2025-10-17,1580,1634,Delayed
4997,16,27,5,2025-02-02,859,761,Completed
4998,31,69,66,2025-12-02,984,1014,Completed
4999,19,14,133,2025-01-01,637,624,Completed
5000,33,21,80,2025-04-13,611,621,Completed
5001,3,11,13,2025-09-17,959,996,Completed
5002,11,11,142,2025-07-05,595,602,Completed
5003,35,53,22,2025-10-14,1939,2005,Rejected
5004,29,28,18,2025-11-27,1755,1784,Rejected
5005,39,51,6,2025-11-10,581,581,Completed
5006,29,69,119,2025-07-21,1050,922,Completed
5007,25,8,110,2025-07-01,1095,1071,Delayed
5008,28,62,108,2025-05-27,1316,1171,Completed
5009,40,57,90,2025-07-12,1785,1611,Completed
5010,2,32,61,2025-06-22,1222,1205,Completed
5011,28,43,97,2025-04-19,869,797,Completed
5012,27,16,66,2025-07-11,1502,1479,Rejected
5013,33,11,66,2025-01-31,1683,1542,Completed
5014,15,67,133,2025-03-15,835,748,Completed
5015,28,24,53,2025-06-10,673,576,Completed
5016,16,14,46,2025-05-18,1332,1170,Completed
5017,38,45,40,2025-06-18,1732,1624,Rejected
5018,9,6,76,2025-06-24,864,855,Delayed
5019,2,24,53,2025-09-13,913,945,Completed
5020,21,51,33,2025-03-30,1780,1536,Completed
5021,9,61,75,2025-04-22,558,549,Completed
5022,36,18,40,2025-03-03,632,616,Completed
5023,2,47,44,2025-10-08,1251,1077,Completed
5024,39,46,92,2025-04-28,834,854,Completed
5025,19,71,19,2025-07-07,1122,974,Completed
5026,17,45,15,2025-01-16,649,659,Rejected
5027,39,54,121,2025-02-11,1578,1394,Completed
5028,21,37,96,2025-05-16,517,539,Rejected
5029,27,21,56,2025-05-27,1421,1216,Completed
5030,32,58,139,2025-02-04,1743,1656,Completed
5031,5,55,149,2025-03-31,628,597,Rejected
5032,34,5,9,2025-02-21,1876,1773,Rejected
5033,33,66,41,2025-07-23,594,622,Delayed
5034,34,69,107,2025-01-12,693,696,Completed
5035,11,5,3,2025-08-02,807,827,Completed
5036,28,63,108,2025-08-14,1440,1266,Completed
5037,26,44,22,2025-11-14,1850,1595,Delayed
5038,35,18,114,2025-09-04,822,793,Completed
5039,13,61,49,2025-09-25,773,710,Completed
5040,6,17,107,2025-05-11,1530,1384,Completed
5041,40,45,41,2025-03-08,867,897,Rejected
5042,11,57,118,2025-06-08,1434,1403,Completed
5043,4,48,10,2025-06-22,608,614,Completed
5044,4,17,51,2025-01-05,1467,1403,Completed
5045,12,30,76,2025-11-06,1856,1590,Delayed
5046,19,57,124,2025-07-13,534,540,Delayed
5047,8,72,66,2025-05-21,1517,1514,Completed
5048,25,61,6,2025-07-12,1596,1557,Rejected
5049,8,48,33,2025-06-24,1282,1100,Rejected
5050,7,13,40,2025-10-24,893,902,Completed
5051,4,42,146,2025-01-01,1552,1489,Completed
5052,10,60,13,2025-07-20,1060,1007,Completed
5053,29,57,25,2025-12-09,1395,1351,Completed
5054,29,48,67,2025-06-19,1087,1123,Delayed
5055,31,52,145,2025-09-23,685,667,Completed
5056,15,12,145,2025-04-07,698,717,Completed
5057,28,58,74,2025-07-05,1211,1223,Completed
5058,11,6,148,2025-09-08,1995,2022,Completed
5059,9,16,26,2025-06-12,700,666,Completed
5060,37,28,55,2025-05-31,1271,1089,Completed
5061,39,68,100,2025-07-17,845,816,Completed
5062,1,8,11,2025-03-23,1780,1623,Completed
5063,18,25,138,2025-11-20,1690,1750,Completed
5064,36,67,82,2025-08-04,1917,1675,Completed
5065,39,35,73,2026-01-01,955,813,Completed
5066,27,49,39,2025-03-02,709,616,Rejected
5067,39,52,29,2025-09-13,530,547,Completed
5068,24,32,16,2025-05-03,551,515,Completed
5069,33,4,106,2025-05-14,1638,1648,Completed
5070,37,8,68,2025-10-09,925,874,Completed
5071,37,58,83,2025-08-01,939,910,Rejected
5072,22,19,139,2025-11-03,1008,975,Completed
5073,20,71,44,2025-12-17,1583,1586,Delayed
5074,33,30,106,2025-05-12,880,920,Delayed
5075,16,58,110,2025-05-07,1134,1022,Completed
5076,19,1,40,2025-01-16,1855,1897,Completed
5077,37,6,99,2025-09-11,963,826,Completed
5078,21,10,98,2025-11-12,1708,1605,Rejected
5079,4,7,31,2025-09-14,1438,1304,Completed
5080,37,73,141,2025-09-14,1660,1422,Completed
5081,23,6,2,2025-03-29,1920,1675,Completed
5082,17,32,53,2025-01-22,844,826,Completed
5083,26,63,93,2025-09-13,794,716,Rejected
5084,31,12,79,2025-09-18,1089,1076,Completed
5085,27,2,45,2025-05-13,811,720,Rejected
5086,20,64,149,2025-01-23,835,813,Delayed
5087,13,18,79,2025-02-06,1497,1298,Rejected
5088,30,27,120,2025-05-05,1943,1783,Delayed
5089,26,21,116,2025-06-04,1992,1743,Completed
5090,2,22,62,2025-07-22,1961,1938,Completed
5091,8,61,141,2025-08-13,834,742,Completed
5092,14,67,131,2025-05-12,855,762,Completed
5093,13,46,23,2025-04-13,1191,1160,Delayed
5094,31,8,84,2025-05-15,1958,1992,Completed
5095,5,6,121,2025-02-19,1106,1077,Completed
5096,13,49,74,2025-03-13,1937,1720,Completed
5097,20,65,67,2025-09-02,1474,1257,Completed
5098,2,8,13,2025-08-24,1467,1453,Completed
5099,14,55,43,2025-08-31,1156,1107,Delayed
5100,40,54,88,2025-04-23,1494,1287,Completed
5101,20,1,144,2025-09-03,1170,1161,Completed
5102,7,24,75,2025-07-26,859,745,Completed
5103,12,51,143,2025-08-22,1729,1526,Delayed
5104,37,56,68,2025-06-06,543,491,Delayed
5105,23,30,105,2025-09-23,1879,1619,Completed
5106,12,54,47,2025-03-14,1519,1393,Delayed
5107,6,15,46,2025-06-25,500,483,Rejected
5108,26,53,33,2025-07-18,1769,1636,Completed
5109,35,26,142,2025-06-15,1448,1382,Rejected
5110,20,51,4,2025-08-15,1557,1604,Completed
5111,29,7,1,2025-04-27,1177,1178,Completed
5112,33,53,84,2025-11-25,1942,1754,Completed
5113,25,51,28,2025-08-16,518,458,Delayed
5114,34,21,4,2025-04-11,603,608,Completed
5115,33,6,70,2025-03-23,1815,1686,Completed
5116,2,39,24,2025-04-17,1027,1064,Rejected
5117,38,67,42,2025-12-15,1584,1659,Rejected
5118,33,37,75,2025-06-26,1985,1920,Rejected
5119,14,38,3,2025-05-09,1704,1523,Delayed
5120,36,61,81,2025-04-01,1179,1074,Completed
5121,21,22,99,2025-06-05,1310,1163,Rejected
5122,38,45,39,2025-04-24,626,534,Completed
5123,23,5,143,2025-02-11,1596,1530,Delayed
5124,13,18,26,2025-12-04,1383,1326,Completed
5125,25,43,51,2025-11-14,623,566,Completed
5126,8,3,90,2025-01-31,1741,1612,Completed
5127,17,56,41,2025-07-20,599,566,Completed
5128,19,70,62,2025-08-10,1028,1052,Completed
5129,19,46,83,2025-11-12,655,685,Delayed
5130,13,58,5,2025-05-15,981,932,Delayed
5131,33,72,73,2025-05-11,1588,1364,Completed
5132,11,59,143,2025-07-16,1642,1550,Completed
5133,28,68,80,2025-09-17,1232,1082,Completed
5134,32,10,66,2025-09-08,1411,1409,Completed
5135,34,23,24,2025-06-30,663,669,Completed
5136,32,72,4,2025-09-08,586,541,Rejected
5137,14,54,26,2025-12-22,1198,1165,Completed
5138,11,43,116,2025-07-04,985,1023,Completed
5139,31,73,127,2025-06-15,756,650,Completed
5140,33,23,27,2025-01-31,1596,1552,Rejected
5141,36,34,107,2025-07-25,673,654,Completed
5142,38,26,114,2025-10-03,528,549,Delayed
5143,21,41,27,2025-07-25,562,515,Delayed
5144,21,53,40,2025-02-23,1904,1906,Delayed
5145,3,29,60,2025-01-21,1410,1398,Completed
5146,32,6,137,2025-01-01,947,906,Completed
5147,11,34,133,2025-07-05,1082,958,Rejected
5148,15,34,40,2025-01-20,1526,1399,Completed
5149,30,25,7,2025-07-15,665,628,Delayed
5150,1,38,36,2025-07-10,902,802,Rejected
5151,15,27,4,2025-11-27,795,754,Delayed
5152,18,18,106,2025-01-20,1122,968,Completed
5153,30,18,56,2025-01-10,1109,1068,Completed
5154,3,57,72,2025-05-03,1396,1201,Completed
5155,3,47,48,2025-12-09,512,521,Completed
5156,40,60,102,2025-01-26,1276,1235,Delayed
5157,26,30,73,2025-08-02,1012,916,Delayed
5158,16,71,140,2025-02-23,1230,1058,Completed
5159,26,24,137,2025-08-05,811,795,Completed
5160,35,72,54,2025-12-18,1796,1730,Completed
5161,23,50,100,2025-05-04,1199,1227,Rejected
5162,15,36,22,2025-08-13,981,851,Completed
5163,22,13,46,2025-06-09,869,774,Delayed
5164,19,27,29,2025-01-03,1992,1900,Completed
5165,17,21,1,2025-03-16,815,739,Completed
5166,9,57,14,2025-06-09,635,644,Rejected
5167,16,47,99,2025-11-21,1294,1238,Completed
5168,3,69,45,2025-06-14,1068,1085,Completed
5169,27,25,34,2025-08-26,659,590,Rejected
5170,19,38,100,2025-11-04,1259,1204,Completed
5171,4,61,136,2025-06-15,745,703,Rejected
5172,7,19,148,2025-04-26,1658,1640,Delayed
5173,38,72,118,2025-03-12,1439,1410,Delayed
5174,15,9,147,2025-01-17,506,508,Completed
5175,37,59,45,2025-07-30,1568,1358,Completed
5176,5,56,10,2025-05-24,881,855,Delayed
5177,12,45,24,2025-07-15,844,770,Completed
5178,5,34,145,2025-04-29,1371,1267,Completed
5179,34,67,117,2025-05-16,1376,1230,Completed
5180,3,67,134,2025-02-02,1253,1234,Completed
5181,35,42,1,2025-02-04,670,571,Completed
5182,36,8,23,2025-01-18,1912,1802,Completed
5183,20,62,13,2025-06-25,1364,1308,Completed
5184,27,19,50,2025-03-04,1667,1679,Completed
5185,8,45,1,2025-05-11,1264,1224,Rejected
5186,38,27,80,2025-05-20,871,751,Completed
5187,36,55,111,2025-06-01,1159,1030,Completed
5188,34,57,61,2025-12-19,580,605,Rejected
5189,34,9,84,2025-08-03,1714,1494,Delayed
5190,19,65,23,2025-06-14,875,883,Completed
5191,33,30,52,2025-03-03,1086,1034,Rejected
5192,39,26,57,2025-05-01,516,514,Completed
5193,35,3,115,2025-07-16,1463,1431,Delayed
5194,24,23,33,2025-02-17,1598,1660,Completed
5195,36,61,89,2025-09-10,1766,1790,Completed
5196,28,62,130,2025-02-14,1171,1036,Completed
5197,7,53,135,2025-12-16,1671,1738,Completed
5198,34,39,111,2025-10-05,1437,1414,Completed
5199,20,17,116,2025-11-15,526,480,Delayed
5200,20,12,51,2025-12-28,1308,1157,Completed
5201,15,15,37,2025-12-16,1796,1825,Completed
5202,22,75,2,2025-11-04,1068,940,Completed
5203,39,52,3,2025-07-27,686,601,Completed
5204,13,57,139,2025-10-20,789,805,Completed
5205,34,36,69,2025-09-17,575,585,Rejected
5206,10,55,50,2025-05-12,562,513,Completed
5207,25,56,77,2025-12-17,891,847,Delayed
5208,9,21,116,2025-10-31,755,737,Completed
5209,36,6,59,2025-08-25,1773,1512,Completed
5210,4,55,122,2025-08-04,1381,1194,Completed
5211,2,71,49,2025-10-14,1884,1638,Delayed
5212,17,7,34,2025-10-24,1273,1150,Delayed
5213,30,15,44,2025-12-26,1940,1965,Completed
5214,31,28,47,2025-11-13,607,577,Delayed
5215,28,44,148,2025-09-20,1565,1410,Completed
5216,20,1,5,2025-05-16,1481,1346,Completed
5217,23,51,39,2025-06-28,1495,1304,Rejected
5218,40,25,85,2025-02-27,1056,1054,Delayed
5219,3,56,92,2025-08-17,1724,1741,Completed
5220,7,11,44,2025-07-03,1118,1084,Completed
5221,20,72,67,2025-09-14,1816,1614,Rejected
5222,2,49,121,2025-05-26,1904,1625,Completed
5223,18,42,138,2025-11-21,940,827,Completed
5224,36,66,135,2025-08-27,1614,1463,Rejected
5225,13,37,131,2025-05-04,1214,1189,Completed
5226,40,24,4,2025-10-09,1654,1636,Completed
5227,38,70,107,2025-02-15,1950,1771,Completed
5228,4,70,122,2025-09-30,778,784,Rejected
5229,33,67,89,2025-09-16,1396,1192,Completed
5230,28,49,81,2025-08-16,1855,1885,Completed
5231,32,32,27,2025-09-28,1626,1627,Completed
5232,23,18,126,2025-06-20,748,659,Completed
5233,36,26,47,2025-12-18,826,759,Rejected
5234,6,28,107,2025-05-22,1237,1201,Rejected
5235,17,16,90,2025-06-13,1783,1735,Completed
5236,30,44,143,2025-06-14,1673,1469,Completed
5237,16,54,101,2025-02-21,805,787,Delayed
5238,23,73,70,2025-02-07,1952,2009,Rejected
5239,1,56,18,2025-05-04,954,944,Rejected
5240,24,16,43,2025-05-18,1608,1395,Delayed
5241,25,48,71,2025-04-14,1147,1160,Completed
5242,34,27,54,2025-09-16,838,844,Rejected
5243,37,20,66,2025-06-12,1038,974,Completed
5244,36,3,73,2025-03-10,1528,1560,Completed
5245,39,17,140,2025-03-12,1948,1841,Completed
5246,39,75,118,2025-04-09,1861,1908,Completed
5247,5,53,61,2025-04-26,955,977,Completed
5248,9,63,11,2025-04-11,1839,1913,Rejected
5249,24,12,122,2025-10-26,1143,1194,Completed
5250,31,45,11,2025-07-18,703,675,Rejected
5251,12,69,1,2025-07-03,1428,1294,Completed
5252,24,40,29,2025-03-13,1002,939,Delayed
5253,12,46,17,2025-02-08,880,915,Completed
5254,12,29,63,2025-06-19,1182,1077,Completed
5255,28,21,134,2025-09-08,892,849,Completed
5256,15,75,6,2025-04-11,1871,1749,Completed
5257,29,55,146,2025-12-04,507,476,Completed
5258,18,21,87,2025-11-05,632,553,Rejected
5259,13,43,45,2025-06-09,606,523,Rejected
5260,26,17,24,2025-03-18,1850,1877,Rejected
5261,2,2,88,2025-01-25,1445,1347,Rejected
5262,39,64,30,2025-05-10,1049,980,Rejected
5263,13,9,18,2025-04-04,716,714,Completed
5264,14,6,27,2025-07-12,820,770,Completed
5265,5,6,68,2025-05-10,1159,1004,Delayed
5266,40,8,120,2025-08-17,531,554,Rejected
5267,15,13,149,2025-04-04,877,857,Completed
5268,4,25,29,2025-12-20,982,897,Completed
5269,40,10,136,2025-05-24,1050,959,Completed
5270,32,30,32,2025-07-25,1140,1127,Completed
5271,12,67,78,2025-09-03,1723,1469,Completed
5272,7,36,32,2025-01-16,1136,1093,Delayed
5273,29,16,16,2025-04-14,1521,1450,Delayed
5274,25,50,91,2025-05-10,1140,1163,Completed
5275,1,1,141,2025-06-02,726,648,Completed
5276,25,21,84,2025-12-25,1532,1433,Completed
5277,17,62,84,2025-03-07,1862,1758,Rejected
5278,38,27,46,2025-12-11,843,809,Completed
5279,29,75,70,2025-12-11,1511,1519,Completed
5280,34,75,111,2025-03-16,1840,1597,Completed
5281,22,30,95,2025-02-10,1553,1518,Delayed
5282,30,1,80,2025-03-04,941,861,Completed
5283,21,60,121,2025-05-17,892,824,Completed
5284,20,50,79,2025-07-07,634,584,Rejected
5285,35,67,131,2025-09-16,1271,1171,Delayed
5286,35,45,1,2025-06-17,1229,1225,Completed
5287,32,16,46,2025-03-07,1060,1014,Completed
5288,40,48,142,2025-10-11,1936,1932,Completed
5289,22,31,35,2025-01-02,831,799,Completed
5290,40,42,135,2025-03-19,1068,1058,Delayed
5291,40,7,81,2025-09-01,1047,936,Completed
5292,19,55,141,2025-03-16,1935,1750,Completed
5293,30,42,147,2025-12-02,1565,1522,Completed
5294,2,16,73,2025-10-07,1675,1487,Completed
5295,29,43,21,2025-01-24,909,833,Delayed
5296,39,49,123,2025-07-12,858,862,Rejected
5297,29,71,136,2025-04-08,1488,1347,Completed
5298,14,9,32,2025-03-01,1525,1571,Completed
5299,4,68,14,2025-12-10,1638,1626,Completed
5300,3,52,138,2025-09-04,794,734,Completed
5301,24,22,121,2025-07-12,1763,1830,Rejected
5302,21,43,143,2025-02-10,658,651,Delayed
5303,21,56,58,2025-02-24,1752,1559,Completed
5304,23,63,51,2025-02-28,1553,1483,Rejected
5305,14,64,91,2025-05-31,1554,1453,Delayed
5306,2,31,60,2025-03-14,1403,1244,Completed
5307,1,14,69,2025-08-29,1242,1152,Delayed
5308,1,16,44,2025-03-02,574,568,Completed
5309,2,58,119,2025-03-14,670,614,Rejected
5310,25,35,46,2025-10-31,1196,1239,Rejected
5311,27,11,83,2025-08-02,1030,1035,Completed
5312,34,41,140,2025-07-14,921,956,Delayed
5313,31,61,104,2025-10-15,630,540,Rejected
5314,32,6,42,2025-07-26,1327,1256,Rejected
5315,25,1,77,2025-09-18,1159,1205,Delayed
5316,8,67,77,2025-05-16,1268,1110,Completed
5317,12,29,98,2025-05-09,1509,1413,Completed
5318,10,47,27,2025-10-16,727,742,Delayed
5319,16,64,132,2025-06-28,1711,1472,Completed
5320,39,55,32,2025-02-20,1280,1302,Completed
5321,18,43,138,2025-06-26,1472,1459,Rejected
5322,14,72,86,2025-07-30,1552,1479,Completed
5323,38,51,121,2025-01-06,800,793,Completed
5324,35,14,107,2025-04-19,1348,1365,Completed
5325,32,29,136,2025-06-09,1199,1056,Rejected
5326,35,45,109,2025-03-17,1185,1067,Completed
5327,5,29,9,2025-01-18,1660,1538,Rejected
5328,25,11,144,2025-05-20,1908,1714,Delayed
5329,30,53,19,2025-09-06,886,897,Delayed
5330,16,4,47,2025-10-10,1652,1668,Completed
5331,15,45,83,2025-11-08,1459,1447,Completed
5332,12,33,66,2025-09-26,1703,1630,Completed
5333,29,29,112,2025-08-11,1013,958,Completed
5334,10,42,3,2025-02-23,1162,1083,Completed
5335,2,13,71,2025-10-06,1636,1670,Completed
5336,29,60,50,2025-12-07,1480,1418,Completed
5337,18,28,45,2025-03-26,872,770,Completed
5338,28,63,38,2025-12-22,1893,1941,Completed
5339,32,33,93,2025-01-27,1599,1544,Completed
5340,18,39,146,2025-10-10,713,649,Completed
5341,38,22,46,2025-11-22,1010,1024,Completed
5342,7,22,44,2025-09-16,1125,962,Delayed
5343,25,12,71,2025-04-20,890,774,Completed
5344,33,62,73,2025-06-07,711,628,Completed
5345,4,34,82,2025-03-28,1440,1268,Rejected
5346,23,47,109,2025-12-14,1041,1043,Delayed
5347,39,49,3,2025-03-22,703,653,Delayed
5348,20,51,105,2025-12-20,1328,1333,Rejected
5349,31,54,116,2025-11-25,1728,1776,Rejected
5350,37,8,124,2025-06-08,1405,1462,Completed
5351,4,58,134,2025-11-15,1333,1143,Completed
5352,23,41,134,2025-07-21,1090,1070,Rejected
5353,29,55,101,2025-11-28,542,519,Delayed
5354,18,34,62,2025-12-10,1845,1834,Completed
5355,5,65,86,2025-12-11,1759,1637,Rejected
5356,35,46,58,2025-08-11,919,938,Completed
5357,20,36,12,2025-03-10,1069,1034,Completed
5358,16,17,90,2025-11-19,1652,1419,Completed
5359,1,2,43,2025-05-24,726,749,Completed
5360,24,54,93,2025-06-14,1769,1851,Rejected
5361,8,35,39,2025-10-18,821,795,Delayed
5362,30,29,28,2025-07-16,805,786,Rejected
5363,33,25,88,2025-10-11,1300,1116,Delayed
5364,18,11,45,2025-11-15,1341,1280,Completed
5365,31,56,141,2025-08-22,1735,1556,Rejected
5366,33,44,1,2025-07-13,1406,1409,Rejected
5367,11,19,67,2025-09-06,1195,1192,Rejected
5368,34,7,143,2025-11-15,1339,1227,Rejected
5369,15,54,64,2025-01-25,1621,1633,Completed
5370,18,72,145,2025-05-22,1607,1455,Completed
5371,22,51,67,2025-09-06,1675,1456,Delayed
5372,1,44,102,2025-08-13,1286,1276,Completed
5373,25,25,133,2025-05-01,797,772,Rejected
5374,4,2,77,2025-01-23,1257,1185,Completed
5375,39,15,114,2025-12-24,1751,1790,Completed
5376,17,62,64,2025-09-24,1760,1710,Completed
5377,25,5,87,2025-07-06,825,851,Completed
5378,5,40,82,2025-12-20,682,682,Completed
5379,37,37,22,2025-10-05,1955,2003,Completed
5380,18,33,74,2025-08-28,1344,1402,Delayed
5381,32,68,18,2025-04-18,1230,1091,Completed
5382,24,4,22,2025-01-08,1161,1010,Completed
5383,24,48,128,2025-04-03,898,814,Completed
5384,25,41,62,2025-03-04,1204,1094,Rejected
5385,34,5,51,2025-03-24,1992,1752,Completed
5386,32,66,140,2025-12-26,1651,1725,Rejected
5387,24,55,15,2025-09-19,1354,1377,Rejected
5388,21,28,143,2025-04-24,1230,1171,Completed
5389,21,22,8,2025-06-16,1486,1371,Delayed
5390,8,41,147,2025-09-01,852,873,Completed
5391,16,36,90,2025-09-27,531,472,Completed
5392,25,61,28,2025-01-13,1643,1436,Completed
5393,19,37,27,2025-06-28,1122,1075,Completed
5394,22,53,103,2025-03-04,900,853,Rejected
5395,10,5,94,2025-06-07,668,607,Delayed
5396,39,62,128,2025-05-07,1059,1038,Completed
5397,29,54,4,2025-08-01,1192,1053,Completed
5398,23,18,9,2025-10-24,1456,1350,Completed
5399,11,13,10,2025-03-04,654,605,Completed
5400,37,6,7,2025-09-03,1610,1569,Completed
5401,31,14,61,2025-11-18,1347,1212,Rejected
5402,9,5,37,2025-06-03,1520,1506,Rejected
5403,8,50,127,2025-05-11,1640,1521,Completed
5404,28,64,61,2025-09-09,614,571,Completed
5405,19,75,48,2025-07-20,1851,1634,Delayed
5406,36,19,20,2025-11-03,1193,1122,Rejected
5407,7,47,116,2025-07-11,1539,1324,Delayed
5408,6,23,47,2025-05-10,1396,1211,Completed
5409,29,50,8,2025-09-04,895,773,Completed
5410,23,73,102,2025-05-06,1460,1458,Delayed
5411,18,55,51,2025-02-09,1794,1799,Rejected
5412,20,40,82,2025-02-21,1452,1449,Rejected
5413,26,30,28,2025-09-21,604,562,Completed
5414,40,6,18,2025-04-07,1121,1063,Completed
5415,28,34,96,2025-06-20,1804,1676,Rejected
5416,18,25,84,2025-02-26,550,536,Completed
5417,35,65,18,2025-03-09,780,782,Completed
5418,11,63,149,2025-09-30,1717,1652,Completed
5419,28,33,53,2025-01-02,1993,1943,Delayed
5420,8,75,52,2025-07-08,1678,1616,Rejected
5421,35,6,104,2025-03-10,663,642,Completed
5422,23,72,62,2025-01-16,1848,1625,Completed
5423,14,38,46,2025-01-27,1335,1192,Completed
5424,20,12,62,2025-06-24,679,644,Completed
5425,15,54,148,2025-03-14,1787,1724,Completed
5426,20,73,118,2025-04-25,1986,2035,Delayed
5427,27,5,104,2025-04-08,1270,1170,Completed
5428,10,40,148,2025-03-11,1863,1621,Rejected
5429,28,45,73,2025-01-30,704,708,Rejected
5430,34,25,94,2025-07-07,1010,904,Completed
5431,38,19,54,2025-12-18,1985,1812,Delayed
5432,34,51,8,2025-07-13,986,980,Rejected
5433,3,11,33,2025-03-12,1724,1636,Rejected
5434,30,3,132,2025-06-15,1246,1242,Rejected
5435,24,27,49,2025-06-24,991,961,Completed
5436,18,9,7,2025-12-30,1257,1140,Completed
5437,25,69,104,2025-05-25,1353,1154,Completed
5438,14,22,130,2025-08-15,1980,1717,Completed
5439,36,5,145,2025-06-02,1179,1209,Delayed
5440,24,71,85,2025-10-12,507,439,Completed
5441,37,18,107,2025-06-25,1136,1008,Rejected
5442,35,46,44,2025-12-11,710,650,Delayed
5443,21,25,39,2025-04-21,1657,1698,Completed
5444,38,10,128,2025-10-22,1023,969,Delayed
5445,15,22,124,2025-11-04,1854,1874,Completed
5446,2,50,40,2025-10-13,833,871,Completed
5447,28,36,91,2025-04-01,847,753,Completed
5448,32,27,10,2025-07-09,1903,1919,Completed
5449,21,22,40,2025-01-31,550,490,Completed
5450,21,21,14,2025-04-16,1757,1585,Completed
5451,19,10,62,2025-11-02,1856,1747,Rejected
5452,18,74,39,2025-12-25,1696,1507,Completed
5453,37,60,122,2025-08-11,543,494,Completed
5454,14,41,125,2025-10-29,1889,1644,Delayed
5455,40,63,56,2025-12-27,1283,1254,Delayed
5456,31,15,22,2025-09-13,1376,1411,Delayed
5457,32,11,23,2025-09-18,768,801,Rejected
5458,8,8,117,2025-12-29,1997,1908,Rejected
5459,3,33,130,2025-02-12,611,619,Completed
5460,26,54,17,2025-04-11,1058,904,Rejected
5461,16,71,51,2025-05-10,1371,1422,Delayed
5462,32,31,33,2025-11-08,1957,1965,Rejected
5463,27,26,5,2025-12-16,1481,1473,Completed
5464,13,17,31,2025-02-17,1458,1394,Completed
5465,34,21,96,2025-04-29,1169,1113,Delayed
5466,22,42,3,2025-08-10,1245,1113,Rejected
5467,33,30,58,2025-04-29,868,821,Completed
5468,10,74,55,2025-12-29,1596,1484,Completed
5469,18,66,99,2025-05-30,1368,1404,Rejected
5470,14,36,42,2026-01-01,1166,1068,Completed
5471,9,11,136,2025-03-18,564,562,Delayed
5472,10,44,137,2025-01-30,1946,2028,Delayed
5473,31,18,45,2025-05-28,1944,1852,Completed
5474,32,33,125,2025-07-23,528,476,Completed
5475,12,19,90,2025-08-16,938,891,Completed
5476,28,35,34,2025-12-15,1269,1209,Completed
5477,6,44,57,2025-10-28,957,887,Delayed
5478,33,10,102,2025-11-28,1353,1314,Completed
5479,18,27,106,2025-09-16,831,730,Completed
5480,34,51,81,2025-12-12,1591,1485,Rejected
5481,14,48,148,2025-09-08,684,599,Completed
5482,9,15,83,2025-11-01,1174,1129,Completed
5483,39,40,103,2025-12-15,1399,1384,Delayed
5484,7,4,37,2025-04-27,1890,1606,Completed
5485,16,13,106,2025-05-21,694,657,Completed
5486,12,50,20,2025-09-08,1760,1758,Delayed
5487,39,47,25,2025-12-13,742,735,Rejected
5488,16,40,119,2025-02-28,585,587,Rejected
5489,2,42,109,2025-04-25,1894,1741,Rejected
5490,22,33,111,2025-05-22,1864,1844,Delayed
5491,10,53,11,2025-10-19,1408,1460,Completed
5492,21,4,53,2025-09-11,1441,1470,Rejected
5493,22,56,72,2025-07-25,732,766,Completed
5494,4,13,54,2025-02-15,1859,1772,Completed
5495,39,6,42,2025-02-14,1494,1476,Completed
5496,26,8,16,2025-05-20,1781,1722,Rejected
5497,20,49,32,2025-05-27,652,620,Delayed
5498,1,36,110,2025-10-10,1213,1150,Completed
5499,30,70,90,2025-06-01,1702,1459,Rejected
5500,9,36,1,2025-09-16,1026,939,Completed
5501,22,22,133,2025-09-13,958,864,Delayed
5502,15,31,24,2025-03-29,665,632,Completed
5503,38,27,53,2025-01-26,808,723,Completed
5504,36,8,110,2025-08-06,1343,1399,Rejected
5505,27,24,115,2025-07-25,1254,1215,Rejected
5506,33,73,126,2025-12-09,846,857,Rejected
5507,20,39,109,2025-03-24,689,656,Rejected
5508,12,54,2,2025-10-09,1575,1577,Completed
5509,23,61,68,2025-12-23,1061,1051,Rejected
5510,8,11,39,2025-03-24,1289,1323,Completed
5511,6,47,60,2025-06-22,1649,1591,Delayed
5512,20,51,150,2025-10-13,741,687,Completed
5513,28,58,136,2025-03-11,1243,1123,Rejected
5514,38,45,28,2025-11-11,836,779,Completed
5515,31,64,102,2025-10-26,1046,1008,Completed
5516,29,67,108,2025-03-29,1718,1743,Completed
5517,8,50,74,2025-11-01,1893,1909,Delayed
5518,24,5,117,2025-01-21,607,622,Rejected
5519,29,37,114,2025-05-25,653,661,Completed
5520,1,56,129,2025-02-15,1047,1035,Rejected
5521,2,15,124,2025-08-15,1825,1730,Completed
5522,18,7,116,2025-03-23,1638,1526,Completed
5523,29,62,84,2025-04-17,809,702,Delayed
5524,36,62,62,2025-11-29,816,829,Completed
5525,18,44,14,2025-09-06,1837,1695,Rejected
5526,26,46,112,2025-10-24,1932,1989,Delayed
5527,23,70,31,2025-05-06,1322,1251,Completed
5528,5,47,20,2025-03-05,640,652,Rejected
5529,14,24,139,2025-07-14,1747,1811,Completed
5530,2,37,144,2025-11-16,648,554,Completed
5531,3,67,6,2025-02-25,1860,1898,Rejected
5532,34,1,64,2025-01-28,1159,1122,Completed
5533,15,15,30,2025-03-29,1107,1077,Delayed
5534,8,68,76,2025-11-28,1141,1168,Delayed
5535,11,14,2,2025-03-01,1177,1182,Delayed
5536,33,2,79,2025-07-10,1956,1903,Rejected
5537,11,9,29,2025-10-31,1437,1343,Completed
5538,23,41,64,2025-04-23,1431,1394,Delayed
5539,33,52,54,2025-03-19,1300,1136,Completed
5540,36,1,80,2025-07-09,1498,1293,Rejected
5541,14,47,63,2025-03-14,1359,1164,Delayed
5542,4,8,133,2025-04-02,996,973,Completed
5543,19,51,11,2025-10-08,867,786,Rejected
5544,32,45,80,2025-02-06,687,708,Delayed
5545,10,1,44,2025-06-04,772,705,Completed
5546,16,7,128,2025-06-05,1796,1629,Delayed
5547,8,55,21,2025-10-24,1803,1786,Completed
5548,21,6,21,2025-01-08,1027,1059,Completed
5549,15,72,2,2025-11-09,1349,1259,Rejected
5550,4,30,87,2025-02-24,1745,1635,Rejected
5551,22,48,100,2025-10-08,505,523,Completed
5552,34,15,111,2025-11-05,1761,1721,Completed
5553,19,20,125,2025-07-19,785,692,Rejected
5554,33,29,128,2025-05-03,727,663,Completed
5555,1,8,78,2025-12-05,624,563,Completed
5556,4,4,98,2025-03-12,1007,1051,Delayed
5557,4,15,83,2025-10-08,1100,1107,Completed
5558,12,5,77,2025-12-22,1235,1178,Completed
5559,36,15,55,2025-11-14,873,827,Delayed
5560,16,68,67,2025-11-13,1178,1182,Completed
5561,7,71,55,2025-02-23,1993,1826,Completed
5562,1,54,46,2025-03-22,1905,1788,Completed
5563,10,63,49,2025-06-15,1602,1526,Rejected
5564,23,6,62,2025-10-19,1036,1035,Completed
5565,34,43,114,2025-08-12,1554,1484,Delayed
5566,29,6,57,2025-05-20,1835,1681,Delayed
5567,36,49,122,2025-07-06,1733,1570,Completed
5568,12,53,104,2025-10-22,1096,1083,Delayed
5569,37,18,113,2025-12-25,520,506,Completed
5570,5,44,21,2025-05-15,1722,1605,Rejected
5571,4,17,32,2025-06-23,1280,1298,Completed
5572,15,47,86,2025-01-18,566,567,Delayed
5573,18,54,34,2025-01-18,1278,1323,Delayed
5574,11,50,52,2025-07-16,970,857,Completed
5575,10,45,98,2025-02-24,1006,960,Rejected
5576,5,2,45,2025-05-18,1108,1065,Completed
5577,31,12,64,2025-04-15,842,784,Completed
5578,40,23,33,2025-09-10,660,584,Rejected
5579,37,28,74,2025-06-17,705,604,Completed
5580,12,47,123,2025-10-13,1337,1221,Delayed
5581,5,63,145,2025-10-12,1216,1035,Completed
5582,29,39,150,2025-06-28,1801,1850,Rejected
5583,22,73,150,2025-06-17,795,802,Completed
5584,38,27,59,2025-08-30,1948,1919,Rejected
5585,3,40,59,2025-10-30,753,693,Delayed
5586,6,30,30,2025-10-05,1323,1252,Completed
5587,3,40,19,2025-10-10,1579,1468,Completed
5588,29,20,27,2025-04-26,1272,1207,Rejected
5589,2,57,145,2025-02-25,1150,997,Rejected
5590,22,46,137,2025-07-31,1356,1395,Rejected
5591,12,70,78,2025-03-14,546,533,Rejected
5592,28,56,8,2025-01-30,1957,1840,Delayed
5593,20,23,43,2025-12-18,869,836,Delayed
5594,36,3,75,2025-06-23,1491,1304,Completed
5595,29,22,22,2025-07-09,544,522,Delayed
5596,16,11,35,2025-09-23,523,459,Rejected
5597,30,52,118,2025-11-21,1850,1856,Delayed
5598,26,44,18,2025-08-15,1983,1855,Completed
5599,14,16,1,2025-12-08,1615,1564,Completed
5600,2,48,133,2025-09-24,1790,1661,Completed
5601,33,56,127,2025-07-28,1739,1543,Completed
5602,31,67,56,2025-06-26,1993,1729,Delayed
5603,3,37,4,2025-04-30,1494,1503,Completed
5604,19,34,95,2025-04-05,1646,1677,Completed
5605,33,13,141,2025-06-12,1237,1292,Completed
5606,32,36,27,2025-08-25,1127,1022,Delayed
5607,17,25,46,2025-10-07,1441,1352,Completed
5608,10,26,48,2025-02-27,559,517,Completed
5609,13,71,33,2025-05-13,1114,950,Delayed
5610,14,9,26,2025-11-15,835,790,Rejected
5611,4,37,11,2025-04-28,1036,923,Completed
5612,12,31,63,2025-03-01,1400,1194,Rejected
5613,14,59,90,2025-10-14,1803,1656,Delayed
5614,40,15,76,2025-07-06,1391,1365,Completed
5615,26,29,79,2025-10-27,846,828,Completed
5616,35,17,53,2025-12-19,647,629,Completed
5617,10,15,30,2025-06-06,704,638,Completed
5618,2,23,4,2025-10-19,1828,1847,Rejected
5619,5,70,48,2025-06-11,1248,1191,Completed
5620,39,64,102,2025-12-19,1552,1490,Delayed
5621,22,25,141,2025-03-19,1341,1195,Completed
5622,36,30,69,2025-11-26,1975,1907,Completed
5623,7,2,9,2025-10-21,735,771,Rejected
5624,10,47,80,2025-02-03,1956,1833,Rejected
5625,3,31,143,2025-09-07,624,647,Delayed
5626,6,52,102,2025-06-28,1939,2007,Delayed
5627,38,68,62,2025-08-10,1125,1029,Completed
5628,30,69,113,2025-09-24,1840,1634,Rejected
5629,26,63,5,2025-07-14,1522,1529,Completed
5630,40,9,75,2025-03-27,1118,1137,Completed
5631,32,66,49,2025-02-02,1222,1073,Completed
5632,17,35,43,2025-02-05,553,552,Completed
5633,25,10,4,2025-12-31,528,455,Completed
5634,8,7,109,2025-06-01,1672,1735,Delayed
5635,14,41,98,2025-07-13,847,843,Delayed
5636,2,58,140,2025-09-17,1813,1751,Completed
5637,23,73,111,2025-01-26,1093,929,Completed
5638,15,27,47,2025-05-27,727,685,Completed
5639,15,47,133,2025-05-04,1227,1087,Completed
5640,32,39,112,2025-06-05,1963,1878,Completed
5641,23,21,106,2025-07-08,1440,1301,Completed
5642,36,30,21,2025-05-14,1956,2016,Rejected
5643,38,18,39,2025-07-12,1852,1709,Rejected
5644,13,24,78,2025-02-20,1423,1255,Delayed
5645,27,13,78,2025-11-28,926,811,Completed
5646,36,29,2,2025-09-03,610,584,Completed
5647,20,10,13,2025-09-04,1704,1665,Rejected
5648,36,30,47,2025-04-07,1781,1533,Completed
5649,22,20,73,2025-05-22,1134,1108,Completed
5650,17,14,37,2025-06-24,1224,1170,Completed
5651,14,5,93,2025-02-09,1392,1461,Completed
5652,39,6,70,2025-11-07,598,535,Completed
5653,5,20,14,2025-02-20,583,610,Completed
5654,10,37,144,2025-01-26,812,820,Completed
5655,36,62,2,2025-10-24,1843,1857,Completed
5656,11,70,56,2025-02-23,1629,1526,Delayed
5657,10,62,49,2025-10-30,1703,1726,Delayed
5658,24,13,73,2025-09-03,1256,1109,Completed
5659,37,66,121,2025-03-21,546,490,Completed
5660,28,19,149,2025-03-24,1536,1501,Completed
5661,23,40,84,2025-04-27,775,804,Completed
5662,27,64,125,2025-11-01,1778,1680,Completed
5663,7,47,58,2025-11-10,1382,1223,Completed
5664,40,72,41,2025-12-20,1068,948,Completed
5665,14,17,59,2025-07-22,1369,1191,Completed
5666,25,42,102,2025-10-18,1929,1764,Completed
5667,18,54,103,2025-02-26,1270,1134,Delayed
5668,29,60,7,2025-07-01,724,738,Delayed
5669,22,72,106,2025-03-17,1620,1487,Completed
5670,31,17,146,2025-11-30,1567,1520,Delayed
5671,15,32,141,2025-11-03,1428,1230,Completed
5672,37,54,5,2025-07-30,1445,1336,Delayed
5673,30,52,53,2025-10-22,515,524,Completed
5674,3,43,71,2025-02-06,1160,1179,Delayed
5675,31,3,142,2025-05-02,612,582,Completed
5676,29,31,20,2025-05-29,1393,1377,Completed
5677,17,57,140,2025-01-16,885,873,Completed
5678,20,10,52,2025-08-24,624,629,Completed
5679,27,67,89,2025-06-03,1601,1532,Completed
5680,6,22,86,2025-05-12,1308,1372,Delayed
5681,14,27,17,2025-06-05,1403,1415,Completed
5682,4,23,52,2025-06-22,869,886,Completed
5683,27,54,133,2025-04-28,1238,1278,Completed
5684,21,41,106,2025-02-12,1113,1026,Completed
5685,8,2,36,2025-01-18,864,795,Completed
5686,11,53,84,2025-06-06,1070,945,Delayed
5687,6,65,11,2025-02-01,1111,989,Rejected
5688,1,65,73,2025-09-28,914,950,Completed
5689,35,32,108,2025-08-03,1305,1335,Completed
5690,2,6,113,2025-07-24,1917,1700,Delayed
5691,35,57,21,2025-09-16,1383,1277,Completed
5692,14,27,38,2025-10-05,618,634,Completed
5693,7,5,78,2025-02-05,1664,1652,Completed
5694,21,60,146,2025-03-06,1255,1090,Rejected
5695,15,29,99,2025-02-27,1050,1091,Completed
5696,16,54,54,2025-02-15,1653,1448,Rejected
5697,35,57,69,2025-06-15,1966,1813,Rejected
5698,35,5,97,2025-03-24,1269,1110,Rejected
5699,14,61,88,2025-09-02,1923,1712,Completed
5700,5,71,103,2025-06-19,598,524,Completed
5701,12,29,47,2025-05-15,1431,1238,Delayed
5702,17,7,110,2025-07-26,721,681,Completed
5703,38,2,86,2025-07-06,1994,1832,Delayed
5704,16,60,84,2025-11-29,1628,1618,Completed
5705,14,43,1,2025-03-25,532,550,Rejected
5706,17,30,95,2025-12-15,812,721,Rejected
5707,19,48,128,2025-03-24,1050,943,Completed
5708,10,31,63,2025-06-24,1143,1132,Completed
5709,7,48,37,2025-04-22,1867,1921,Completed
5710,10,55,29,2025-07-28,1301,1259,Completed
5711,1,2,134,2025-06-19,1092,1076,Completed
5712,23,32,46,2025-04-24,1496,1490,Completed
5713,21,33,101,2025-02-09,1302,1310,Completed
5714,5,64,1,2025-10-12,1545,1538,Completed
5715,34,66,108,2025-01-24,1399,1412,Completed
5716,38,23,1,2025-05-20,1567,1484,Completed
5717,26,16,6,2025-12-11,1735,1487,Completed
5718,7,35,121,2025-09-17,789,713,Completed
5719,39,47,116,2025-06-15,1750,1782,Delayed
5720,31,34,85,2025-06-02,912,890,Delayed
5721,22,7,43,2025-06-19,1268,1132,Rejected
5722,7,61,125,2025-06-10,919,857,Completed
5723,14,25,50,2025-02-11,1776,1638,Rejected
5724,23,54,44,2025-06-30,1693,1569,Completed
5725,16,3,89,2025-09-19,1990,1717,Delayed
5726,33,16,5,2025-11-16,512,530,Completed
5727,5,70,91,2025-04-21,688,651,Delayed
5728,39,54,91,2025-03-19,817,823,Completed
5729,9,54,13,2025-01-17,1167,1009,Rejected
5730,24,71,54,2025-05-11,1070,1078,Delayed
5731,37,72,40,2025-08-11,1827,1832,Completed
5732,37,27,108,2025-02-02,1527,1472,Rejected
5733,18,11,53,2025-07-30,1459,1495,Completed
5734,11,14,59,2025-09-17,1763,1578,Completed
5735,30,38,5,2025-08-11,1796,1732,Completed
5736,31,54,56,2025-03-20,1767,1524,Rejected
5737,21,71,54,2025-09-20,617,538,Completed
5738,21,62,19,2025-08-09,819,780,Completed
5739,7,59,22,2025-09-09,1566,1616,Completed
5740,19,45,88,2025-06-30,1380,1253,Rejected
5741,30,59,109,2025-09-14,1293,1183,Rejected
5742,20,5,28,2025-01-13,756,660,Completed
5743,24,49,117,2025-01-28,1762,1604,Completed
5744,38,51,119,2025-10-22,1456,1505,Completed
5745,2,38,124,2025-12-10,833,718,Delayed
5746,40,41,56,2025-11-04,1862,1722,Completed
5747,5,49,47,2025-03-02,1663,1491,Rejected
5748,5,34,63,2025-10-11,1419,1330,Rejected
5749,25,57,15,2025-10-15,1114,1143,Completed
5750,36,55,98,2025-05-19,1904,1647,Delayed
5751,5,31,149,2025-02-27,719,620,Completed
5752,21,50,134,2025-01-10,627,566,Completed
5753,13,59,20,2025-03-08,680,677,Completed
5754,11,46,89,2025-01-11,1598,1454,Completed
5755,39,26,38,2025-07-05,1787,1745,Rejected
5756,31,66,122,2025-12-11,1752,1618,Completed
5757,5,35,38,2025-05-03,1164,1113,Completed
5758,33,46,101,2025-05-20,1282,1106,Delayed
5759,8,68,111,2025-06-03,1596,1582,Completed
5760,4,75,129,2025-12-19,1847,1935,Completed
5761,17,2,39,2025-11-26,696,617,Completed
5762,3,15,100,2025-06-15,738,675,Completed
5763,4,11,108,2025-07-13,1022,1015,Delayed
5764,21,30,78,2025-12-25,541,536,Delayed
5765,28,14,67,2025-05-31,1855,1899,Rejected
5766,13,37,95,2025-12-18,758,741,Delayed
5767,20,23,14,2025-02-24,980,846,Delayed
5768,24,66,100,2025-06-10,1683,1729,Rejected
5769,16,33,125,2025-01-06,1422,1266,Delayed
5770,40,33,25,2025-04-04,626,645,Delayed
5771,23,62,97,2025-07-25,1041,1046,Delayed
5772,14,15,43,2025-08-20,626,563,Rejected
5773,6,17,141,2025-03-12,1721,1511,Completed
5774,35,4,53,2025-02-01,1222,1210,Completed
5775,4,25,109,2025-08-24,1767,1806,Completed
5776,30,73,29,2025-10-17,1579,1461,Completed
5777,19,19,110,2025-06-29,1559,1613,Completed
5778,33,22,69,2025-07-02,1850,1634,Delayed
5779,13,23,84,2025-07-04,545,505,Completed
5780,2,30,59,2025-09-17,1848,1705,Rejected
5781,39,61,45,2025-05-30,968,879,Completed
5782,26,54,131,2025-01-02,1833,1657,Rejected
5783,31,1,8,2025-12-29,977,929,Completed
5784,23,68,112,2025-03-05,1508,1311,Completed
5785,36,68,79,2025-10-25,1288,1195,Delayed
5786,16,44,106,2025-05-06,1517,1341,Completed
5787,2,75,95,2025-09-06,1520,1464,Completed
5788,11,56,135,2025-09-16,1307,1357,Delayed
5789,32,26,76,2025-07-06,1340,1276,Rejected
5790,9,4,138,2025-07-15,1017,897,Completed
5791,6,32,70,2025-11-23,1846,1869,Completed
5792,39,71,147,2025-12-10,654,606,Completed
5793,15,67,77,2025-04-12,1365,1387,Completed
5794,23,32,39,2025-07-29,1138,1002,Delayed
5795,10,35,97,2025-07-25,1174,1009,Completed
5796,21,12,73,2025-02-15,1747,1540,Completed
5797,26,14,122,2025-09-04,565,507,Completed
5798,4,17,49,2025-12-16,1003,968,Completed
5799,9,23,13,2025-10-12,1089,1057,Completed
5800,17,22,133,2025-08-11,1048,903,Rejected
5801,34,74,95,2025-08-03,635,663,Completed
5802,1,48,15,2025-08-06,1397,1375,Completed
5803,40,62,102,2025-11-10,1305,1229,Completed
5804,40,33,69,2025-12-18,963,877,Completed
5805,18,73,93,2025-07-11,1209,1215,Delayed
5806,12,60,115,2025-12-26,1722,1655,Rejected
5807,30,53,89,2025-10-03,507,494,Completed
5808,40,52,79,2025-09-04,523,485,Completed
5809,37,2,46,2025-05-15,1933,1745,Delayed
5810,23,39,8,2025-09-08,1057,1023,Completed
5811,4,54,99,2025-01-08,1498,1505,Rejected
5812,9,46,21,2025-01-19,1262,1233,Completed
5813,32,66,45,2025-07-07,1596,1659,Completed
5814,5,9,141,2025-02-11,1269,1084,Completed
5815,14,61,56,2025-10-05,1708,1653,Completed
5816,24,18,96,2025-04-05,763,743,Rejected
5817,36,18,94,2025-06-12,827,829,Completed
5818,28,19,129,2025-03-19,1497,1452,Completed
5819,27,70,18,2025-04-02,760,719,Completed
5820,37,30,85,2025-01-21,1659,1487,Rejected
5821,22,68,54,2025-01-28,1605,1597,Rejected
5822,30,67,112,2025-06-23,841,794,Rejected
5823,3,60,128,2025-11-28,1657,1653,Completed
5824,4,71,144,2025-10-20,519,524,Rejected
5825,5,41,51,2025-04-20,875,757,Completed
5826,6,56,108,2025-03-15,601,525,Completed
5827,14,13,46,2025-10-10,865,812,Rejected
5828,10,7,121,2025-01-10,887,907,Rejected
5829,27,58,57,2025-11-18,896,865,Delayed
5830,14,39,63,2025-06-19,937,829,Completed
5831,21,38,67,2025-09-23,1081,990,Rejected
5832,7,10,57,2025-12-31,1272,1332,Rejected
5833,37,52,30,2025-07-14,1721,1773,Delayed
5834,22,24,6,2025-05-10,1180,1046,Delayed
5835,33,6,101,2025-08-25,1294,1356,Completed
5836,3,51,29,2025-07-29,863,887,Rejected
5837,27,1,19,2025-04-23,639,623,Delayed
5838,11,70,62,2025-02-05,924,963,Completed
5839,31,38,5,2025-02-23,1911,1927,Completed
5840,26,57,12,2025-11-14,1801,1654,Delayed
5841,19,25,137,2025-05-11,915,901,Rejected
5842,12,52,95,2025-01-30,1869,1786,Completed
5843,30,7,33,2025-02-03,1076,987,Rejected
5844,40,46,8,2025-08-26,1684,1593,Rejected
5845,1,17,64,2025-10-15,1304,1259,Completed
5846,20,17,8,2025-12-10,575,565,Rejected
5847,2,27,88,2025-03-10,796,681,Completed
5848,7,2,59,2025-07-15,1241,1192,Delayed
5849,3,51,36,2025-09-19,830,852,Completed
5850,14,17,75,2025-10-09,1627,1511,Rejected
5851,26,1,100,2025-01-18,1317,1354,Completed
5852,7,73,43,2025-03-07,1575,1497,Completed
5853,33,8,143,2025-10-24,1307,1180,Completed
5854,28,71,47,2025-03-02,1379,1210,Completed
5855,1,18,136,2025-10-16,702,723,Rejected
5856,8,23,100,2025-09-08,1264,1284,Rejected
5857,33,45,135,2025-12-26,871,822,Completed
5858,39,2,118,2025-03-27,628,645,Completed
5859,37,3,139,2025-02-13,1159,1081,Completed
5860,17,51,7,2025-04-01,993,1030,Completed
5861,39,58,83,2025-12-26,1526,1410,Delayed
5862,38,17,59,2025-05-26,1400,1400,Completed
5863,3,56,19,2025-11-27,711,623,Completed
5864,11,46,45,2025-08-06,1213,1185,Delayed
5865,2,37,11,2025-07-29,613,611,Completed
5866,10,73,44,2025-07-05,1220,1046,Completed
5867,38,68,119,2025-09-16,1899,1669,Rejected
5868,22,33,57,2025-06-10,1206,1125,Completed
5869,13,56,26,2025-03-02,1613,1679,Completed
5870,16,31,60,2025-10-02,1093,996,Completed
5871,4,75,116,2025-01-28,1135,1131,Completed
5872,25,30,143,2025-11-04,1236,1186,Completed
5873,18,43,7,2025-10-01,1480,1539,Rejected
5874,37,38,3,2025-06-30,921,907,Completed
5875,12,6,54,2025-02-07,1384,1306,Completed
5876,39,72,24,2025-10-07,1163,1183,Delayed
5877,36,37,34,2025-01-26,1949,1707,Rejected
5878,1,4,68,2025-08-11,546,565,Completed
5879,30,27,140,2025-05-19,1945,1730,Rejected
5880,17,9,135,2025-12-06,1546,1591,Delayed
5881,20,33,44,2025-06-03,609,522,Completed
5882,10,42,140,2025-08-18,1180,1044,Rejected
5883,13,13,61,2025-10-28,745,696,Completed
5884,23,32,50,2025-09-16,1724,1775,Completed
5885,26,46,9,2025-04-22,1818,1886,Completed
5886,10,50,114,2025-09-27,505,476,Completed
5887,40,50,23,2025-04-11,980,895,Completed
5888,24,72,115,2025-07-04,1877,1735,Completed
5889,29,39,108,2025-06-19,955,935,Completed
5890,33,28,57,2025-03-20,773,712,Completed
5891,3,47,147,2025-07-13,713,658,Delayed
5892,15,14,37,2025-09-11,1248,1285,Completed
5893,6,6,4,2025-01-29,934,837,Completed
5894,35,45,76,2025-12-29,1726,1646,Completed
5895,30,1,104,2025-03-31,1185,1124,Completed
5896,34,64,53,2025-05-24,799,811,Rejected
5897,39,5,107,2025-01-27,1048,963,Completed
5898,27,25,45,2025-02-11,960,890,Rejected
5899,8,57,115,2025-08-29,1311,1367,Delayed
5900,4,45,144,2025-01-20,589,607,Completed
5901,27,21,99,2025-05-13,1188,1169,Completed
5902,6,67,3,2025-09-12,1989,1877,Completed
5903,7,11,87,2025-09-14,1070,1118,Completed
5904,1,58,101,2025-08-20,1806,1821,Completed
5905,10,58,103,2025-06-06,1087,1138,Delayed
5906,24,72,39,2025-03-10,1210,1178,Rejected
5907,37,1,110,2025-01-05,1712,1752,Completed
5908,30,58,100,2025-03-09,998,874,Completed
5909,36,24,7,2025-02-19,1674,1710,Completed
5910,39,33,18,2025-03-17,1846,1897,Completed
5911,39,31,13,2025-04-19,706,701,Delayed
5912,1,14,129,2025-10-26,1617,1502,Delayed
5913,29,21,138,2025-09-01,984,996,Completed
5914,5,67,18,2025-05-10,1975,1715,Rejected
5915,31,60,7,2025-01-22,823,724,Completed
5916,6,26,149,2025-01-15,515,491,Completed
5917,18,37,56,2025-04-24,773,787,Delayed
5918,27,27,77,2025-03-29,644,642,Completed
5919,34,2,4,2025-05-30,558,537,Rejected
5920,15,40,13,2025-07-10,1489,1502,Rejected
5921,14,15,3,2025-05-24,1381,1365,Delayed
5922,20,75,55,2025-09-09,1949,1823,Completed
5923,35,12,121,2025-09-30,1398,1427,Completed
5924,31,64,10,2025-05-02,1984,1889,Completed
5925,11,43,37,2025-06-30,819,834,Completed
5926,12,45,99,2025-06-16,1976,1965,Delayed
5927,20,23,145,2025-12-03,1945,1834,Delayed
5928,21,24,58,2025-12-16,1245,1301,Completed
5929,23,20,93,2025-06-12,1228,1212,Delayed
5930,17,71,98,2025-03-09,1731,1785,Completed
5931,6,49,128,2025-10-16,705,666,Rejected
5932,36,73,49,2025-04-11,1107,1049,Completed
5933,39,48,3,2025-08-19,1439,1354,Rejected
5934,31,12,7,2025-12-01,1248,1262,Delayed
5935,12,72,90,2025-09-02,686,663,Completed
5936,25,70,10,2025-06-22,1453,1293,Rejected
5937,20,55,98,2025-11-10,1724,1483,Completed
5938,24,10,107,2025-02-26,1963,2036,Completed
5939,36,56,48,2025-07-22,1376,1174,Completed
5940,21,35,37,2025-03-08,709,705,Delayed
5941,19,68,8,2025-07-15,938,797,Completed
5942,24,17,96,2025-04-21,1314,1244,Completed
5943,2,70,27,2025-08-08,1581,1438,Rejected
5944,36,18,48,2025-02-06,1027,986,Delayed
5945,1,63,122,2025-06-18,799,772,Completed
5946,27,71,101,2025-06-01,965,906,Rejected
5947,37,37,13,2025-02-20,732,734,Rejected
5948,24,37,76,2025-01-09,510,444,Rejected
5949,39,4,35,2025-06-06,1769,1554,Completed
5950,35,64,149,2025-01-08,1182,1083,Completed
5951,7,10,95,2025-10-22,985,915,Completed
5952,10,7,37,2025-11-14,952,817,Completed
5953,33,11,55,2025-06-30,1274,1245,Completed
5954,6,38,74,2025-03-22,956,864,Completed
5955,33,65,145,2025-09-06,1625,1390,Completed
5956,6,24,30,2025-08-27,1972,1734,Completed
5957,10,24,128,2025-10-21,1380,1392,Delayed
5958,39,29,64,2025-06-28,932,829,Rejected
5959,4,56,106,2025-02-25,1812,1566,Completed
5960,15,6,111,2025-02-12,1782,1760,Completed
5961,32,25,31,2025-06-03,783,672,Completed
5962,38,32,114,2025-03-02,1692,1490,Completed
5963,39,56,3,2025-08-14,1823,1912,Completed
5964,8,30,115,2025-09-22,1237,1084,Completed
5965,39,16,139,2025-08-10,1517,1535,Completed
5966,14,7,80,2025-07-20,504,514,Delayed
5967,1,25,69,2025-03-27,979,929,Completed
5968,10,56,73,2025-01-17,1854,1856,Delayed
5969,9,20,77,2025-06-04,945,824,Completed
5970,9,64,80,2025-01-28,1758,1818,Delayed
5971,21,1,42,2025-11-14,1274,1302,Completed
5972,31,40,135,2025-06-27,1214,1235,Rejected
5973,10,74,48,2025-04-07,1696,1716,Delayed
5974,16,24,143,2025-07-26,1575,1572,Completed
5975,18,24,143,2025-12-12,687,605,Completed
5976,27,19,21,2025-12-29,732,763,Completed
5977,6,68,108,2025-04-30,951,844,Completed
5978,6,51,34,2025-02-24,589,555,Rejected
5979,11,16,131,2025-01-15,900,772,Completed
5980,11,5,21,2025-09-14,566,513,Rejected
5981,4,22,76,2025-11-26,1654,1411,Completed
5982,28,49,34,2025-10-22,1122,1062,Rejected
5983,19,16,135,2025-03-20,1374,1336,Rejected
5984,37,44,26,2025-04-24,751,652,Delayed
5985,13,65,9,2025-08-13,1167,1093,Completed
5986,28,15,49,2025-07-26,1560,1376,Completed
5987,36,66,109,2025-11-16,1880,1909,Completed
5988,10,42,55,2025-05-08,1159,1034,Completed
5989,7,74,38,2025-11-28,1099,1070,Delayed
5990,22,68,20,2025-03-29,1005,1039,Delayed
5991,9,39,100,2025-01-20,1860,1845,Rejected
5992,27,13,39,2025-10-31,1354,1254,Rejected
5993,30,41,115,2025-03-11,1837,1625,Completed
5994,2,30,30,2025-10-26,636,591,Completed
5995,26,50,105,2025-09-02,1472,1521,Completed
5996,9,17,55,2025-12-16,770,658,Delayed
5997,20,23,90,2025-07-14,1965,1708,Delayed
5998,35,39,126,2025-10-13,652,627,Completed
5999,39,39,101,2025-07-01,1830,1828,Completed
6000,25,11,135,2025-08-25,1200,1200,Completed
6001,19,40,134,2025-10-05,1642,1490,Rejected
6002,31,3,107,2025-11-03,1222,1097,Rejected
6003,6,44,14,2025-11-17,773,661,Completed
6004,25,14,38,2025-01-28,1914,1949,Rejected
6005,26,67,100,2025-11-26,1575,1402,Completed
6006,19,6,97,2025-05-19,1170,1174,Completed
6007,13,29,12,2025-10-01,625,649,Delayed
6008,15,29,15,2025-11-06,1437,1476,Rejected
6009,15,9,104,2025-02-01,1836,1642,Completed
6010,15,3,20,2025-04-25,1480,1338,Rejected
6011,7,41,6,2025-11-01,1196,1060,Delayed
6012,30,64,84,2025-06-05,1638,1541,Delayed
6013,10,23,66,2025-04-27,1123,985,Rejected
6014,38,67,6,2025-07-15,905,943,Completed
6015,38,4,138,2025-11-02,1280,1228,Rejected
6016,8,2,65,2025-01-12,1803,1841,Rejected
6017,35,75,49,2025-08-21,1247,1185,Delayed
6018,19,32,91,2025-10-19,853,861,Delayed
6019,27,26,122,2025-04-21,1317,1328,Rejected
6020,37,22,59,2025-03-06,871,879,Rejected
6021,6,63,22,2025-01-15,1176,1065,Delayed
6022,12,1,5,2025-09-08,1245,1078,Completed
6023,19,18,63,2025-10-28,824,777,Completed
6024,20,5,114,2025-01-22,1712,1498,Completed
6025,9,7,127,2025-05-08,875,808,Rejected
6026,35,11,62,2025-08-25,1157,995,Rejected
6027,15,31,62,2025-06-08,1360,1196,Completed
6028,37,17,29,2025-03-23,997,875,Delayed
6029,28,5,116,2025-02-01,814,713,Delayed
6030,5,47,15,2025-07-13,544,497,Delayed
6031,26,63,67,2025-06-03,1820,1753,Delayed
6032,32,23,5,2025-01-07,1620,1422,Completed
6033,35,43,73,2025-08-05,605,561,Completed
6034,38,14,55,2025-05-06,1974,1774,Completed
6035,25,12,136,2025-03-21,1830,1656,Rejected
6036,6,4,112,2025-07-08,537,459,Delayed
6037,17,74,53,2025-11-23,898,874,Rejected
6038,25,42,93,2025-03-12,1505,1309,Completed
6039,23,27,108,2025-11-21,771,754,Delayed
6040,18,13,146,2025-10-02,1344,1297,Completed
6041,7,47,137,2025-08-09,662,598,Completed
6042,35,64,117,2025-10-24,1301,1224,Completed
6043,5,27,129,2025-05-03,729,645,Completed
6044,25,19,125,2025-02-06,1555,1571,Completed
6045,4,9,25,2025-06-03,738,695,Delayed
6046,37,15,115,2025-12-06,1709,1754,Completed
6047,38,18,46,2025-06-15,509,459,Rejected
6048,8,61,34,2025-05-02,982,940,Completed
6049,12,22,126,2025-08-14,1938,2030,Completed
6050,13,43,78,2025-02-27,1761,1732,Delayed
6051,13,42,9,2025-01-31,726,631,Completed
6052,18,59,43,2025-08-15,1525,1572,Completed
6053,36,56,129,2025-01-02,908,831,Rejected
6054,21,70,16,2025-03-01,1990,1981,Completed
6055,1,63,81,2025-01-29,1802,1826,Completed
6056,7,48,34,2025-11-10,1864,1847,Rejected
6057,31,9,149,2025-05-23,1071,926,Completed
6058,23,22,23,2025-03-26,1863,1904,Delayed
6059,1,51,58,2025-09-04,1901,1687,Completed
6060,40,34,10,2025-02-02,1955,1702,Completed
6061,4,34,112,2025-04-19,1156,1185,Completed
6062,11,62,80,2025-12-21,1631,1699,Delayed
6063,40,75,137,2025-12-21,1008,893,Completed
6064,36,30,24,2025-04-29,657,652,Completed
6065,7,62,47,2025-03-05,1900,1845,Completed
6066,16,56,118,2025-10-25,1850,1710,Completed
6067,1,10,32,2025-11-24,732,643,Completed
6068,8,24,112,2025-09-25,1104,1149,Completed
6069,15,2,122,2025-02-25,566,512,Completed
6070,20,32,44,2025-12-17,750,785,Delayed
6071,29,60,28,2025-08-20,1970,1886,Completed
6072,38,8,99,2025-12-28,1938,1815,Completed
6073,24,43,140,2025-03-30,1159,1057,Completed
6074,8,32,118,2025-09-13,1170,1025,Completed
6075,18,25,119,2025-06-13,1985,1871,Completed
6076,29,26,111,2025-02-08,1886,1810,Completed
6077,24,58,19,2025-10-20,840,870,Completed
6078,25,18,33,2025-05-07,1138,993,Completed
6079,37,50,120,2025-04-24,1082,1134,Completed
6080,13,8,80,2025-07-01,926,970,Completed
6081,37,42,28,2025-01-18,1998,1801,Completed
6082,38,27,88,2025-09-09,1352,1181,Rejected
6083,14,42,56,2025-09-25,554,475,Rejected
6084,7,52,98,2025-01-30,1870,1717,Completed
6085,10,8,58,2025-03-12,912,838,Completed
6086,28,36,85,2025-05-24,581,544,Completed
6087,4,48,81,2025-01-16,1281,1224,Rejected
6088,21,66,141,2025-06-08,1932,1962,Completed
6089,2,70,138,2025-08-13,1730,1607,Delayed
6090,6,44,28,2025-02-10,1302,1143,Completed
6091,13,7,96,2025-12-07,1288,1256,Completed
6092,40,26,142,2025-01-29,1837,1914,Completed
6093,8,38,87,2025-08-28,1130,986,Completed
6094,1,34,85,2025-11-10,605,592,Completed
6095,29,5,61,2025-10-11,793,737,Completed
6096,11,22,94,2025-05-06,563,574,Rejected
6097,33,72,75,2025-07-26,1145,1049,Completed
6098,21,53,103,2025-01-17,506,510,Delayed
6099,20,57,141,2025-08-06,543,511,Completed
6100,35,37,128,2025-03-26,1784,1797,Delayed
6101,19,51,99,2025-01-29,1294,1304,Delayed
6102,33,8,36,2025-01-31,1331,1198,Delayed
6103,20,53,94,2025-02-03,1427,1427,Delayed
6104,35,42,123,2025-11-13,952,820,Completed
6105,6,36,108,2025-06-29,988,954,Rejected
6106,20,30,32,2025-03-23,1642,1562,Completed
6107,32,30,8,2025-12-06,597,554,Delayed
6108,13,34,128,2025-03-16,1274,1153,Completed
6109,3,50,115,2025-01-08,677,694,Completed
6110,32,58,9,2025-04-10,1136,1113,Completed
6111,9,8,75,2025-03-26,712,609,Completed
6112,29,37,55,2025-10-24,1167,1187,Completed
6113,13,32,132,2025-10-28,1365,1356,Rejected
6114,16,34,55,2025-10-22,1254,1312,Delayed
6115,40,38,36,2025-06-25,798,727,Rejected
6116,7,23,92,2025-04-11,1565,1372,Completed
6117,38,61,137,2025-01-26,1471,1506,Completed
6118,12,21,116,2025-04-03,1622,1391,Completed
6119,37,71,64,2025-09-04,890,784,Completed
6120,28,15,72,2025-10-23,1332,1255,Delayed
6121,36,38,67,2025-06-17,1046,952,Completed
6122,5,65,105,2025-05-03,1827,1642,Rejected
6123,31,65,67,2025-10-19,1240,1139,Completed
6124,27,16,31,2025-10-15,630,636,Completed
6125,40,2,79,2025-04-27,1448,1368,Completed
6126,10,73,60,2025-12-27,1392,1367,Delayed
6127,33,53,47,2025-06-17,744,676,Rejected
6128,6,30,43,2025-08-30,1129,977,Rejected
6129,19,17,120,2025-05-04,717,631,Completed
6130,7,36,107,2025-08-14,1801,1688,Completed
6131,38,15,134,2025-10-26,1203,1211,Completed
6132,30,34,32,2025-11-04,1358,1284,Rejected
6133,8,60,36,2025-01-12,1850,1775,Completed
6134,20,26,125,2025-07-09,1329,1358,Delayed
6135,11,38,53,2025-05-24,1623,1618,Delayed
6136,26,12,72,2025-06-18,1687,1701,Completed
6137,38,66,83,2025-01-20,1729,1609,Completed
6138,25,48,8,2025-01-04,1830,1729,Rejected
6139,3,9,105,2025-02-18,1500,1543,Completed
6140,3,73,32,2025-12-28,1205,1217,Completed
6141,12,43,27,2025-05-17,930,810,Completed
6142,7,65,138,2025-12-31,1059,920,Rejected
6143,40,17,80,2025-07-03,1671,1608,Completed
6144,31,26,10,2025-07-02,781,815,Completed
6145,29,45,114,2025-03-18,969,926,Completed
6146,17,25,103,2025-07-21,663,620,Completed
6147,26,61,15,2025-08-29,569,590,Delayed
6148,35,31,108,2025-10-14,1627,1631,Completed
6149,2,3,99,2025-12-05,1473,1327,Rejected
6150,30,53,71,2025-11-20,1854,1847,Delayed
6151,17,46,22,2025-11-01,1118,1066,Delayed
6152,23,51,115,2025-03-12,1740,1563,Rejected
6153,37,37,55,2025-04-07,505,495,Completed
6154,28,24,113,2025-02-23,1311,1296,Delayed
6155,22,58,63,2025-07-10,1328,1328,Completed
6156,2,66,90,2025-09-12,1711,1577,Completed
6157,26,1,52,2025-03-19,1912,1729,Completed
6158,26,57,132,2025-12-05,1768,1790,Completed
6159,31,15,27,2025-01-21,1042,985,Completed
6160,14,69,125,2025-08-05,1801,1544,Completed
6161,3,27,143,2025-09-01,1848,1766,Completed
6162,40,75,128,2025-02-27,1002,1015,Delayed
6163,34,8,11,2025-09-19,991,997,Completed
6164,6,58,40,2026-01-01,1145,1142,Rejected
6165,37,55,84,2025-09-22,1927,1882,Completed
6166,34,39,146,2025-04-11,839,872,Rejected
6167,30,13,73,2025-02-22,613,594,Completed
6168,31,26,33,2025-05-05,1343,1175,Completed
6169,23,2,54,2025-05-12,687,613,Delayed
6170,40,44,78,2025-07-11,647,662,Completed
6171,33,45,3,2025-06-24,985,998,Completed
6172,39,65,39,2025-01-11,1414,1332,Completed
6173,20,52,68,2025-09-16,1312,1251,Completed
6174,14,60,97,2025-06-17,1838,1593,Completed
6175,3,57,102,2025-04-09,1105,1083,Completed
6176,7,57,119,2025-01-25,652,676,Rejected
6177,28,25,42,2025-12-25,1748,1738,Completed
6178,10,50,97,2025-11-07,1878,1680,Completed
6179,12,47,110,2025-11-19,1695,1552,Rejected
6180,26,73,11,2025-05-20,1640,1670,Delayed
6181,33,43,68,2025-05-03,962,934,Rejected
6182,14,16,78,2025-03-30,1846,1936,Completed
6183,19,6,36,2025-07-18,1101,1144,Delayed
6184,12,52,113,2025-09-28,647,577,Delayed
6185,2,26,145,2025-05-04,1786,1739,Completed
6186,8,18,14,2025-04-30,1129,996,Completed
6187,27,63,114,2025-08-06,539,522,Completed
6188,19,57,81,2025-07-17,1838,1740,Completed
6189,13,18,52,2025-12-13,615,580,Rejected
6190,12,31,28,2025-05-08,1357,1394,Delayed
6191,32,32,83,2025-01-15,696,656,Delayed
6192,28,73,23,2025-11-03,1970,1792,Rejected
6193,40,62,36,2025-07-11,510,533,Completed
6194,32,73,3,2025-11-02,1865,1930,Completed
6195,37,30,28,2025-09-30,1740,1771,Completed
6196,33,75,77,2025-11-18,1722,1672,Completed
6197,22,30,22,2025-12-03,1872,1766,Rejected
6198,31,74,85,2025-08-05,1999,1917,Rejected
6199,24,30,146,2025-06-04,651,637,Rejected
6200,27,66,64,2025-07-15,1339,1193,Rejected
6201,39,59,7,2025-01-12,566,581,Completed
6202,29,12,147,2025-10-09,1683,1726,Completed
6203,11,45,137,2025-06-19,1281,1299,Rejected
6204,26,11,113,2025-05-15,697,605,Completed
6205,10,67,123,2025-07-29,1939,1872,Completed
6206,23,17,134,2025-12-27,649,566,Completed
6207,23,71,117,2025-03-04,1961,1982,Delayed
6208,12,66,1,2025-02-20,841,795,Completed
6209,10,40,40,2025-02-28,774,659,Delayed
6210,14,24,149,2025-03-10,1596,1585,Rejected
6211,1,2,47,2025-05-04,1804,1588,Completed
6212,7,28,83,2025-07-23,568,548,Completed
6213,22,37,37,2025-11-28,676,586,Completed
6214,13,11,121,2025-11-28,586,509,Delayed
6215,38,37,15,2025-04-28,551,525,Completed
6216,37,2,95,2025-10-25,1163,1053,Rejected
6217,3,38,147,2025-06-12,1117,1002,Delayed
6218,20,14,110,2025-06-01,623,605,Delayed
6219,13,59,93,2025-08-12,1127,1020,Completed
6220,21,8,112,2025-10-07,1910,1707,Completed
6221,4,3,148,2025-08-29,1536,1392,Completed
6222,31,34,46,2025-01-13,1395,1204,Completed
6223,16,8,135,2025-08-14,618,600,Delayed
6224,5,72,70,2025-01-09,1295,1109,Rejected
6225,38,19,36,2025-11-28,1198,1080,Completed
6226,27,57,137,2025-02-19,642,574,Completed
6227,39,74,63,2025-01-22,1347,1201,Rejected
6228,39,66,29,2025-11-17,1530,1477,Completed
6229,22,31,114,2025-11-01,1608,1447,Delayed
6230,4,33,108,2025-01-12,1062,1052,Completed
6231,14,16,7,2025-02-04,1041,973,Completed
6232,37,52,16,2025-11-08,1565,1478,Completed
6233,14,23,128,2025-01-04,1926,1916,Delayed
6234,25,54,130,2025-05-22,1375,1221,Completed
6235,15,73,1,2025-08-26,1598,1601,Rejected
6236,8,62,23,2025-12-14,722,641,Rejected
6237,24,33,76,2025-01-21,1434,1459,Rejected
6238,37,75,9,2025-10-16,1245,1232,Completed
6239,21,61,8,2025-08-08,650,648,Completed
6240,24,62,35,2025-08-28,1441,1432,Delayed
6241,33,56,37,2025-04-08,931,954,Completed
6242,37,6,42,2025-04-04,1203,1163,Completed
6243,24,42,114,2025-01-04,1472,1327,Completed
6244,36,5,108,2025-12-21,1641,1712,Completed
6245,16,34,149,2025-05-26,844,815,Completed
6246,28,55,101,2025-03-16,1266,1162,Completed
6247,18,48,31,2025-05-20,1904,1807,Delayed
6248,26,15,142,2025-05-23,1294,1127,Delayed
6249,23,52,130,2025-05-03,821,847,Delayed
6250,27,70,39,2025-01-03,1899,1684,Completed
6251,30,13,58,2025-12-28,1485,1351,Completed
6252,35,71,52,2025-01-19,1455,1361,Completed
6253,8,47,141,2025-08-05,911,779,Completed
6254,9,52,73,2025-02-17,1618,1676,Completed
6255,16,18,24,2025-05-11,1573,1510,Delayed
6256,21,49,109,2025-02-15,1686,1507,Completed
6257,39,15,43,2025-07-12,1912,1774,Completed
6258,32,45,56,2025-07-07,1149,1174,Rejected
6259,6,75,141,2025-07-06,1390,1260,Completed
6260,13,63,102,2025-10-15,1467,1506,Completed
6261,19,15,48,2025-09-06,588,602,Completed
6262,13,51,5,2025-01-17,577,518,Completed
6263,38,51,136,2025-07-05,756,720,Completed
6264,22,39,5,2025-07-04,1829,1744,Delayed
6265,28,4,45,2025-02-23,1065,1091,Delayed
6266,18,62,2,2025-06-14,1486,1305,Completed
6267,12,11,140,2025-06-17,1838,1910,Completed
6268,13,19,128,2025-01-26,938,907,Completed
6269,6,33,90,2025-04-28,1359,1163,Rejected
6270,14,43,55,2025-05-25,973,947,Rejected
6271,30,58,92,2025-03-07,1774,1801,Completed
6272,16,71,91,2025-12-16,868,773,Completed
6273,35,41,90,2025-03-07,1569,1404,Delayed
6274,9,13,108,2025-05-17,1083,978,Delayed
6275,16,21,111,2025-05-01,1212,1218,Completed
6276,2,9,6,2025-11-18,959,884,Completed
6277,22,60,129,2025-01-20,1408,1388,Rejected
6278,13,29,50,2025-09-03,925,955,Delayed
6279,34,26,91,2025-02-10,1085,1059,Delayed
6280,9,16,38,2025-06-21,1157,1182,Completed
6281,18,1,118,2025-02-08,1215,1154,Delayed
6282,9,57,113,2025-07-20,1358,1206,Rejected
6283,5,54,131,2025-01-11,1041,981,Completed
6284,22,46,147,2025-02-08,1301,1262,Completed
6285,36,21,2,2025-02-12,650,669,Rejected
6286,21,32,40,2025-06-18,1122,1134,Completed
6287,28,49,106,2025-02-28,844,875,Delayed
6288,30,71,135,2025-03-09,1918,1847,Delayed
6289,25,14,130,2025-12-15,1944,1835,Completed
6290,27,71,3,2025-07-05,721,735,Delayed
6291,25,7,141,2025-04-26,804,696,Completed
6292,19,32,57,2025-06-24,1364,1354,Completed
6293,22,18,107,2025-11-08,732,757,Completed
6294,12,11,23,2025-08-28,1042,1035,Completed
6295,12,58,122,2025-04-08,1061,909,Delayed
6296,27,22,64,2025-11-07,1959,1962,Delayed
6297,3,36,62,2025-10-20,1862,1773,Delayed
6298,4,32,141,2025-04-05,826,796,Delayed
6299,33,36,87,2025-11-29,708,647,Completed
6300,28,73,64,2025-08-12,1020,885,Delayed
6301,36,69,63,2025-02-28,514,498,Completed
6302,9,16,15,2025-08-19,1254,1118,Rejected
6303,2,47,60,2025-03-09,552,509,Completed
6304,24,6,25,2025-05-17,1058,949,Completed
6305,31,17,14,2025-12-03,1335,1294,Completed
6306,17,54,100,2025-06-11,501,525,Delayed
6307,1,2,54,2025-02-11,950,925,Completed
6308,17,22,133,2025-05-30,594,600,Completed
6309,9,24,50,2025-06-21,744,729,Completed
6310,2,21,64,2025-08-28,1322,1312,Rejected
6311,31,19,124,2025-09-17,1380,1294,Completed
6312,39,33,77,2025-11-11,975,964,Rejected
6313,29,39,46,2025-03-22,1065,1102,Completed
6314,2,42,117,2025-03-07,831,815,Rejected
6315,14,5,26,2025-01-10,1981,1784,Completed
6316,36,63,111,2025-02-08,1327,1353,Rejected
6317,23,26,96,2025-06-02,804,810,Completed
6318,17,23,32,2025-04-03,649,614,Completed
6319,4,48,63,2025-02-26,889,826,Completed
6320,22,17,2,2025-11-06,565,582,Completed
6321,16,11,142,2025-12-03,998,1045,Completed
6322,5,66,91,2025-04-08,1645,1631,Delayed
6323,14,75,71,2025-09-07,1873,1604,Completed
6324,14,68,79,2025-09-05,1549,1422,Completed
6325,1,7,43,2025-04-26,1838,1678,Completed
6326,33,45,61,2025-08-05,1105,1092,Completed
6327,36,68,28,2025-01-25,1367,1249,Delayed
6328,27,67,113,2025-06-19,1347,1250,Completed
6329,4,72,30,2025-07-20,1504,1498,Rejected
6330,14,62,66,2025-06-13,720,697,Delayed
6331,18,8,12,2025-07-28,1124,1159,Completed
6332,33,63,93,2025-11-06,533,460,Rejected
6333,28,59,107,2025-01-05,1861,1591,Completed
6334,22,61,27,2025-05-07,1213,1231,Completed
6335,20,17,26,2025-10-10,820,763,Delayed
6336,18,52,120,2025-12-07,1637,1648,Completed
6337,3,70,65,2025-04-16,701,701,Rejected
6338,33,48,36,2025-10-25,1033,1061,Rejected
6339,32,7,33,2025-04-14,830,824,Completed
6340,17,17,39,2025-02-21,1528,1450,Completed
6341,22,9,99,2025-01-20,1479,1503,Completed
6342,28,17,54,2025-11-18,1079,948,Completed
6343,1,22,22,2025-04-18,1243,1259,Completed
6344,10,22,64,2025-03-15,1035,910,Rejected
6345,15,26,101,2025-03-15,1089,1044,Completed
6346,30,70,43,2025-07-08,821,787,Completed
6347,12,61,129,2025-07-31,1797,1573,Completed
6348,35,28,20,2025-11-18,1172,1044,Delayed
6349,4,22,137,2025-09-24,1242,1288,Completed
6350,31,14,100,2025-03-11,1721,1790,Completed
6351,17,18,21,2025-03-18,1658,1561,Rejected
6352,31,7,34,2025-05-06,1649,1652,Completed
6353,10,65,61,2025-11-22,1673,1681,Delayed
6354,40,13,39,2025-02-01,1941,1720,Completed
6355,2,52,49,2025-01-14,1076,1104,Completed
6356,23,35,47,2025-05-30,1008,963,Completed
6357,30,1,139,2025-12-17,1217,1235,Completed
6358,36,66,56,2025-05-01,1471,1275,Delayed
6359,33,60,24,2025-04-26,589,572,Completed
6360,32,49,51,2025-07-15,1572,1382,Completed
6361,19,23,74,2025-02-02,1179,1201,Rejected
6362,34,58,134,2025-05-15,1783,1819,Completed
6363,40,35,39,2025-01-23,1583,1411,Delayed
6364,3,64,38,2025-02-13,1981,1866,Completed
6365,21,11,123,2025-03-10,1297,1146,Completed
6366,20,52,141,2025-05-27,1696,1581,Delayed
6367,38,74,142,2025-09-17,1361,1242,Delayed
6368,5,30,66,2025-05-10,596,562,Completed
6369,11,38,54,2025-06-08,1283,1126,Completed
6370,19,35,46,2025-09-25,1642,1550,Completed
6371,39,25,85,2025-06-13,1140,1049,Delayed
6372,18,58,55,2025-11-07,1198,1233,Rejected
6373,34,19,137,2025-12-08,1875,1860,Completed
6374,18,2,53,2025-06-03,1391,1425,Completed
6375,12,7,103,2025-01-07,1231,1275,Rejected
6376,26,71,9,2025-01-02,1141,996,Completed
6377,13,40,96,2025-07-02,1547,1374,Completed
6378,2,74,72,2025-07-14,543,562,Delayed
6379,13,23,15,2025-05-05,649,579,Completed
6380,33,22,93,2025-11-23,1825,1706,Delayed
6381,34,67,57,2025-09-21,554,482,Completed
6382,10,53,42,2025-12-09,1191,1104,Completed
6383,15,17,85,2025-01-26,878,806,Delayed
6384,26,24,136,2025-08-14,1787,1631,Completed
6385,28,73,11,2025-12-20,1879,1650,Completed
6386,11,14,8,2025-07-12,1280,1216,Delayed
6387,23,74,29,2025-06-20,756,690,Completed
6388,19,35,134,2025-02-13,596,560,Completed
6389,31,25,67,2025-08-20,1122,1103,Completed
6390,20,63,16,2025-08-08,1362,1290,Rejected
6391,37,26,63,2025-03-17,1027,905,Completed
6392,13,69,25,2025-06-04,1172,1057,Rejected
6393,21,75,82,2025-08-13,1472,1424,Completed
6394,20,65,143,2025-01-07,1882,1649,Delayed
6395,16,21,32,2025-01-27,1692,1766,Rejected
6396,12,24,68,2025-06-01,832,756,Completed
6397,20,44,117,2025-01-31,926,959,Completed
6398,26,17,148,2025-12-19,1504,1545,Completed
6399,7,40,48,2025-07-01,1681,1516,Completed
6400,6,3,34,2025-06-01,1710,1673,Rejected
6401,30,58,14,2025-12-20,524,510,Rejected
6402,31,70,82,2025-12-21,533,530,Completed
6403,23,53,9,2025-08-08,731,737,Rejected
6404,32,48,61,2025-12-07,1231,1150,Rejected
6405,25,23,49,2025-07-29,1902,1882,Completed
6406,8,4,107,2025-11-24,1899,1845,Completed
6407,16,32,137,2025-12-19,1704,1560,Completed
6408,14,53,144,2025-11-26,647,582,Delayed
6409,24,71,16,2025-09-17,509,471,Rejected
6410,2,2,41,2025-07-10,727,750,Rejected
6411,32,47,130,2025-12-18,1545,1434,Completed
6412,37,38,118,2025-11-10,1290,1190,Completed
6413,16,52,46,2025-10-30,600,592,Delayed
6414,8,5,139,2025-04-28,1590,1554,Completed
6415,37,56,24,2025-05-20,1646,1683,Completed
6416,7,59,132,2025-03-04,1100,1008,Completed
6417,11,25,72,2025-03-27,939,892,Completed
6418,12,46,69,2025-10-17,991,882,Rejected
6419,33,74,18,2025-08-16,1324,1146,Completed
6420,29,64,119,2025-11-03,1579,1584,Completed
6421,13,23,138,2025-12-16,1948,1839,Rejected
6422,24,7,79,2025-07-04,992,971,Completed
6423,26,22,117,2025-08-06,701,622,Completed
6424,4,5,87,2025-03-14,1672,1637,Completed
6425,20,38,140,2025-02-03,565,516,Completed
6426,1,52,83,2025-08-25,1583,1474,Delayed
6427,36,36,91,2025-04-28,796,697,Completed
6428,32,15,27,2025-08-19,787,672,Rejected
6429,23,17,116,2025-06-30,549,512,Completed
6430,27,51,109,2025-01-01,1362,1348,Completed
6431,16,61,33,2025-06-07,1789,1876,Rejected
6432,30,12,53,2025-12-06,619,553,Completed
6433,17,53,94,2025-06-21,830,775,Completed
6434,5,45,30,2025-04-22,629,617,Completed
6435,22,42,65,2025-02-21,1900,1794,Completed
6436,4,5,95,2025-01-16,1110,1007,Delayed
6437,23,60,114,2025-12-15,1280,1116,Completed
6438,38,61,16,2025-09-14,1926,1657,Delayed
6439,10,66,88,2025-08-27,780,790,Completed
6440,6,44,102,2025-06-02,1230,1196,Completed
6441,9,17,32,2025-04-12,1499,1381,Completed
6442,17,52,92,2025-06-18,597,561,Rejected
6443,40,12,107,2025-11-25,1933,1906,Rejected
6444,22,53,86,2025-05-12,1430,1442,Completed
6445,37,60,23,2025-12-25,844,730,Rejected
6446,32,60,72,2025-02-02,1616,1650,Completed
6447,28,39,108,2025-10-04,885,774,Rejected
6448,6,45,114,2025-03-11,1261,1309,Completed
6449,1,47,135,2025-07-19,751,659,Completed
6450,37,12,84,2025-12-02,1707,1521,Delayed
6451,18,27,88,2025-02-26,1280,1285,Completed
6452,4,29,88,2025-05-05,1207,1082,Completed
6453,26,26,101,2025-10-08,553,574,Rejected
6454,17,18,48,2025-03-30,1588,1352,Rejected
6455,36,7,88,2025-09-24,1401,1241,Completed
6456,12,45,3,2025-04-29,1489,1302,Completed
6457,4,37,40,2025-06-08,721,678,Completed
6458,40,37,103,2025-01-23,644,650,Delayed
6459,3,65,42,2025-02-04,1431,1221,Completed
6460,37,55,143,2025-06-17,1092,930,Completed
6461,39,47,1,2025-11-25,1683,1443,Completed
6462,35,28,144,2025-08-11,1500,1309,Completed
6463,14,63,73,2025-02-01,1649,1558,Delayed
6464,37,30,37,2025-11-02,1147,1178,Rejected
6465,10,27,3,2025-03-09,1261,1199,Completed
6466,21,2,10,2025-01-03,1772,1769,Completed
6467,31,63,72,2025-07-02,1719,1690,Completed
6468,25,58,95,2025-09-20,544,479,Completed
6469,2,7,40,2025-12-16,867,781,Completed
6470,23,51,18,2025-10-07,1298,1219,Completed
6471,35,34,84,2025-08-19,731,635,Completed
6472,1,30,39,2025-04-14,1285,1096,Completed
6473,20,4,73,2025-06-14,988,1001,Completed
6474,31,70,16,2025-10-20,1604,1616,Completed
6475,34,62,49,2025-07-05,1669,1743,Delayed
6476,12,55,12,2025-03-25,1368,1419,Completed
6477,13,75,47,2025-05-02,1330,1163,Rejected
6478,15,48,92,2025-04-06,1050,1100,Completed
6479,17,66,52,2025-01-15,1755,1698,Completed
6480,27,74,56,2025-05-23,1363,1274,Completed
6481,37,16,116,2025-05-21,1482,1289,Completed
6482,34,63,82,2025-05-14,852,779,Completed
6483,37,14,99,2025-04-12,1975,1711,Rejected
6484,38,63,99,2025-09-23,1890,1973,Delayed
6485,40,23,84,2025-02-25,956,983,Completed
6486,24,35,13,2025-01-26,640,615,Delayed
6487,20,3,35,2025-05-24,633,569,Delayed
6488,3,65,111,2025-07-18,835,846,Completed
6489,23,26,90,2025-09-24,1788,1875,Completed
6490,8,3,33,2025-10-22,1157,1164,Completed
6491,17,29,46,2025-03-05,1193,1217,Completed
6492,20,69,63,2025-06-27,1429,1392,Completed
6493,1,60,52,2025-02-26,1383,1205,Completed
6494,23,34,132,2025-12-19,1044,940,Completed
6495,13,52,96,2025-11-17,1288,1204,Completed
6496,10,30,33,2025-12-10,1410,1325,Completed
6497,32,22,115,2025-11-22,1264,1142,Completed
6498,12,25,107,2025-05-30,1742,1540,Rejected
6499,40,11,72,2025-07-21,877,767,Completed
6500,11,65,45,2025-03-21,1355,1280,Completed
6501,27,48,143,2025-12-08,1995,1854,Delayed
6502,40,35,4,2025-09-20,1167,1031,Completed
6503,35,67,134,2025-10-10,1389,1378,Completed
6504,3,49,90,2025-10-01,1705,1466,Completed
6505,21,6,71,2025-03-21,1554,1380,Completed
6506,23,35,8,2025-01-16,636,649,Completed
6507,20,61,20,2025-07-02,766,736,Completed
6508,2,6,3,2025-07-20,955,928,Rejected
6509,22,24,86,2025-02-23,784,751,Delayed
6510,29,11,34,2025-04-18,1520,1515,Completed
6511,37,71,149,2025-04-04,767,773,Delayed
6512,34,70,7,2025-04-02,1993,1940,Completed
6513,36,53,29,2025-09-01,900,940,Rejected
6514,18,56,141,2025-01-05,1355,1296,Delayed
6515,23,22,6,2025-03-16,683,591,Completed
6516,34,23,55,2025-04-19,1723,1527,Delayed
6517,30,59,4,2025-04-29,501,521,Completed
6518,3,2,148,2025-11-03,1121,1086,Completed
6519,34,7,135,2025-07-03,1272,1286,Delayed
6520,33,14,115,2025-07-18,1272,1093,Completed
6521,20,47,122,2025-08-25,928,818,Completed
6522,37,27,149,2025-03-15,1637,1573,Completed
6523,24,39,35,2025-07-13,1258,1205,Rejected
6524,31,32,4,2025-02-14,868,831,Delayed
6525,28,67,51,2025-05-07,902,806,Rejected
6526,17,39,138,2025-08-27,1263,1087,Rejected
6527,8,27,66,2025-01-28,1667,1595,Completed
6528,21,65,66,2025-05-22,724,724,Delayed
6529,23,23,13,2025-11-19,1409,1438,Completed
6530,23,15,46,2025-09-25,1867,1953,Completed
6531,7,66,93,2025-11-07,1358,1168,Rejected
6532,29,31,136,2025-02-11,1736,1687,Rejected
6533,13,54,82,2025-11-20,1986,2060,Completed
6534,30,28,16,2025-03-20,626,644,Completed
6535,20,20,99,2025-09-08,1524,1492,Completed
6536,11,20,81,2025-10-29,1119,1150,Delayed
6537,14,63,76,2025-10-26,884,863,Completed
6538,12,70,140,2025-11-04,1308,1118,Rejected
6539,23,64,107,2025-10-09,791,693,Completed
6540,16,44,127,2025-09-25,1759,1542,Completed
6541,2,71,85,2025-11-17,1719,1769,Completed
6542,7,7,49,2025-06-24,1110,1099,Completed
6543,2,22,91,2025-05-29,1753,1808,Delayed
6544,28,69,124,2025-10-31,762,664,Rejected
6545,30,22,36,2025-10-20,1887,1909,Delayed
6546,39,68,56,2025-11-16,1943,1953,Delayed
6547,35,14,35,2025-11-07,1006,1027,Completed
6548,27,20,150,2025-04-30,1331,1222,Delayed
6549,33,64,44,2025-10-08,1388,1198,Completed
6550,25,68,115,2025-04-06,1940,1660,Completed
6551,5,56,134,2025-03-28,1376,1401,Completed
6552,19,7,5,2025-10-05,1352,1209,Delayed
6553,15,50,95,2025-04-16,1546,1340,Rejected
6554,17,5,20,2025-12-02,682,597,Delayed
6555,22,74,13,2025-06-30,1715,1723,Completed
6556,37,42,125,2025-03-22,1805,1559,Completed
6557,29,55,31,2025-12-09,1789,1571,Completed
6558,21,43,122,2025-08-02,1171,1173,Completed
6559,1,54,87,2025-09-10,1322,1345,Completed
6560,15,23,63,2025-08-15,1914,1855,Completed
6561,33,5,107,2025-02-27,1262,1214,Completed
6562,11,49,108,2025-10-31,1259,1169,Completed
6563,2,72,57,2025-06-26,1220,1103,Completed
6564,27,50,142,2025-07-02,1084,982,Delayed
6565,12,1,25,2025-01-08,810,758,Completed
6566,6,20,42,2025-09-25,1586,1643,Completed
6567,28,54,78,2025-05-27,1943,1840,Delayed
6568,12,63,79,2025-03-13,654,600,Delayed
6569,19,8,9,2025-07-10,1102,1018,Completed
6570,6,10,49,2025-05-26,553,494,Completed
6571,25,21,22,2025-08-05,1235,1075,Rejected
6572,37,57,57,2025-06-26,862,903,Completed
6573,34,39,71,2025-03-24,543,517,Completed
6574,15,29,107,2025-07-20,1482,1424,Delayed
6575,5,51,78,2025-11-13,1230,1261,Delayed
6576,2,44,87,2025-01-12,573,585,Completed
6577,31,69,78,2025-11-20,1191,1231,Completed
6578,19,56,59,2025-11-03,940,973,Completed
6579,24,74,138,2025-04-06,1032,1010,Completed
6580,38,50,82,2025-04-15,820,703,Rejected
6581,2,10,64,2025-07-20,659,674,Delayed
6582,33,6,131,2025-10-21,949,807,Delayed
6583,24,57,54,2025-03-21,507,431,Rejected
6584,8,13,134,2025-07-07,728,682,Completed
6585,14,55,120,2025-07-11,1693,1453,Completed
6586,29,1,26,2025-05-03,1053,1017,Completed
6587,21,42,33,2025-08-26,1586,1611,Completed
6588,3,24,36,2025-07-12,1721,1612,Completed
6589,18,39,71,2025-07-11,1625,1382,Delayed
6590,31,13,148,2025-03-11,1286,1195,Rejected
6591,40,23,100,2025-01-27,1042,899,Completed
6592,5,43,91,2025-03-08,1120,1117,Delayed
6593,35,39,142,2025-01-28,1038,957,Rejected
6594,17,1,92,2025-01-12,1115,1132,Completed
6595,29,52,52,2025-08-07,1346,1194,Rejected
6596,18,25,96,2025-01-03,1032,1021,Completed
6597,16,72,95,2025-04-02,685,672,Delayed
6598,26,9,20,2025-11-04,765,737,Completed
6599,17,25,25,2025-02-09,1134,1045,Delayed
6600,28,39,115,2025-12-12,1380,1295,Completed
6601,15,26,75,2025-12-03,715,614,Delayed
6602,23,10,79,2025-11-23,1910,1802,Completed
6603,40,65,45,2025-10-27,1472,1301,Completed
6604,1,60,91,2025-10-02,980,1008,Delayed
6605,14,73,125,2025-11-24,802,811,Completed
6606,22,18,105,2025-07-08,756,752,Completed
6607,1,71,66,2025-08-26,1234,1231,Rejected
6608,8,49,23,2025-03-15,845,829,Completed
6609,5,16,118,2025-07-23,521,452,Completed
6610,38,2,111,2025-09-08,1536,1554,Completed
6611,3,62,26,2025-04-14,759,665,Completed
6612,13,22,15,2025-05-10,1363,1217,Delayed
6613,40,75,106,2025-08-14,1251,1273,Rejected
6614,22,24,120,2025-02-10,1391,1390,Completed
6615,9,2,101,2025-08-23,806,746,Completed
6616,36,22,104,2025-11-04,1095,1123,Completed
6617,15,53,26,2025-11-15,915,896,Delayed
6618,10,5,116,2025-05-26,1631,1708,Rejected
6619,2,2,57,2025-03-27,1244,1157,Rejected
6620,40,47,45,2025-04-03,1338,1250,Completed
6621,32,50,70,2025-10-11,531,460,Rejected
6622,2,27,84,2025-02-17,1453,1243,Completed
6623,29,8,48,2025-05-06,1290,1253,Completed
6624,24,45,80,2025-11-11,1388,1335,Completed
6625,20,52,128,2025-05-14,1617,1482,Delayed
6626,35,13,138,2025-10-18,760,646,Completed
6627,34,4,87,2025-08-23,587,611,Rejected
6628,17,43,60,2025-08-15,911,848,Rejected
6629,2,29,61,2025-02-04,1749,1642,Rejected
6630,33,58,74,2025-10-20,1485,1379,Completed
6631,16,65,17,2025-02-23,739,632,Rejected
6632,20,25,102,2025-09-01,1885,1892,Completed
6633,27,45,81,2025-12-18,739,670,Completed
6634,14,62,129,2025-02-03,1330,1387,Completed
6635,18,20,5,2025-01-13,1624,1486,Completed
6636,31,34,31,2025-06-29,1236,1285,Rejected
6637,20,2,7,2025-05-26,1223,1174,Delayed
6638,24,1,8,2025-01-21,663,586,Rejected
6639,7,7,113,2025-10-07,1305,1222,Delayed
6640,12,23,12,2025-12-02,1986,2036,Completed
6641,37,23,18,2025-11-27,989,988,Completed
6642,15,46,63,2025-02-22,1722,1648,Completed
6643,14,58,127,2025-04-15,1618,1492,Rejected
6644,38,64,98,2025-08-04,1114,1049,Rejected
6645,28,35,67,2025-12-24,568,553,Completed
6646,16,75,150,2025-02-26,1059,972,Completed
6647,31,23,54,2025-04-29,1097,1112,Completed
6648,25,33,141,2025-02-15,1816,1893,Completed
6649,27,45,91,2025-05-23,1204,1065,Delayed
6650,18,50,1,2025-03-18,542,565,Rejected
6651,7,4,120,2025-02-18,1753,1820,Rejected
6652,36,45,28,2025-04-06,856,896,Rejected
6653,9,3,118,2025-12-21,727,737,Delayed
6654,37,59,102,2025-02-25,729,641,Completed
6655,6,58,146,2025-06-08,622,636,Delayed
6656,23,24,80,2025-10-30,695,607,Completed
6657,2,36,132,2025-10-10,1162,1046,Delayed
6658,10,73,85,2025-08-23,1348,1285,Completed
6659,35,1,66,2025-05-13,509,446,Completed
6660,30,19,137,2025-12-13,1656,1476,Completed
6661,30,61,75,2025-07-15,1687,1629,Completed
6662,23,10,27,2025-10-10,1324,1367,Delayed
6663,13,33,100,2025-08-11,1954,1726,Completed
6664,14,6,84,2025-08-26,1417,1231,Delayed
6665,9,53,123,2025-05-04,1776,1830,Rejected
6666,4,10,59,2025-12-05,1752,1560,Delayed
6667,15,69,91,2025-03-31,1666,1506,Delayed
6668,37,27,32,2025-11-02,1558,1347,Delayed
6669,13,73,43,2025-07-01,670,621,Rejected
6670,35,1,53,2026-01-01,972,888,Rejected
6671,4,30,5,2025-11-17,637,601,Rejected
6672,39,45,57,2025-01-24,1723,1487,Completed
6673,40,13,54,2025-01-25,537,516,Rejected
6674,9,57,37,2025-11-13,1129,1065,Rejected
6675,2,22,31,2025-10-15,1661,1458,Completed
6676,16,21,11,2025-02-22,1303,1335,Delayed
6677,37,27,28,2025-08-29,1858,1939,Completed
6678,26,13,58,2025-11-17,1727,1583,Rejected
6679,33,31,89,2025-12-10,891,840,Delayed
6680,6,29,69,2025-03-11,1802,1683,Completed
6681,17,26,15,2025-04-06,968,887,Completed
6682,39,21,99,2025-04-02,989,899,Rejected
6683,14,42,11,2025-07-07,933,872,Rejected
6684,19,7,132,2025-07-08,592,565,Rejected
6685,35,49,71,2026-01-01,1342,1338,Completed
6686,15,52,95,2025-06-25,629,642,Completed
6687,37,20,42,2025-12-07,664,640,Completed
6688,1,60,122,2025-03-11,985,982,Rejected
6689,39,53,73,2025-07-15,588,518,Rejected
6690,13,20,52,2025-04-14,1916,1741,Completed
6691,38,6,56,2025-08-28,1509,1459,Delayed
6692,3,49,139,2025-10-06,589,528,Completed
6693,23,5,18,2025-01-15,1595,1441,Completed
6694,15,44,23,2025-04-05,817,780,Completed
6695,13,64,145,2025-09-03,1138,1117,Delayed
6696,39,11,81,2025-05-20,1609,1442,Completed
6697,22,40,90,2025-10-28,1709,1498,Completed
6698,2,59,54,2025-12-29,1640,1679,Completed
6699,20,63,141,2025-02-26,1866,1771,Rejected
6700,39,65,149,2025-09-27,1466,1520,Completed
6701,13,55,41,2025-12-29,1333,1210,Completed
6702,25,30,73,2025-01-23,893,796,Completed
6703,35,21,52,2025-01-15,1928,1889,Completed
6704,5,75,66,2025-03-05,1361,1218,Completed
6705,28,49,49,2025-05-06,804,808,Completed
6706,8,60,137,2025-12-11,1741,1525,Rejected
6707,7,13,81,2025-08-01,1482,1530,Completed
6708,12,5,2,2025-03-09,1041,1005,Delayed
6709,21,67,62,2025-02-18,1609,1631,Completed
6710,10,4,27,2025-06-24,1004,903,Completed
6711,24,48,134,2025-11-25,1229,1091,Completed
6712,15,60,58,2025-01-30,1415,1266,Completed
6713,29,8,24,2025-06-27,1730,1737,Completed
6714,37,51,20,2025-08-07,1979,1924,Delayed
6715,39,16,42,2025-04-29,1602,1614,Delayed
6716,28,12,59,2025-12-06,1349,1178,Completed
6717,19,52,101,2025-07-03,1475,1489,Completed
6718,27,20,70,2025-02-05,1026,950,Completed
6719,18,1,141,2025-12-15,1863,1723,Completed
6720,34,22,85,2025-04-17,1594,1600,Delayed
6721,8,21,141,2025-01-24,902,923,Completed
6722,30,34,3,2025-05-22,1249,1303,Completed
6723,24,36,115,2025-09-03,1051,928,Delayed
6724,18,58,93,2025-02-12,1148,1043,Completed
6725,14,1,97,2025-06-26,1946,1701,Delayed
6726,31,73,77,2025-10-08,1209,1094,Rejected
6727,10,3,104,2025-02-06,1436,1501,Rejected
6728,37,39,18,2025-06-13,1493,1560,Completed
6729,28,45,67,2025-06-13,1101,963,Completed
6730,10,67,68,2025-10-23,895,850,Delayed
6731,22,1,5,2025-12-31,1685,1702,Rejected
6732,17,69,110,2025-12-13,735,657,Completed
6733,19,70,119,2025-12-24,1572,1463,Delayed
6734,8,35,140,2025-05-26,1963,1765,Delayed
6735,31,22,132,2025-06-22,1239,1246,Completed
6736,37,47,69,2025-06-04,1506,1535,Rejected
6737,12,29,1,2025-10-10,1825,1883,Completed
6738,22,45,16,2025-02-08,1029,1050,Delayed
6739,3,65,74,2025-08-12,1390,1407,Completed
6740,21,51,63,2025-05-18,1655,1679,Rejected
6741,23,71,88,2025-04-17,516,458,Completed
6742,3,46,27,2025-09-13,600,585,Completed
6743,40,72,32,2025-11-17,1316,1379,Completed
6744,19,5,24,2025-06-28,1589,1352,Rejected
6745,31,15,50,2025-05-06,1534,1569,Delayed
6746,36,10,144,2025-04-29,1310,1220,Completed
6747,39,45,80,2025-07-09,1719,1583,Completed
6748,17,1,131,2025-11-15,1141,1034,Delayed
6749,20,38,64,2025-02-24,1847,1667,Completed
6750,36,48,118,2025-06-30,775,736,Completed
6751,3,21,127,2025-11-29,1431,1491,Completed
6752,5,59,22,2025-04-29,765,717,Rejected
6753,2,41,42,2025-11-22,740,776,Delayed
6754,17,69,143,2025-08-31,1210,1042,Rejected
6755,38,35,150,2025-02-25,1455,1469,Rejected
6756,18,41,43,2025-10-22,1346,1303,Completed
6757,4,63,66,2025-03-13,829,869,Completed
6758,31,61,72,2025-05-09,1855,1867,Completed
6759,35,54,104,2025-11-30,738,698,Completed
6760,31,8,21,2025-06-01,1554,1351,Completed
6761,24,52,32,2025-09-06,719,729,Completed
6762,17,27,141,2025-03-01,1578,1618,Completed
6763,31,16,25,2025-07-24,1136,1048,Delayed
6764,36,26,150,2025-11-29,691,697,Completed
6765,24,40,19,2025-12-17,1085,1072,Delayed
6766,14,59,130,2025-12-18,876,902,Completed
6767,1,6,125,2025-03-16,905,784,Completed
6768,36,57,129,2025-07-04,1795,1611,Completed
6769,8,2,114,2025-08-05,1135,1041,Rejected
6770,9,1,73,2025-11-11,1874,1791,Rejected
6771,38,44,93,2025-05-20,1290,1153,Completed
6772,7,41,76,2025-04-04,1370,1179,Completed
6773,35,3,41,2025-08-12,1992,1874,Rejected
6774,10,71,5,2025-02-20,1372,1431,Rejected
6775,38,31,91,2025-12-25,1423,1389,Delayed
6776,21,68,104,2025-09-15,1610,1541,Completed
6777,21,49,16,2025-08-16,1885,1781,Completed
6778,3,66,137,2025-09-17,1778,1861,Rejected
6779,40,31,24,2025-07-21,1867,1635,Completed
6780,11,41,50,2025-11-02,1326,1361,Completed
6781,18,2,127,2025-09-18,1775,1640,Rejected
6782,5,28,27,2025-12-25,566,524,Completed
6783,10,25,2,2025-04-21,1236,1218,Completed
6784,2,42,53,2025-09-05,1759,1786,Completed
6785,22,53,107,2025-07-10,1602,1396,Completed
6786,10,55,20,2025-07-28,582,578,Delayed
6787,27,5,7,2025-11-22,1065,938,Delayed
6788,7,34,19,2025-03-25,576,495,Rejected
6789,4,25,72,2025-07-24,575,525,Completed
6790,17,3,87,2025-05-17,1476,1260,Completed
6791,13,66,57,2025-10-16,1021,911,Completed
6792,23,55,141,2025-08-08,1383,1389,Completed
6793,4,33,75,2025-12-21,1682,1703,Completed
6794,18,5,113,2025-10-10,1883,1625,Completed
6795,14,24,22,2025-08-06,1970,1858,Completed
6796,4,20,16,2025-07-26,1910,1980,Completed
6797,32,2,62,2025-04-13,647,554,Completed
6798,10,41,10,2025-12-20,1256,1180,Completed
6799,36,18,149,2025-09-15,1754,1503,Delayed
6800,22,29,143,2025-10-20,1160,1082,Completed
6801,17,65,136,2025-05-27,1795,1835,Completed
6802,31,4,77,2025-06-23,1513,1376,Completed
6803,27,73,62,2025-01-28,1588,1513,Completed
6804,33,68,109,2025-08-29,1211,1176,Delayed
6805,40,45,73,2025-08-22,1004,950,Completed
6806,29,13,140,2025-06-28,1113,974,Delayed
6807,9,61,22,2025-01-25,1206,1190,Completed
6808,12,59,105,2025-02-15,542,566,Rejected
6809,22,11,35,2025-02-17,988,905,Completed
6810,8,69,146,2025-09-14,636,573,Completed
6811,14,57,81,2025-09-03,1341,1211,Rejected
6812,17,25,102,2025-12-13,1336,1171,Delayed
6813,30,56,92,2025-08-10,1426,1215,Completed
6814,21,43,121,2025-03-17,1249,1186,Completed
6815,18,22,96,2025-03-30,1196,1042,Completed
6816,10,41,141,2025-03-11,915,793,Delayed
6817,30,49,76,2025-08-11,1041,1035,Completed
6818,9,24,2,2025-10-16,1379,1174,Completed
6819,28,62,110,2025-04-18,1808,1739,Completed
6820,11,15,6,2025-08-27,1614,1541,Delayed
6821,30,43,76,2025-06-07,938,827,Completed
6822,4,13,20,2025-06-17,841,759,Completed
6823,25,55,148,2025-09-14,1906,1633,Rejected
6824,33,54,39,2025-03-07,1783,1675,Completed
6825,16,16,84,2025-07-19,1800,1832,Delayed
6826,31,22,42,2025-03-06,766,734,Rejected
6827,23,56,82,2025-12-17,1216,1134,Completed
6828,12,52,93,2025-10-16,556,526,Completed
6829,1,46,58,2025-12-07,997,998,Rejected
6830,20,32,49,2025-04-02,1404,1382,Completed
6831,19,49,137,2025-08-31,1876,1951,Rejected
6832,21,17,37,2025-06-18,1490,1299,Delayed
6833,11,48,141,2025-04-26,1666,1447,Completed
6834,32,54,109,2025-03-06,795,728,Rejected
6835,20,30,101,2025-09-08,1000,1049,Completed
6836,15,60,32,2025-03-21,1278,1166,Completed
6837,37,34,66,2025-08-24,526,447,Completed
6838,40,19,24,2025-11-05,1397,1293,Completed
6839,18,14,66,2025-12-10,1573,1369,Delayed
6840,28,28,128,2025-05-11,1825,1576,Completed
6841,7,52,79,2025-04-17,1164,1137,Completed
6842,2,68,72,2025-05-12,609,589,Delayed
6843,23,65,52,2025-11-01,848,884,Delayed
6844,18,73,143,2025-05-24,1751,1584,Completed
6845,34,66,64,2025-08-15,1879,1834,Completed
6846,37,37,92,2025-08-31,1769,1532,Completed
6847,1,58,38,2025-01-04,1117,1009,Completed
6848,16,75,32,2025-07-08,1013,880,Completed
6849,30,35,113,2025-03-22,1959,1773,Completed
6850,20,1,1,2025-09-17,1475,1472,Delayed
6851,20,61,96,2025-12-17,1349,1311,Completed
6852,9,39,38,2025-05-03,1813,1589,Completed
6853,22,29,43,2025-06-04,1480,1308,Completed
6854,7,64,116,2025-04-06,1720,1797,Completed
6855,14,3,82,2025-09-12,1622,1514,Delayed
6856,8,75,25,2025-11-28,1856,1855,Delayed
6857,36,2,135,2025-06-16,946,804,Delayed
6858,6,51,7,2025-04-22,1578,1637,Rejected
6859,28,10,105,2025-12-09,553,566,Completed
6860,36,34,101,2025-02-12,1001,932,Completed
6861,23,3,29,2025-09-06,660,654,Completed
6862,20,47,48,2025-02-06,1659,1731,Completed
6863,8,7,96,2025-05-25,926,915,Completed
6864,1,66,13,2025-01-31,1374,1355,Completed
6865,27,67,150,2025-01-14,1586,1615,Rejected
6866,38,59,17,2025-01-23,1975,1767,Completed
6867,31,46,5,2025-12-19,1714,1722,Completed
6868,8,49,83,2025-12-10,534,503,Delayed
6869,38,48,36,2025-07-25,960,948,Completed
6870,9,41,21,2025-01-19,1053,968,Rejected
6871,18,30,106,2025-12-13,828,859,Delayed
6872,12,65,71,2025-12-13,1074,984,Delayed
6873,8,20,78,2025-08-26,709,624,Completed
6874,16,41,24,2025-05-12,1725,1477,Delayed
6875,10,35,48,2025-06-28,1568,1472,Completed
6876,28,69,150,2025-11-20,909,828,Completed
6877,14,14,108,2025-07-28,845,761,Completed
6878,24,25,143,2025-09-01,1449,1445,Delayed
6879,39,62,86,2025-01-22,936,878,Completed
6880,12,16,68,2025-07-12,1601,1432,Completed
6881,32,56,13,2025-08-25,1228,1211,Rejected
6882,39,50,17,2025-09-18,745,743,Delayed
6883,21,1,130,2025-11-13,1400,1258,Completed
6884,26,69,49,2025-12-29,1855,1773,Completed
6885,28,13,139,2025-11-08,1978,1910,Completed
6886,25,45,123,2025-04-13,1952,2028,Completed
6887,29,7,103,2025-08-08,1864,1602,Delayed
6888,19,1,93,2025-05-27,921,919,Completed
6889,8,19,50,2025-07-08,1109,1075,Completed
6890,27,69,89,2025-02-16,1085,1093,Completed
6891,36,34,133,2025-05-14,1099,1080,Delayed
6892,9,71,146,2025-06-30,1131,1090,Rejected
6893,11,31,99,2025-08-07,1906,1969,Completed
6894,2,6,137,2025-10-03,518,491,Rejected
6895,1,60,46,2025-12-22,1947,1817,Completed
6896,19,43,57,2025-01-01,1249,1123,Delayed
6897,17,30,110,2025-11-17,571,551,Completed
6898,20,53,147,2025-12-18,925,902,Completed
6899,36,45,86,2025-09-03,843,824,Completed
6900,6,50,77,2025-03-10,1445,1400,Rejected
6901,24,25,74,2025-08-16,730,666,Completed
6902,3,62,100,2025-02-06,745,664,Completed
6903,4,74,83,2025-11-04,1870,1633,Completed
6904,9,38,15,2025-12-01,1107,1027,Completed
6905,33,24,66,2025-06-19,1340,1244,Completed
6906,1,37,19,2025-05-25,1102,1145,Rejected
6907,20,1,57,2025-05-04,1961,1710,Rejected
6908,21,65,3,2025-11-29,1801,1627,Completed
6909,29,51,6,2025-09-10,1426,1449,Rejected
6910,6,40,109,2025-10-26,1557,1561,Rejected
6911,24,66,53,2025-05-25,1807,1787,Completed
6912,36,18,30,2025-10-25,1718,1495,Rejected
6913,18,6,2,2025-02-25,1650,1620,Completed
6914,13,35,131,2025-02-15,1136,1133,Completed
6915,1,73,73,2025-12-26,1789,1798,Delayed
6916,39,50,114,2025-10-26,1013,1045,Completed
6917,11,60,8,2025-12-04,1961,1824,Completed
6918,33,15,84,2025-02-14,1182,1100,Delayed
6919,14,55,9,2025-04-05,1835,1569,Completed
6920,25,67,18,2025-02-17,1285,1267,Completed
6921,24,22,56,2025-11-25,1267,1173,Completed
6922,8,17,22,2025-01-27,570,549,Completed
6923,17,11,30,2025-06-04,504,487,Completed
6924,33,42,81,2025-12-15,764,727,Delayed
6925,3,40,96,2025-02-19,853,775,Rejected
6926,24,32,72,2025-01-22,1385,1304,Delayed
6927,38,51,95,2025-10-13,1321,1308,Completed
6928,1,74,35,2025-10-02,1563,1405,Completed
6929,11,40,66,2025-02-25,1823,1560,Completed
6930,7,25,13,2025-06-19,1278,1149,Completed
6931,7,12,143,2025-10-29,1905,1699,Completed
6932,13,12,76,2025-09-17,1125,1133,Delayed
6933,12,34,93,2025-07-19,1636,1698,Completed
6934,18,11,51,2025-07-29,1989,2083,Rejected
6935,34,11,71,2025-07-02,1083,984,Completed
6936,19,72,1,2025-09-14,1967,1938,Completed
6937,29,5,120,2025-09-15,1329,1249,Delayed
6938,20,40,126,2025-05-23,1218,1115,Completed
6939,27,63,3,2025-04-29,640,586,Completed
6940,35,30,33,2025-11-06,1153,1166,Completed
6941,25,16,5,2025-03-27,583,578,Completed
6942,27,15,137,2025-10-18,1395,1395,Completed
6943,17,36,17,2025-05-29,1533,1448,Completed
6944,28,19,73,2025-08-03,543,461,Completed
6945,10,59,7,2025-04-13,791,704,Completed
6946,30,18,148,2025-08-23,1422,1323,Rejected
6947,16,25,114,2025-11-25,1453,1365,Delayed
6948,25,10,69,2025-09-25,1943,1783,Completed
6949,37,72,63,2025-11-14,1502,1316,Completed
6950,7,60,118,2025-04-01,859,735,Delayed
6951,40,7,144,2025-05-02,1201,1067,Delayed
6952,38,42,122,2025-08-27,1518,1505,Completed
6953,12,60,25,2025-01-28,1377,1430,Completed
6954,27,1,94,2025-08-24,1996,2057,Completed
6955,27,12,122,2025-10-17,1287,1297,Completed
6956,17,12,24,2025-08-26,856,876,Completed
6957,6,19,7,2025-11-26,1063,1058,Completed
6958,25,40,117,2025-09-03,1198,1197,Completed
6959,37,71,148,2025-05-29,512,499,Rejected
6960,8,9,125,2025-10-06,1713,1642,Rejected
6961,34,33,49,2025-06-30,1002,1021,Rejected
6962,35,73,136,2025-06-04,1731,1810,Delayed
6963,36,2,93,2025-01-28,1531,1421,Completed
6964,27,5,90,2025-05-29,1385,1449,Completed
6965,32,1,59,2025-06-24,1757,1630,Completed
6966,30,46,73,2025-06-03,718,699,Completed
6967,2,32,5,2025-03-04,1233,1119,Completed
6968,15,56,101,2025-10-14,910,827,Rejected
6969,39,68,86,2025-12-05,903,839,Completed
6970,31,45,30,2025-10-01,1967,1737,Delayed
6971,25,19,72,2025-03-30,1199,1025,Rejected
6972,21,32,142,2025-09-10,1467,1492,Rejected
6973,35,53,100,2025-05-11,1371,1319,Completed
6974,32,32,138,2025-11-29,990,997,Completed
6975,15,35,66,2025-12-16,1404,1413,Completed
6976,24,58,16,2025-11-16,1697,1726,Completed
6977,21,24,111,2025-03-16,991,1016,Completed
6978,21,26,68,2025-07-14,537,544,Rejected
6979,27,26,99,2025-08-03,1910,1709,Rejected
6980,30,18,90,2025-08-05,1819,1572,Completed
6981,1,25,4,2025-11-21,746,643,Completed
6982,19,24,90,2025-11-17,1122,961,Completed
6983,12,39,136,2025-10-16,1361,1324,Completed
6984,19,21,29,2025-01-03,923,944,Delayed
6985,33,10,53,2025-03-13,1305,1189,Completed
6986,4,25,25,2025-02-22,1636,1663,Delayed
6987,13,15,21,2025-01-03,1112,1129,Completed
6988,16,49,82,2025-12-31,971,862,Completed
6989,30,4,46,2025-05-17,1789,1727,Completed
6990,21,35,2,2025-06-17,530,451,Completed
6991,38,47,97,2025-11-19,1117,983,Rejected
6992,33,29,29,2025-03-11,1501,1361,Completed
6993,28,5,37,2025-10-11,595,609,Completed
6994,1,35,128,2025-11-30,739,632,Delayed
6995,39,1,32,2025-08-03,611,616,Completed
6996,31,57,49,2025-06-02,1925,1850,Completed
6997,15,1,149,2025-11-17,1719,1783,Completed
6998,31,32,72,2025-05-24,698,672,Completed
6999,30,25,68,2025-03-16,1353,1194,Completed
7000,37,41,76,2025-10-08,863,802,Rejected
7001,39,68,28,2025-02-01,1096,1126,Completed
7002,33,20,82,2025-07-10,1607,1468,Rejected
7003,37,59,5,2025-02-12,579,535,Rejected
7004,38,61,62,2025-05-21,789,710,Completed
7005,19,65,108,2025-12-12,1929,1929,Completed
7006,2,1,35,2025-09-11,512,515,Completed
7007,22,68,123,2025-05-24,936,814,Completed
7008,7,15,99,2025-06-04,1863,1700,Delayed
7009,28,1,127,2025-05-16,1916,1639,Rejected
7010,37,12,146,2025-10-30,854,811,Rejected
7011,32,67,21,2025-10-31,996,874,Completed
7012,11,67,80,2025-03-19,1246,1101,Completed
7013,27,17,65,2025-01-05,657,577,Completed
7014,36,2,140,2025-02-03,1394,1422,Rejected
7015,23,13,98,2025-02-11,1244,1208,Rejected
7016,14,49,116,2025-11-18,736,639,Delayed
7017,16,48,43,2025-11-28,1286,1257,Completed
7018,8,50,73,2025-10-28,1388,1249,Completed
7019,38,15,73,2025-01-02,954,998,Completed
7020,25,64,24,2025-06-16,1332,1175,Completed
7021,14,36,37,2025-02-26,619,637,Delayed
7022,11,52,75,2025-07-03,816,769,Completed
7023,24,2,61,2025-10-29,1598,1634,Rejected
7024,6,66,31,2025-06-02,1379,1408,Completed
7025,38,44,64,2025-10-12,1994,1922,Completed
7026,37,59,83,2025-07-21,1062,1090,Rejected
7027,16,58,81,2025-12-31,1135,997,Delayed
7028,35,41,79,2025-08-21,1142,1108,Completed
7029,7,48,3,2025-02-20,1834,1687,Completed
7030,27,42,66,2025-05-22,523,516,Completed
7031,3,6,30,2025-01-23,2000,2040,Completed
7032,32,57,58,2025-09-24,1206,1035,Rejected
7033,36,32,74,2025-06-21,1195,1018,Completed
7034,9,45,107,2025-11-17,1030,900,Completed
7035,18,25,117,2025-12-02,1833,1632,Completed
7036,26,2,63,2025-11-20,899,885,Completed
7037,10,48,79,2025-09-05,913,955,Completed
7038,30,57,130,2025-07-02,1510,1479,Delayed
7039,11,23,149,2025-10-06,694,624,Completed
7040,11,28,71,2025-08-08,667,691,Completed
7041,16,51,55,2025-11-26,843,846,Rejected
7042,28,71,139,2025-07-24,850,726,Delayed
7043,12,4,71,2025-12-13,1161,1097,Rejected
7044,21,66,81,2025-06-17,674,632,Completed
7045,3,6,42,2025-05-02,1706,1678,Completed
7046,29,59,84,2025-02-01,1363,1409,Delayed
7047,37,68,43,2025-03-24,1622,1628,Completed
7048,13,58,114,2025-09-16,552,575,Completed
7049,31,74,75,2025-04-19,1105,998,Completed
7050,33,17,116,2025-03-31,702,707,Completed
7051,18,6,83,2025-10-23,826,732,Delayed
7052,10,21,78,2025-08-30,686,654,Delayed
7053,14,3,2,2025-04-13,1935,2018,Rejected
7054,26,44,55,2025-03-17,529,465,Completed
7055,36,4,16,2025-02-07,1978,1760,Rejected
7056,4,38,100,2025-03-27,1424,1412,Delayed
7057,23,70,15,2025-04-03,1641,1653,Completed
7058,34,16,105,2025-07-06,1790,1563,Delayed
7059,36,54,73,2025-07-26,517,490,Delayed
7060,14,48,83,2025-11-24,1051,1022,Completed
7061,10,8,3,2025-09-19,640,590,Completed
7062,5,11,98,2025-11-29,1675,1475,Completed
7063,5,12,130,2025-11-27,975,969,Rejected
7064,23,72,125,2025-07-07,1589,1567,Completed
7065,36,32,86,2025-10-03,801,810,Completed
7066,25,62,65,2025-05-03,934,891,Completed
7067,23,72,51,2025-07-28,869,871,Completed
7068,19,54,145,2025-11-13,648,614,Completed
7069,22,50,49,2025-03-13,657,622,Completed
7070,15,6,3,2025-06-09,626,650,Completed
7071,22,44,97,2025-11-26,1989,2039,Completed
7072,20,36,134,2025-08-27,1053,936,Completed
7073,25,39,17,2025-05-25,1036,992,Delayed
7074,12,41,107,2025-11-23,1139,1148,Rejected
7075,9,3,69,2025-07-01,1814,1551,Completed
7076,18,13,70,2025-10-20,1467,1393,Completed
7077,31,67,12,2025-01-12,1293,1290,Rejected
7078,35,7,11,2025-02-12,1222,1185,Completed
7079,15,6,28,2025-05-15,886,768,Completed
7080,30,11,13,2025-10-02,579,516,Rejected
7081,17,49,117,2025-07-27,694,683,Delayed
7082,3,46,76,2025-12-12,1950,1804,Completed
7083,35,10,90,2025-05-18,1103,1150,Rejected
7084,30,17,42,2025-03-20,1664,1663,Completed
7085,11,8,79,2025-01-13,1728,1545,Completed
7086,1,4,103,2025-08-22,828,847,Rejected
7087,19,3,45,2025-01-01,1628,1612,Completed
7088,31,54,16,2025-04-17,1381,1256,Rejected
7089,30,31,74,2025-08-16,528,494,Rejected
7090,7,59,4,2025-12-22,1843,1856,Delayed
7091,13,43,47,2025-07-23,1594,1638,Completed
7092,21,72,142,2025-03-14,1004,895,Rejected
7093,21,62,40,2025-12-02,1088,1019,Completed
7094,23,18,9,2025-02-01,1275,1295,Completed
7095,10,42,73,2025-01-05,1361,1174,Completed
7096,20,33,51,2025-05-25,1859,1658,Completed
7097,9,73,104,2025-09-01,1857,1882,Completed
7098,38,2,30,2025-11-21,875,797,Completed
7099,26,62,136,2025-12-23,1287,1186,Delayed
7100,4,75,145,2025-10-16,576,557,Delayed
7101,10,4,74,2025-07-24,734,695,Completed
7102,32,60,132,2025-08-15,681,676,Delayed
7103,16,39,43,2025-08-22,1632,1437,Completed
7104,19,62,122,2025-11-12,1214,1244,Rejected
7105,36,38,149,2025-08-27,1606,1643,Completed
7106,32,52,10,2025-07-15,1293,1120,Completed
7107,31,43,87,2025-09-14,564,517,Completed
7108,19,8,3,2025-06-01,683,651,Completed
7109,6,13,54,2025-02-17,1615,1582,Rejected
7110,40,53,127,2025-03-27,1147,1147,Completed
7111,2,68,89,2025-01-28,755,780,Completed
7112,9,28,23,2025-05-02,803,689,Rejected
7113,17,69,85,2025-01-17,1602,1402,Completed
7114,31,4,77,2025-07-28,1545,1614,Rejected
7115,36,32,132,2025-02-17,1237,1137,Completed
7116,40,46,20,2025-03-05,1909,1708,Completed
7117,32,15,75,2025-05-22,524,514,Completed
7118,12,20,14,2025-09-23,1463,1364,Completed
7119,22,50,88,2025-03-02,1025,945,Delayed
7120,7,52,50,2025-09-08,1538,1528,Delayed
7121,2,63,132,2025-06-08,1055,922,Completed
7122,15,11,63,2025-02-21,529,536,Completed
7123,40,50,74,2025-07-04,1140,988,Delayed
7124,11,17,66,2025-12-03,622,587,Completed
7125,6,61,106,2025-09-05,516,506,Rejected
7126,2,14,142,2025-10-08,897,862,Completed
7127,31,51,75,2025-12-24,1422,1249,Delayed
7128,4,33,60,2025-08-26,570,576,Delayed
7129,29,20,78,2025-06-11,1195,1212,Completed
7130,19,7,27,2025-09-07,1632,1499,Completed
7131,23,29,124,2025-11-20,679,582,Rejected
7132,1,33,17,2025-02-02,678,607,Rejected
7133,30,64,148,2025-10-03,1765,1695,Delayed
7134,9,42,31,2025-06-23,1475,1547,Completed
7135,30,68,79,2025-09-10,1584,1591,Completed
7136,11,11,95,2025-04-05,680,647,Completed
7137,21,58,77,2025-11-30,1193,1184,Completed
7138,38,21,85,2025-10-10,1106,1120,Completed
7139,25,72,72,2025-05-05,1546,1460,Completed
7140,10,21,40,2025-03-25,1530,1437,Rejected
7141,3,71,4,2025-10-07,580,597,Completed
7142,18,26,82,2025-06-02,1777,1622,Delayed
7143,24,51,85,2025-10-23,1509,1560,Delayed
7144,39,72,85,2025-02-16,1474,1439,Delayed
7145,39,55,147,2025-12-02,1793,1817,Completed
7146,24,4,150,2025-12-18,1268,1116,Completed
7147,21,29,143,2025-11-29,1768,1537,Rejected
7148,28,55,27,2025-10-10,789,696,Completed
7149,26,59,139,2025-01-23,945,879,Completed
7150,8,61,123,2025-03-14,935,844,Completed
7151,26,18,91,2025-10-07,1922,1991,Rejected
7152,18,9,90,2025-11-12,642,578,Completed
7153,2,47,134,2025-06-12,933,961,Completed
7154,4,15,9,2025-09-02,634,584,Completed
7155,28,55,141,2025-08-28,1246,1083,Completed
7156,28,50,80,2025-10-12,1620,1427,Completed
7157,20,70,44,2025-02-02,1433,1385,Rejected
7158,21,53,46,2025-02-23,792,729,Delayed
7159,4,4,12,2025-02-04,1075,1061,Completed
7160,16,15,52,2025-06-30,1668,1430,Delayed
7161,32,44,120,2025-12-31,1414,1409,Rejected
7162,14,12,12,2025-05-31,1918,1685,Delayed
7163,36,17,147,2025-09-19,947,921,Completed
7164,2,53,60,2025-01-07,1942,1743,Completed
7165,8,29,47,2025-11-30,1001,980,Completed
7166,23,26,103,2025-08-05,1789,1762,Completed
7167,23,5,133,2025-10-25,1169,1002,Completed
7168,27,22,61,2025-09-18,1174,1130,Rejected
7169,32,75,41,2025-11-07,782,717,Rejected
7170,36,51,49,2025-03-29,1347,1256,Completed
7171,11,25,140,2025-05-18,1481,1354,Delayed
7172,10,16,148,2025-02-18,512,519,Rejected
7173,1,42,49,2025-06-15,548,561,Delayed
7174,5,30,19,2025-11-14,1800,1631,Completed
7175,19,74,78,2025-04-27,1365,1374,Delayed
7176,28,10,21,2025-04-01,1860,1944,Completed
7177,38,2,39,2025-03-17,1569,1639,Delayed
7178,31,14,4,2025-01-23,949,849,Completed
7179,19,70,111,2025-01-22,599,556,Completed
7180,31,44,93,2025-06-06,687,678,Rejected
7181,35,3,100,2025-02-15,1477,1351,Completed
7182,38,3,61,2025-01-29,1052,989,Rejected
7183,25,41,7,2025-07-28,763,678,Completed
7184,38,69,137,2025-10-22,1881,1871,Delayed
7185,28,8,77,2025-09-24,1427,1243,Rejected
7186,2,14,98,2025-07-26,1345,1374,Rejected
7187,32,56,61,2025-10-24,1101,1016,Completed
7188,35,57,31,2025-07-30,1501,1439,Completed
7189,22,25,43,2025-01-30,1953,2001,Delayed
7190,17,39,123,2025-04-19,651,609,Completed
7191,36,12,107,2025-02-12,1960,1945,Delayed
7192,12,61,108,2025-12-28,1728,1800,Completed
7193,25,1,67,2025-03-23,1964,1861,Completed
7194,17,21,37,2025-11-26,519,537,Completed
7195,24,24,4,2025-06-17,699,649,Delayed
7196,2,7,123,2025-06-07,837,784,Completed
7197,21,11,122,2025-09-14,712,676,Completed
7198,31,36,39,2025-10-29,1089,1116,Delayed
7199,17,12,42,2025-11-27,527,498,Completed
7200,27,64,115,2025-01-23,1833,1661,Rejected
7201,16,64,25,2025-11-14,1623,1664,Rejected
7202,27,59,14,2025-03-17,505,480,Completed
7203,34,64,68,2025-11-30,1039,992,Rejected
7204,36,10,141,2025-12-28,1679,1521,Rejected
7205,39,11,103,2025-02-13,1276,1331,Completed
7206,38,41,5,2025-12-28,1867,1730,Completed
7207,11,62,60,2025-07-08,540,541,Completed
7208,29,64,21,2025-09-01,1334,1351,Rejected
7209,16,67,79,2025-07-23,1379,1283,Completed
7210,13,14,147,2025-07-22,1211,1145,Delayed
7211,24,70,108,2025-03-17,556,490,Delayed
7212,19,56,81,2025-07-19,747,674,Delayed
7213,30,50,81,2025-07-03,1179,1012,Completed
7214,27,20,110,2025-05-01,1942,1974,Completed
7215,31,29,68,2025-12-17,1401,1344,Completed
7216,2,3,65,2025-02-18,1998,1939,Delayed
7217,26,52,24,2025-12-22,1092,1112,Delayed
7218,3,48,57,2025-12-17,1541,1382,Completed
7219,30,19,70,2025-07-14,1312,1337,Completed
7220,28,56,45,2025-10-24,1280,1115,Completed
7221,37,18,48,2025-04-04,515,501,Completed
7222,11,4,76,2025-05-21,1908,1960,Completed
7223,8,28,110,2025-03-08,547,564,Completed
7224,10,60,83,2025-01-26,1908,1982,Completed
7225,2,18,44,2025-08-04,756,699,Completed
7226,9,64,140,2025-09-22,1603,1434,Completed
7227,8,65,63,2025-12-08,1190,1140,Completed
7228,25,35,27,2025-10-07,1611,1482,Delayed
7229,36,66,19,2025-03-18,1813,1746,Delayed
7230,17,3,107,2025-12-14,1582,1520,Completed
7231,39,30,123,2025-05-26,1926,1825,Completed
7232,36,47,146,2025-06-21,1204,1262,Completed
7233,22,60,125,2025-11-17,1871,1809,Completed
7234,14,25,90,2025-12-13,1998,1756,Rejected
7235,37,59,26,2025-12-18,1083,1133,Delayed
7236,13,16,119,2025-10-24,1517,1420,Completed
7237,19,63,10,2025-03-19,765,721,Rejected
7238,3,55,131,2025-10-04,1291,1121,Rejected
7239,38,41,109,2025-03-12,1579,1549,Completed
7240,19,16,87,2025-02-27,1412,1257,Completed
7241,30,13,67,2025-01-10,1272,1294,Completed
7242,36,23,9,2025-08-22,1387,1278,Completed
7243,38,58,77,2025-01-22,1962,1835,Rejected
7244,36,14,114,2025-02-15,1310,1142,Delayed
7245,15,4,104,2025-08-17,1051,1003,Completed
7246,8,75,110,2025-03-11,1412,1410,Completed
7247,25,30,4,2025-06-23,1610,1456,Completed
7248,18,75,6,2025-01-11,1014,954,Rejected
7249,39,62,35,2025-11-06,1494,1421,Completed
7250,26,13,110,2025-05-21,1276,1235,Completed
7251,10,27,35,2025-10-16,556,569,Completed
7252,24,3,121,2025-12-15,792,794,Rejected
7253,29,5,11,2025-01-09,1536,1397,Completed
7254,39,35,33,2025-07-05,865,874,Rejected
7255,8,49,26,2025-03-12,712,614,Completed
7256,21,43,59,2025-05-10,1223,1223,Rejected
7257,13,73,92,2025-06-20,1041,1047,Completed
7258,25,24,107,2025-03-06,1187,1072,Delayed
7259,31,51,139,2025-07-25,982,861,Completed
7260,31,56,94,2025-11-10,501,448,Rejected
7261,22,16,27,2025-09-13,692,642,Completed
7262,13,69,52,2025-10-26,1165,1110,Completed
7263,1,29,132,2025-04-19,1652,1626,Delayed
7264,29,10,11,2025-01-10,1634,1409,Completed
7265,11,25,110,2025-12-28,1000,923,Completed
7266,15,63,72,2025-07-16,610,638,Rejected
7267,39,50,139,2025-04-15,939,859,Completed
7268,10,22,56,2025-08-15,586,555,Completed
7269,11,3,146,2025-08-08,1403,1312,Completed
7270,33,34,110,2025-08-16,1064,1084,Completed
7271,25,5,39,2025-04-21,1229,1239,Completed
7272,7,18,10,2025-10-06,1490,1389,Completed
7273,33,20,82,2025-11-24,507,509,Completed
7274,24,53,114,2025-10-21,939,850,Rejected
7275,7,48,24,2025-06-12,690,714,Rejected
7276,38,68,139,2025-12-29,1253,1187,Completed
7277,1,24,4,2025-03-27,1043,1057,Completed
7278,36,23,96,2025-04-11,1577,1593,Completed
7279,27,65,88,2025-06-19,623,534,Completed
7280,15,53,36,2025-09-30,1879,1964,Rejected
7281,14,17,142,2025-05-20,751,655,Completed
7282,22,60,48,2025-07-18,1151,1194,Completed
7283,37,59,78,2025-08-24,1898,1767,Completed
7284,25,66,24,2025-05-07,1710,1727,Completed
7285,2,74,117,2025-03-29,1127,1018,Completed
7286,34,21,8,2025-05-10,571,515,Completed
7287,26,67,48,2025-12-13,1845,1589,Completed
7288,20,75,42,2025-07-05,1797,1885,Completed
7289,2,46,42,2025-02-19,1549,1359,Delayed
7290,20,51,117,2025-04-12,1419,1240,Delayed
7291,34,63,87,2025-05-29,1132,988,Completed
7292,24,44,32,2025-07-05,1519,1543,Delayed
7293,1,15,83,2025-01-04,1113,1105,Completed
7294,14,49,33,2025-03-19,1586,1356,Rejected
7295,35,57,7,2025-04-04,993,988,Completed
7296,12,4,115,2025-04-22,1159,1095,Delayed
7297,32,22,70,2025-07-15,824,742,Completed
7298,31,4,53,2025-04-18,1909,1681,Completed
7299,25,63,81,2025-09-21,530,523,Completed
7300,25,13,97,2025-06-06,1590,1507,Completed
7301,34,16,127,2025-01-26,1303,1146,Completed
7302,37,9,54,2025-02-07,1696,1728,Rejected
7303,12,26,147,2025-02-14,1708,1523,Delayed
7304,40,32,67,2025-04-02,1607,1557,Rejected
7305,18,8,35,2025-07-13,1078,1039,Completed
7306,5,18,69,2025-10-05,1153,1105,Completed
7307,24,39,37,2025-05-13,1906,1661,Completed
7308,22,43,101,2025-10-30,1469,1322,Completed
7309,11,13,79,2025-03-19,806,730,Completed
7310,9,59,112,2025-11-24,535,540,Rejected
7311,22,46,109,2025-07-23,1295,1229,Completed
7312,36,34,61,2025-04-15,1395,1215,Rejected
7313,4,35,22,2025-01-31,854,809,Completed
7314,18,73,69,2025-05-03,1289,1178,Completed
7315,34,62,9,2025-08-10,575,530,Rejected
7316,3,66,68,2025-06-17,852,756,Delayed
7317,12,44,2,2025-09-18,1113,1074,Completed
7318,3,1,7,2025-12-24,1951,1791,Delayed
7319,40,19,53,2025-10-03,1117,1115,Completed
7320,7,56,67,2025-04-05,1245,1226,Rejected
7321,27,3,50,2025-11-01,1878,1786,Completed
7322,33,36,55,2025-08-16,1549,1587,Rejected
7323,15,72,145,2025-04-08,1074,954,Completed
7324,39,50,49,2025-01-23,976,838,Completed
7325,15,47,90,2025-09-01,920,793,Completed
7326,31,24,19,2025-08-27,1741,1821,Delayed
7327,8,65,135,2025-07-25,1848,1771,Completed
7328,21,8,100,2025-09-12,709,726,Completed
7329,12,75,27,2025-02-21,1519,1432,Completed
7330,31,43,115,2025-01-30,1032,951,Completed
7331,18,4,135,2025-07-04,1575,1511,Rejected
7332,33,47,36,2025-08-23,823,842,Completed
7333,13,43,119,2025-03-31,776,757,Rejected
7334,12,70,116,2025-07-06,1150,1079,Completed
7335,23,3,81,2025-11-19,773,759,Completed
7336,22,18,30,2025-10-09,1390,1345,Completed
7337,18,53,96,2025-02-06,1442,1416,Completed
7338,23,24,117,2025-10-01,676,661,Completed
7339,24,71,3,2025-10-05,1847,1580,Completed
7340,5,51,24,2025-06-06,962,1001,Completed
7341,36,19,124,2025-02-26,1069,991,Completed
7342,25,13,17,2025-01-02,1169,1115,Completed
7343,3,69,110,2025-07-08,1088,939,Completed
7344,30,32,81,2025-09-16,1272,1130,Rejected
7345,28,31,49,2025-09-03,1541,1455,Completed
7346,12,32,41,2025-11-05,1397,1408,Completed
7347,9,33,6,2025-12-12,1804,1778,Delayed
7348,8,37,104,2025-04-23,846,868,Completed
7349,18,24,38,2025-05-30,1765,1645,Completed
7350,10,19,83,2025-08-28,1656,1641,Delayed
7351,24,49,132,2025-01-20,1847,1777,Delayed
7352,22,63,93,2025-03-19,1960,1918,Completed
7353,32,70,129,2025-05-26,1440,1314,Completed
7354,26,48,9,2025-04-17,943,966,Rejected
7355,9,47,41,2025-10-28,1203,1151,Delayed
7356,22,6,55,2025-02-06,970,915,Delayed
7357,27,8,61,2025-02-04,1037,1036,Completed
7358,35,45,147,2025-08-03,928,819,Completed
7359,11,29,107,2025-04-30,1061,1006,Rejected
7360,17,44,14,2025-02-17,1860,1938,Rejected
7361,20,28,45,2025-02-04,1742,1556,Completed
7362,28,52,21,2025-04-23,1985,1791,Completed
7363,21,1,39,2025-05-17,1055,913,Delayed
7364,6,18,56,2025-10-06,1074,1058,Completed
7365,40,30,74,2025-10-25,1896,1971,Completed
7366,36,11,81,2025-05-30,1047,905,Rejected
7367,14,1,99,2025-06-23,1792,1598,Rejected
7368,19,48,31,2025-01-20,1372,1179,Delayed
7369,35,25,53,2025-05-13,1668,1745,Rejected
7370,24,42,79,2025-12-03,659,595,Delayed
7371,23,45,17,2025-10-29,1825,1908,Rejected
7372,19,70,9,2025-05-30,1573,1530,Completed
7373,24,42,39,2025-09-24,744,778,Delayed
7374,10,59,35,2025-07-29,920,953,Delayed
7375,30,69,30,2025-08-25,968,983,Delayed
7376,36,36,62,2025-09-07,978,988,Completed
7377,5,65,35,2025-08-04,1546,1617,Completed
7378,16,15,19,2025-07-24,730,761,Delayed
7379,28,70,14,2025-07-07,774,671,Delayed
7380,37,45,78,2025-07-15,1068,914,Delayed
7381,6,41,90,2025-05-23,1025,935,Completed
7382,37,63,109,2025-03-15,892,812,Delayed
7383,37,33,75,2025-12-15,1358,1379,Rejected
7384,26,60,95,2025-01-04,931,864,Completed
7385,16,36,106,2025-05-24,1672,1679,Rejected
7386,2,37,45,2025-08-09,595,558,Completed
7387,20,26,12,2025-01-20,687,714,Rejected
7388,36,53,105,2025-01-29,666,697,Delayed
7389,22,59,134,2025-01-20,1582,1358,Rejected
7390,20,22,33,2025-04-21,1852,1724,Completed
7391,13,47,62,2025-05-22,623,543,Completed
7392,24,12,21,2025-02-09,974,894,Delayed
7393,14,20,39,2025-03-07,1253,1153,Completed
7394,23,31,138,2025-09-04,1803,1810,Completed
7395,29,8,56,2025-12-25,1455,1302,Delayed
7396,36,11,129,2025-07-01,963,845,Rejected
7397,35,51,7,2025-07-20,526,509,Completed
7398,21,48,31,2025-11-21,1929,1762,Delayed
7399,33,40,91,2025-10-18,873,886,Rejected
7400,38,42,31,2025-06-19,1560,1635,Rejected
7401,30,25,44,2025-04-14,1435,1380,Completed
7402,30,41,103,2025-01-23,762,675,Completed
7403,11,61,35,2025-01-29,509,493,Completed
7404,8,36,141,2025-02-26,854,778,Completed
7405,40,65,129,2025-01-20,1244,1059,Delayed
7406,38,63,44,2025-08-05,884,894,Completed
7407,13,20,87,2025-03-01,1948,1678,Completed
7408,3,45,61,2025-07-13,967,950,Completed
7409,19,27,116,2025-02-03,1554,1451,Delayed
7410,40,23,9,2025-05-31,1686,1705,Completed
7411,4,19,45,2025-09-05,517,507,Completed
7412,28,51,144,2025-08-21,1385,1256,Completed
7413,25,21,85,2025-04-08,1565,1526,Completed
7414,21,3,50,2025-03-28,1296,1324,Rejected
7415,13,26,141,2025-02-25,527,502,Rejected
7416,6,15,100,2025-05-30,1136,972,Completed
7417,19,67,42,2025-11-05,1987,1960,Rejected
7418,34,6,128,2025-08-17,1301,1346,Completed
7419,26,24,116,2025-09-16,1724,1718,Delayed
7420,26,67,6,2025-09-14,1091,1009,Completed
7421,20,58,73,2025-08-12,1937,1890,Completed
7422,23,26,3,2025-12-21,1462,1464,Completed
7423,34,8,111,2025-06-11,567,495,Completed
7424,35,30,142,2025-12-07,697,711,Completed
7425,2,6,129,2025-05-28,1700,1448,Delayed
7426,23,12,72,2025-09-26,723,657,Rejected
7427,32,39,88,2025-02-06,636,626,Completed
7428,26,69,99,2025-08-28,1035,920,Rejected
7429,18,2,119,2025-02-08,1714,1750,Rejected
7430,2,59,34,2025-06-06,970,844,Completed
7431,29,10,27,2025-06-03,928,927,Completed
7432,3,74,84,2025-04-04,712,643,Completed
7433,34,74,52,2025-01-24,765,705,Completed
7434,28,50,145,2025-01-08,847,819,Completed
7435,12,55,121,2025-07-04,615,638,Rejected
7436,17,51,60,2025-02-02,1676,1450,Delayed
7437,3,75,72,2025-05-09,844,731,Completed
7438,14,29,141,2025-07-05,1454,1394,Completed
7439,15,30,11,2025-06-23,1545,1449,Rejected
7440,27,41,21,2025-03-02,687,611,Delayed
7441,24,59,43,2025-06-21,1117,989,Completed
7442,25,26,42,2025-12-04,725,708,Completed
7443,24,51,16,2025-01-05,1002,962,Completed
7444,16,44,21,2025-06-03,1536,1423,Rejected
7445,18,45,39,2025-12-22,728,718,Completed
7446,14,18,98,2025-03-12,1768,1529,Completed
7447,17,14,9,2025-10-08,1567,1486,Completed
7448,25,31,42,2025-10-02,1706,1714,Completed
7449,27,41,59,2025-05-30,1148,1098,Delayed
7450,2,44,134,2025-09-14,986,917,Completed
7451,36,24,94,2025-03-24,1256,1252,Delayed
7452,35,33,47,2025-06-27,1014,1043,Completed
7453,20,63,43,2025-08-13,1893,1947,Completed
7454,36,49,27,2025-06-09,1214,1239,Completed
7455,18,48,137,2025-09-16,1955,1930,Completed
7456,20,35,61,2026-01-01,1591,1531,Completed
7457,32,66,16,2025-04-13,689,644,Rejected
7458,9,26,58,2025-04-29,1466,1477,Completed
7459,32,73,35,2025-12-22,902,903,Rejected
7460,5,31,82,2025-04-03,1652,1530,Completed
7461,1,56,90,2025-03-20,1279,1128,Completed
7462,39,36,143,2025-12-13,1203,1166,Completed
7463,33,1,132,2025-12-21,1354,1221,Completed
7464,18,61,73,2025-07-15,1339,1398,Delayed
7465,15,4,33,2025-07-03,1512,1384,Completed
7466,23,9,104,2025-10-11,512,520,Rejected
7467,37,28,50,2025-01-26,843,798,Completed
7468,5,68,116,2025-08-03,621,530,Rejected
7469,12,65,3,2025-01-06,838,847,Delayed
7470,29,42,76,2025-08-16,1031,1055,Completed
7471,10,70,134,2025-01-19,913,869,Completed
7472,19,73,112,2025-11-27,1805,1848,Completed
7473,18,55,51,2025-06-14,1731,1657,Rejected
7474,32,24,68,2025-11-01,1930,1792,Rejected
7475,4,46,6,2025-02-13,739,666,Rejected
7476,3,9,57,2025-11-08,1342,1287,Rejected
7477,9,4,74,2025-10-22,624,568,Completed
7478,25,32,25,2025-05-09,1373,1208,Completed
7479,29,9,146,2025-10-26,1456,1525,Completed
7480,26,36,65,2025-11-27,959,908,Rejected
7481,20,33,87,2025-07-10,1829,1626,Completed
7482,32,12,5,2025-12-27,1840,1746,Completed
7483,1,23,97,2025-12-13,1488,1422,Completed
7484,32,1,60,2025-09-27,706,620,Rejected
7485,9,5,88,2025-04-30,572,577,Completed
7486,17,14,15,2025-04-02,864,777,Completed
7487,10,68,85,2025-02-20,1173,1029,Completed
7488,9,60,73,2025-07-23,653,583,Delayed
7489,9,54,76,2025-09-04,743,763,Rejected
7490,35,62,53,2025-04-05,1647,1721,Completed
7491,8,18,122,2025-04-01,812,701,Delayed
7492,7,10,78,2025-01-28,1559,1455,Rejected
7493,4,26,49,2025-10-20,749,767,Rejected
7494,33,23,49,2025-08-26,989,942,Completed
7495,2,39,7,2025-09-25,784,765,Completed
7496,26,57,17,2025-09-22,1382,1360,Completed
7497,23,21,48,2025-11-09,1417,1342,Rejected
7498,4,61,134,2025-08-25,1329,1249,Completed
7499,15,36,14,2025-06-30,1111,1069,Completed
7500,37,48,42,2025-04-17,1380,1333,Completed
7501,24,26,56,2025-05-10,1596,1534,Rejected
7502,37,63,140,2025-03-06,1412,1210,Completed
7503,32,48,27,2025-07-19,1448,1404,Rejected
7504,30,72,83,2025-07-15,1753,1671,Completed
7505,12,25,135,2025-06-04,1386,1197,Completed
7506,19,22,53,2025-12-05,1845,1618,Completed
7507,14,71,47,2025-11-28,744,678,Completed
7508,35,2,49,2025-08-27,1453,1345,Rejected
7509,31,14,30,2025-01-01,1437,1486,Rejected
7510,21,34,18,2025-04-26,865,776,Rejected
7511,33,65,144,2025-06-18,1711,1784,Delayed
7512,1,35,99,2025-11-20,1755,1494,Delayed
7513,1,23,5,2025-07-14,1136,1065,Rejected
7514,21,68,57,2025-10-05,1306,1198,Completed
7515,24,32,14,2025-10-14,537,484,Rejected
7516,6,18,25,2025-12-28,926,884,Completed
7517,37,2,98,2025-12-23,1114,1049,Completed
7518,16,74,122,2025-05-03,1328,1255,Completed
7519,33,56,116,2025-12-10,1469,1359,Completed
7520,10,71,51,2025-12-12,1793,1545,Rejected
7521,9,14,63,2025-12-09,1863,1715,Completed
7522,3,20,105,2025-11-26,1080,992,Completed
7523,8,30,78,2025-09-10,1477,1402,Completed
7524,35,52,80,2025-05-04,1279,1252,Rejected
7525,20,12,12,2025-07-09,1563,1559,Rejected
7526,33,13,112,2025-05-22,1477,1350,Rejected
7527,22,69,59,2025-03-13,945,899,Rejected
7528,37,41,43,2025-09-10,1845,1797,Delayed
7529,24,47,80,2025-07-16,1908,1756,Rejected
7530,8,36,42,2025-01-01,926,814,Completed
7531,10,23,59,2025-05-25,1424,1439,Completed
7532,11,31,148,2025-04-23,590,549,Rejected
7533,9,29,57,2025-08-11,1374,1189,Completed
7534,25,52,52,2025-07-27,1636,1425,Completed
7535,13,39,130,2025-07-02,1237,1083,Completed
7536,33,15,40,2025-07-26,961,836,Rejected
7537,28,20,148,2025-08-31,881,906,Completed
7538,5,27,52,2025-07-30,1056,986,Completed
7539,37,62,27,2025-01-10,1141,1048,Completed
7540,34,68,94,2025-03-17,1673,1698,Delayed
7541,18,70,113,2025-01-21,1131,1151,Completed
7542,40,14,133,2025-04-12,1840,1901,Rejected
7543,9,53,136,2025-12-21,1670,1710,Rejected
7544,17,41,133,2025-12-14,1411,1258,Completed
7545,16,26,40,2025-12-15,1589,1651,Completed
7546,6,5,78,2025-05-02,1330,1225,Completed
7547,21,66,145,2025-05-30,971,979,Completed
7548,8,20,60,2025-05-22,924,918,Completed
7549,3,4,148,2025-06-10,1674,1510,Delayed
7550,34,6,4,2025-09-27,1521,1551,Completed
7551,17,12,13,2025-03-14,719,660,Completed
7552,37,52,13,2025-08-06,1724,1571,Completed
7553,22,71,84,2025-03-02,582,555,Completed
7554,16,69,45,2025-03-01,1651,1686,Delayed
7555,6,43,64,2025-10-12,832,785,Completed
7556,12,55,15,2025-10-28,1197,1214,Rejected
7557,16,35,25,2025-07-03,862,881,Rejected
7558,5,72,36,2025-10-20,1452,1449,Completed
7559,23,52,150,2025-01-12,1522,1554,Completed
7560,21,56,145,2025-06-27,673,606,Delayed
7561,32,7,102,2025-02-24,720,670,Completed
7562,36,27,15,2025-11-11,518,530,Completed
7563,33,43,83,2025-12-17,1613,1437,Completed
7564,7,8,34,2025-01-09,1597,1495,Delayed
7565,21,39,150,2025-10-13,1227,1071,Completed
7566,21,3,96,2025-05-23,1684,1568,Rejected
7567,40,71,68,2025-09-04,1217,1116,Completed
7568,36,33,124,2025-10-31,1857,1594,Delayed
7569,19,15,4,2025-09-06,1409,1438,Completed
7570,1,58,6,2025-12-14,1193,1235,Rejected
7571,11,62,131,2025-11-22,1801,1791,Delayed
7572,38,68,98,2025-10-09,1699,1673,Rejected
7573,28,4,35,2025-06-24,1253,1211,Completed
7574,16,30,114,2025-06-16,1064,1007,Rejected
7575,18,32,64,2025-11-11,913,824,Completed
7576,35,2,71,2025-03-22,1861,1839,Rejected
7577,3,27,99,2025-05-25,1242,1197,Completed
7578,8,9,64,2025-02-01,1227,1145,Completed
7579,37,19,5,2025-02-18,930,794,Completed
7580,33,63,59,2025-09-13,1760,1618,Delayed
7581,28,32,33,2025-03-13,1814,1836,Delayed
7582,39,32,145,2025-07-05,1947,1750,Rejected
7583,4,16,67,2025-08-15,615,565,Completed
7584,29,17,18,2025-02-15,1129,1084,Delayed
7585,38,4,44,2025-01-01,1371,1248,Completed
7586,19,45,10,2025-06-08,1429,1444,Completed
7587,32,28,105,2025-08-10,1383,1423,Completed
7588,4,26,93,2025-05-12,666,696,Completed
7589,25,48,28,2025-09-23,1806,1836,Rejected
7590,24,29,149,2025-04-24,657,581,Completed
7591,29,12,128,2025-11-04,1313,1363,Delayed
7592,12,34,108,2025-02-06,530,472,Completed
7593,18,38,126,2025-12-07,1585,1349,Rejected
7594,12,24,24,2025-03-24,1745,1772,Delayed
7595,21,37,96,2025-03-11,1313,1171,Completed
7596,36,20,138,2025-07-08,1359,1159,Rejected
7597,2,11,38,2025-01-04,1303,1367,Completed
7598,14,6,50,2025-11-30,1704,1590,Completed
7599,36,23,54,2025-11-12,1330,1313,Completed
7600,33,23,134,2025-01-06,1350,1213,Delayed
7601,32,28,131,2025-12-24,1334,1370,Completed
7602,34,67,72,2025-08-17,806,831,Completed
7603,27,29,13,2025-10-12,1490,1448,Completed
7604,29,51,35,2025-02-01,920,895,Rejected
7605,29,7,96,2025-11-03,604,537,Completed
7606,38,28,101,2025-09-24,1967,1854,Completed
7607,13,1,50,2025-04-25,716,705,Delayed
7608,31,23,62,2025-06-08,609,629,Completed
7609,2,44,118,2025-03-14,1990,2054,Completed
7610,34,27,126,2025-06-29,1511,1420,Completed
7611,15,64,20,2025-06-13,1722,1539,Completed
7612,10,50,92,2025-09-23,1891,1678,Completed
7613,2,8,39,2025-05-23,1685,1569,Delayed
7614,13,73,18,2025-01-28,1226,1219,Completed
7615,20,3,85,2025-12-10,781,706,Completed
7616,30,36,23,2025-01-16,929,961,Completed
7617,5,27,113,2025-05-16,1924,1857,Completed
7618,38,33,129,2025-09-17,1016,868,Rejected
7619,31,17,49,2025-04-02,1122,1176,Completed
7620,31,54,106,2025-03-22,1800,1802,Delayed
7621,35,74,52,2025-07-11,1736,1762,Completed
7622,8,60,64,2025-02-14,1630,1405,Delayed
7623,9,39,79,2025-09-26,1343,1171,Completed
7624,4,74,62,2025-05-30,1308,1255,Delayed
7625,14,72,117,2025-09-03,853,751,Completed
7626,16,39,130,2025-11-29,712,612,Completed
7627,34,55,141,2025-09-05,1694,1506,Completed
7628,12,73,27,2025-11-23,1272,1158,Completed
7629,15,61,101,2025-02-20,1694,1634,Completed
7630,2,38,124,2025-06-14,1446,1417,Completed
7631,36,52,95,2025-11-12,1163,1106,Completed
7632,25,31,85,2025-01-25,706,698,Completed
7633,2,37,103,2025-11-28,863,805,Rejected
7634,10,40,44,2025-02-14,1118,1072,Completed
7635,25,35,150,2025-02-20,835,872,Delayed
7636,35,44,106,2025-10-29,1678,1470,Completed
7637,27,31,7,2025-09-16,663,656,Rejected
7638,15,54,4,2025-05-15,1087,1117,Delayed
7639,3,11,31,2025-08-13,1266,1246,Completed
7640,21,68,80,2025-04-23,1948,1724,Completed
7641,3,41,127,2025-05-05,1739,1616,Completed
7642,19,29,131,2025-10-17,996,964,Delayed
7643,30,28,134,2025-06-30,1865,1769,Completed
7644,10,41,97,2025-12-05,1740,1749,Completed
7645,5,41,1,2025-01-11,916,832,Completed
7646,16,32,18,2025-11-10,1018,1027,Completed
7647,5,25,135,2025-12-10,1745,1715,Completed
7648,25,68,86,2025-08-10,1969,1877,Rejected
7649,23,58,54,2025-08-21,1879,1830,Delayed
7650,30,65,117,2025-12-20,1523,1334,Rejected
7651,37,72,118,2025-12-12,1808,1836,Completed
7652,31,49,35,2025-02-19,1252,1312,Delayed
7653,36,74,59,2025-08-23,767,708,Delayed
7654,6,53,56,2025-12-15,1672,1588,Completed
7655,21,22,58,2025-03-05,762,776,Completed
7656,17,47,85,2025-05-24,1512,1323,Rejected
7657,37,19,23,2025-07-15,893,880,Completed
7658,9,16,98,2025-06-29,793,761,Delayed
7659,20,41,82,2025-05-20,645,603,Delayed
7660,32,47,49,2025-06-02,1780,1648,Completed
7661,20,20,149,2025-03-15,894,892,Completed
7662,31,16,107,2025-10-17,646,580,Delayed
7663,21,62,124,2025-03-14,1339,1383,Delayed
7664,27,2,115,2025-04-27,779,679,Completed
7665,2,52,27,2025-07-31,1872,1725,Completed
7666,34,9,91,2025-09-21,892,788,Completed
7667,25,51,38,2025-10-02,1564,1405,Completed
7668,30,45,26,2025-06-20,1489,1306,Completed
7669,12,61,144,2025-05-09,1680,1542,Completed
7670,35,13,89,2025-02-24,1496,1441,Completed
7671,13,13,126,2025-07-29,1627,1666,Completed
7672,29,60,31,2025-03-25,1298,1237,Delayed
7673,27,50,148,2025-11-24,942,865,Rejected
7674,7,62,64,2025-02-27,1418,1409,Rejected
7675,13,45,52,2025-08-28,712,742,Delayed
7676,27,11,140,2025-07-13,1032,1005,Completed
7677,21,33,3,2025-08-13,988,977,Completed
7678,15,68,60,2025-09-28,577,566,Rejected
7679,24,29,25,2025-08-17,1910,1823,Completed
7680,14,65,96,2025-12-29,1008,1031,Rejected
7681,25,60,78,2025-03-31,789,703,Completed
7682,6,5,17,2025-08-11,1474,1370,Completed
7683,18,12,124,2025-11-15,1055,940,Completed
7684,34,67,19,2025-12-20,1875,1954,Delayed
7685,14,56,33,2025-02-27,1361,1172,Delayed
7686,24,60,145,2025-10-01,521,450,Rejected
7687,31,33,107,2025-02-18,1053,1066,Completed
7688,29,11,43,2025-11-04,569,485,Completed
7689,12,24,76,2025-01-12,1597,1530,Completed
7690,31,61,120,2025-10-17,799,760,Delayed
7691,6,43,50,2025-11-14,849,826,Completed
7692,32,28,12,2025-01-27,769,737,Rejected
7693,22,47,22,2025-06-24,1854,1924,Completed
7694,20,14,112,2025-10-18,1023,958,Completed
7695,34,39,101,2025-01-17,1195,1219,Completed
7696,5,23,118,2025-02-13,1621,1446,Delayed
7697,33,9,81,2025-08-09,1394,1209,Delayed
7698,21,61,74,2025-09-08,1457,1457,Delayed
7699,12,10,64,2025-02-21,794,802,Completed
7700,16,27,27,2025-04-05,1946,1812,Rejected
7701,21,61,76,2025-10-23,1339,1203,Completed
7702,9,31,48,2025-11-08,1389,1294,Delayed
7703,1,75,129,2025-02-07,1106,1089,Completed
7704,38,39,30,2025-10-24,1635,1669,Completed
7705,32,32,71,2025-07-28,1205,1150,Completed
7706,7,10,140,2025-07-20,617,629,Delayed
7707,36,19,126,2025-03-27,553,495,Rejected
7708,15,49,51,2025-12-20,507,449,Completed
7709,34,71,147,2025-05-19,816,769,Completed
7710,25,62,101,2025-06-12,501,435,Completed
7711,12,38,134,2025-05-12,1773,1536,Completed
7712,30,53,100,2025-07-06,1248,1272,Completed
7713,8,3,113,2025-03-18,1102,1043,Completed
7714,20,51,128,2025-12-24,1947,2013,Delayed
7715,17,42,149,2025-12-07,883,907,Completed
7716,17,28,84,2025-12-27,1893,1621,Completed
7717,19,51,44,2025-12-04,1600,1362,Rejected
7718,37,25,123,2025-05-04,647,591,Delayed
7719,11,52,94,2025-10-24,1499,1335,Completed
7720,27,74,37,2025-11-16,1839,1808,Rejected
7721,16,32,35,2025-07-22,1456,1424,Completed
7722,36,46,67,2025-07-31,1476,1514,Completed
7723,19,35,137,2025-12-27,1356,1221,Completed
7724,15,9,93,2025-04-07,1962,2011,Completed
7725,10,48,127,2025-03-12,515,445,Delayed
7726,18,30,127,2025-07-03,924,941,Delayed
7727,6,1,68,2025-01-28,1486,1375,Rejected
7728,22,12,56,2025-04-07,960,999,Completed
7729,35,4,118,2025-03-24,1159,1010,Delayed
7730,6,9,123,2025-08-24,1022,914,Delayed
7731,30,31,42,2025-04-17,1698,1503,Delayed
7732,40,19,131,2025-08-06,1627,1466,Completed
7733,16,3,12,2025-07-15,1570,1491,Completed
7734,17,51,36,2025-09-22,1873,1660,Completed
7735,2,6,97,2025-02-09,1935,1645,Completed
7736,8,36,117,2025-09-11,599,624,Completed
7737,26,52,69,2025-08-14,1339,1373,Completed
7738,21,20,132,2025-10-02,1297,1326,Rejected
7739,7,3,137,2025-08-02,1186,1153,Completed
7740,38,21,125,2025-07-31,1611,1452,Completed
7741,7,39,56,2025-07-25,1429,1330,Completed
7742,28,17,8,2025-02-26,774,705,Completed
7743,9,2,22,2025-05-20,1764,1713,Delayed
7744,10,58,129,2025-08-10,525,515,Completed
7745,6,56,73,2025-11-16,1020,880,Rejected
7746,2,57,122,2025-04-28,1712,1695,Completed
7747,40,66,103,2025-07-03,701,612,Delayed
7748,28,66,99,2025-11-22,1511,1398,Completed
7749,34,12,77,2025-08-13,1096,1023,Completed
7750,28,21,73,2025-11-06,1256,1105,Completed
7751,39,32,138,2025-11-14,1276,1320,Delayed
7752,16,27,38,2025-05-29,605,609,Delayed
7753,12,37,130,2025-05-17,1921,1949,Completed
7754,25,56,124,2025-02-27,1632,1486,Completed
7755,30,65,116,2025-11-09,1198,1056,Delayed
7756,15,40,109,2025-10-10,1941,1762,Delayed
7757,20,33,117,2025-04-28,1946,1910,Rejected
7758,26,30,83,2025-04-27,612,532,Delayed
7759,8,44,48,2025-08-24,1240,1195,Rejected
7760,11,67,119,2025-02-18,946,942,Rejected
7761,6,17,136,2025-08-02,797,836,Rejected
7762,9,31,135,2025-06-14,1068,1066,Completed
7763,20,30,10,2025-12-21,1509,1326,Completed
7764,27,15,16,2025-02-11,1972,1903,Completed
7765,17,21,67,2025-10-05,1641,1596,Completed
7766,16,49,82,2025-10-14,815,766,Completed
7767,20,2,68,2025-08-19,747,733,Delayed
7768,33,39,133,2025-05-10,1777,1522,Completed
7769,23,39,124,2025-03-03,689,710,Completed
7770,10,69,46,2025-09-23,1907,1676,Completed
7771,37,21,91,2025-08-23,1432,1382,Completed
7772,13,45,111,2025-11-04,697,628,Completed
7773,3,2,32,2025-05-18,1703,1754,Completed
7774,20,15,95,2025-11-14,1672,1675,Delayed
7775,6,65,129,2025-03-10,1032,877,Completed
7776,19,53,16,2025-05-25,986,897,Delayed
7777,13,38,73,2025-04-07,1322,1308,Delayed
7778,14,41,54,2025-01-12,1913,1783,Delayed
7779,9,20,8,2025-10-09,1160,1072,Delayed
7780,32,41,126,2025-04-27,867,799,Delayed
7781,17,62,93,2025-11-22,1714,1637,Completed
7782,8,52,63,2025-05-30,1391,1225,Completed
7783,28,38,149,2025-12-20,1948,1888,Delayed
7784,11,33,129,2025-07-26,1735,1559,Rejected
7785,36,8,98,2025-04-26,630,606,Rejected
7786,35,19,126,2025-07-22,1546,1432,Completed
7787,31,29,40,2025-08-12,1922,1935,Completed
7788,33,24,23,2025-09-01,1798,1613,Completed
7789,12,32,42,2025-10-20,1629,1447,Completed
7790,26,13,111,2025-05-12,619,551,Rejected
7791,40,22,131,2025-10-18,1989,1954,Completed
7792,34,25,82,2025-02-21,846,769,Completed
7793,25,57,93,2025-12-08,706,621,Completed
7794,6,11,64,2025-02-13,1535,1407,Completed
7795,8,8,115,2025-08-17,1691,1674,Completed
7796,13,61,135,2025-11-07,1288,1328,Rejected
7797,33,46,46,2025-10-07,1399,1361,Completed
7798,22,75,75,2025-12-29,1884,1865,Rejected
7799,17,43,124,2025-10-13,1373,1210,Delayed
7800,15,41,78,2025-04-06,855,750,Rejected
7801,2,66,65,2025-06-26,1874,1854,Delayed
7802,9,7,15,2025-08-27,1062,998,Completed
7803,17,5,139,2025-09-15,984,904,Delayed
7804,19,26,107,2025-06-04,1410,1299,Rejected
7805,32,31,92,2025-08-11,796,719,Completed
7806,1,51,122,2025-04-19,1076,1042,Completed
7807,13,20,15,2025-08-15,1859,1592,Completed
7808,25,29,132,2025-03-10,1707,1552,Completed
7809,5,19,34,2025-05-12,1729,1562,Rejected
7810,13,52,143,2025-07-21,1030,1080,Completed
7811,2,24,85,2025-07-26,1974,2004,Delayed
7812,30,59,126,2025-01-24,723,758,Completed
7813,25,50,133,2025-12-18,1051,994,Rejected
7814,30,74,21,2025-04-26,1817,1626,Completed
7815,28,21,7,2025-04-20,1647,1521,Completed
7816,30,58,44,2025-01-09,1339,1342,Rejected
7817,15,2,111,2025-12-21,509,464,Rejected
7818,5,73,27,2025-07-01,757,680,Rejected
7819,19,75,45,2025-09-08,1772,1561,Completed
7820,39,43,6,2025-08-19,1487,1472,Completed
7821,14,14,85,2025-07-31,2000,2019,Delayed
7822,28,21,119,2025-12-17,1458,1326,Delayed
7823,34,37,74,2025-03-27,1043,1002,Delayed
7824,15,6,73,2025-03-13,1313,1196,Rejected
7825,5,2,128,2025-11-19,1455,1495,Completed
7826,33,25,75,2025-04-15,1539,1347,Completed
7827,22,68,13,2025-02-26,830,745,Rejected
7828,37,25,99,2025-10-17,902,926,Delayed
7829,3,57,113,2025-11-12,737,742,Completed
7830,8,33,86,2025-05-10,588,539,Rejected
7831,14,65,92,2025-10-11,594,515,Completed
7832,17,72,88,2025-02-05,954,876,Completed
7833,14,29,61,2025-02-20,1278,1236,Completed
7834,19,68,35,2025-06-02,1208,1112,Rejected
7835,7,70,22,2025-03-09,511,524,Completed
7836,3,4,16,2025-04-13,1341,1246,Completed
7837,9,37,130,2025-07-25,538,531,Delayed
7838,8,62,35,2025-06-08,770,706,Completed
7839,28,29,82,2025-10-18,1131,967,Completed
7840,2,71,27,2025-01-22,1150,1018,Completed
7841,18,38,101,2025-07-14,1147,1197,Completed
7842,20,23,114,2025-01-30,1213,1085,Completed
7843,12,50,91,2025-05-01,1307,1293,Delayed
7844,4,61,132,2025-10-14,684,656,Rejected
7845,3,22,70,2025-02-10,1483,1362,Completed
7846,25,48,42,2025-04-21,1456,1516,Rejected
7847,38,68,77,2025-07-06,854,803,Completed
7848,30,19,75,2025-03-19,1008,941,Rejected
7849,30,72,126,2025-01-10,1414,1416,Rejected
7850,18,53,141,2025-02-26,1292,1151,Rejected
7851,20,63,25,2025-06-08,764,695,Delayed
7852,5,64,53,2025-09-01,1734,1757,Completed
7853,40,51,130,2025-11-24,686,666,Completed
7854,36,63,80,2025-02-14,1805,1664,Rejected
7855,17,21,64,2025-01-27,777,784,Completed
7856,40,54,65,2025-12-05,815,746,Completed
7857,38,62,140,2025-10-20,781,790,Completed
7858,23,5,79,2025-11-16,1956,1944,Rejected
7859,29,39,100,2025-06-08,1059,1035,Completed
7860,6,23,30,2025-05-05,803,713,Delayed
7861,35,49,78,2025-11-20,708,687,Completed
7862,8,63,73,2025-03-16,882,868,Completed
7863,2,61,122,2025-07-03,1914,1940,Completed
7864,27,23,18,2025-01-06,711,633,Completed
7865,20,5,26,2025-11-06,710,656,Completed
7866,13,11,1,2025-10-24,820,802,Completed
7867,31,41,106,2025-10-20,1201,1162,Delayed
7868,7,47,123,2025-10-14,831,713,Rejected
7869,35,53,56,2025-01-08,1583,1623,Completed
7870,36,47,74,2025-07-05,1604,1516,Completed
7871,8,35,130,2025-04-06,1135,985,Completed
7872,10,74,132,2025-01-06,849,851,Delayed
7873,31,48,92,2025-10-08,1376,1192,Delayed
7874,28,13,22,2025-06-04,1292,1293,Delayed
7875,24,39,14,2025-02-14,1633,1572,Completed
7876,37,7,13,2025-04-07,685,640,Completed
7877,37,23,29,2025-05-27,873,911,Completed
7878,7,59,145,2025-01-09,1027,958,Delayed
7879,40,57,51,2025-05-30,655,590,Completed
7880,21,15,81,2025-09-22,725,735,Completed
7881,25,31,40,2025-04-22,718,672,Delayed
7882,23,14,79,2025-09-03,1668,1563,Delayed
7883,13,42,94,2025-09-22,1539,1390,Delayed
7884,26,35,131,2025-08-18,759,720,Rejected
7885,29,35,3,2025-04-25,594,572,Delayed
7886,23,61,122,2025-02-18,1287,1264,Completed
7887,39,33,28,2025-09-22,1874,1880,Completed
7888,7,9,19,2025-02-26,1486,1466,Completed
7889,1,3,143,2025-04-10,1188,1083,Rejected
7890,39,43,138,2025-08-09,1687,1514,Completed
7891,15,9,120,2025-03-21,1123,1157,Rejected
7892,12,15,77,2025-11-07,689,672,Completed
7893,1,32,96,2025-04-17,590,566,Rejected
7894,10,5,8,2025-03-29,670,614,Completed
7895,17,13,45,2025-01-30,558,585,Completed
7896,10,33,63,2025-01-30,1546,1443,Completed
7897,23,11,17,2025-04-11,1690,1472,Rejected
7898,38,67,100,2025-04-22,1355,1346,Delayed
7899,24,29,55,2025-10-13,1481,1316,Rejected
7900,17,59,57,2025-02-13,1823,1576,Rejected
7901,8,28,75,2025-11-24,996,851,Completed
7902,23,2,96,2025-04-05,805,744,Delayed
7903,27,63,113,2025-05-16,854,813,Completed
7904,37,4,20,2025-05-01,1270,1190,Completed
7905,3,72,127,2025-03-22,1913,1723,Delayed
7906,30,2,126,2025-04-05,1497,1416,Delayed
7907,9,50,75,2025-06-29,1679,1749,Rejected
7908,12,40,112,2025-06-14,899,807,Rejected
7909,38,8,47,2025-04-12,1756,1541,Completed
7910,32,61,146,2025-03-22,623,633,Delayed
7911,8,72,62,2025-04-16,611,631,Completed
7912,4,12,94,2025-08-29,1792,1819,Rejected
7913,24,40,13,2025-10-05,719,716,Completed
7914,11,17,60,2025-11-10,1969,1977,Rejected
7915,21,15,100,2025-12-02,1548,1540,Delayed
7916,26,31,146,2025-02-17,1642,1636,Completed
7917,27,39,112,2025-01-20,1649,1507,Completed
7918,21,58,27,2025-05-14,777,704,Delayed
7919,1,8,21,2025-07-27,1031,916,Completed
7920,25,25,150,2025-01-17,1124,1043,Completed
7921,31,29,50,2025-01-05,1841,1835,Rejected
7922,12,34,29,2025-09-25,851,795,Completed
7923,28,74,21,2025-04-16,693,723,Rejected
7924,39,61,41,2025-02-01,951,930,Rejected
7925,28,2,82,2025-12-19,1860,1758,Delayed
7926,4,68,1,2026-01-01,1695,1577,Delayed
7927,19,72,103,2025-08-21,874,907,Completed
7928,20,58,84,2025-05-18,835,843,Rejected
7929,23,11,93,2025-06-04,1366,1319,Completed
7930,21,4,75,2025-02-22,1240,1237,Completed
7931,20,1,44,2025-10-13,1665,1675,Completed
7932,28,31,136,2025-11-17,1700,1465,Completed
7933,28,42,35,2025-06-01,974,897,Delayed
7934,29,65,30,2025-03-15,1337,1346,Completed
7935,22,3,79,2025-07-01,1918,1670,Rejected
7936,16,28,12,2025-05-06,1371,1389,Completed
7937,2,26,95,2025-04-17,1229,1148,Delayed
7938,19,25,58,2025-10-30,1801,1835,Delayed
7939,24,8,45,2025-10-27,1501,1351,Completed
7940,37,23,93,2025-08-18,763,773,Completed
7941,39,17,4,2025-09-29,1949,1795,Completed
7942,1,50,109,2025-09-02,524,471,Completed
7943,38,39,50,2025-06-03,1460,1472,Completed
7944,34,9,89,2025-04-04,1665,1536,Completed
7945,18,45,97,2025-11-01,1016,1015,Completed
7946,35,44,38,2025-06-16,1252,1261,Completed
7947,38,69,135,2025-06-19,929,821,Completed
7948,14,42,32,2025-01-13,542,486,Completed
7949,26,15,57,2025-04-19,995,969,Rejected
7950,22,44,126,2025-03-27,1220,1076,Completed
7951,4,50,90,2025-01-28,1524,1532,Completed
7952,29,39,85,2025-10-24,1554,1343,Completed
7953,1,2,40,2025-05-19,1100,1064,Delayed
7954,39,31,75,2025-12-02,1491,1415,Rejected
7955,33,26,37,2025-01-20,1574,1494,Completed
7956,2,51,148,2025-01-24,1136,1141,Completed
7957,21,7,141,2025-05-18,1463,1289,Completed
7958,21,46,23,2025-09-13,1274,1189,Delayed
7959,34,59,78,2025-02-18,796,828,Delayed
7960,40,61,34,2025-10-04,1105,1103,Delayed
7961,6,8,7,2025-12-30,1981,1863,Rejected
7962,34,45,7,2025-07-12,747,781,Completed
7963,26,66,125,2025-11-15,955,970,Rejected
7964,17,14,117,2025-09-17,1077,1057,Completed
7965,26,42,106,2025-11-27,1875,1831,Delayed
7966,25,3,45,2025-02-12,754,643,Completed
7967,32,27,32,2025-11-27,769,794,Completed
7968,40,20,65,2025-10-04,1461,1279,Completed
7969,37,57,69,2025-07-29,1480,1502,Delayed
7970,10,31,13,2025-01-20,1749,1816,Rejected
7971,15,74,93,2025-09-23,667,572,Delayed
7972,7,10,136,2025-06-02,1439,1371,Rejected
7973,1,9,149,2025-02-19,887,793,Completed
7974,29,47,5,2025-03-29,1790,1562,Completed
7975,5,7,65,2025-03-06,860,760,Rejected
7976,16,31,143,2025-05-10,1378,1362,Completed
7977,32,37,13,2025-01-29,1995,2064,Completed
7978,24,24,50,2025-10-17,1204,1136,Rejected
7979,7,51,136,2025-08-10,1203,1207,Completed
7980,18,21,50,2025-01-13,1393,1245,Completed
7981,33,37,117,2025-07-30,1853,1843,Delayed
7982,34,63,3,2025-09-14,1653,1667,Completed
7983,21,44,121,2025-03-18,1455,1299,Completed
7984,6,23,13,2025-11-16,988,904,Delayed
7985,40,72,114,2025-08-22,1208,1087,Completed
7986,39,17,99,2025-09-18,1316,1323,Completed
7987,32,33,109,2025-08-18,1289,1240,Delayed
7988,3,73,117,2025-05-10,613,539,Completed
7989,39,22,82,2025-10-25,1744,1497,Rejected
7990,30,2,134,2025-06-21,1458,1484,Delayed
7991,17,74,70,2025-09-14,1393,1261,Completed
7992,16,51,13,2025-04-29,1733,1494,Delayed
7993,36,37,17,2025-01-09,958,944,Rejected
7994,40,63,7,2025-11-13,766,671,Rejected
7995,12,51,95,2025-06-30,1403,1311,Completed
7996,31,10,110,2025-09-08,881,837,Completed
7997,22,33,7,2025-09-30,1991,1920,Rejected
7998,3,17,135,2025-11-25,1870,1727,Rejected
7999,30,50,25,2025-07-21,1455,1297,Rejected
8000,29,70,38,2025-05-06,860,900,Completed
8001,13,22,19,2025-10-27,832,773,Completed
8002,24,35,46,2025-01-06,1110,1000,Completed
8003,7,34,28,2025-12-04,1231,1220,Rejected
8004,11,11,59,2025-09-29,842,775,Completed
8005,40,72,19,2025-03-19,1647,1705,Delayed
8006,2,37,69,2025-07-29,1539,1413,Completed
8007,26,25,149,2025-03-29,1185,1112,Delayed
8008,17,11,13,2025-07-04,1567,1399,Completed
8009,11,20,61,2025-01-02,1368,1359,Rejected
8010,1,63,15,2025-09-12,713,740,Completed
8011,19,19,5,2025-07-30,847,753,Rejected
8012,30,20,108,2025-03-18,1514,1290,Completed
8013,2,36,5,2025-11-21,1209,1047,Completed
8014,16,5,73,2025-01-15,1487,1410,Completed
8015,33,63,25,2025-02-06,1666,1419,Completed
8016,10,25,16,2025-08-04,728,635,Delayed
8017,36,73,85,2025-06-26,1329,1332,Completed
8018,34,1,47,2025-09-20,1514,1412,Completed
8019,28,63,147,2025-06-05,1473,1514,Delayed
8020,33,67,58,2025-06-24,1190,1246,Completed
8021,11,29,108,2025-04-03,1933,1720,Delayed
8022,15,65,31,2025-05-11,1260,1290,Completed
8023,33,51,73,2025-06-19,1247,1187,Completed
8024,17,12,11,2025-11-09,935,843,Rejected
8025,40,3,87,2025-10-14,1833,1628,Completed
8026,32,57,126,2025-08-24,1283,1171,Completed
8027,36,56,52,2025-12-09,985,848,Completed
8028,23,73,64,2025-10-18,1338,1336,Delayed
8029,20,57,117,2025-10-31,1716,1547,Completed
8030,1,21,44,2025-09-20,1886,1847,Delayed
8031,22,37,129,2025-01-21,537,510,Delayed
8032,17,46,148,2025-10-04,1359,1333,Rejected
8033,23,59,74,2025-08-17,1708,1512,Completed
8034,4,39,77,2025-04-21,787,715,Completed
8035,25,59,136,2025-04-16,1991,1737,Completed
8036,29,69,7,2025-09-04,1435,1341,Delayed
8037,1,18,5,2025-12-27,1945,1822,Completed
8038,23,35,68,2025-11-21,1321,1299,Rejected
8039,7,65,5,2025-10-14,1789,1777,Rejected
8040,30,38,67,2025-02-12,587,521,Completed
8041,4,68,81,2025-12-15,1637,1625,Completed
8042,31,33,35,2025-09-15,619,620,Completed
8043,23,37,133,2025-07-19,1463,1293,Completed
8044,37,1,107,2025-06-16,848,739,Completed
8045,33,20,76,2025-06-18,1425,1331,Delayed
8046,9,31,53,2025-03-01,653,679,Rejected
8047,29,38,60,2025-10-03,1341,1231,Rejected
8048,12,22,96,2025-01-25,537,466,Completed
8049,9,22,52,2025-11-04,1021,1004,Rejected
8050,9,61,70,2025-05-28,1634,1557,Completed
8051,5,35,100,2025-04-04,1198,1054,Rejected
8052,12,3,104,2025-01-19,765,678,Completed
8053,38,20,31,2025-04-16,1335,1347,Rejected
8054,39,49,135,2025-10-01,1958,1771,Completed
8055,4,56,141,2025-10-11,1630,1671,Delayed
8056,36,12,52,2025-07-21,755,783,Delayed
8057,25,50,142,2025-05-03,1366,1238,Rejected
8058,27,26,25,2025-05-31,948,854,Completed
8059,12,17,11,2025-11-06,1363,1285,Completed
8060,31,65,135,2025-04-23,1685,1612,Rejected
8061,27,15,13,2025-06-17,1346,1170,Completed
8062,22,4,126,2025-06-09,1994,1930,Rejected
8063,27,49,105,2025-12-24,758,720,Completed
8064,31,12,85,2025-12-13,1777,1515,Completed
8065,39,48,131,2025-02-18,822,862,Completed
8066,27,44,4,2025-01-08,1189,1074,Completed
8067,4,34,112,2025-10-27,1713,1530,Completed
8068,34,32,143,2025-12-09,1128,1139,Delayed
8069,1,29,18,2025-12-06,1349,1408,Completed
8070,26,32,61,2025-05-15,1350,1221,Completed
8071,22,73,122,2025-12-06,950,968,Completed
8072,33,33,97,2025-12-18,1720,1723,Completed
8073,14,24,99,2025-04-04,926,906,Rejected
8074,34,8,104,2025-11-06,1348,1283,Completed
8075,25,69,138,2025-10-18,1778,1538,Rejected
8076,29,64,59,2025-08-08,1064,942,Delayed
8077,1,51,4,2025-10-23,663,600,Completed
8078,23,57,7,2025-03-19,1094,1072,Delayed
8079,13,41,122,2025-06-09,834,758,Completed
8080,4,55,80,2025-09-10,835,716,Completed
8081,28,67,101,2025-09-24,1490,1491,Rejected
8082,3,68,92,2025-04-16,689,664,Completed
8083,22,52,108,2025-02-23,1037,1029,Delayed
8084,5,1,56,2025-11-06,1337,1362,Delayed
8085,1,75,20,2025-08-24,1865,1814,Rejected
8086,33,48,37,2025-01-28,932,862,Rejected
8087,32,27,90,2025-06-29,673,663,Rejected
8088,40,22,124,2025-05-11,1153,1045,Rejected
8089,40,15,55,2025-01-18,996,857,Completed
8090,19,64,140,2025-06-04,1137,1126,Rejected
8091,33,39,139,2025-07-31,1334,1369,Completed
8092,13,61,138,2025-03-07,1088,938,Completed
8093,32,31,86,2025-05-30,1746,1762,Completed
8094,15,66,134,2025-09-24,1724,1709,Completed
8095,32,3,148,2025-04-01,1750,1697,Rejected
8096,29,69,90,2025-11-26,507,465,Completed
8097,29,5,109,2025-03-13,1760,1625,Rejected
8098,39,65,69,2025-12-02,1652,1605,Completed
8099,29,23,10,2025-08-16,1320,1137,Rejected
8100,7,50,2,2025-05-04,1593,1580,Completed
8101,1,1,99,2025-07-21,1060,936,Rejected
8102,25,57,138,2025-02-01,1846,1787,Completed
8103,12,72,85,2025-01-26,701,633,Completed
8104,13,3,8,2025-02-11,1868,1903,Delayed
8105,16,28,47,2025-01-10,1703,1644,Completed
8106,11,51,25,2025-03-09,770,655,Completed
8107,38,57,56,2025-10-13,762,800,Completed
8108,6,58,143,2025-11-13,1936,1684,Rejected
8109,34,15,141,2025-08-28,1257,1098,Completed
8110,11,70,139,2025-10-26,1204,1189,Completed
8111,39,43,79,2025-08-15,629,581,Rejected
8112,17,28,134,2025-05-06,1714,1510,Completed
8113,1,17,42,2025-07-14,639,664,Completed
8114,26,68,11,2025-03-22,1998,1946,Rejected
8115,18,74,50,2025-11-06,645,552,Completed
8116,31,44,39,2025-12-20,1635,1561,Completed
8117,18,42,125,2025-01-12,528,458,Completed
8118,37,45,85,2025-10-30,1811,1772,Completed
8119,15,23,74,2025-10-25,1999,1880,Completed
8120,10,69,66,2025-08-05,1700,1691,Completed
8121,1,53,108,2025-03-09,771,706,Delayed
8122,9,46,16,2025-12-01,1818,1875,Rejected
8123,26,61,98,2025-12-10,1842,1869,Completed
8124,18,29,72,2025-05-29,1832,1824,Completed
8125,34,40,21,2025-04-02,1732,1523,Completed
8126,29,70,43,2025-09-26,1885,1691,Completed
8127,12,74,122,2025-03-20,1682,1494,Rejected
8128,34,71,42,2025-11-21,876,883,Completed
8129,32,8,16,2025-08-13,1816,1783,Delayed
8130,20,74,64,2025-12-15,924,815,Completed
8131,34,47,64,2025-01-25,1326,1323,Completed
8132,15,66,51,2025-11-27,876,785,Completed
8133,23,53,55,2025-04-21,1071,1063,Completed
8134,32,32,127,2025-10-12,1383,1210,Delayed
8135,27,5,79,2025-08-15,1222,1105,Completed
8136,3,65,99,2025-12-22,1416,1418,Completed
8137,29,33,98,2025-12-06,1224,1118,Completed
8138,25,36,93,2025-04-22,677,591,Delayed
8139,30,32,56,2025-10-31,1049,946,Completed
8140,21,29,137,2025-01-18,1867,1807,Completed
8141,8,31,6,2025-04-19,531,486,Rejected
8142,32,45,113,2025-02-14,935,830,Completed
8143,12,54,13,2025-03-03,722,742,Delayed
8144,24,32,38,2025-04-25,1211,1056,Completed
8145,19,43,9,2025-08-20,1270,1080,Rejected
8146,29,12,32,2025-05-06,1210,1212,Completed
8147,4,12,46,2025-04-27,604,598,Rejected
8148,24,4,111,2025-03-04,1128,1150,Rejected
8149,39,27,17,2025-06-22,1574,1498,Completed
8150,30,64,132,2025-07-23,530,547,Completed
8151,17,53,84,2025-07-09,997,1041,Delayed
8152,19,44,86,2025-03-25,530,549,Completed
8153,24,60,37,2025-06-21,1374,1168,Delayed
8154,6,66,125,2025-06-10,1212,1108,Rejected
8155,35,12,16,2025-10-07,663,692,Delayed
8156,26,21,14,2025-01-28,781,762,Delayed
8157,37,7,1,2025-03-01,1435,1283,Delayed
8158,37,15,3,2025-01-28,1364,1268,Rejected
8159,16,37,65,2025-01-14,964,1003,Completed
8160,16,62,20,2025-04-16,1188,1232,Rejected
8161,15,44,116,2025-11-02,1504,1547,Rejected
8162,27,68,10,2025-02-18,1194,1029,Completed
8163,10,51,19,2025-06-02,1623,1516,Completed
8164,16,55,28,2025-10-08,600,532,Completed
8165,5,10,110,2025-01-11,823,830,Delayed
8166,32,1,111,2025-10-15,1110,1102,Completed
8167,4,6,45,2025-07-15,890,919,Completed
8168,19,28,150,2025-06-08,791,704,Completed
8169,16,36,129,2025-01-14,611,585,Rejected
8170,16,52,68,2025-02-25,1422,1322,Completed
8171,36,32,22,2025-09-10,1938,1666,Completed
8172,26,23,10,2025-09-18,877,822,Completed
8173,32,56,142,2025-04-13,641,645,Rejected
8174,35,52,30,2025-09-08,1426,1317,Delayed
8175,15,14,76,2025-07-05,657,647,Delayed
8176,4,12,142,2025-08-24,650,660,Completed
8177,19,50,63,2025-11-25,1261,1186,Rejected
8178,20,39,85,2025-06-30,1181,1072,Rejected
8179,16,4,13,2025-07-24,1147,1136,Delayed
8180,39,61,82,2025-01-24,950,955,Completed
8181,11,40,54,2025-10-10,1799,1575,Delayed
8182,37,55,106,2025-06-03,1112,1086,Completed
8183,21,69,2,2025-10-30,1489,1550,Delayed
8184,14,70,19,2025-08-31,535,464,Completed
8185,13,69,22,2025-05-22,1588,1442,Completed
8186,39,75,51,2025-08-13,1650,1579,Rejected
8187,8,49,73,2025-10-04,1351,1183,Completed
8188,5,28,25,2025-09-26,1191,1034,Rejected
8189,31,42,41,2025-01-15,1720,1590,Completed
8190,28,45,73,2025-03-30,1752,1543,Completed
8191,40,3,149,2025-07-09,760,734,Delayed
8192,3,45,91,2025-10-04,971,844,Completed
8193,5,2,147,2025-12-12,1484,1512,Completed
8194,32,41,71,2025-04-01,1268,1106,Rejected
8195,13,53,71,2025-11-17,1748,1566,Rejected
8196,25,44,16,2025-04-02,897,774,Completed
8197,3,10,56,2025-11-02,1641,1406,Completed
8198,20,24,47,2025-01-05,706,709,Completed
8199,35,71,126,2025-06-26,1451,1487,Completed
8200,5,60,51,2025-03-21,875,837,Completed
8201,33,37,127,2025-07-23,1169,1100,Delayed
8202,28,42,126,2025-06-06,531,477,Completed
8203,32,14,125,2025-08-26,1372,1330,Completed
8204,20,35,141,2025-04-14,968,874,Completed
8205,35,22,5,2025-01-06,1311,1137,Completed
8206,17,67,7,2025-05-12,674,642,Completed
8207,4,32,123,2025-01-26,1303,1346,Completed
8208,4,4,122,2025-06-16,1060,966,Completed
8209,23,70,73,2025-07-12,1657,1601,Completed
8210,5,53,83,2025-02-18,1561,1444,Rejected
8211,8,19,7,2025-08-16,580,532,Completed
8212,30,23,5,2025-02-28,638,667,Completed
8213,28,20,65,2025-06-05,1372,1287,Delayed
8214,30,33,132,2025-06-06,623,636,Delayed
8215,4,53,27,2025-05-25,1784,1781,Delayed
8216,25,46,71,2025-07-11,1190,1050,Delayed
8217,21,27,80,2025-06-02,1956,1872,Rejected
8218,7,72,5,2025-08-23,1402,1414,Rejected
8219,4,4,30,2025-03-23,517,535,Completed
8220,3,38,68,2025-11-22,1681,1634,Completed
8221,40,51,50,2025-03-05,1523,1405,Delayed
8222,11,31,102,2025-10-18,1563,1332,Completed
8223,36,68,48,2025-01-12,526,464,Completed
8224,13,52,40,2025-01-18,728,719,Rejected
8225,20,37,24,2025-02-25,1883,1919,Delayed
8226,23,43,24,2025-01-17,1452,1258,Completed
8227,22,68,135,2025-02-17,1872,1599,Completed
8228,14,71,90,2025-07-02,926,920,Delayed
8229,38,6,103,2025-04-20,1972,1889,Completed
8230,20,15,141,2025-09-24,1040,1028,Completed
8231,9,29,27,2025-05-04,1300,1271,Rejected
8232,5,26,137,2025-11-24,1355,1152,Rejected
8233,39,22,52,2025-08-08,1808,1758,Completed
8234,36,22,123,2025-11-11,1423,1296,Delayed
8235,29,35,10,2025-06-16,787,800,Delayed
8236,23,60,67,2025-12-04,1709,1594,Delayed
8237,10,11,124,2025-01-07,569,556,Rejected
8238,21,57,15,2025-04-17,1939,1787,Completed
8239,38,61,16,2025-04-22,1401,1240,Completed
8240,6,13,40,2025-08-18,603,577,Completed
8241,21,72,1,2025-03-22,1637,1664,Completed
8242,30,59,144,2025-03-11,704,641,Completed
8243,28,25,150,2025-04-10,1194,1024,Completed
8244,15,35,54,2025-09-17,1319,1301,Completed
8245,1,50,113,2025-10-17,707,618,Completed
8246,34,5,132,2025-08-19,888,856,Completed
8247,27,26,103,2025-11-20,1012,951,Delayed
8248,36,69,75,2025-06-20,981,894,Rejected
8249,24,43,18,2025-11-07,1738,1751,Rejected
8250,25,75,114,2025-12-24,1735,1490,Delayed
8251,22,12,80,2025-05-04,1830,1585,Delayed
8252,19,51,12,2025-04-04,1655,1492,Completed
8253,40,33,128,2025-07-27,1986,1914,Delayed
8254,21,36,92,2025-03-16,1611,1593,Completed
8255,22,49,105,2025-05-12,820,752,Completed
8256,5,47,66,2025-02-15,929,848,Delayed
8257,22,54,96,2025-01-09,801,755,Rejected
8258,34,19,96,2025-06-30,1349,1337,Completed
8259,21,58,146,2025-03-01,826,707,Delayed
8260,23,29,67,2025-05-25,984,996,Completed
8261,37,75,39,2025-10-30,780,804,Completed
8262,24,49,43,2025-05-20,849,885,Completed
8263,24,61,146,2025-07-16,1664,1674,Delayed
8264,36,71,69,2025-05-13,1520,1296,Completed
8265,30,17,91,2025-12-25,1020,915,Delayed
8266,14,2,16,2025-10-24,1787,1695,Completed
8267,26,56,123,2025-01-17,1267,1231,Completed
8268,29,65,122,2025-02-08,827,800,Rejected
8269,16,27,89,2025-02-08,1675,1463,Delayed
8270,10,67,30,2025-09-12,1470,1400,Delayed
8271,1,24,137,2025-05-28,1661,1482,Completed
8272,40,37,132,2025-06-27,1599,1456,Rejected
8273,23,28,81,2025-04-20,1627,1432,Completed
8274,12,5,2,2025-10-03,1756,1799,Rejected
8275,22,68,47,2025-01-08,1385,1327,Completed
8276,20,40,144,2025-01-05,1759,1672,Rejected
8277,1,51,110,2025-03-11,1404,1363,Delayed
8278,33,13,102,2025-06-15,1029,902,Rejected
8279,35,73,31,2025-04-24,1955,1690,Completed
8280,4,1,117,2025-06-27,1908,1646,Completed
8281,13,64,131,2025-02-21,649,574,Completed
8282,27,67,59,2025-07-24,1122,1029,Completed
8283,29,59,128,2025-05-23,1242,1288,Completed
8284,27,2,33,2025-05-09,584,500,Completed
8285,28,23,98,2025-11-05,1938,1760,Delayed
8286,30,24,3,2025-03-05,1876,1737,Rejected
8287,38,48,61,2025-04-23,1113,1007,Completed
8288,12,8,87,2025-09-01,1264,1168,Delayed
8289,22,60,14,2025-02-01,732,744,Rejected
8290,4,21,5,2025-08-13,1194,1191,Completed
8291,23,22,61,2025-12-29,544,554,Rejected
8292,3,10,31,2025-12-21,718,750,Completed
8293,34,7,58,2025-10-29,578,499,Delayed
8294,22,23,89,2025-03-01,1729,1699,Delayed
8295,32,39,132,2025-06-23,548,535,Completed
8296,29,30,93,2025-02-28,696,696,Completed
8297,3,53,108,2025-12-22,1088,1134,Completed
8298,19,48,74,2025-02-22,1136,1128,Completed
8299,36,68,47,2025-04-04,1617,1427,Completed
8300,23,43,121,2025-09-22,1083,945,Completed
8301,24,37,128,2025-09-01,1023,879,Delayed
8302,4,41,18,2025-11-12,865,763,Delayed
8303,23,7,37,2025-07-05,1635,1639,Delayed
8304,37,48,22,2025-01-01,1289,1152,Completed
8305,16,6,143,2025-08-24,1392,1217,Rejected
8306,3,36,51,2025-08-04,1401,1327,Completed
8307,4,50,68,2025-10-23,1681,1521,Rejected
8308,20,16,75,2025-03-25,1843,1733,Completed
8309,38,36,104,2025-04-01,1447,1251,Completed
8310,27,54,129,2025-07-16,1675,1470,Completed
8311,3,58,20,2025-12-25,705,612,Completed
8312,17,27,49,2025-05-06,1067,982,Completed
8313,11,57,6,2025-04-29,653,669,Delayed
8314,38,50,8,2025-02-23,920,809,Rejected
8315,35,7,32,2025-12-26,638,659,Rejected
8316,5,17,106,2025-12-28,1540,1511,Delayed
8317,14,56,72,2025-05-09,1036,1062,Rejected
8318,26,9,137,2025-07-18,1474,1325,Completed
8319,35,71,55,2025-05-06,1601,1660,Completed
8320,38,15,73,2025-06-17,1044,1029,Completed
8321,5,56,109,2025-03-11,909,884,Completed
8322,27,6,98,2025-11-09,1733,1814,Completed
8323,28,13,2,2025-02-18,954,893,Rejected
8324,11,6,94,2025-01-04,780,766,Completed
8325,4,44,45,2025-11-25,1046,950,Rejected
8326,7,16,23,2025-01-30,1216,1226,Completed
8327,37,42,71,2025-03-28,528,530,Completed
8328,13,58,71,2025-05-20,1024,948,Completed
8329,8,31,49,2025-04-02,1047,1080,Completed
8330,10,19,87,2025-04-06,508,523,Delayed
8331,27,2,128,2025-10-29,519,476,Completed
8332,26,42,122,2025-12-11,963,945,Rejected
8333,18,57,29,2025-04-16,1040,888,Completed
8334,26,64,142,2025-07-11,1591,1408,Delayed
8335,38,26,103,2025-04-05,1020,1042,Completed
8336,21,5,89,2025-12-01,968,898,Completed
8337,12,8,91,2025-04-22,752,787,Delayed
8338,9,40,57,2025-06-27,1046,942,Completed
8339,23,29,133,2025-02-15,769,744,Rejected
8340,14,55,19,2025-07-04,946,877,Completed
8341,31,23,84,2025-04-23,1324,1132,Completed
8342,18,44,109,2025-10-07,1433,1369,Rejected
8343,8,3,2,2025-03-02,547,567,Completed
8344,6,26,90,2025-11-08,963,940,Rejected
8345,16,38,100,2025-05-18,1967,1838,Rejected
8346,14,53,91,2025-10-21,1470,1542,Completed
8347,35,47,132,2025-08-01,1765,1752,Completed
8348,36,73,5,2025-05-09,1195,1185,Completed
8349,15,54,52,2025-07-23,1491,1354,Completed
8350,2,43,92,2025-05-17,624,581,Completed
8351,33,40,150,2025-07-03,789,792,Rejected
8352,27,35,4,2025-06-28,1500,1395,Delayed
8353,16,14,86,2025-06-18,1393,1185,Completed
8354,28,50,78,2025-04-28,756,689,Rejected
8355,17,23,81,2025-12-20,633,641,Rejected
8356,34,58,100,2025-07-13,1430,1448,Rejected
8357,28,23,52,2025-06-27,1500,1557,Completed
8358,13,59,49,2025-01-05,1180,1058,Rejected
8359,12,3,126,2025-12-15,1913,1705,Rejected
8360,4,31,45,2025-01-28,604,621,Completed
8361,38,73,99,2025-04-21,1152,1136,Completed
8362,26,67,132,2025-05-29,1345,1157,Completed
8363,10,62,55,2025-12-03,1062,1015,Completed
8364,23,16,39,2025-03-06,1466,1444,Rejected
8365,13,18,71,2025-12-03,1823,1584,Completed
8366,34,72,149,2025-04-15,1143,972,Completed
8367,22,62,34,2025-12-28,875,771,Rejected
8368,14,42,32,2025-02-05,1244,1125,Delayed
8369,4,59,7,2025-03-12,503,452,Delayed
8370,6,59,65,2025-06-27,628,583,Completed
8371,29,32,5,2025-07-21,1924,1751,Rejected
8372,4,20,142,2025-02-25,1548,1447,Delayed
8373,5,3,20,2025-07-07,1662,1508,Completed
8374,38,60,63,2025-05-25,1152,1197,Completed
8375,12,57,63,2025-02-20,821,727,Completed
8376,34,27,125,2025-02-10,938,870,Completed
8377,16,18,149,2025-08-23,1199,1061,Completed
8378,20,16,126,2025-09-25,1273,1321,Delayed
8379,37,29,72,2025-08-15,1476,1298,Rejected
8380,38,54,91,2025-05-26,1309,1228,Rejected
8381,2,15,89,2025-11-03,783,760,Rejected
8382,36,61,65,2025-11-09,1888,1879,Completed
8383,39,65,147,2025-10-04,1414,1470,Delayed
8384,15,13,110,2025-04-08,625,559,Completed
8385,12,66,132,2025-04-27,1079,1079,Delayed
8386,13,41,79,2025-01-31,613,571,Completed
8387,25,19,149,2025-03-07,770,725,Completed
8388,39,34,82,2026-01-01,771,789,Rejected
8389,12,4,141,2025-08-09,1327,1368,Completed
8390,21,28,120,2025-06-18,1144,1131,Delayed
8391,3,37,72,2025-07-25,814,836,Rejected
8392,33,30,4,2025-07-15,806,774,Completed
8393,19,49,49,2025-05-25,1300,1125,Delayed
8394,33,30,6,2025-03-02,1655,1617,Delayed
8395,36,53,123,2025-05-13,1360,1342,Delayed
8396,14,9,51,2025-11-13,653,676,Delayed
8397,5,74,149,2025-01-18,1066,912,Completed
8398,2,48,128,2025-06-21,1035,1033,Completed
8399,10,38,29,2025-05-13,804,823,Delayed
8400,13,63,13,2025-04-24,1474,1513,Rejected
8401,13,24,108,2025-07-02,1641,1624,Delayed
8402,8,29,4,2025-10-27,1344,1311,Completed
8403,19,57,29,2025-07-24,1141,1011,Completed
8404,23,21,67,2025-11-05,1456,1504,Completed
8405,11,66,85,2025-07-02,1375,1403,Completed
8406,19,52,26,2025-06-12,975,923,Rejected
8407,25,5,104,2025-05-20,1073,997,Delayed
8408,16,73,135,2025-11-19,1716,1775,Delayed
8409,5,43,103,2025-03-31,533,518,Completed
8410,2,32,98,2025-07-22,881,809,Rejected
8411,12,13,98,2025-10-08,902,819,Completed
8412,15,71,19,2025-08-05,1806,1630,Completed
8413,27,21,138,2025-06-02,614,606,Completed
8414,20,50,77,2025-01-28,1993,1989,Completed
8415,29,68,78,2025-01-19,1817,1545,Rejected
8416,1,38,38,2025-02-10,1806,1744,Completed
8417,1,23,4,2025-01-02,1222,1118,Delayed
8418,6,21,28,2025-11-06,707,731,Delayed
8419,20,10,74,2025-08-31,1063,966,Completed
8420,33,6,135,2025-10-17,1747,1549,Rejected
8421,40,60,76,2025-06-24,1109,1067,Rejected
8422,29,68,58,2025-11-04,906,896,Completed
8423,8,21,82,2025-06-25,629,598,Delayed
8424,32,65,19,2025-08-11,921,930,Rejected
8425,37,62,3,2025-07-28,591,545,Completed
8426,3,73,118,2025-10-12,1189,1227,Completed
8427,14,49,2,2025-02-24,652,645,Delayed
8428,24,53,4,2025-11-14,954,872,Completed
8429,15,49,69,2025-07-04,563,542,Completed
8430,33,72,83,2025-05-15,1628,1560,Delayed
8431,28,28,7,2025-06-27,1822,1562,Completed
8432,28,26,68,2025-05-06,549,478,Completed
8433,7,11,150,2025-01-09,739,638,Rejected
8434,19,12,141,2025-10-26,1504,1381,Delayed
8435,14,34,42,2025-12-01,1253,1102,Completed
8436,6,23,50,2025-07-11,745,765,Delayed
8437,32,38,96,2025-04-16,1670,1464,Completed
8438,35,68,59,2025-04-27,1891,1666,Completed
8439,29,61,102,2025-02-22,1457,1470,Rejected
8440,14,60,102,2025-05-01,1294,1196,Completed
8441,4,43,129,2025-06-06,1851,1758,Delayed
8442,36,33,62,2025-06-30,1577,1571,Delayed
8443,38,57,50,2025-10-26,641,592,Completed
8444,29,42,13,2025-07-06,524,505,Rejected
8445,16,2,73,2025-04-07,938,953,Completed
8446,22,56,23,2025-08-01,682,656,Completed
8447,36,18,150,2025-05-05,1674,1648,Completed
8448,17,67,70,2025-03-12,1766,1679,Completed
8449,36,34,94,2025-05-20,728,740,Completed
8450,20,34,56,2025-04-15,1022,1058,Completed
8451,36,52,130,2025-11-26,656,564,Rejected
8452,30,33,29,2025-06-10,1996,1814,Rejected
8453,2,33,72,2025-08-23,1499,1405,Completed
8454,12,75,79,2025-07-14,897,917,Rejected
8455,37,28,121,2025-03-22,1257,1176,Rejected
8456,28,39,32,2025-06-30,858,835,Rejected
8457,28,6,135,2025-03-23,525,463,Rejected
8458,5,8,40,2025-05-22,1424,1333,Delayed
8459,37,34,10,2025-12-29,637,629,Delayed
8460,36,11,38,2025-11-05,1867,1688,Completed
8461,28,72,22,2025-09-01,1303,1251,Completed
8462,19,24,80,2025-07-03,1601,1393,Completed
8463,26,60,37,2025-06-11,805,743,Completed
8464,30,18,122,2025-01-01,1967,1745,Rejected
8465,26,37,35,2025-01-25,965,853,Completed
8466,40,52,68,2025-07-16,1927,1715,Rejected
8467,4,75,19,2025-07-27,1082,954,Rejected
8468,35,49,128,2025-04-17,1519,1464,Completed
8469,31,65,55,2025-02-21,1130,1015,Rejected
8470,29,47,2,2025-11-29,547,564,Completed
8471,12,20,39,2025-02-12,733,639,Completed
8472,9,33,93,2025-11-20,1532,1388,Completed
8473,34,72,140,2025-09-25,863,815,Completed
8474,4,8,77,2025-07-09,703,660,Completed
8475,24,15,31,2025-02-22,1534,1531,Completed
8476,4,46,139,2025-01-26,643,657,Delayed
8477,25,24,24,2025-06-01,1915,1868,Completed
8478,23,5,77,2025-03-01,1590,1668,Completed
8479,8,73,66,2025-04-16,1305,1150,Completed
8480,1,45,71,2025-05-25,1250,1307,Delayed
8481,2,70,148,2025-05-16,1008,1015,Delayed
8482,28,3,76,2025-07-05,1442,1264,Completed
8483,11,66,80,2025-02-03,1365,1388,Delayed
8484,33,72,72,2025-09-10,663,647,Completed
8485,7,47,25,2025-08-28,1601,1591,Delayed
8486,27,25,93,2025-12-21,1671,1485,Completed
8487,32,3,93,2025-01-25,500,488,Completed
8488,20,35,98,2025-01-23,554,557,Completed
8489,9,21,71,2025-04-29,1123,1050,Completed
8490,18,9,133,2025-05-14,1900,1658,Completed
8491,20,67,79,2025-04-25,1814,1772,Completed
8492,18,59,65,2025-02-25,1509,1470,Completed
8493,23,66,52,2025-09-24,915,852,Rejected
8494,19,17,116,2025-01-18,999,932,Delayed
8495,37,35,7,2025-10-16,1247,1100,Completed
8496,20,47,18,2025-01-21,842,758,Delayed
8497,32,40,6,2025-11-08,1315,1129,Completed
8498,29,20,74,2025-01-06,957,892,Delayed
8499,36,51,72,2025-12-07,1462,1527,Rejected
8500,16,27,22,2025-08-19,929,896,Completed
8501,33,44,32,2025-11-26,1320,1232,Rejected
8502,13,28,89,2025-03-21,1409,1247,Delayed
8503,9,29,141,2025-05-15,1193,1028,Completed
8504,4,37,88,2025-12-25,1415,1246,Completed
8505,3,69,128,2025-03-03,1454,1261,Completed
8506,31,48,63,2025-06-23,1027,1010,Completed
8507,8,7,142,2025-12-18,805,769,Completed
8508,6,55,33,2025-03-24,1536,1369,Completed
8509,26,51,128,2025-04-30,597,617,Completed
8510,15,13,122,2025-11-26,919,817,Rejected
8511,10,58,72,2025-12-03,1009,1020,Completed
8512,17,73,131,2025-12-06,648,577,Completed
8513,32,36,50,2025-09-08,1425,1398,Delayed
8514,38,75,22,2025-02-04,1182,1075,Rejected
8515,39,27,141,2025-08-19,811,753,Rejected
8516,22,3,68,2025-02-02,1179,1069,Delayed
8517,14,4,96,2025-11-08,735,745,Delayed
8518,27,47,71,2025-11-05,1182,1159,Rejected
8519,35,42,110,2025-01-06,1020,1057,Delayed
8520,6,14,14,2025-03-28,1925,1967,Completed
8521,14,2,26,2025-04-10,1460,1483,Completed
8522,37,53,70,2025-09-17,1543,1361,Rejected
8523,2,28,140,2025-03-03,896,886,Rejected
8524,7,38,130,2025-07-10,1152,1157,Completed
8525,35,4,4,2025-02-09,1459,1261,Delayed
8526,31,13,119,2025-03-16,506,524,Delayed
8527,36,68,23,2025-03-26,1013,1058,Completed
8528,25,6,150,2025-03-11,964,967,Completed
8529,33,1,6,2025-05-07,1910,1996,Completed
8530,24,5,47,2025-03-20,1094,943,Completed
8531,29,44,123,2025-06-04,556,551,Rejected
8532,37,75,44,2025-07-21,658,574,Completed
8533,35,44,81,2025-11-25,606,562,Completed
8534,31,41,112,2025-06-30,694,719,Delayed
8535,39,72,145,2025-03-17,1898,1870,Rejected
8536,1,12,145,2025-09-11,1002,979,Delayed
8537,3,33,72,2025-07-15,968,893,Delayed
8538,28,52,143,2025-08-10,1470,1253,Completed
8539,33,13,142,2025-12-09,1697,1608,Completed
8540,11,58,13,2025-01-10,793,791,Completed
8541,24,55,83,2025-08-03,1232,1289,Delayed
8542,6,24,43,2025-01-02,1123,988,Completed
8543,15,18,85,2025-07-08,1710,1479,Delayed
8544,2,37,15,2025-01-19,1793,1871,Completed
8545,29,51,12,2025-08-10,1941,1876,Delayed
8546,31,74,59,2025-03-26,586,509,Rejected
8547,34,35,38,2025-06-05,1206,1058,Rejected
8548,1,49,129,2025-05-02,965,853,Completed
8549,6,43,91,2025-06-25,1022,900,Completed
8550,23,42,56,2025-05-09,1182,1098,Completed
8551,7,46,70,2025-08-30,1856,1931,Completed
8552,20,17,116,2025-12-06,1316,1153,Rejected
8553,31,63,64,2025-06-22,1919,1732,Delayed
8554,38,39,37,2025-02-15,1674,1591,Rejected
8555,14,56,43,2025-03-24,1949,1792,Completed
8556,13,58,27,2025-04-27,563,541,Delayed
8557,11,40,25,2025-03-10,1474,1434,Completed
8558,23,54,68,2025-08-15,517,526,Rejected
8559,22,43,117,2025-04-24,1557,1552,Completed
8560,1,1,116,2025-01-31,1889,1693,Completed
8561,8,64,127,2025-04-03,1393,1340,Rejected
8562,37,70,59,2025-03-03,1228,1261,Delayed
8563,7,69,14,2025-08-31,1324,1127,Completed
8564,7,5,147,2025-03-18,1028,1011,Completed
8565,23,22,14,2025-02-28,1315,1246,Delayed
8566,15,49,132,2025-01-27,1695,1469,Rejected
8567,14,19,110,2025-04-29,1121,1023,Completed
8568,26,75,132,2025-06-23,1927,1823,Completed
8569,23,66,75,2025-05-24,702,676,Rejected
8570,33,6,43,2025-09-24,1294,1157,Completed
8571,35,9,89,2025-08-01,1094,1101,Completed
8572,17,71,113,2025-09-05,1136,1093,Rejected
8573,24,16,6,2025-12-18,945,854,Delayed
8574,37,41,26,2025-08-08,2000,1942,Rejected
8575,10,34,101,2025-10-05,1854,1711,Completed
8576,14,72,108,2025-11-04,906,870,Completed
8577,16,25,36,2025-09-28,1589,1378,Rejected
8578,32,1,58,2025-01-06,1456,1526,Completed
8579,34,55,135,2025-11-09,1279,1232,Rejected
8580,10,41,88,2025-03-15,565,574,Completed
8581,7,44,100,2025-05-29,1033,1057,Delayed
8582,14,13,137,2025-06-03,1474,1280,Completed
8583,18,15,47,2025-03-13,1206,1220,Completed
8584,24,45,98,2025-08-08,828,713,Completed
8585,36,64,93,2025-01-14,1958,1781,Completed
8586,34,45,133,2025-07-02,1758,1759,Rejected
8587,15,37,5,2025-07-12,1912,1985,Rejected
8588,16,27,79,2025-06-14,1393,1349,Completed
8589,35,38,68,2025-02-15,1938,1660,Completed
8590,30,14,73,2025-03-25,897,852,Completed
8591,2,10,76,2025-09-23,1088,1113,Completed
8592,32,35,37,2025-09-05,1358,1235,Completed
8593,9,41,115,2025-04-08,2000,1994,Delayed
8594,26,74,60,2025-12-15,812,754,Rejected
8595,40,69,4,2025-08-06,1380,1280,Completed
8596,18,69,23,2025-10-02,534,549,Completed
8597,35,26,56,2025-05-20,787,814,Delayed
8598,19,56,96,2025-05-07,1369,1207,Completed
8599,12,43,126,2025-01-07,1630,1465,Delayed
8600,29,42,135,2025-12-25,701,707,Completed
8601,35,32,123,2025-02-10,1441,1282,Completed
8602,20,24,45,2025-04-16,1286,1270,Completed
8603,24,7,77,2025-06-19,1546,1443,Completed
8604,25,16,40,2025-10-27,630,570,Completed
8605,28,61,114,2025-12-04,960,897,Rejected
8606,31,45,60,2025-02-27,1923,1892,Completed
8607,6,22,63,2025-01-27,752,643,Rejected
8608,39,35,124,2025-12-10,1165,1069,Completed
8609,23,64,40,2025-05-01,1635,1546,Delayed
8610,30,72,41,2025-06-13,1482,1385,Rejected
8611,19,62,66,2025-06-04,782,762,Completed
8612,7,45,25,2025-05-09,549,571,Completed
8613,25,66,2,2025-07-15,1656,1485,Rejected
8614,39,47,82,2025-11-21,703,705,Delayed
8615,2,2,144,2025-09-07,863,886,Delayed
8616,35,6,109,2025-01-18,1672,1640,Delayed
8617,21,24,150,2025-02-01,657,638,Completed
8618,32,1,149,2025-05-05,1808,1570,Delayed
8619,4,13,31,2025-06-11,538,525,Completed
8620,6,42,78,2025-05-13,1737,1498,Rejected
8621,24,14,142,2025-08-09,1131,1044,Completed
8622,8,6,95,2025-08-18,1930,1831,Completed
8623,33,3,13,2025-08-07,1321,1384,Completed
8624,32,55,116,2025-02-17,824,778,Completed
8625,2,59,111,2025-09-03,582,574,Completed
8626,24,18,54,2025-09-30,607,541,Delayed
8627,36,29,124,2025-12-26,605,545,Completed
8628,20,17,65,2025-05-13,1504,1348,Completed
8629,12,26,11,2025-07-03,1653,1443,Rejected
8630,10,61,46,2025-04-26,605,556,Completed
8631,16,9,2,2025-07-24,877,807,Rejected
8632,10,22,65,2025-07-26,1515,1524,Rejected
8633,19,41,93,2025-04-16,1993,1879,Completed
8634,16,30,70,2025-04-25,1803,1797,Completed
8635,6,11,142,2025-11-11,803,809,Completed
8636,30,74,41,2025-08-29,1788,1807,Completed
8637,33,30,108,2025-01-25,715,677,Completed
8638,7,13,135,2025-04-30,971,849,Rejected
8639,22,2,30,2025-09-28,681,680,Completed
8640,33,30,130,2025-07-13,759,652,Completed
8641,18,39,101,2025-03-29,717,640,Completed
8642,28,9,102,2025-03-10,1535,1520,Completed
8643,12,15,104,2025-03-13,943,820,Delayed
8644,35,68,148,2025-08-28,513,533,Delayed
8645,2,10,25,2025-07-31,1140,995,Completed
8646,4,68,50,2025-05-12,1224,1111,Rejected
8647,18,9,61,2025-01-04,1259,1222,Rejected
8648,29,40,17,2025-03-02,1839,1745,Completed
8649,27,31,113,2025-04-03,559,518,Completed
8650,12,47,22,2025-08-20,549,523,Completed
8651,34,40,111,2025-07-15,1401,1461,Completed
8652,27,74,136,2025-03-07,1583,1363,Rejected
8653,15,45,35,2025-01-07,539,471,Completed
8654,6,42,139,2025-09-07,1816,1819,Completed
8655,1,18,123,2025-09-05,1667,1718,Completed
8656,28,22,33,2025-04-20,1469,1525,Delayed
8657,2,9,129,2025-08-29,1628,1614,Delayed
8658,1,30,52,2025-08-09,1217,1069,Rejected
8659,27,34,54,2025-11-28,605,526,Completed
8660,13,37,109,2025-01-18,1292,1298,Completed
8661,11,37,127,2025-01-10,1171,1213,Completed
8662,16,62,51,2025-01-01,697,689,Rejected
8663,26,50,126,2025-01-18,1877,1865,Delayed
8664,38,3,32,2025-05-15,1097,958,Rejected
8665,11,56,105,2025-10-21,1599,1589,Delayed
8666,35,67,65,2025-01-15,1163,1210,Delayed
8667,9,55,101,2025-09-13,728,662,Rejected
8668,40,16,32,2025-10-25,1413,1262,Completed
8669,30,4,45,2025-06-11,1984,1776,Completed
8670,36,48,66,2025-05-01,1855,1836,Rejected
8671,10,73,87,2025-11-01,1097,958,Completed
8672,13,62,74,2025-01-19,603,585,Completed
8673,4,40,47,2025-10-01,1824,1826,Completed
8674,14,47,56,2025-01-02,1377,1329,Completed
8675,25,21,36,2025-10-23,936,891,Completed
8676,21,65,144,2025-02-14,1938,1793,Completed
8677,14,64,55,2025-08-20,1950,1905,Delayed
8678,35,72,31,2025-12-09,1997,2029,Completed
8679,25,71,46,2025-08-04,1176,1171,Completed
8680,8,39,60,2025-12-31,616,599,Rejected
8681,24,62,26,2025-09-02,621,573,Completed
8682,32,35,9,2025-02-17,1613,1593,Completed
8683,12,2,29,2025-11-13,1132,1109,Completed
8684,14,67,29,2025-10-22,1884,1738,Rejected
8685,13,24,53,2025-12-29,1788,1634,Delayed
8686,25,11,60,2025-08-10,1337,1189,Completed
8687,16,55,1,2025-07-26,1221,1200,Rejected
8688,35,75,113,2025-08-01,1169,1161,Completed
8689,3,30,89,2025-07-06,1035,947,Completed
8690,4,50,3,2025-02-14,620,539,Completed
8691,30,20,49,2025-11-07,1647,1568,Rejected
8692,38,74,65,2025-09-20,1287,1227,Completed
8693,1,9,88,2025-07-06,1249,1232,Completed
8694,21,35,102,2025-07-10,654,608,Completed
8695,9,17,144,2025-06-05,1184,1183,Rejected
8696,38,33,114,2025-07-27,748,729,Completed
8697,4,9,42,2025-12-02,1155,1040,Completed
8698,1,33,136,2025-12-30,1275,1127,Rejected
8699,34,15,77,2025-12-03,1549,1328,Completed
8700,34,70,74,2025-07-22,1957,2014,Rejected
8701,10,72,26,2025-06-29,1944,1702,Completed
8702,26,63,117,2025-08-19,726,659,Delayed
8703,23,45,53,2025-03-14,781,760,Rejected
8704,18,63,32,2025-11-16,1063,1056,Rejected
8705,30,47,62,2025-03-20,1970,1745,Rejected
8706,35,45,144,2025-01-30,1868,1715,Rejected
8707,38,27,39,2025-03-30,1419,1241,Completed
8708,9,69,46,2025-10-01,763,691,Completed
8709,22,52,30,2025-12-30,1394,1334,Completed
8710,7,69,81,2025-05-24,1690,1712,Completed
8711,21,49,118,2025-12-17,1538,1598,Delayed
8712,13,48,140,2025-04-23,1517,1373,Completed
8713,14,52,31,2025-09-22,1711,1757,Completed
8714,14,73,133,2025-08-30,1684,1766,Completed
8715,40,34,25,2025-07-15,1411,1267,Completed
8716,10,48,16,2025-03-28,1332,1168,Completed
8717,10,50,111,2025-11-27,1450,1336,Completed
8718,38,29,25,2025-07-10,1069,947,Rejected
8719,16,69,18,2025-11-23,1198,1132,Delayed
8720,1,63,56,2025-12-24,1750,1597,Delayed
8721,39,34,71,2025-12-07,820,721,Completed
8722,1,62,10,2025-12-29,1081,999,Delayed
8723,3,56,39,2025-05-27,1091,1017,Completed
8724,28,7,66,2025-04-13,1983,1778,Completed
8725,6,36,145,2025-12-03,1031,977,Completed
8726,28,65,108,2025-04-25,572,548,Completed
8727,38,58,97,2025-09-02,1161,1079,Delayed
8728,27,29,102,2025-06-26,1929,1793,Rejected
8729,39,3,92,2025-01-16,1698,1767,Rejected
8730,22,17,62,2025-02-18,927,806,Completed
8731,32,3,140,2025-05-20,990,959,Completed
8732,33,17,24,2025-12-31,1504,1371,Completed
8733,28,48,41,2025-09-25,661,682,Delayed
8734,22,57,100,2025-08-17,2000,1757,Completed
8735,24,26,18,2025-06-07,1270,1182,Completed
8736,30,2,75,2025-11-01,1583,1641,Completed
8737,19,11,130,2025-11-01,1897,1883,Delayed
8738,28,44,103,2025-08-06,1014,1037,Completed
8739,3,1,20,2025-07-26,1119,1081,Completed
8740,1,40,96,2025-03-17,613,635,Completed
8741,1,15,146,2025-05-26,1065,1028,Completed
8742,20,37,71,2025-09-03,1957,1724,Completed
8743,6,74,58,2025-03-26,1736,1633,Rejected
8744,11,22,19,2025-09-07,933,928,Rejected
8745,11,35,145,2025-07-24,1587,1455,Completed
8746,16,50,15,2025-07-03,1061,965,Delayed
8747,40,29,54,2025-10-28,893,927,Completed
8748,10,10,27,2025-06-14,714,727,Completed
8749,8,48,13,2025-07-12,501,517,Rejected
8750,7,70,89,2025-03-22,1433,1466,Completed
8751,31,54,87,2025-03-16,1621,1563,Completed
8752,21,42,37,2025-03-11,1856,1941,Delayed
8753,20,58,27,2025-07-11,1072,976,Rejected
8754,24,10,132,2025-03-04,1367,1198,Delayed
8755,5,55,63,2025-10-03,1512,1329,Completed
8756,33,12,31,2025-11-05,801,760,Completed
8757,38,75,106,2025-09-18,849,805,Rejected
8758,32,12,26,2025-07-20,1068,940,Completed
8759,19,28,148,2025-07-19,1722,1593,Completed
8760,17,31,87,2025-01-19,1813,1707,Delayed
8761,14,7,118,2025-03-21,992,861,Rejected
8762,4,32,47,2025-09-14,1126,1075,Completed
8763,16,6,113,2025-12-13,629,579,Completed
8764,6,35,51,2025-07-23,1082,1054,Completed
8765,8,21,130,2025-05-09,1695,1598,Delayed
8766,32,51,73,2025-08-25,1212,1188,Completed
8767,36,69,21,2025-01-27,1948,1863,Completed
8768,9,33,17,2025-08-04,697,720,Delayed
8769,19,54,48,2025-09-14,1401,1196,Completed
8770,3,2,101,2025-11-29,1613,1662,Completed
8771,21,51,79,2025-01-05,695,727,Rejected
8772,5,38,45,2025-02-08,1489,1420,Completed
8773,19,75,111,2025-06-22,1735,1529,Completed
8774,18,75,8,2025-08-02,1937,1995,Completed
8775,35,36,59,2025-08-17,1616,1681,Delayed
8776,36,67,98,2025-07-08,1535,1353,Completed
8777,11,12,130,2025-12-23,1987,1811,Delayed
8778,38,25,5,2025-10-01,1329,1151,Delayed
8779,23,58,118,2025-09-18,1600,1509,Rejected
8780,39,36,131,2025-05-28,1811,1837,Completed
8781,25,74,141,2025-02-18,708,728,Rejected
8782,26,58,102,2025-03-19,1772,1685,Completed
8783,9,9,42,2025-10-05,1013,1039,Delayed
8784,30,73,71,2025-09-13,877,793,Delayed
8785,36,23,144,2025-12-07,647,568,Completed
8786,1,5,62,2025-07-30,884,878,Completed
8787,18,55,83,2025-06-28,1997,1851,Completed
8788,14,4,36,2025-11-02,959,974,Rejected
8789,15,72,74,2025-06-11,1093,1036,Rejected
8790,8,26,101,2025-01-29,872,819,Completed
8791,37,43,27,2025-04-04,946,929,Completed
8792,32,54,98,2025-08-14,1324,1130,Completed
8793,27,52,16,2025-11-08,780,673,Completed
8794,16,17,64,2025-07-09,1798,1740,Completed
8795,6,8,23,2025-09-03,1764,1718,Rejected
8796,28,13,61,2025-08-30,1866,1957,Completed
8797,6,17,81,2025-09-30,872,862,Completed
8798,16,9,86,2025-10-19,1846,1636,Completed
8799,15,23,45,2025-12-13,1345,1267,Delayed
8800,30,22,135,2025-05-14,1572,1435,Completed
8801,11,33,1,2025-04-25,1771,1603,Completed
8802,17,75,48,2025-05-18,1515,1544,Delayed
8803,10,1,43,2025-10-09,1375,1371,Rejected
8804,31,54,127,2025-04-20,1150,1029,Completed
8805,18,75,107,2025-01-14,1468,1411,Delayed
8806,15,39,55,2025-05-08,637,608,Completed
8807,7,30,130,2025-02-19,1088,941,Completed
8808,17,73,116,2025-09-05,1230,1214,Rejected
8809,25,70,134,2025-05-02,1939,1992,Completed
8810,31,60,11,2025-10-03,1769,1638,Completed
8811,27,70,73,2025-03-09,1265,1136,Completed
8812,30,22,142,2025-05-03,806,757,Rejected
8813,18,27,70,2025-02-15,1352,1271,Completed
8814,33,52,15,2025-02-21,1816,1637,Completed
8815,17,17,67,2025-04-10,1353,1159,Delayed
8816,35,19,54,2025-02-24,1531,1597,Delayed
8817,29,39,71,2025-05-19,1049,974,Completed
8818,29,57,78,2025-09-19,1969,1930,Completed
8819,18,44,96,2025-05-14,1937,1708,Completed
8820,40,62,23,2025-10-24,1766,1828,Completed
8821,36,70,68,2025-11-23,970,887,Completed
8822,36,50,121,2025-02-15,1792,1633,Completed
8823,33,39,88,2025-02-27,1042,972,Rejected
8824,12,36,83,2025-02-01,1382,1280,Completed
8825,6,56,59,2025-12-03,1367,1312,Completed
8826,26,30,19,2025-09-23,1586,1439,Completed
8827,36,59,36,2025-09-17,1474,1420,Completed
8828,19,33,126,2025-01-01,1581,1586,Rejected
8829,2,39,73,2025-05-06,1317,1273,Completed
8830,6,50,88,2025-10-11,1740,1503,Completed
8831,26,35,99,2025-05-11,1239,1066,Completed
8832,19,70,90,2025-11-13,1350,1205,Completed
8833,9,34,62,2025-07-06,1750,1698,Completed
8834,20,35,49,2025-09-26,1813,1560,Completed
8835,10,40,15,2025-07-27,610,638,Completed
8836,4,12,45,2025-07-25,551,557,Delayed
8837,33,30,108,2025-04-01,691,704,Completed
8838,14,26,58,2025-07-24,837,741,Rejected
8839,26,73,147,2025-11-24,583,591,Completed
8840,7,35,36,2025-12-04,951,975,Completed
8841,38,35,40,2025-11-12,1600,1526,Delayed
8842,24,72,89,2025-04-01,1191,1064,Completed
8843,25,30,136,2025-03-06,1171,1157,Completed
8844,35,29,43,2025-05-03,1775,1794,Completed
8845,23,65,113,2025-11-18,1698,1524,Delayed
8846,23,41,115,2025-09-11,519,450,Completed
8847,5,7,36,2025-03-19,761,669,Delayed
8848,10,46,92,2025-10-04,1016,1027,Completed
8849,18,9,31,2025-04-02,1028,913,Completed
8850,12,36,57,2025-09-25,1192,1064,Rejected
8851,19,50,130,2025-01-23,615,544,Delayed
8852,21,34,132,2025-02-20,1817,1670,Rejected
8853,32,38,29,2025-11-07,555,489,Completed
8854,6,41,129,2025-03-05,968,885,Delayed
8855,8,71,86,2025-09-12,1831,1822,Completed
8856,35,56,86,2025-08-22,853,798,Completed
8857,21,5,33,2025-11-28,754,699,Delayed
8858,33,40,41,2025-03-01,1277,1085,Completed
8859,2,15,89,2025-10-27,1085,1122,Completed
8860,30,4,97,2025-09-16,1365,1347,Completed
8861,24,45,23,2025-08-02,514,527,Rejected
8862,14,38,73,2025-09-25,1722,1490,Delayed
8863,27,37,99,2025-02-04,1090,1023,Completed
8864,25,40,75,2025-02-05,1988,1850,Rejected
8865,29,2,63,2025-03-25,723,682,Completed
8866,18,67,26,2025-01-24,677,680,Completed
8867,4,41,81,2025-07-16,634,616,Rejected
8868,2,35,101,2025-08-22,1558,1436,Delayed
8869,9,68,136,2025-04-10,1751,1603,Rejected
8870,34,37,112,2025-01-03,762,730,Rejected
8871,9,29,97,2025-01-27,1310,1228,Completed
8872,28,8,34,2025-06-19,1335,1257,Completed
8873,32,55,38,2025-01-01,1795,1681,Completed
8874,7,15,60,2025-01-10,710,704,Completed
8875,26,41,7,2025-10-07,559,535,Completed
8876,21,58,89,2025-02-28,774,660,Completed
8877,30,64,142,2025-05-19,1825,1590,Rejected
8878,12,3,99,2025-09-18,1543,1536,Rejected
8879,13,35,94,2025-10-31,972,928,Completed
8880,5,16,23,2025-03-06,1705,1673,Rejected
8881,29,67,101,2025-12-01,901,839,Delayed
8882,1,42,110,2025-10-01,961,889,Completed
8883,25,37,2,2025-04-21,1623,1629,Completed
8884,12,53,138,2025-09-02,947,850,Completed
8885,36,29,60,2025-07-21,1403,1232,Rejected
8886,23,73,58,2025-09-10,1416,1276,Rejected
8887,5,35,138,2025-06-11,1625,1399,Delayed
8888,33,39,35,2025-10-20,1365,1362,Completed
8889,19,54,54,2025-12-21,1401,1252,Completed
8890,39,45,76,2025-05-27,1500,1466,Completed
8891,14,27,78,2025-12-11,1182,1010,Rejected
8892,1,61,88,2025-04-07,1468,1345,Rejected
8893,13,64,26,2025-03-30,563,504,Completed
8894,5,10,130,2025-05-27,1167,1162,Delayed
8895,28,26,44,2025-03-11,571,540,Completed
8896,32,66,128,2025-11-11,623,533,Completed
8897,10,30,139,2025-07-14,645,655,Delayed
8898,37,66,21,2025-12-29,1273,1242,Completed
8899,4,55,11,2025-03-29,1459,1282,Rejected
8900,39,30,108,2025-10-03,1065,1075,Rejected
8901,15,29,89,2026-01-01,1085,953,Completed
8902,21,55,20,2025-10-27,1393,1252,Delayed
8903,38,21,89,2025-10-04,1444,1417,Completed
8904,35,64,20,2025-05-03,1126,1112,Completed
8905,14,16,114,2025-04-10,1657,1729,Rejected
8906,18,54,48,2025-05-07,571,514,Completed
8907,26,3,76,2025-12-14,1700,1683,Completed
8908,17,41,50,2025-02-09,1334,1147,Completed
8909,37,4,109,2025-04-10,1690,1606,Completed
8910,28,34,14,2025-10-17,1902,1634,Completed
8911,23,21,30,2025-04-06,1523,1407,Completed
8912,37,1,104,2025-11-06,814,797,Delayed
8913,8,39,72,2025-06-05,1502,1382,Completed
8914,31,17,13,2025-08-23,608,545,Completed
8915,40,39,109,2025-06-24,790,759,Rejected
8916,29,37,78,2025-09-02,871,891,Rejected
8917,25,4,86,2025-02-08,679,594,Completed
8918,21,55,86,2025-04-28,930,864,Rejected
8919,15,51,24,2025-07-31,1562,1598,Delayed
8920,17,51,54,2025-09-29,1044,926,Delayed
8921,24,37,48,2025-04-17,664,608,Rejected
8922,14,71,149,2025-10-26,1690,1465,Completed
8923,25,62,17,2025-05-04,1273,1266,Completed
8924,4,44,52,2025-05-25,1842,1581,Completed
8925,30,22,119,2025-08-22,1531,1553,Completed
8926,19,63,6,2025-12-25,1866,1859,Delayed
8927,28,59,134,2025-02-18,1329,1160,Completed
8928,23,2,43,2025-03-01,938,863,Rejected
8929,15,55,32,2025-10-28,1103,1008,Completed
8930,13,29,37,2025-04-23,939,871,Rejected
8931,13,5,47,2025-04-22,1974,1959,Completed
8932,9,25,127,2025-09-22,1898,1796,Completed
8933,22,73,56,2025-01-22,1272,1183,Delayed
8934,33,66,3,2025-11-22,509,468,Rejected
8935,22,15,49,2026-01-01,1421,1466,Completed
8936,11,50,42,2025-03-27,1851,1765,Completed
8937,39,49,59,2025-08-02,749,647,Completed
8938,17,57,75,2025-06-30,1260,1138,Completed
8939,18,67,42,2025-11-24,1100,946,Completed
8940,8,20,129,2025-10-25,1744,1779,Completed
8941,15,1,136,2025-04-02,1710,1530,Completed
8942,35,52,75,2025-08-15,922,923,Completed
8943,33,52,3,2025-06-23,1124,993,Rejected
8944,12,16,51,2025-01-18,677,627,Completed
8945,4,8,77,2025-05-23,1891,1851,Completed
8946,35,26,142,2025-10-03,1130,1121,Delayed
8947,12,56,65,2025-05-10,1738,1521,Completed
8948,21,62,132,2025-11-06,685,706,Completed
8949,26,43,108,2025-04-06,899,842,Delayed
8950,1,54,103,2025-10-23,1128,1020,Completed
8951,35,7,136,2025-04-01,1054,1049,Completed
8952,11,12,104,2025-05-27,526,462,Completed
8953,11,26,52,2025-06-23,975,867,Delayed
8954,32,36,59,2025-03-26,920,965,Completed
8955,11,41,115,2025-10-26,1313,1180,Completed
8956,28,57,86,2025-11-18,507,481,Delayed
8957,26,32,139,2025-01-05,1145,1115,Completed
8958,12,12,39,2025-01-20,1070,986,Delayed
8959,3,10,96,2025-06-27,1003,938,Delayed
8960,10,53,24,2025-02-22,1588,1640,Completed
8961,14,22,1,2025-01-22,1466,1276,Completed
8962,11,1,69,2025-04-19,501,518,Delayed
8963,7,57,15,2025-08-26,1899,1669,Completed
8964,5,38,15,2025-10-27,1246,1104,Completed
8965,27,58,122,2025-02-08,1287,1294,Completed
8966,11,46,69,2025-06-25,1460,1420,Completed
8967,12,29,133,2025-01-27,1829,1770,Completed
8968,28,41,111,2025-11-15,1004,863,Delayed
8969,28,34,107,2025-07-18,1307,1308,Delayed
8970,27,5,53,2025-02-17,1450,1466,Completed
8971,11,55,110,2025-10-30,937,890,Rejected
8972,15,74,77,2025-04-27,1237,1093,Completed
8973,34,70,7,2025-12-22,641,606,Completed
8974,5,13,78,2025-10-07,1919,1883,Rejected
8975,7,13,62,2025-12-08,1221,1169,Completed
8976,12,59,128,2025-02-26,733,728,Rejected
8977,31,44,84,2025-05-19,803,808,Completed
8978,21,5,35,2025-04-25,1780,1652,Completed
8979,4,73,149,2025-01-05,1548,1418,Rejected
8980,7,30,148,2025-09-17,535,469,Completed
8981,30,54,93,2025-01-30,1587,1430,Completed
8982,25,35,73,2025-03-25,1224,1199,Completed
8983,6,62,89,2025-02-26,1855,1866,Rejected
8984,36,45,126,2025-03-14,1573,1635,Delayed
8985,2,50,51,2025-11-17,1874,1713,Completed
8986,22,63,134,2025-10-20,1496,1348,Rejected
8987,11,23,145,2025-11-03,1265,1283,Completed
8988,33,41,62,2025-02-24,587,535,Completed
8989,13,52,110,2025-04-28,1327,1371,Completed
8990,8,33,58,2025-10-11,1140,1184,Rejected
8991,20,52,78,2025-11-26,1176,1168,Rejected
8992,13,41,3,2025-12-21,1424,1430,Rejected
8993,17,3,120,2025-04-29,547,512,Completed
8994,33,36,21,2025-10-07,1340,1317,Delayed
8995,13,42,127,2025-10-30,640,605,Delayed
8996,8,6,85,2025-03-19,1500,1426,Completed
8997,36,52,73,2025-06-08,1744,1694,Completed
8998,33,61,61,2025-09-29,699,656,Completed
8999,14,40,63,2025-05-18,1854,1892,Completed
9000,11,61,66,2025-10-27,1994,1702,Completed
9001,4,67,48,2025-11-18,976,918,Delayed
9002,11,58,85,2025-03-13,1535,1431,Rejected
9003,29,46,45,2025-08-01,1053,955,Rejected
9004,12,20,141,2025-01-07,1012,890,Completed
9005,36,65,73,2025-03-27,875,873,Completed
9006,40,61,97,2025-07-22,1451,1496,Completed
9007,37,42,119,2025-09-10,1440,1339,Delayed
9008,3,75,121,2025-08-22,930,966,Completed
9009,1,75,47,2025-04-02,624,545,Rejected
9010,34,47,144,2025-12-10,1039,1025,Rejected
9011,23,47,50,2025-12-11,1777,1806,Completed
9012,8,45,98,2025-08-17,1766,1635,Completed
9013,3,15,125,2025-08-03,1290,1258,Completed
9014,40,75,37,2025-06-04,858,895,Rejected
9015,23,59,93,2025-11-06,1161,1207,Completed
9016,5,35,30,2025-02-01,1959,1841,Rejected
9017,37,45,147,2025-09-05,619,594,Completed
9018,22,69,50,2025-05-20,550,538,Completed
9019,6,11,44,2025-04-08,1665,1418,Delayed
9020,36,26,83,2025-06-07,823,831,Completed
9021,9,31,104,2025-07-13,1435,1237,Completed
9022,7,27,52,2025-01-17,1540,1511,Completed
9023,36,32,7,2025-02-20,1752,1752,Rejected
9024,16,69,37,2025-04-13,1886,1938,Completed
9025,28,71,78,2025-11-20,619,601,Rejected
9026,1,20,91,2025-09-30,1512,1456,Delayed
9027,25,37,114,2025-07-09,1065,1009,Completed
9028,33,45,48,2025-10-03,1810,1788,Rejected
9029,13,55,33,2025-05-28,809,715,Completed
9030,6,41,49,2025-09-15,787,801,Completed
9031,18,47,86,2025-10-17,1095,1081,Rejected
9032,40,20,92,2025-01-29,790,702,Completed
9033,21,42,19,2025-06-21,659,687,Completed
9034,8,30,4,2025-12-20,572,497,Completed
9035,31,61,39,2025-09-21,864,868,Completed
9036,12,29,9,2025-11-01,768,669,Delayed
9037,24,2,36,2025-08-01,877,757,Completed
9038,14,45,124,2025-12-19,1186,1118,Delayed
9039,6,23,104,2025-07-28,922,840,Completed
9040,17,65,69,2025-01-08,1378,1358,Rejected
9041,30,2,143,2025-10-24,758,746,Delayed
9042,34,15,5,2025-02-02,754,672,Completed
9043,9,73,86,2025-02-04,984,1027,Delayed
9044,11,9,114,2025-10-01,1472,1360,Completed
9045,9,27,139,2025-03-17,1168,1191,Completed
9046,29,54,104,2025-02-25,1100,999,Completed
9047,12,7,81,2025-02-26,1902,1775,Completed
9048,16,48,8,2025-07-20,1033,901,Rejected
9049,31,56,66,2025-04-14,656,640,Completed
9050,4,36,100,2025-06-10,1498,1521,Rejected
9051,16,46,144,2025-07-27,642,576,Rejected
9052,13,34,54,2025-03-02,1388,1389,Delayed
9053,14,24,121,2025-03-25,965,981,Completed
9054,29,3,64,2025-06-22,901,790,Completed
9055,22,50,142,2025-10-09,880,752,Rejected
9056,31,11,146,2025-10-21,663,578,Rejected
9057,3,10,58,2025-11-15,1355,1417,Completed
9058,19,58,54,2025-01-31,1224,1258,Completed
9059,35,26,106,2025-11-01,822,803,Completed
9060,2,57,51,2025-03-14,772,721,Completed
9061,36,67,46,2025-02-02,616,590,Completed
9062,11,71,96,2025-02-04,1221,1058,Completed
9063,36,34,135,2025-08-29,695,678,Completed
9064,1,13,97,2025-05-12,1200,1125,Delayed
9065,27,66,74,2025-02-24,882,762,Delayed
9066,40,69,150,2025-03-12,1273,1163,Completed
9067,39,66,55,2025-03-22,1875,1654,Completed
9068,8,74,63,2025-12-25,1834,1838,Completed
9069,25,22,138,2025-03-27,1377,1367,Completed
9070,38,17,106,2025-07-19,1167,999,Completed
9071,25,6,36,2025-05-30,1836,1571,Completed
9072,12,39,104,2025-02-04,903,881,Rejected
9073,32,67,107,2025-12-09,829,796,Rejected
9074,30,71,18,2025-04-16,819,837,Completed
9075,16,59,83,2025-09-27,1277,1141,Delayed
9076,35,50,116,2025-05-09,920,809,Rejected
9077,17,71,121,2025-04-25,1293,1207,Completed
9078,30,29,69,2025-10-08,1770,1628,Completed
9079,38,8,100,2025-05-13,1825,1617,Completed
9080,7,62,102,2025-04-04,1643,1509,Completed
9081,1,62,86,2025-07-01,1606,1425,Rejected
9082,39,18,14,2025-05-11,633,580,Completed
9083,36,23,131,2025-09-05,1168,1113,Delayed
9084,2,48,31,2025-02-15,1003,855,Delayed
9085,33,75,80,2025-07-24,792,721,Rejected
9086,2,21,148,2025-05-04,1214,1189,Completed
9087,9,28,101,2025-11-01,1877,1693,Completed
9088,16,15,4,2025-05-22,623,648,Completed
9089,30,63,82,2025-12-20,1414,1249,Delayed
9090,1,11,148,2025-02-09,601,621,Completed
9091,23,5,83,2025-04-23,1575,1490,Completed
9092,29,42,48,2025-06-02,1517,1434,Completed
9093,11,56,84,2025-01-11,1729,1559,Completed
9094,8,17,104,2025-09-17,1539,1405,Delayed
9095,40,46,95,2025-10-14,1222,1194,Rejected
9096,27,26,106,2025-05-01,829,861,Delayed
9097,31,27,62,2025-05-30,1341,1219,Rejected
9098,9,42,135,2025-05-31,1507,1382,Completed
9099,8,21,5,2025-09-04,914,844,Completed
9100,6,40,66,2025-06-13,1467,1299,Completed
9101,38,13,67,2025-11-16,1831,1635,Rejected
9102,22,26,135,2025-05-24,725,749,Completed
9103,35,65,136,2025-01-22,577,588,Completed
9104,5,6,84,2025-03-17,1711,1489,Completed
9105,18,74,41,2025-06-18,1032,905,Completed
9106,38,48,56,2025-02-20,1041,920,Completed
9107,32,9,23,2025-04-18,775,666,Rejected
9108,34,55,26,2025-05-08,1208,1259,Completed
9109,28,10,36,2025-10-18,766,724,Rejected
9110,32,62,113,2025-11-15,1358,1385,Completed
9111,33,71,33,2025-01-28,548,517,Completed
9112,37,61,139,2025-07-18,727,717,Completed
9113,29,57,71,2025-01-06,1140,979,Completed
9114,22,69,16,2025-05-28,833,767,Delayed
9115,21,69,121,2025-04-20,1132,1173,Completed
9116,38,61,91,2025-08-15,606,589,Completed
9117,15,10,8,2025-08-17,1718,1567,Completed
9118,7,34,121,2025-06-18,1356,1266,Rejected
9119,15,10,89,2025-09-03,1947,1922,Completed
9120,2,27,114,2025-07-21,520,512,Rejected
9121,38,2,12,2025-08-12,673,621,Rejected
9122,32,63,45,2025-10-22,1168,1044,Completed
9123,30,19,143,2025-12-03,1262,1124,Delayed
9124,37,44,87,2025-01-23,1448,1291,Completed
9125,18,40,39,2025-04-19,804,724,Completed
9126,8,27,9,2025-09-01,1223,1158,Completed
9127,19,24,43,2025-11-08,815,838,Completed
9128,13,51,107,2025-03-03,1076,983,Delayed
9129,19,31,52,2025-12-19,1799,1668,Delayed
9130,6,67,15,2025-05-26,1901,1934,Completed
9131,29,30,86,2025-07-04,1196,1248,Rejected
9132,30,66,115,2025-11-17,641,664,Completed
9133,8,7,46,2025-10-03,1247,1223,Completed
9134,9,54,119,2025-06-13,1208,1139,Completed
9135,16,51,54,2025-12-10,1348,1225,Completed
9136,21,43,67,2025-10-05,1073,1036,Delayed
9137,8,52,54,2025-06-03,901,836,Rejected
9138,28,64,71,2025-10-07,878,797,Rejected
9139,28,48,135,2025-03-22,1617,1606,Completed
9140,19,35,122,2025-12-21,1217,1078,Delayed
9141,36,20,112,2025-09-27,1222,1072,Completed
9142,16,39,82,2025-04-26,1195,1025,Delayed
9143,34,68,126,2025-05-09,1104,984,Completed
9144,6,37,140,2025-11-23,1605,1437,Rejected
9145,20,40,41,2025-08-24,1577,1358,Completed
9146,30,35,44,2025-05-28,1576,1559,Delayed
9147,1,5,89,2025-05-27,546,521,Completed
9148,27,24,111,2025-11-14,1288,1221,Rejected
9149,7,13,109,2025-08-28,964,856,Delayed
9150,4,62,62,2025-01-20,1217,1223,Completed
9151,20,37,149,2025-02-21,753,693,Rejected
9152,13,56,70,2025-07-20,1158,990,Completed
9153,30,14,46,2025-09-17,1245,1281,Completed
9154,34,7,16,2025-10-19,1691,1494,Completed
9155,13,47,107,2025-02-13,703,710,Completed
9156,35,43,104,2025-08-09,1845,1925,Delayed
9157,37,51,39,2025-08-25,1040,1032,Delayed
9158,14,11,9,2025-07-11,911,786,Rejected
9159,18,13,110,2025-02-26,1593,1503,Rejected
9160,40,75,15,2025-02-26,1253,1162,Completed
9161,8,34,118,2025-11-17,1373,1350,Rejected
9162,37,8,70,2025-02-10,1861,1921,Rejected
9163,14,24,19,2025-03-12,804,815,Rejected
9164,15,43,115,2025-05-08,1627,1618,Completed
9165,2,36,57,2025-08-21,1263,1204,Completed
9166,24,29,30,2025-12-29,853,886,Completed
9167,5,7,35,2025-05-15,1653,1562,Completed
9168,6,10,135,2025-09-25,1526,1375,Completed
9169,13,74,93,2025-09-08,906,832,Delayed
9170,5,40,68,2025-08-14,1723,1532,Delayed
9171,23,12,84,2025-02-13,1888,1929,Completed
9172,1,15,31,2025-11-02,707,704,Rejected
9173,5,41,51,2025-11-24,1749,1752,Completed
9174,24,47,67,2025-07-15,1934,1676,Completed
9175,6,50,109,2025-09-15,637,571,Completed
9176,11,37,6,2025-03-22,1913,1829,Delayed
9177,39,69,109,2025-03-01,946,881,Rejected
9178,24,23,101,2025-01-05,1547,1355,Rejected
9179,25,20,43,2025-11-28,1443,1409,Completed
9180,12,54,78,2025-11-01,1541,1420,Completed
9181,35,71,47,2025-01-08,1728,1604,Delayed
9182,9,32,28,2025-06-13,1008,983,Delayed
9183,28,60,84,2025-06-04,1549,1621,Completed
9184,11,25,144,2025-09-04,1995,1923,Delayed
9185,24,25,78,2025-04-18,1572,1615,Completed
9186,29,12,95,2025-09-29,1057,947,Completed
9187,31,36,116,2025-07-08,1253,1139,Delayed
9188,27,71,80,2025-05-21,1159,1156,Completed
9189,17,60,81,2025-09-02,1910,1741,Completed
9190,2,18,90,2025-09-22,1132,1093,Completed
9191,13,9,112,2025-02-01,591,553,Completed
9192,32,4,112,2025-09-14,1639,1704,Completed
9193,17,29,86,2025-03-28,1822,1782,Completed
9194,26,62,80,2025-03-05,1247,1091,Completed
9195,35,19,131,2025-08-14,1601,1610,Completed
9196,36,65,4,2025-02-13,1551,1619,Delayed
9197,26,71,135,2025-10-19,611,565,Completed
9198,3,69,117,2025-06-11,1337,1242,Completed
9199,23,61,72,2025-11-01,1763,1690,Delayed
9200,3,23,89,2025-12-18,1841,1751,Completed
9201,26,43,134,2025-04-08,1739,1526,Completed
9202,14,34,108,2025-06-16,1769,1640,Delayed
9203,4,6,44,2025-05-19,1137,1052,Completed
9204,12,5,67,2025-04-05,1486,1383,Rejected
9205,27,28,83,2025-03-13,900,882,Delayed
9206,39,35,82,2025-11-24,642,566,Completed
9207,27,18,149,2025-08-11,695,638,Completed
9208,5,20,73,2025-09-06,534,537,Rejected
9209,35,20,142,2025-07-09,1220,1080,Completed
9210,17,24,123,2025-12-16,1795,1849,Delayed
9211,20,62,125,2025-04-12,860,782,Rejected
9212,12,73,87,2025-02-07,1444,1327,Completed
9213,39,53,86,2025-02-28,1655,1648,Completed
9214,22,55,29,2025-03-05,1960,1825,Rejected
9215,21,65,136,2025-01-08,1746,1738,Completed
9216,9,58,45,2025-03-14,1432,1426,Completed
9217,5,37,19,2025-05-26,1589,1437,Completed
9218,32,65,27,2025-06-24,1270,1100,Completed
9219,26,8,120,2025-11-14,1914,1734,Delayed
9220,3,63,74,2025-06-29,681,596,Rejected
9221,28,38,46,2025-01-19,624,639,Completed
9222,17,43,14,2026-01-01,1018,1039,Completed
9223,23,43,102,2025-12-26,1143,1186,Rejected
9224,24,24,90,2025-04-19,1694,1708,Delayed
9225,3,53,76,2025-04-01,1498,1341,Completed
9226,21,34,27,2025-07-04,1675,1463,Completed
9227,7,64,83,2025-03-28,1620,1684,Completed
9228,35,5,46,2025-05-29,1707,1595,Completed
9229,9,43,83,2025-08-01,1500,1301,Completed
9230,6,29,45,2025-09-26,567,510,Completed
9231,5,55,80,2025-11-25,1982,1960,Completed
9232,30,2,84,2025-07-31,1087,1091,Delayed
9233,38,48,146,2025-03-04,1113,965,Delayed
9234,30,51,53,2025-01-28,1186,1165,Rejected
9235,7,17,64,2025-09-05,1493,1297,Completed
9236,38,52,54,2025-12-06,1512,1324,Completed
9237,18,69,139,2025-07-02,1363,1194,Delayed
9238,11,23,3,2025-04-19,1643,1543,Completed
9239,2,49,78,2025-08-19,1655,1447,Rejected
9240,31,58,35,2025-08-31,1758,1741,Completed
9241,11,55,58,2025-10-14,1613,1538,Completed
9242,19,20,114,2025-08-27,1980,1714,Delayed
9243,1,20,55,2025-01-06,1368,1415,Delayed
9244,4,52,66,2025-04-27,1032,1071,Completed
9245,25,33,116,2025-03-05,1443,1340,Completed
9246,7,4,16,2025-05-29,1985,1797,Delayed
9247,16,23,69,2025-04-01,1180,1083,Completed
9248,35,13,61,2025-05-17,611,621,Delayed
9249,23,24,5,2025-04-09,1619,1612,Rejected
9250,20,6,13,2025-08-27,1756,1608,Completed
9251,21,14,45,2025-07-12,880,791,Completed
9252,34,39,33,2025-11-28,1191,1237,Delayed
9253,32,20,72,2025-11-04,998,1045,Rejected
9254,4,19,92,2025-02-16,944,913,Rejected
9255,32,63,25,2025-07-02,621,613,Completed
9256,24,64,1,2025-08-19,1473,1366,Delayed
9257,32,72,83,2025-01-11,1614,1690,Completed
9258,19,44,134,2025-01-17,1145,1071,Completed
9259,37,10,84,2025-05-21,553,496,Rejected
9260,18,67,82,2025-05-08,1215,1207,Completed
9261,24,62,34,2025-09-26,1407,1314,Delayed
9262,8,2,9,2025-01-18,1659,1535,Delayed
9263,34,1,42,2025-02-24,1767,1782,Completed
9264,30,74,127,2025-09-09,743,726,Completed
9265,25,12,95,2025-09-19,963,892,Completed
9266,9,26,136,2025-02-10,1636,1392,Completed
9267,3,50,62,2025-06-21,1238,1295,Rejected
9268,27,74,119,2025-10-26,660,575,Rejected
9269,34,69,26,2025-06-24,545,525,Completed
9270,9,58,79,2025-07-12,1879,1884,Delayed
9271,24,31,30,2025-03-09,1160,1011,Completed
9272,38,44,84,2025-02-04,1401,1331,Completed
9273,24,56,121,2025-10-05,1681,1452,Delayed
9274,39,14,137,2025-07-17,664,580,Completed
9275,18,50,127,2025-02-14,1025,953,Completed
9276,25,26,135,2025-04-12,1690,1514,Completed
9277,2,55,91,2025-11-30,662,623,Rejected
9278,11,22,110,2025-11-24,1982,1794,Completed
9279,15,59,53,2025-03-16,1725,1767,Rejected
9280,37,5,110,2025-04-18,1676,1726,Delayed
9281,27,41,135,2025-01-23,1964,2006,Delayed
9282,21,61,8,2025-07-27,1396,1269,Completed
9283,28,26,54,2025-12-22,895,789,Completed
9284,17,9,138,2025-07-23,1291,1351,Completed
9285,36,11,73,2025-05-23,623,634,Completed
9286,8,2,119,2025-05-30,1900,1912,Completed
9287,10,61,78,2025-08-24,1728,1550,Rejected
9288,19,32,101,2025-07-10,626,563,Rejected
9289,34,73,142,2025-11-10,894,834,Completed
9290,12,12,110,2025-11-27,886,922,Delayed
9291,34,57,89,2025-01-06,1519,1307,Completed
9292,33,48,47,2025-04-03,1533,1489,Completed
9293,18,15,92,2025-01-03,1718,1613,Completed
9294,18,7,14,2025-03-19,1640,1510,Completed
9295,19,8,121,2025-06-06,1409,1302,Rejected
9296,1,52,136,2025-03-09,1360,1347,Rejected
9297,20,25,99,2025-02-17,1004,855,Completed
9298,14,18,73,2025-07-25,547,484,Delayed
9299,33,42,102,2025-12-18,1387,1196,Completed
9300,18,30,16,2025-10-13,1199,1204,Completed
9301,28,30,138,2025-09-20,1167,1069,Rejected
9302,26,55,48,2025-11-21,1891,1619,Completed
9303,36,34,16,2025-09-26,694,699,Completed
9304,34,38,118,2025-03-21,900,805,Completed
9305,8,13,37,2025-12-03,1817,1604,Completed
9306,5,24,42,2025-08-16,530,538,Completed
9307,1,25,8,2025-12-15,1698,1450,Rejected
9308,31,71,89,2025-04-02,1132,1170,Rejected
9309,22,41,112,2025-05-07,976,941,Completed
9310,5,24,84,2025-08-28,696,617,Delayed
9311,35,54,54,2025-02-13,555,561,Completed
9312,30,40,107,2025-12-20,1165,1098,Rejected
9313,16,9,27,2025-04-12,607,630,Rejected
9314,36,27,59,2025-12-14,812,808,Delayed
9315,16,9,22,2025-12-17,1222,1140,Completed
9316,40,51,143,2025-08-20,1451,1520,Delayed
9317,33,56,111,2025-12-14,1074,1124,Completed
9318,2,5,26,2025-09-07,1537,1586,Completed
9319,20,28,27,2025-03-10,858,773,Completed
9320,8,52,114,2025-03-06,983,900,Delayed
9321,17,4,131,2025-05-05,1562,1559,Delayed
9322,14,52,55,2025-07-09,1391,1377,Completed
9323,40,28,113,2025-06-05,1266,1228,Completed
9324,27,25,51,2025-12-20,1831,1619,Completed
9325,21,62,13,2025-08-07,1171,1007,Completed
9326,8,72,21,2025-01-02,593,616,Completed
9327,36,23,31,2025-01-18,1180,1161,Completed
9328,2,40,46,2025-09-08,1079,1044,Rejected
9329,36,67,78,2025-05-28,1144,1007,Delayed
9330,22,7,57,2025-12-31,1588,1465,Completed
9331,7,5,89,2025-10-07,1220,1058,Delayed
9332,6,10,6,2025-07-21,1655,1453,Rejected
9333,15,9,91,2025-10-04,852,750,Completed
9334,17,73,97,2025-11-18,1709,1643,Rejected
9335,31,38,55,2025-07-26,1206,1181,Completed
9336,24,59,16,2025-03-13,1589,1408,Completed
9337,38,43,16,2025-03-14,1004,962,Completed
9338,9,3,1,2025-11-10,699,621,Completed
9339,21,54,27,2025-12-07,682,584,Completed
9340,1,45,28,2025-11-27,1297,1296,Rejected
9341,7,29,95,2025-08-19,1558,1591,Delayed
9342,33,5,149,2025-05-11,1211,1181,Rejected
9343,7,53,122,2025-05-10,1492,1353,Delayed
9344,2,11,109,2025-04-12,1855,1722,Delayed
9345,36,64,61,2025-01-22,1044,946,Completed
9346,4,19,104,2025-05-18,748,663,Completed
9347,25,27,22,2025-02-25,1155,1073,Rejected
9348,18,30,65,2025-11-05,1790,1631,Delayed
9349,22,10,146,2025-12-09,943,948,Completed
9350,36,47,21,2025-03-07,1306,1138,Completed
9351,27,1,36,2025-01-25,1288,1136,Delayed
9352,10,26,97,2025-07-08,826,830,Completed
9353,35,3,41,2025-04-08,676,581,Completed
9354,29,2,103,2025-11-11,501,486,Delayed
9355,26,25,25,2025-10-29,734,648,Completed
9356,4,33,54,2025-10-21,1144,1107,Delayed
9357,1,9,20,2025-08-23,657,585,Delayed
9358,8,70,26,2025-07-17,979,1008,Delayed
9359,4,12,31,2025-08-16,862,841,Completed
9360,10,75,67,2025-04-02,821,843,Completed
9361,35,24,10,2025-06-28,1260,1231,Delayed
9362,31,73,85,2025-08-12,1106,1128,Rejected
9363,30,2,79,2025-12-15,1920,1913,Delayed
9364,25,17,70,2025-03-31,1086,1000,Delayed
9365,31,25,115,2025-12-09,1027,1070,Rejected
9366,24,47,52,2025-09-22,1886,1661,Completed
9367,13,42,74,2025-07-19,1260,1222,Rejected
9368,31,67,59,2025-08-02,1872,1882,Completed
9369,14,19,52,2025-03-22,716,635,Completed
9370,8,58,69,2025-04-06,1479,1478,Completed
9371,25,39,137,2025-04-18,1845,1911,Completed
9372,1,63,96,2025-01-28,1262,1256,Rejected
9373,8,49,57,2025-08-02,837,869,Completed
9374,8,72,111,2025-04-09,853,888,Rejected
9375,21,58,66,2025-12-11,1890,1732,Completed
9376,34,52,32,2025-04-28,1887,1931,Completed
9377,11,73,97,2025-03-07,1455,1427,Rejected
9378,28,54,44,2025-05-07,1393,1435,Rejected
9379,38,39,141,2025-02-23,1154,1142,Completed
9380,32,3,61,2025-06-08,973,831,Rejected
9381,17,26,148,2025-03-15,1606,1556,Completed
9382,17,45,84,2025-09-27,1100,1127,Completed
9383,21,56,115,2025-01-24,1905,1919,Completed
9384,35,62,68,2025-11-18,671,655,Completed
9385,36,57,43,2025-12-26,1878,1723,Completed
9386,18,51,67,2025-04-19,1142,1183,Completed
9387,10,36,73,2025-02-02,1179,1197,Delayed
9388,39,32,4,2025-11-09,1870,1795,Delayed
9389,22,1,50,2025-11-30,728,625,Completed
9390,30,3,78,2026-01-01,1075,991,Rejected
9391,34,34,121,2025-10-11,1928,1974,Completed
9392,26,30,61,2025-02-28,1228,1074,Completed
9393,36,43,50,2025-05-12,1480,1261,Completed
9394,30,26,148,2025-10-28,1934,1659,Completed
9395,30,24,79,2025-02-07,1489,1451,Rejected
9396,3,8,22,2025-07-10,1993,1989,Delayed
9397,21,44,116,2025-10-19,933,833,Completed
9398,38,47,27,2025-03-01,1600,1645,Delayed
9399,28,24,82,2025-03-24,1647,1443,Completed
9400,38,59,55,2025-05-16,1228,1053,Completed
9401,19,25,20,2025-09-28,1002,862,Delayed
9402,32,48,87,2025-12-23,1455,1494,Completed
9403,25,74,144,2025-04-03,1520,1365,Rejected
9404,25,21,4,2025-12-05,1689,1656,Delayed
9405,19,4,14,2025-07-06,973,968,Delayed
9406,27,45,9,2025-05-27,1689,1545,Completed
9407,25,50,140,2025-11-02,1138,1005,Delayed
9408,18,38,37,2025-07-18,665,688,Completed
9409,26,8,8,2025-01-01,847,768,Completed
9410,6,75,144,2026-01-01,1277,1143,Completed
9411,36,11,1,2025-01-05,1050,1015,Completed
9412,32,40,88,2025-10-07,1606,1461,Rejected
9413,11,10,127,2025-09-04,940,939,Completed
9414,18,57,38,2025-10-23,1408,1426,Completed
9415,10,32,144,2025-09-16,1286,1326,Rejected
9416,19,61,67,2025-03-09,1032,889,Completed
9417,29,4,49,2025-02-12,648,637,Delayed
9418,11,38,82,2025-02-07,1863,1882,Completed
9419,11,15,143,2025-09-20,1025,962,Completed
9420,24,18,10,2025-04-04,1710,1527,Completed
9421,19,39,58,2025-03-18,1548,1574,Rejected
9422,19,68,91,2025-11-26,552,519,Completed
9423,1,39,99,2025-12-11,1441,1400,Completed
9424,16,18,6,2025-08-28,1249,1161,Completed
9425,39,58,2,2025-03-04,561,536,Rejected
9426,4,54,128,2025-04-27,1380,1204,Completed
9427,11,41,30,2025-03-07,834,790,Completed
9428,34,71,66,2025-01-22,1683,1711,Rejected
9429,39,56,109,2025-01-12,951,869,Rejected
9430,38,12,34,2025-10-26,1657,1477,Completed
9431,29,19,50,2025-06-06,1512,1453,Delayed
9432,5,8,13,2025-06-27,635,603,Completed
9433,11,20,86,2025-07-20,1358,1326,Rejected
9434,25,18,66,2025-11-28,1279,1331,Completed
9435,32,61,106,2025-12-17,646,615,Delayed
9436,39,24,91,2025-06-05,1836,1734,Rejected
9437,22,56,147,2025-09-14,1371,1394,Completed
9438,8,27,53,2025-03-11,1191,1076,Rejected
9439,13,49,11,2025-05-25,755,715,Completed
9440,17,58,42,2025-06-07,860,874,Rejected
9441,3,72,54,2025-02-28,1268,1172,Completed
9442,24,67,73,2025-10-09,1502,1559,Rejected
9443,39,13,46,2025-11-25,1215,1254,Rejected
9444,3,2,88,2025-08-05,1000,1007,Rejected
9445,11,4,66,2025-03-17,1916,1659,Completed
9446,32,26,55,2025-10-15,1852,1664,Delayed
9447,12,21,104,2025-08-29,1957,1853,Completed
9448,34,8,26,2025-09-25,1995,2036,Completed
9449,5,48,18,2025-06-01,1471,1449,Completed
9450,8,33,74,2025-02-15,1591,1381,Completed
9451,9,6,36,2025-08-21,1875,1801,Delayed
9452,12,57,8,2025-07-31,1355,1228,Rejected
9453,5,52,30,2025-12-20,1044,979,Delayed
9454,13,57,68,2025-07-02,548,561,Rejected
9455,28,51,10,2025-09-29,1258,1315,Completed
9456,14,37,10,2025-09-13,533,466,Delayed
9457,2,72,82,2025-10-19,1243,1110,Rejected
9458,10,29,107,2025-04-23,638,632,Completed
9459,14,2,14,2025-07-28,1304,1328,Delayed
9460,33,31,38,2025-08-29,1889,1746,Delayed
9461,12,62,17,2025-04-21,830,785,Delayed
9462,37,63,48,2025-12-23,1242,1274,Completed
9463,8,12,112,2025-07-22,1733,1649,Completed
9464,18,19,136,2025-01-23,1146,1074,Completed
9465,12,48,57,2025-02-08,1263,1317,Completed
9466,14,45,18,2025-01-11,736,694,Delayed
9467,1,24,77,2025-12-08,1357,1365,Completed
9468,8,9,93,2025-04-28,1569,1531,Rejected
9469,40,6,87,2025-05-06,1153,1082,Rejected
9470,31,14,12,2025-04-07,1719,1754,Delayed
9471,30,39,89,2025-09-21,1807,1804,Completed
9472,6,3,134,2025-05-18,1119,1135,Delayed
9473,39,75,26,2025-12-07,747,636,Completed
9474,29,31,21,2025-03-03,1467,1394,Delayed
9475,34,41,15,2025-01-28,1211,1154,Completed
9476,29,5,51,2025-01-03,914,847,Completed
9477,5,20,115,2025-07-02,1002,1050,Delayed
9478,30,14,7,2025-04-28,1955,1909,Completed
9479,4,43,131,2025-12-21,1292,1222,Completed
9480,6,15,6,2025-07-11,1751,1797,Completed
9481,23,69,64,2025-02-08,1056,898,Delayed
9482,31,43,110,2025-09-06,1780,1591,Completed
9483,10,38,11,2025-10-15,586,595,Rejected
9484,5,49,114,2025-11-16,965,860,Completed
9485,8,55,31,2025-07-12,999,857,Completed
9486,5,74,29,2025-07-05,1296,1143,Delayed
9487,31,26,78,2025-02-21,1410,1209,Completed
9488,36,31,9,2025-05-24,746,639,Delayed
9489,2,44,69,2025-05-01,590,506,Delayed
9490,15,69,113,2025-04-16,1823,1686,Completed
9491,32,68,91,2025-10-26,844,822,Completed
9492,15,66,8,2025-07-16,1466,1485,Completed
9493,29,64,10,2025-08-05,1076,1095,Rejected
9494,33,71,54,2025-06-26,1349,1190,Rejected
9495,3,36,87,2025-12-02,682,596,Completed
9496,32,35,66,2025-07-17,1125,1166,Completed
9497,29,55,7,2025-08-16,1171,996,Rejected
9498,39,54,103,2025-04-10,1522,1293,Completed
9499,37,63,147,2025-07-14,1526,1546,Completed
9500,27,43,129,2025-06-25,1595,1481,Completed
9501,2,28,20,2025-06-12,1545,1368,Completed
9502,16,64,68,2025-07-25,1939,1821,Delayed
9503,9,39,115,2025-11-03,1680,1707,Completed
9504,38,27,85,2025-07-01,1495,1411,Delayed
9505,28,2,39,2025-10-12,1607,1516,Completed
9506,3,39,149,2025-06-25,1150,1129,Rejected
9507,25,13,133,2025-09-25,1902,1962,Completed
9508,12,7,94,2025-10-26,702,724,Delayed
9509,15,26,23,2025-04-03,1740,1719,Completed
9510,13,17,99,2025-04-13,1092,1059,Completed
9511,6,74,99,2025-05-30,1256,1109,Completed
9512,29,43,73,2025-08-18,865,791,Completed
9513,10,63,69,2025-05-14,707,629,Completed
9514,36,50,22,2025-11-05,1352,1313,Completed
9515,23,66,62,2025-07-25,503,461,Rejected
9516,16,45,39,2025-09-04,1443,1302,Rejected
9517,28,67,2,2025-09-30,1049,943,Completed
9518,40,29,146,2025-08-02,987,840,Completed
9519,17,7,141,2025-02-20,1340,1357,Completed
9520,18,20,51,2025-04-28,943,900,Completed
9521,34,9,105,2025-02-09,1055,1107,Completed
9522,37,18,38,2025-02-09,1241,1094,Delayed
9523,4,66,13,2025-12-10,1434,1478,Completed
9524,14,20,122,2025-12-19,561,545,Completed
9525,1,43,117,2025-11-06,597,611,Completed
9526,11,49,133,2025-04-12,1292,1220,Completed
9527,3,62,94,2025-12-23,765,778,Completed
9528,21,66,118,2025-11-05,797,682,Completed
9529,19,2,67,2025-09-21,1758,1564,Completed
9530,29,68,51,2025-07-15,1165,1024,Delayed
9531,37,46,78,2025-12-05,1497,1276,Completed
9532,10,9,5,2025-05-27,535,532,Completed
9533,31,8,106,2025-08-04,559,537,Rejected
9534,27,65,25,2025-11-13,977,987,Delayed
9535,36,30,128,2025-03-27,1428,1240,Completed
9536,15,18,102,2025-06-06,1735,1802,Completed
9537,39,49,122,2025-12-25,864,872,Completed
9538,20,28,72,2025-08-27,1496,1510,Delayed
9539,25,39,25,2025-11-01,777,730,Completed
9540,33,34,19,2025-04-05,714,636,Completed
9541,23,74,48,2025-02-27,1420,1254,Completed
9542,15,3,97,2025-10-16,1034,1080,Rejected
9543,9,4,102,2025-12-15,1226,1150,Delayed
9544,30,62,74,2025-04-01,1581,1553,Completed
9545,19,11,75,2025-04-27,1467,1336,Rejected
9546,10,47,96,2025-06-29,930,922,Completed
9547,16,49,91,2025-11-25,1605,1507,Completed
9548,27,31,106,2025-04-24,1515,1495,Completed
9549,34,26,106,2025-04-09,1493,1485,Delayed
9550,8,24,7,2025-01-24,826,861,Completed
9551,38,49,34,2025-09-03,779,774,Completed
9552,28,32,81,2025-01-17,764,664,Delayed
9553,5,63,115,2025-09-09,1511,1443,Completed
9554,34,26,122,2025-10-17,557,572,Rejected
9555,29,38,133,2025-03-11,1583,1519,Completed
9556,27,12,103,2025-03-11,1691,1710,Rejected
9557,3,60,70,2025-08-10,1019,996,Completed
9558,2,68,106,2025-08-31,640,658,Delayed
9559,27,21,27,2025-05-06,520,499,Completed
9560,30,12,34,2025-06-30,1999,1816,Completed
9561,10,66,117,2025-11-26,1977,1797,Completed
9562,26,31,28,2025-10-03,1624,1669,Completed
9563,33,40,36,2025-04-20,1938,1761,Completed
9564,34,51,2,2025-08-12,1119,1078,Completed
9565,24,60,27,2025-06-07,668,688,Completed
9566,40,46,103,2025-02-07,1498,1322,Completed
9567,39,23,74,2025-08-09,516,462,Completed
9568,35,8,116,2025-12-31,535,463,Rejected
9569,37,6,150,2025-08-19,1632,1622,Completed
9570,33,47,133,2025-10-15,1016,1009,Completed
9571,23,5,72,2025-10-07,786,722,Completed
9572,36,37,35,2025-01-25,1677,1520,Completed
9573,2,69,61,2025-12-26,1045,1021,Completed
9574,1,61,37,2025-05-18,870,874,Delayed
9575,9,23,84,2025-10-12,859,887,Delayed
9576,10,37,86,2025-03-17,1697,1700,Completed
9577,31,65,102,2025-07-08,996,1042,Delayed
9578,29,8,14,2025-09-26,578,581,Completed
9579,19,14,106,2025-06-07,941,866,Completed
9580,27,37,33,2025-12-15,1364,1247,Delayed
9581,38,53,2,2025-04-15,801,816,Completed
9582,22,59,145,2025-01-08,925,912,Completed
9583,15,28,39,2026-01-01,903,781,Completed
9584,19,35,52,2025-06-13,1876,1964,Completed
9585,19,7,104,2025-09-21,1380,1245,Completed
9586,28,38,38,2025-10-17,1899,1917,Completed
9587,3,19,49,2025-09-09,736,654,Completed
9588,21,70,63,2025-02-01,1756,1693,Rejected
9589,18,58,50,2025-06-20,1514,1569,Rejected
9590,37,52,60,2025-09-29,1368,1232,Completed
9591,4,69,101,2025-05-05,1116,1013,Rejected
9592,24,49,22,2025-02-13,1128,1112,Completed
9593,23,39,136,2025-09-23,831,812,Rejected
9594,16,40,145,2025-05-17,691,637,Completed
9595,31,56,29,2025-12-31,1869,1701,Completed
9596,17,69,86,2025-05-06,607,564,Delayed
9597,18,61,104,2025-03-16,1467,1461,Completed
9598,5,16,65,2025-02-21,1456,1319,Delayed
9599,29,9,71,2025-02-06,1128,1112,Completed
9600,29,40,139,2025-10-07,1137,1027,Completed
9601,33,63,2,2025-08-21,1341,1335,Rejected
9602,15,53,143,2025-07-10,514,530,Rejected
9603,5,55,30,2025-07-14,1288,1248,Rejected
9604,10,50,123,2025-06-17,937,972,Completed
9605,18,70,30,2025-01-24,1510,1301,Completed
9606,19,25,139,2025-01-22,751,775,Completed
9607,11,9,114,2025-12-10,1893,1874,Completed
9608,16,7,54,2025-07-27,1695,1596,Completed
9609,1,34,102,2025-05-04,1200,1085,Completed
9610,1,71,14,2025-11-25,1225,1151,Completed
9611,23,10,112,2025-11-15,1013,950,Rejected
9612,16,52,20,2025-09-18,543,474,Completed
9613,1,61,29,2025-01-18,603,547,Rejected
9614,4,9,12,2025-09-16,1668,1650,Delayed
9615,37,30,10,2025-07-23,599,529,Rejected
9616,19,16,119,2025-06-23,1262,1115,Completed
9617,32,31,7,2025-03-15,1600,1643,Delayed
9618,9,37,150,2025-01-21,1146,1160,Completed
9619,31,3,51,2025-07-10,1512,1388,Completed
9620,23,40,23,2025-06-11,884,921,Completed
9621,18,64,13,2025-12-28,1633,1470,Completed
9622,10,60,65,2025-04-05,508,525,Rejected
9623,4,35,64,2025-01-21,1805,1812,Completed
9624,26,17,29,2025-11-29,739,758,Rejected
9625,4,30,47,2025-06-08,1666,1492,Completed
9626,37,6,106,2025-09-06,1932,1687,Completed
9627,28,65,106,2025-11-30,998,858,Completed
9628,1,55,44,2025-11-20,1751,1576,Completed
9629,11,4,11,2025-11-14,1037,1085,Rejected
9630,12,45,91,2025-11-16,1643,1595,Completed
9631,9,44,16,2025-01-23,1614,1413,Completed
9632,36,33,84,2025-03-07,1783,1743,Rejected
9633,17,26,26,2025-04-19,715,651,Completed
9634,9,11,39,2025-10-06,1295,1194,Completed
9635,12,71,88,2025-06-30,1781,1623,Completed
9636,37,39,83,2025-08-01,1336,1299,Rejected
9637,1,65,22,2025-01-11,542,567,Completed
9638,27,57,44,2025-07-26,1899,1925,Delayed
9639,5,15,7,2025-01-11,1908,1738,Rejected
9640,33,37,8,2025-09-21,1347,1187,Completed
9641,25,75,90,2025-09-21,921,889,Delayed
9642,5,40,4,2025-07-02,686,715,Rejected
9643,28,26,149,2025-01-16,1992,1906,Completed
9644,30,58,50,2025-08-15,1315,1334,Completed
9645,5,31,137,2025-09-17,1691,1746,Rejected
9646,5,74,23,2025-05-29,528,547,Completed
9647,22,67,2,2025-05-06,918,840,Completed
9648,25,57,19,2025-05-01,1784,1532,Completed
9649,14,9,126,2025-10-26,1556,1472,Rejected
9650,12,57,118,2025-12-17,1874,1793,Completed
9651,21,58,25,2025-09-25,1463,1280,Completed
9652,5,28,72,2025-07-12,1823,1843,Completed
9653,33,6,25,2025-11-19,1659,1635,Completed
9654,23,15,87,2025-08-07,1582,1616,Completed
9655,20,17,32,2025-02-14,1315,1361,Completed
9656,18,24,41,2025-05-07,1739,1792,Completed
9657,23,57,138,2025-03-23,876,881,Completed
9658,16,72,135,2025-04-17,1720,1721,Completed
9659,6,23,135,2025-01-20,1473,1291,Completed
9660,15,2,53,2025-09-14,1372,1227,Completed
9661,29,65,72,2025-12-24,827,790,Rejected
9662,14,46,32,2025-02-16,1118,976,Delayed
9663,33,4,84,2025-11-20,956,823,Completed
9664,33,74,85,2025-10-07,1481,1283,Delayed
9665,19,16,107,2025-08-24,828,813,Rejected
9666,31,16,31,2025-09-05,775,704,Rejected
9667,34,18,75,2025-07-11,866,812,Rejected
9668,31,14,124,2025-10-02,1102,1080,Delayed
9669,28,8,42,2025-06-06,1626,1648,Delayed
9670,2,3,68,2025-10-13,1326,1362,Completed
9671,34,19,93,2025-12-21,1286,1323,Completed
9672,23,4,82,2025-11-28,1205,1118,Delayed
9673,6,12,103,2025-01-26,1274,1265,Delayed
9674,13,56,116,2025-08-14,1498,1299,Rejected
9675,25,47,116,2025-03-16,1872,1593,Completed
9676,9,9,5,2025-05-02,1297,1251,Delayed
9677,10,65,141,2025-07-15,1426,1332,Completed
9678,21,23,64,2025-10-19,1879,1852,Rejected
9679,27,60,112,2025-06-14,1233,1062,Completed
9680,4,6,61,2025-11-26,1039,971,Rejected
9681,4,10,135,2025-03-11,1659,1607,Delayed
9682,23,4,73,2025-07-26,760,787,Delayed
9683,11,14,147,2025-05-10,584,592,Completed
9684,10,7,1,2025-01-05,1765,1614,Completed
9685,24,75,41,2025-12-30,635,638,Completed
9686,6,23,38,2025-03-28,1249,1099,Delayed
9687,39,61,116,2025-09-11,1140,1031,Completed
9688,36,7,115,2025-08-09,1159,1069,Completed
9689,22,57,26,2025-09-01,896,916,Delayed
9690,35,20,60,2025-06-18,1869,1802,Delayed
9691,11,40,128,2025-11-24,1473,1270,Completed
9692,8,35,130,2025-11-14,660,640,Completed
9693,36,13,147,2025-04-24,1312,1267,Rejected
9694,39,51,113,2025-07-05,866,876,Completed
9695,24,56,131,2025-09-23,1070,1053,Completed
9696,32,9,68,2025-02-27,865,752,Completed
9697,11,50,35,2025-11-15,1761,1848,Completed
9698,8,55,93,2025-06-18,1833,1715,Completed
9699,37,8,142,2025-12-30,1242,1113,Completed
9700,22,21,25,2025-04-12,1011,999,Completed
9701,25,3,15,2025-08-28,639,552,Delayed
9702,30,9,94,2025-03-15,962,894,Completed
9703,14,69,76,2025-05-25,1652,1522,Rejected
9704,8,18,18,2025-05-29,1465,1501,Completed
9705,25,42,64,2025-10-23,1523,1545,Completed
9706,8,50,68,2025-10-29,846,869,Rejected
9707,3,55,31,2025-11-26,1746,1692,Rejected
9708,14,20,105,2025-11-18,590,609,Completed
9709,28,57,107,2025-09-04,1453,1240,Completed
9710,6,5,135,2025-12-28,1602,1484,Delayed
9711,33,71,128,2025-04-10,1814,1622,Completed
9712,9,4,24,2025-11-08,704,642,Delayed
9713,34,73,3,2025-08-05,1207,1265,Delayed
9714,5,31,114,2025-03-08,1424,1441,Delayed
9715,25,32,44,2025-03-31,690,688,Completed
9716,10,63,63,2025-08-16,759,702,Completed
9717,22,74,13,2025-11-07,1379,1380,Completed
9718,22,26,58,2025-09-12,1813,1709,Rejected
9719,30,53,148,2025-04-24,1923,1746,Completed
9720,22,14,148,2025-12-18,1877,1793,Completed
9721,37,27,71,2025-02-22,1275,1253,Rejected
9722,3,35,50,2025-04-16,760,730,Completed
9723,21,46,17,2025-06-01,979,958,Rejected
9724,22,56,57,2025-02-24,826,724,Completed
9725,17,2,46,2025-12-21,759,756,Completed
9726,2,54,128,2025-12-16,1533,1458,Delayed
9727,15,14,130,2025-12-07,652,590,Completed
9728,5,9,145,2025-06-07,1434,1386,Delayed
9729,14,26,24,2025-11-23,1082,927,Completed
9730,28,29,86,2025-01-01,846,791,Completed
9731,2,51,94,2025-12-31,1484,1427,Completed
9732,11,19,95,2025-06-27,1938,1914,Completed
9733,36,70,48,2025-09-20,1154,1202,Completed
9734,32,35,112,2025-09-27,763,667,Rejected
9735,11,73,45,2025-06-07,1750,1800,Completed
9736,23,53,115,2025-01-31,1228,1228,Rejected
9737,6,66,107,2025-12-25,1029,1023,Completed
9738,26,49,64,2025-03-17,897,877,Rejected
9739,12,42,94,2025-08-16,1960,1772,Completed
9740,35,64,132,2025-11-05,1333,1205,Rejected
9741,26,35,114,2025-05-22,721,620,Completed
9742,17,42,57,2025-07-06,1309,1247,Delayed
9743,31,30,87,2025-07-13,930,887,Completed
9744,1,54,133,2025-03-19,1371,1351,Rejected
9745,12,56,68,2025-02-21,696,705,Completed
9746,22,41,8,2025-02-13,1148,1201,Delayed
9747,23,53,97,2025-07-23,1901,1728,Completed
9748,9,30,57,2025-11-04,1492,1351,Completed
9749,30,58,133,2025-07-31,502,457,Rejected
9750,29,46,135,2025-12-03,1880,1837,Completed
9751,40,69,53,2025-11-15,1759,1741,Completed
9752,36,63,103,2025-07-05,1358,1315,Delayed
9753,20,73,55,2025-10-22,1356,1249,Completed
9754,25,43,142,2025-11-04,1477,1367,Delayed
9755,36,30,47,2025-02-19,1119,1147,Completed
9756,38,9,92,2025-07-22,1625,1540,Rejected
9757,36,33,150,2025-05-02,1038,918,Completed
9758,5,33,14,2025-10-29,1648,1719,Delayed
9759,12,70,87,2025-08-20,1940,1792,Completed
9760,30,25,141,2025-06-08,1184,1125,Completed
9761,27,55,62,2025-08-11,1335,1365,Completed
9762,21,55,30,2025-03-17,844,815,Completed
9763,5,62,140,2025-10-03,787,785,Completed
9764,31,18,33,2025-08-24,1147,1114,Completed
9765,34,15,142,2025-09-22,648,614,Completed
9766,4,75,97,2025-09-03,562,527,Rejected
9767,35,49,86,2025-06-14,964,995,Completed
9768,37,46,17,2025-04-24,1940,1701,Completed
9769,25,33,45,2025-06-15,1812,1820,Completed
9770,35,20,130,2025-05-02,1777,1805,Rejected
9771,7,54,17,2025-07-04,1658,1507,Delayed
9772,9,5,26,2025-11-20,991,920,Completed
9773,40,11,16,2025-04-08,742,719,Completed
9774,17,3,41,2025-06-24,736,665,Completed
9775,1,46,98,2025-02-05,749,727,Completed
9776,19,45,18,2025-08-08,1747,1722,Delayed
9777,8,9,29,2025-04-11,1962,2044,Rejected
9778,31,47,9,2025-01-04,1189,1144,Completed
9779,4,39,18,2025-03-21,588,606,Rejected
9780,1,8,105,2025-05-12,1220,1212,Completed
9781,36,49,55,2025-08-23,769,702,Completed
9782,3,18,136,2025-08-15,1614,1396,Completed
9783,4,31,40,2025-01-18,922,968,Completed
9784,5,53,3,2025-02-16,502,489,Delayed
9785,17,39,90,2025-07-20,752,787,Rejected
9786,35,73,137,2025-07-20,1223,1210,Rejected
9787,32,45,142,2025-05-08,1166,1085,Completed
9788,31,26,42,2025-10-16,1127,1128,Rejected
9789,26,25,15,2025-04-09,1488,1316,Completed
9790,17,22,49,2025-01-07,1424,1342,Rejected
9791,19,74,109,2025-03-17,1153,1197,Delayed
9792,25,8,106,2025-12-30,635,623,Completed
9793,10,34,136,2025-06-18,1254,1095,Delayed
9794,22,72,45,2025-07-01,850,844,Rejected
9795,1,37,26,2025-11-25,1621,1426,Delayed
9796,17,20,99,2025-05-24,1732,1545,Completed
9797,9,63,119,2025-08-09,1255,1177,Delayed
9798,32,35,113,2025-12-29,1674,1744,Completed
9799,29,62,37,2025-02-14,1626,1412,Completed
9800,16,75,62,2025-11-12,956,879,Completed
9801,33,40,54,2025-04-16,1443,1281,Completed
9802,1,2,125,2025-08-16,532,471,Rejected
9803,4,44,138,2025-03-19,1781,1783,Completed
9804,33,70,39,2025-12-31,1160,1051,Delayed
9805,26,11,11,2025-03-31,1370,1436,Rejected
9806,29,63,15,2025-08-01,1332,1205,Rejected
9807,7,33,63,2025-03-18,995,891,Delayed
9808,24,19,143,2025-10-05,676,605,Completed
9809,29,75,55,2025-01-26,1577,1468,Rejected
9810,8,20,47,2025-10-24,1779,1726,Delayed
9811,12,54,38,2025-03-16,1223,1117,Completed
9812,2,17,139,2025-02-18,1083,1059,Completed
9813,15,23,148,2025-10-04,502,429,Completed
9814,22,64,138,2025-02-16,1021,977,Completed
9815,32,25,108,2025-12-18,1972,1776,Completed
9816,26,30,93,2025-02-03,928,970,Completed
9817,19,73,109,2025-12-24,1201,1230,Completed
9818,29,32,71,2025-04-06,802,841,Completed
9819,6,9,137,2025-02-28,1252,1183,Completed
9820,20,34,141,2025-07-11,1181,1022,Rejected
9821,32,57,83,2025-09-06,1557,1350,Delayed
9822,20,55,2,2025-02-19,902,777,Delayed
9823,22,4,37,2025-02-08,1753,1836,Rejected
9824,26,30,125,2025-04-22,861,771,Completed
9825,6,24,86,2025-10-01,1902,1802,Delayed
9826,8,33,1,2025-06-28,1795,1864,Rejected
9827,8,51,115,2025-07-30,942,895,Completed
9828,26,59,18,2025-11-03,1299,1296,Completed
9829,15,5,27,2025-05-05,807,742,Completed
9830,22,47,41,2025-01-08,1819,1877,Rejected
9831,6,24,26,2025-12-17,1030,1056,Rejected
9832,34,57,35,2025-05-14,1162,1195,Completed
9833,38,24,89,2025-08-30,1663,1539,Delayed
9834,33,43,20,2025-09-16,1727,1759,Completed
9835,28,45,144,2025-12-31,1721,1580,Completed
9836,34,21,35,2025-06-22,1917,1901,Delayed
9837,11,34,132,2025-07-02,1767,1672,Delayed
9838,36,38,130,2025-06-28,890,884,Completed
9839,2,48,125,2025-03-04,703,688,Completed
9840,32,47,60,2025-02-12,1807,1727,Completed
9841,14,11,27,2025-08-08,1565,1641,Completed
9842,26,23,28,2025-06-17,1778,1856,Delayed
9843,10,59,115,2025-11-10,1924,1776,Completed
9844,3,58,147,2025-01-27,1086,1074,Completed
9845,10,26,54,2025-04-10,1839,1830,Delayed
9846,7,5,147,2025-04-03,1026,924,Completed
9847,14,72,130,2025-07-29,1869,1777,Completed
9848,8,36,148,2025-10-17,972,847,Completed
9849,36,50,85,2025-02-20,1356,1158,Completed
9850,4,14,83,2025-08-09,565,555,Rejected
9851,20,42,60,2025-01-11,838,767,Completed
9852,17,67,31,2025-06-09,1426,1455,Rejected
9853,37,26,64,2025-01-28,1110,970,Completed
9854,8,14,93,2025-07-25,1841,1920,Completed
9855,3,6,20,2025-06-30,1212,1145,Completed
9856,30,12,4,2025-12-19,1574,1477,Completed
9857,39,45,71,2025-04-13,1817,1775,Rejected
9858,20,43,127,2025-02-20,1570,1447,Delayed
9859,40,54,39,2025-08-24,1711,1540,Completed
9860,33,60,110,2025-07-31,1178,1233,Completed
9861,11,68,100,2025-04-07,737,732,Completed
9862,30,15,99,2025-07-16,827,820,Completed
9863,37,35,19,2025-09-05,573,595,Completed
9864,25,28,146,2025-10-21,1940,1895,Completed
9865,2,32,33,2025-09-06,788,827,Rejected
9866,9,8,63,2025-08-07,623,629,Delayed
9867,38,61,125,2025-05-08,775,774,Delayed
9868,30,7,23,2025-03-11,1662,1547,Rejected
9869,16,60,82,2025-04-05,1086,1138,Completed
9870,2,12,110,2025-02-10,880,840,Completed
9871,40,25,51,2025-03-17,737,706,Completed
9872,6,62,30,2025-05-03,873,755,Completed
9873,3,45,104,2025-12-14,729,619,Delayed
9874,39,65,121,2025-01-26,951,974,Completed
9875,36,43,142,2025-06-30,1418,1325,Delayed
9876,14,30,143,2025-10-26,1829,1912,Completed
9877,9,63,42,2025-10-05,818,819,Rejected
9878,4,38,69,2025-01-25,1018,967,Completed
9879,27,54,109,2025-03-13,1551,1340,Completed
9880,29,28,124,2025-09-24,1097,992,Completed
9881,9,33,49,2025-12-03,589,508,Rejected
9882,20,67,98,2025-03-27,577,503,Rejected
9883,23,21,150,2025-12-13,1249,1071,Completed
9884,32,21,106,2025-05-28,505,493,Completed
9885,13,67,47,2025-11-08,1422,1323,Delayed
9886,7,62,35,2025-07-06,1421,1309,Completed
9887,10,13,122,2025-08-30,1450,1463,Delayed
9888,24,51,36,2025-01-21,1662,1502,Completed
9889,26,47,19,2025-02-21,1495,1296,Delayed
9890,37,48,62,2025-01-31,1388,1404,Delayed
9891,26,31,104,2025-02-25,894,873,Rejected
9892,18,33,91,2025-05-07,1299,1319,Rejected
9893,27,43,18,2025-12-23,587,576,Completed
9894,14,65,37,2025-03-10,1806,1684,Completed
9895,18,18,86,2025-07-17,758,755,Completed
9896,8,26,126,2025-03-05,1738,1694,Rejected
9897,5,53,48,2025-09-29,1373,1397,Completed
9898,14,27,134,2025-07-05,562,576,Delayed
9899,20,13,57,2025-06-09,946,928,Completed
9900,29,44,147,2025-10-21,1590,1425,Delayed
9901,17,62,127,2025-01-01,1316,1144,Completed
9902,37,32,101,2025-03-07,1337,1286,Completed
9903,38,17,115,2025-02-26,773,734,Completed
9904,29,22,120,2025-02-11,1547,1528,Completed
9905,7,69,3,2025-12-11,1850,1786,Completed
9906,30,12,45,2025-08-02,1597,1545,Rejected
9907,3,40,37,2025-10-20,1415,1404,Completed
9908,12,17,147,2025-04-18,1376,1320,Completed
9909,30,65,109,2025-08-12,1926,1897,Completed
9910,6,23,50,2025-02-04,1223,1102,Rejected
9911,2,59,51,2025-05-22,1892,1873,Completed
9912,24,73,144,2025-11-08,1282,1315,Rejected
9913,20,41,149,2025-05-09,1687,1473,Completed
9914,33,20,102,2025-07-03,1393,1394,Delayed
9915,32,24,28,2025-06-23,1789,1560,Delayed
9916,25,58,56,2025-01-09,592,541,Rejected
9917,6,58,38,2025-01-25,959,979,Completed
9918,28,56,140,2025-05-08,601,573,Completed
9919,17,3,84,2025-02-02,1622,1406,Completed
9920,21,19,6,2025-09-11,1679,1484,Completed
9921,13,53,22,2025-09-05,1715,1580,Completed
9922,35,14,74,2025-02-26,1557,1343,Completed
9923,21,71,75,2025-09-22,836,801,Rejected
9924,25,50,23,2025-03-07,1423,1255,Completed
9925,17,13,23,2025-02-24,542,517,Completed
9926,3,16,91,2025-09-30,1502,1398,Completed
9927,10,28,121,2025-02-01,1262,1132,Completed
9928,27,32,100,2025-06-11,1715,1499,Rejected
9929,4,40,49,2025-08-08,892,829,Completed
9930,30,16,123,2025-09-02,799,691,Completed
9931,9,22,45,2025-05-26,1775,1745,Completed
9932,9,16,139,2025-12-15,1357,1203,Rejected
9933,16,67,36,2025-08-02,632,552,Completed
9934,10,59,68,2025-11-19,1856,1908,Rejected
9935,26,24,127,2025-08-06,1507,1353,Completed
9936,15,40,87,2025-10-27,1800,1820,Delayed
9937,8,61,133,2025-07-20,946,901,Completed
9938,14,60,13,2025-09-27,680,582,Completed
9939,25,38,13,2025-04-06,665,672,Rejected
9940,38,3,84,2025-02-13,1794,1599,Completed
9941,17,40,37,2025-03-15,1746,1772,Completed
9942,25,12,32,2025-05-14,1441,1405,Completed
9943,34,42,127,2025-01-20,1046,1016,Completed
9944,34,63,73,2025-09-25,993,923,Completed
9945,9,48,110,2025-08-12,1794,1601,Rejected
9946,2,72,53,2025-03-13,1776,1625,Completed
9947,12,73,60,2025-06-22,1980,2013,Completed
9948,31,22,21,2025-05-14,596,529,Completed
9949,33,55,129,2025-03-21,927,895,Completed
9950,35,38,11,2025-04-11,1252,1175,Completed
9951,36,73,51,2025-10-17,965,988,Delayed
9952,30,43,103,2025-03-29,926,881,Completed
9953,12,61,38,2025-05-28,1160,1200,Delayed
9954,5,27,125,2025-07-11,666,624,Delayed
9955,5,1,54,2025-02-28,1824,1802,Delayed
9956,29,13,4,2025-12-29,1224,1185,Rejected
9957,21,55,11,2025-12-31,603,618,Completed
9958,21,29,125,2025-03-05,1581,1488,Completed
9959,14,18,110,2025-02-27,1616,1519,Completed
9960,6,55,125,2025-09-09,798,794,Delayed
9961,7,71,120,2025-05-23,992,1008,Completed
9962,34,65,95,2025-01-18,1843,1775,Delayed
9963,34,6,10,2025-12-01,1353,1175,Completed
9964,16,42,67,2025-04-10,1517,1426,Completed
9965,22,70,122,2025-05-06,1132,1113,Delayed
9966,1,59,145,2025-12-31,1595,1527,Completed
9967,10,70,14,2025-01-26,955,911,Completed
9968,6,54,60,2025-05-22,1952,1829,Completed
9969,7,58,20,2025-05-26,1453,1512,Completed
9970,4,43,53,2025-02-26,1521,1317,Delayed
9971,36,71,3,2025-01-16,1186,1109,Completed
9972,16,26,10,2025-06-14,1801,1860,Rejected
9973,30,63,119,2025-01-17,1570,1622,Completed
9974,3,75,63,2025-10-15,612,535,Completed
9975,5,35,112,2025-04-23,1875,1786,Rejected
9976,8,9,84,2025-03-19,1337,1200,Completed
9977,23,19,123,2025-04-27,507,438,Completed
9978,13,71,140,2025-12-10,1172,1140,Delayed
9979,17,31,99,2025-05-07,701,663,Rejected
9980,5,57,120,2025-11-10,1337,1369,Completed
9981,36,9,47,2025-10-04,662,613,Completed
9982,27,34,75,2025-02-02,1266,1170,Completed
9983,13,9,107,2025-04-03,789,798,Completed
9984,13,42,122,2025-02-10,595,558,Completed
9985,36,10,146,2025-03-30,1427,1359,Completed
9986,33,3,131,2025-12-12,1976,1975,Completed
9987,23,37,4,2025-07-20,1519,1314,Completed
9988,31,16,136,2025-10-09,1775,1519,Rejected
9989,26,12,89,2025-12-19,552,493,Completed
9990,23,21,45,2025-09-18,1337,1282,Completed
9991,5,8,121,2025-04-21,1786,1710,Delayed
9992,14,69,48,2025-03-18,1335,1232,Completed
9993,3,21,129,2025-11-07,1351,1223,Completed
9994,26,58,6,2025-12-02,902,802,Completed
9995,30,15,46,2025-07-08,1380,1418,Completed
9996,6,20,90,2025-12-01,576,542,Delayed
9997,29,42,35,2025-01-07,1490,1432,Completed
9998,8,65,62,2025-08-05,1168,1177,Delayed
9999,24,24,51,2025-01-06,1371,1326,Completed
10000,34,65,76,2025-07-19,1098,1038,Completed
