quality_id,batch_id,inspection_score,inspection_result,inspector_name,remarks
1,1,83.99,Pass,Rajesh,Rejected
2,2,97.85,Pass,Priya,Rejected
3,3,97.79,Pass,Kumar,Requires inspection
4,4,84.27,Pass,Anitha,Rejected
5,5,73.0,Pass,Rajesh,Approved
6,6,81.58,Fail,Rajesh,Approved
7,7,99.68,Fail,Priya,Approved
8,8,97.66,Pass,Kumar,Minor issue found
9,9,92.84,Pass,Rajesh,Rejected
10,10,81.45,Pass,Anitha,Rejected
11,11,78.75,Pass,Priya,Rejected
12,12,70.74,Pass,Rajesh,Minor issue found
13,13,86.39,Fail,Kumar,Rejected
14,14,81.89,Pass,Kumar,Approved
15,15,73.39,Pass,Sneha,Rejected
16,16,95.37,Pass,Kumar,Rejected
17,17,81.48,Pass,Anitha,Approved
18,18,86.17,Pass,Sneha,Minor issue found
19,19,91.96,Fail,Kumar,Rejected
20,20,84.25,Pass,Anitha,Approved
21,21,71.89,Pass,Rajesh,Minor issue found
22,22,90.48,Pass,Priya,Requires inspection
23,23,98.39,Pass,Rajesh,Requires inspection
24,24,83.29,Pass,Sneha,Approved
25,25,70.6,Pass,Anitha,Minor issue found
26,26,81.59,Pass,Kumar,Minor issue found
27,27,77.16,Pass,Priya,Rejected
28,28,88.19,Pass,Priya,Minor issue found
29,29,97.43,Pass,Sneha,Minor issue found
30,30,85.05,Pass,Sneha,Approved
31,31,74.46,Pass,Sneha,Approved
32,32,97.48,Pass,Sneha,Approved
33,33,85.22,Pass,Kumar,Approved
34,34,82.54,Pass,Anitha,Rejected
35,35,86.53,Pass,Rajesh,Minor issue found
36,36,79.88,Fail,Sneha,Rejected
37,37,70.61,Pass,Rajesh,Minor issue found
38,38,80.46,Pass,Priya,Minor issue found
39,39,93.58,Pass,Priya,Rejected
40,40,81.98,Pass,Rajesh,Approved
41,41,77.18,Pass,Sneha,Requires inspection
42,42,76.71,Pass,Sneha,Rejected
43,43,71.02,Pass,Anitha,Requires inspection
44,44,77.39,Pass,Sneha,Requires inspection
45,45,90.35,Pass,Rajesh,Requires inspection
46,46,83.48,Pass,Priya,Approved
47,47,78.42,Pass,Priya,Rejected
48,48,76.44,Pass,Sneha,Rejected
49,49,93.73,Pass,Priya,Requires inspection
50,50,73.17,Pass,Anitha,Approved
51,51,74.05,Fail,Anitha,Minor issue found
52,52,87.06,Pass,Priya,Rejected
53,53,96.17,Pass,Sneha,Rejected
54,54,77.9,Pass,Sneha,Minor issue found
55,55,83.86,Pass,Anitha,Approved
56,56,85.07,Pass,Kumar,Rejected
57,57,73.55,Pass,Kumar,Approved
58,58,93.8,Pass,Priya,Rejected
59,59,81.99,Pass,Anitha,Requires inspection
60,60,96.48,Pass,Priya,Approved
61,61,91.57,Pass,Kumar,Rejected
62,62,71.48,Pass,Anitha,Requires inspection
63,63,85.91,Pass,Rajesh,Approved
64,64,82.11,Pass,Rajesh,Rejected
65,65,90.16,Pass,Anitha,Approved
66,66,98.04,Pass,Rajesh,Requires inspection
67,67,93.17,Pass,Priya,Approved
68,68,74.86,Pass,Rajesh,Approved
69,69,75.59,Pass,Rajesh,Minor issue found
70,70,88.97,Pass,Rajesh,Minor issue found
71,71,85.51,Fail,Priya,Approved
72,72,88.3,Pass,Kumar,Requires inspection
73,73,76.17,Pass,Kumar,Rejected
74,74,96.87,Pass,Priya,Minor issue found
75,75,97.46,Pass,Sneha,Approved
76,76,87.92,Pass,Anitha,Requires inspection
77,77,93.83,Pass,Sneha,Requires inspection
78,78,85.88,Pass,Kumar,Approved
79,79,98.17,Fail,Rajesh,Rejected
80,80,71.15,Pass,Priya,Minor issue found
81,81,73.7,Pass,Rajesh,Rejected
82,82,86.47,Pass,Anitha,Approved
83,83,95.88,Fail,Sneha,Approved
84,84,92.12,Pass,Anitha,Requires inspection
85,85,73.98,Pass,Rajesh,Minor issue found
86,86,78.86,Pass,Anitha,Requires inspection
87,87,80.7,Fail,Rajesh,Minor issue found
88,88,80.69,Pass,Anitha,Rejected
89,89,72.56,Pass,Anitha,Minor issue found
90,90,83.29,Fail,Kumar,Rejected
91,91,80.71,Fail,Priya,Rejected
92,92,70.83,Pass,Rajesh,Minor issue found
93,93,93.09,Pass,Priya,Requires inspection
94,94,82.73,Pass,Sneha,Approved
95,95,74.23,Pass,Priya,Rejected
96,96,79.97,Pass,Anitha,Requires inspection
97,97,75.83,Pass,Priya,Minor issue found
98,98,89.42,Pass,Priya,Requires inspection
99,99,97.03,Fail,Sneha,Minor issue found
100,100,83.01,Pass,Kumar,Rejected
101,101,95.28,Pass,Rajesh,Rejected
102,102,91.62,Fail,Kumar,Minor issue found
103,103,96.31,Pass,Kumar,Rejected
104,104,74.32,Pass,Anitha,Requires inspection
105,105,92.23,Pass,Rajesh,Rejected
106,106,86.91,Pass,Anitha,Requires inspection
107,107,88.86,Pass,Kumar,Rejected
108,108,94.18,Pass,Sneha,Approved
109,109,86.1,Pass,Rajesh,Minor issue found
110,110,85.13,Pass,Kumar,Approved
111,111,97.83,Pass,Sneha,Requires inspection
112,112,92.31,Pass,Rajesh,Approved
113,113,96.84,Pass,Rajesh,Approved
114,114,91.06,Pass,Priya,Minor issue found
115,115,96.43,Pass,Sneha,Approved
116,116,86.38,Pass,Rajesh,Approved
117,117,99.53,Pass,Sneha,Approved
118,118,96.47,Pass,Anitha,Minor issue found
119,119,90.59,Pass,Anitha,Minor issue found
120,120,88.89,Pass,Rajesh,Approved
121,121,80.09,Pass,Priya,Rejected
122,122,74.4,Pass,Kumar,Approved
123,123,82.33,Pass,Kumar,Approved
124,124,96.28,Pass,Sneha,Minor issue found
125,125,85.48,Pass,Sneha,Rejected
126,126,77.13,Pass,Anitha,Minor issue found
127,127,74.46,Pass,Kumar,Approved
128,128,72.54,Pass,Priya,Requires inspection
129,129,94.35,Pass,Rajesh,Requires inspection
130,130,98.14,Pass,Anitha,Rejected
131,131,70.4,Pass,Priya,Rejected
132,132,87.71,Pass,Sneha,Approved
133,133,91.36,Pass,Priya,Requires inspection
134,134,83.14,Fail,Priya,Approved
135,135,79.57,Pass,Anitha,Requires inspection
136,136,84.84,Pass,Rajesh,Approved
137,137,99.91,Pass,Kumar,Approved
138,138,74.96,Pass,Kumar,Rejected
139,139,83.57,Pass,Anitha,Rejected
140,140,97.5,Pass,Anitha,Approved
141,141,96.86,Pass,Priya,Requires inspection
142,142,89.04,Pass,Priya,Minor issue found
143,143,86.85,Pass,Anitha,Approved
144,144,89.75,Fail,Anitha,Requires inspection
145,145,95.25,Fail,Kumar,Requires inspection
146,146,89.44,Pass,Anitha,Approved
147,147,87.7,Pass,Sneha,Requires inspection
148,148,95.17,Pass,Rajesh,Minor issue found
149,149,94.49,Pass,Kumar,Requires inspection
150,150,97.64,Pass,Kumar,Rejected
151,151,87.02,Fail,Sneha,Requires inspection
152,152,89.36,Pass,Anitha,Minor issue found
153,153,80.06,Pass,Rajesh,Minor issue found
154,154,97.12,Fail,Kumar,Approved
155,155,76.3,Pass,Anitha,Approved
156,156,94.92,Pass,Kumar,Approved
157,157,73.54,Pass,Sneha,Approved
158,158,77.55,Pass,Sneha,Rejected
159,159,76.46,Pass,Sneha,Minor issue found
160,160,90.75,Pass,Priya,Minor issue found
161,161,89.84,Pass,Rajesh,Minor issue found
162,162,74.16,Pass,Rajesh,Rejected
163,163,79.28,Pass,Kumar,Requires inspection
164,164,93.11,Pass,Rajesh,Requires inspection
165,165,78.71,Pass,Sneha,Rejected
166,166,94.0,Pass,Priya,Requires inspection
167,167,83.44,Pass,Rajesh,Approved
168,168,97.23,Pass,Anitha,Approved
169,169,98.59,Pass,Priya,Approved
170,170,76.19,Pass,Rajesh,Rejected
171,171,70.45,Pass,Sneha,Requires inspection
172,172,94.67,Pass,Priya,Rejected
173,173,74.71,Fail,Sneha,Rejected
174,174,70.44,Pass,Anitha,Rejected
175,175,85.84,Fail,Anitha,Requires inspection
176,176,89.3,Pass,Kumar,Approved
177,177,93.27,Pass,Anitha,Minor issue found
178,178,76.25,Pass,Priya,Approved
179,179,86.69,Pass,Anitha,Rejected
180,180,97.55,Pass,Rajesh,Minor issue found
181,181,79.21,Pass,Rajesh,Requires inspection
182,182,84.66,Pass,Anitha,Approved
183,183,72.9,Pass,Priya,Rejected
184,184,97.84,Pass,Anitha,Minor issue found
185,185,78.31,Pass,Kumar,Minor issue found
186,186,87.88,Fail,Priya,Rejected
187,187,78.64,Fail,Anitha,Approved
188,188,74.92,Pass,Sneha,Approved
189,189,77.42,Fail,Sneha,Rejected
190,190,78.29,Fail,Kumar,Requires inspection
191,191,72.62,Pass,Rajesh,Approved
192,192,96.99,Pass,Sneha,Rejected
193,193,82.85,Pass,Sneha,Rejected
194,194,82.97,Pass,Priya,Requires inspection
195,195,71.53,Pass,Anitha,Requires inspection
196,196,98.68,Fail,Anitha,Rejected
197,197,79.43,Pass,Anitha,Approved
198,198,86.55,Pass,Anitha,Approved
199,199,83.44,Pass,Anitha,Rejected
200,200,90.47,Pass,Kumar,Approved
201,201,80.78,Pass,Anitha,Rejected
202,202,84.23,Pass,Kumar,Minor issue found
203,203,96.02,Pass,Rajesh,Rejected
204,204,82.11,Pass,Sneha,Approved
205,205,72.7,Pass,Sneha,Approved
206,206,84.44,Pass,Priya,Requires inspection
207,207,82.93,Pass,Priya,Rejected
208,208,75.85,Pass,Kumar,Requires inspection
209,209,74.71,Pass,Kumar,Minor issue found
210,210,73.93,Pass,Anitha,Approved
211,211,70.74,Pass,Anitha,Approved
212,212,94.18,Pass,Anitha,Approved
213,213,94.37,Pass,Kumar,Minor issue found
214,214,85.05,Pass,Priya,Minor issue found
215,215,85.74,Pass,Kumar,Approved
216,216,86.28,Fail,Sneha,Minor issue found
217,217,84.62,Pass,Priya,Rejected
218,218,78.9,Pass,Sneha,Minor issue found
219,219,90.34,Fail,Sneha,Rejected
220,220,71.64,Pass,Rajesh,Minor issue found
221,221,84.0,Fail,Rajesh,Approved
222,222,82.57,Pass,Priya,Requires inspection
223,223,87.44,Fail,Priya,Requires inspection
224,224,98.65,Pass,Anitha,Rejected
225,225,85.03,Fail,Sneha,Approved
226,226,73.78,Pass,Rajesh,Rejected
227,227,90.91,Pass,Kumar,Minor issue found
228,228,98.27,Pass,Sneha,Rejected
229,229,81.94,Pass,Rajesh,Approved
230,230,83.92,Pass,Kumar,Minor issue found
231,231,83.2,Pass,Kumar,Requires inspection
232,232,83.02,Pass,Anitha,Approved
233,233,80.92,Pass,Anitha,Minor issue found
234,234,90.98,Pass,Rajesh,Approved
235,235,79.02,Pass,Priya,Approved
236,236,89.31,Pass,Sneha,Minor issue found
237,237,73.43,Pass,Priya,Rejected
238,238,78.25,Pass,Kumar,Rejected
239,239,86.88,Pass,Sneha,Rejected
240,240,91.32,Pass,Priya,Rejected
241,241,85.01,Pass,Anitha,Rejected
242,242,71.41,Pass,Priya,Requires inspection
243,243,88.2,Pass,Kumar,Minor issue found
244,244,75.77,Pass,Sneha,Rejected
245,245,75.64,Pass,Rajesh,Minor issue found
246,246,71.01,Fail,Sneha,Approved
247,247,71.06,Pass,Rajesh,Approved
248,248,76.99,Pass,Rajesh,Rejected
249,249,98.36,Pass,Kumar,Minor issue found
250,250,97.83,Pass,Anitha,Minor issue found
251,251,91.13,Fail,Priya,Minor issue found
252,252,82.91,Pass,Rajesh,Minor issue found
253,253,71.59,Pass,Anitha,Minor issue found
254,254,95.87,Pass,Priya,Minor issue found
255,255,82.46,Pass,Priya,Minor issue found
256,256,81.96,Pass,Anitha,Minor issue found
257,257,74.11,Pass,Kumar,Approved
258,258,70.27,Pass,Sneha,Minor issue found
259,259,99.68,Pass,Sneha,Requires inspection
260,260,86.09,Pass,Rajesh,Rejected
261,261,70.84,Pass,Sneha,Requires inspection
262,262,75.49,Pass,Kumar,Minor issue found
263,263,89.2,Pass,Anitha,Requires inspection
264,264,75.55,Pass,Kumar,Approved
265,265,94.92,Pass,Anitha,Rejected
266,266,90.82,Pass,Kumar,Rejected
267,267,76.73,Pass,Rajesh,Requires inspection
268,268,94.75,Pass,Rajesh,Rejected
269,269,90.71,Pass,Rajesh,Rejected
270,270,88.35,Pass,Anitha,Minor issue found
271,271,71.49,Pass,Kumar,Rejected
272,272,87.65,Pass,Anitha,Rejected
273,273,76.62,Pass,Kumar,Approved
274,274,82.83,Pass,Priya,Approved
275,275,93.31,Pass,Kumar,Approved
276,276,87.5,Pass,Kumar,Minor issue found
277,277,97.53,Pass,Kumar,Minor issue found
278,278,99.37,Pass,Sneha,Minor issue found
279,279,82.87,Pass,Anitha,Rejected
280,280,91.77,Fail,Rajesh,Approved
281,281,84.5,Pass,Anitha,Requires inspection
282,282,81.45,Pass,Priya,Minor issue found
283,283,81.49,Pass,Kumar,Rejected
284,284,70.55,Pass,Kumar,Minor issue found
285,285,85.03,Pass,Sneha,Requires inspection
286,286,96.06,Pass,Priya,Requires inspection
287,287,99.36,Pass,Sneha,Minor issue found
288,288,88.74,Pass,Anitha,Rejected
289,289,72.88,Fail,Priya,Requires inspection
290,290,80.15,Pass,Kumar,Requires inspection
291,291,79.13,Fail,Kumar,Rejected
292,292,92.72,Pass,Priya,Approved
293,293,99.05,Pass,Rajesh,Approved
294,294,74.34,Pass,Rajesh,Approved
295,295,72.73,Fail,Anitha,Requires inspection
296,296,93.74,Pass,Kumar,Requires inspection
297,297,98.59,Pass,Sneha,Approved
298,298,76.94,Pass,Priya,Rejected
299,299,85.15,Pass,Anitha,Rejected
300,300,73.71,Pass,Kumar,Rejected
301,301,88.85,Pass,Kumar,Requires inspection
302,302,82.62,Pass,Sneha,Approved
303,303,87.64,Pass,Priya,Rejected
304,304,85.72,Pass,Rajesh,Minor issue found
305,305,83.48,Pass,Anitha,Minor issue found
306,306,85.33,Fail,Kumar,Rejected
307,307,99.75,Pass,Priya,Rejected
308,308,96.53,Pass,Kumar,Requires inspection
309,309,88.59,Pass,Kumar,Minor issue found
310,310,72.88,Pass,Priya,Minor issue found
311,311,80.58,Pass,Kumar,Requires inspection
312,312,70.35,Fail,Kumar,Approved
313,313,92.7,Pass,Kumar,Requires inspection
314,314,90.28,Pass,Sneha,Approved
315,315,94.85,Pass,Priya,Requires inspection
316,316,98.14,Pass,Rajesh,Minor issue found
317,317,76.47,Pass,Rajesh,Minor issue found
318,318,85.07,Pass,Sneha,Approved
319,319,97.02,Pass,Priya,Minor issue found
320,320,76.08,Pass,Sneha,Approved
321,321,96.16,Pass,Kumar,Approved
322,322,94.44,Pass,Priya,Requires inspection
323,323,96.03,Pass,Rajesh,Requires inspection
324,324,95.18,Fail,Rajesh,Approved
325,325,91.58,Pass,Priya,Approved
326,326,70.15,Pass,Sneha,Minor issue found
327,327,87.1,Pass,Priya,Requires inspection
328,328,83.1,Fail,Sneha,Approved
329,329,71.25,Pass,Kumar,Minor issue found
330,330,93.93,Pass,Kumar,Rejected
331,331,98.86,Pass,Sneha,Rejected
332,332,79.82,Pass,Sneha,Approved
333,333,86.45,Pass,Priya,Approved
334,334,98.75,Pass,Anitha,Rejected
335,335,70.56,Pass,Sneha,Rejected
336,336,72.82,Pass,Priya,Requires inspection
337,337,75.06,Pass,Kumar,Approved
338,338,77.7,Pass,Priya,Rejected
339,339,82.99,Pass,Priya,Rejected
340,340,89.86,Pass,Priya,Rejected
341,341,76.89,Fail,Rajesh,Requires inspection
342,342,71.5,Pass,Anitha,Approved
343,343,74.28,Pass,Kumar,Approved
344,344,92.86,Pass,Kumar,Rejected
345,345,81.16,Fail,Kumar,Requires inspection
346,346,89.91,Pass,Kumar,Approved
347,347,90.8,Pass,Anitha,Minor issue found
348,348,71.88,Pass,Priya,Minor issue found
349,349,83.32,Pass,Sneha,Approved
350,350,90.86,Fail,Anitha,Requires inspection
351,351,97.47,Pass,Rajesh,Minor issue found
352,352,74.14,Pass,Priya,Approved
353,353,82.59,Fail,Rajesh,Rejected
354,354,83.84,Pass,Rajesh,Minor issue found
355,355,98.47,Fail,Rajesh,Requires inspection
356,356,71.15,Pass,Kumar,Rejected
357,357,73.29,Pass,Sneha,Rejected
358,358,80.78,Pass,Anitha,Approved
359,359,94.32,Pass,Sneha,Approved
360,360,89.62,Pass,Anitha,Requires inspection
361,361,97.05,Pass,Kumar,Approved
362,362,74.16,Pass,Anitha,Rejected
363,363,96.98,Pass,Rajesh,Minor issue found
364,364,94.42,Pass,Sneha,Requires inspection
365,365,83.52,Pass,Sneha,Approved
366,366,91.52,Fail,Rajesh,Requires inspection
367,367,74.7,Pass,Anitha,Requires inspection
368,368,71.34,Pass,Kumar,Approved
369,369,78.96,Pass,Kumar,Rejected
370,370,91.17,Pass,Priya,Minor issue found
371,371,94.42,Pass,Rajesh,Rejected
372,372,86.4,Pass,Kumar,Approved
373,373,97.95,Pass,Priya,Approved
374,374,79.25,Pass,Sneha,Minor issue found
375,375,92.11,Pass,Sneha,Requires inspection
376,376,73.76,Pass,Rajesh,Approved
377,377,94.78,Pass,Kumar,Minor issue found
378,378,88.63,Pass,Anitha,Minor issue found
379,379,93.1,Pass,Priya,Minor issue found
380,380,96.22,Pass,Kumar,Rejected
381,381,74.11,Pass,Priya,Approved
382,382,93.11,Fail,Kumar,Approved
383,383,78.67,Fail,Anitha,Minor issue found
384,384,94.72,Pass,Kumar,Rejected
385,385,78.0,Pass,Kumar,Rejected
386,386,92.16,Pass,Anitha,Rejected
387,387,74.13,Fail,Anitha,Requires inspection
388,388,96.55,Pass,Rajesh,Requires inspection
389,389,71.0,Fail,Anitha,Rejected
390,390,95.83,Pass,Kumar,Requires inspection
391,391,94.38,Pass,Kumar,Requires inspection
392,392,92.93,Pass,Kumar,Minor issue found
393,393,85.46,Pass,Rajesh,Minor issue found
394,394,76.87,Pass,Rajesh,Approved
395,395,89.54,Pass,Sneha,Approved
396,396,70.1,Pass,Rajesh,Minor issue found
397,397,88.04,Pass,Rajesh,Minor issue found
398,398,91.75,Pass,Rajesh,Approved
399,399,95.56,Pass,Kumar,Minor issue found
400,400,81.23,Fail,Rajesh,Minor issue found
401,401,81.54,Pass,Priya,Approved
402,402,84.72,Pass,Priya,Rejected
403,403,71.86,Pass,Kumar,Approved
404,404,98.83,Pass,Anitha,Requires inspection
405,405,89.57,Fail,Priya,Minor issue found
406,406,87.41,Pass,Rajesh,Approved
407,407,99.69,Pass,Rajesh,Approved
408,408,85.29,Pass,Anitha,Rejected
409,409,85.44,Pass,Rajesh,Approved
410,410,91.3,Pass,Anitha,Requires inspection
411,411,94.63,Fail,Priya,Approved
412,412,74.85,Pass,Rajesh,Approved
413,413,84.6,Pass,Anitha,Requires inspection
414,414,89.32,Fail,Anitha,Minor issue found
415,415,74.13,Pass,Kumar,Minor issue found
416,416,88.57,Pass,Kumar,Minor issue found
417,417,72.09,Pass,Anitha,Requires inspection
418,418,87.65,Pass,Rajesh,Approved
419,419,71.13,Fail,Kumar,Approved
420,420,76.11,Pass,Anitha,Minor issue found
421,421,96.74,Pass,Sneha,Minor issue found
422,422,70.78,Pass,Rajesh,Requires inspection
423,423,84.29,Pass,Kumar,Approved
424,424,72.95,Pass,Sneha,Rejected
425,425,88.8,Pass,Anitha,Rejected
426,426,95.97,Pass,Sneha,Minor issue found
427,427,80.91,Pass,Sneha,Minor issue found
428,428,90.33,Pass,Rajesh,Minor issue found
429,429,88.37,Pass,Anitha,Approved
430,430,87.6,Pass,Priya,Requires inspection
431,431,95.01,Pass,Anitha,Rejected
432,432,73.29,Pass,Priya,Rejected
433,433,71.53,Pass,Sneha,Approved
434,434,99.0,Pass,Priya,Minor issue found
435,435,88.21,Pass,Anitha,Approved
436,436,81.71,Pass,Kumar,Requires inspection
437,437,70.35,Pass,Kumar,Rejected
438,438,73.65,Pass,Anitha,Minor issue found
439,439,85.64,Pass,Kumar,Approved
440,440,70.07,Pass,Rajesh,Approved
441,441,75.79,Pass,Priya,Rejected
442,442,80.37,Pass,Rajesh,Requires inspection
443,443,98.64,Pass,Kumar,Rejected
444,444,98.53,Pass,Sneha,Minor issue found
445,445,92.68,Pass,Anitha,Approved
446,446,71.19,Pass,Kumar,Minor issue found
447,447,75.71,Pass,Kumar,Approved
448,448,83.07,Pass,Anitha,Rejected
449,449,82.18,Pass,Kumar,Minor issue found
450,450,85.16,Pass,Kumar,Minor issue found
451,451,72.55,Pass,Priya,Rejected
452,452,91.97,Pass,Rajesh,Requires inspection
453,453,73.68,Pass,Kumar,Requires inspection
454,454,98.28,Pass,Anitha,Requires inspection
455,455,82.32,Pass,Anitha,Rejected
456,456,76.4,Pass,Rajesh,Approved
457,457,95.35,Pass,Rajesh,Requires inspection
458,458,85.48,Pass,Anitha,Approved
459,459,90.06,Pass,Kumar,Requires inspection
460,460,91.45,Pass,Kumar,Requires inspection
461,461,96.05,Pass,Kumar,Minor issue found
462,462,97.13,Pass,Anitha,Requires inspection
463,463,93.29,Pass,Kumar,Approved
464,464,72.81,Pass,Rajesh,Rejected
465,465,71.49,Pass,Kumar,Rejected
466,466,82.71,Pass,Anitha,Minor issue found
467,467,93.47,Pass,Sneha,Approved
468,468,99.7,Pass,Kumar,Rejected
469,469,88.62,Pass,Priya,Approved
470,470,92.37,Pass,Rajesh,Rejected
471,471,96.54,Pass,Priya,Minor issue found
472,472,80.39,Pass,Priya,Requires inspection
473,473,87.45,Pass,Priya,Minor issue found
474,474,73.88,Pass,Rajesh,Rejected
475,475,83.98,Fail,Sneha,Requires inspection
476,476,81.93,Pass,Priya,Rejected
477,477,71.96,Pass,Priya,Requires inspection
478,478,85.9,Pass,Kumar,Approved
479,479,91.58,Pass,Anitha,Minor issue found
480,480,98.41,Pass,Anitha,Rejected
481,481,95.41,Pass,Rajesh,Rejected
482,482,77.12,Pass,Sneha,Requires inspection
483,483,85.5,Pass,Priya,Approved
484,484,84.29,Pass,Sneha,Rejected
485,485,75.2,Pass,Priya,Rejected
486,486,82.73,Fail,Anitha,Approved
487,487,96.89,Pass,Sneha,Approved
488,488,94.13,Pass,Anitha,Minor issue found
489,489,74.89,Pass,Anitha,Requires inspection
490,490,88.72,Pass,Sneha,Requires inspection
491,491,97.15,Pass,Sneha,Approved
492,492,70.1,Fail,Sneha,Requires inspection
493,493,73.06,Pass,Priya,Approved
494,494,87.09,Pass,Anitha,Requires inspection
495,495,78.99,Pass,Rajesh,Minor issue found
496,496,99.36,Pass,Rajesh,Minor issue found
497,497,80.85,Pass,Anitha,Rejected
498,498,99.18,Pass,Priya,Requires inspection
499,499,94.66,Pass,Sneha,Approved
500,500,89.19,Pass,Anitha,Requires inspection
501,501,80.41,Pass,Rajesh,Minor issue found
502,502,96.47,Pass,Sneha,Approved
503,503,71.75,Pass,Rajesh,Requires inspection
504,504,99.01,Pass,Sneha,Requires inspection
505,505,82.09,Pass,Kumar,Requires inspection
506,506,71.78,Pass,Sneha,Approved
507,507,97.64,Pass,Priya,Rejected
508,508,94.09,Pass,Sneha,Minor issue found
509,509,70.17,Pass,Sneha,Rejected
510,510,80.39,Pass,Priya,Minor issue found
511,511,84.98,Pass,Priya,Requires inspection
512,512,88.22,Pass,Sneha,Requires inspection
513,513,96.62,Pass,Sneha,Requires inspection
514,514,76.2,Pass,Sneha,Rejected
515,515,73.56,Pass,Rajesh,Approved
516,516,94.87,Pass,Sneha,Requires inspection
517,517,78.26,Pass,Kumar,Approved
518,518,79.11,Pass,Sneha,Approved
519,519,73.19,Pass,Kumar,Requires inspection
520,520,77.07,Fail,Rajesh,Approved
521,521,77.3,Pass,Kumar,Rejected
522,522,81.23,Pass,Kumar,Minor issue found
523,523,81.74,Pass,Priya,Approved
524,524,76.0,Pass,Priya,Rejected
525,525,82.9,Pass,Kumar,Requires inspection
526,526,70.94,Pass,Anitha,Rejected
527,527,79.55,Pass,Priya,Requires inspection
528,528,90.54,Pass,Sneha,Minor issue found
529,529,94.87,Pass,Sneha,Requires inspection
530,530,83.87,Fail,Anitha,Requires inspection
531,531,78.78,Pass,Anitha,Requires inspection
532,532,96.38,Pass,Sneha,Minor issue found
533,533,78.03,Fail,Kumar,Rejected
534,534,89.49,Pass,Rajesh,Approved
535,535,73.32,Pass,Priya,Requires inspection
536,536,96.62,Pass,Sneha,Minor issue found
537,537,86.57,Pass,Priya,Approved
538,538,79.14,Pass,Anitha,Rejected
539,539,76.05,Fail,Priya,Rejected
540,540,70.99,Pass,Rajesh,Approved
541,541,94.28,Pass,Rajesh,Requires inspection
542,542,96.27,Pass,Kumar,Requires inspection
543,543,96.6,Pass,Rajesh,Approved
544,544,95.81,Fail,Anitha,Minor issue found
545,545,89.74,Fail,Kumar,Rejected
546,546,99.5,Pass,Anitha,Approved
547,547,79.74,Pass,Priya,Minor issue found
548,548,71.14,Fail,Priya,Rejected
549,549,96.83,Pass,Sneha,Minor issue found
550,550,87.23,Pass,Anitha,Approved
551,551,93.86,Pass,Kumar,Rejected
552,552,94.14,Fail,Kumar,Rejected
553,553,85.0,Pass,Priya,Minor issue found
554,554,96.24,Pass,Kumar,Minor issue found
555,555,95.24,Pass,Rajesh,Minor issue found
556,556,82.07,Fail,Rajesh,Approved
557,557,85.78,Pass,Anitha,Minor issue found
558,558,75.24,Pass,Anitha,Minor issue found
559,559,93.16,Pass,Sneha,Requires inspection
560,560,85.42,Pass,Sneha,Minor issue found
561,561,72.6,Pass,Rajesh,Minor issue found
562,562,78.76,Fail,Rajesh,Requires inspection
563,563,79.33,Pass,Sneha,Approved
564,564,83.59,Pass,Priya,Approved
565,565,72.14,Pass,Anitha,Approved
566,566,94.24,Fail,Priya,Approved
567,567,71.41,Pass,Priya,Requires inspection
568,568,95.49,Pass,Priya,Rejected
569,569,99.72,Pass,Sneha,Requires inspection
570,570,94.31,Pass,Rajesh,Approved
571,571,85.5,Pass,Kumar,Requires inspection
572,572,78.48,Fail,Anitha,Approved
573,573,73.47,Pass,Kumar,Approved
574,574,72.4,Pass,Priya,Rejected
575,575,74.14,Pass,Kumar,Requires inspection
576,576,80.12,Fail,Anitha,Rejected
577,577,80.59,Pass,Kumar,Approved
578,578,74.96,Pass,Priya,Minor issue found
579,579,78.27,Fail,Anitha,Rejected
580,580,86.25,Fail,Kumar,Approved
581,581,80.95,Pass,Sneha,Minor issue found
582,582,84.26,Pass,Priya,Requires inspection
583,583,95.9,Pass,Kumar,Approved
584,584,76.49,Pass,Priya,Rejected
585,585,93.0,Fail,Priya,Approved
586,586,98.74,Pass,Priya,Minor issue found
587,587,95.98,Pass,Kumar,Requires inspection
588,588,91.39,Pass,Rajesh,Requires inspection
589,589,73.47,Fail,Rajesh,Approved
590,590,96.35,Fail,Sneha,Approved
591,591,70.09,Pass,Priya,Rejected
592,592,74.34,Pass,Sneha,Minor issue found
593,593,78.4,Pass,Anitha,Approved
594,594,78.55,Pass,Anitha,Minor issue found
595,595,98.72,Fail,Sneha,Approved
596,596,88.14,Fail,Sneha,Minor issue found
597,597,75.86,Pass,Anitha,Minor issue found
598,598,77.76,Fail,Priya,Rejected
599,599,81.74,Fail,Priya,Rejected
600,600,95.3,Pass,Kumar,Requires inspection
601,601,92.88,Pass,Anitha,Rejected
602,602,97.19,Pass,Kumar,Minor issue found
603,603,93.98,Pass,Anitha,Rejected
604,604,91.53,Pass,Rajesh,Minor issue found
605,605,85.71,Pass,Anitha,Rejected
606,606,92.52,Pass,Priya,Approved
607,607,79.25,Pass,Anitha,Approved
608,608,99.45,Pass,Kumar,Requires inspection
609,609,79.15,Pass,Rajesh,Requires inspection
610,610,73.6,Fail,Anitha,Approved
611,611,92.23,Pass,Sneha,Requires inspection
612,612,70.62,Pass,Rajesh,Requires inspection
613,613,97.59,Pass,Anitha,Requires inspection
614,614,99.8,Pass,Kumar,Rejected
615,615,81.29,Fail,Sneha,Minor issue found
616,616,89.62,Pass,Rajesh,Minor issue found
617,617,81.59,Pass,Rajesh,Requires inspection
618,618,87.39,Pass,Priya,Requires inspection
619,619,99.99,Pass,Priya,Rejected
620,620,77.3,Fail,Rajesh,Approved
621,621,77.22,Pass,Sneha,Requires inspection
622,622,88.31,Fail,Kumar,Approved
623,623,94.21,Pass,Rajesh,Rejected
624,624,95.37,Fail,Kumar,Approved
625,625,94.5,Fail,Rajesh,Minor issue found
626,626,75.52,Pass,Kumar,Approved
627,627,76.53,Pass,Sneha,Rejected
628,628,86.16,Fail,Sneha,Rejected
629,629,82.01,Pass,Anitha,Rejected
630,630,84.12,Fail,Priya,Approved
631,631,81.71,Pass,Priya,Approved
632,632,92.39,Pass,Sneha,Rejected
633,633,77.93,Pass,Priya,Rejected
634,634,94.35,Pass,Anitha,Minor issue found
635,635,71.82,Pass,Sneha,Minor issue found
636,636,79.35,Pass,Sneha,Requires inspection
637,637,76.71,Pass,Kumar,Requires inspection
638,638,84.33,Pass,Priya,Rejected
639,639,81.42,Pass,Sneha,Requires inspection
640,640,97.02,Pass,Anitha,Minor issue found
641,641,85.4,Pass,Priya,Requires inspection
642,642,89.71,Fail,Priya,Approved
643,643,88.46,Pass,Anitha,Approved
644,644,77.86,Pass,Priya,Rejected
645,645,71.87,Pass,Priya,Requires inspection
646,646,94.78,Pass,Rajesh,Approved
647,647,88.52,Fail,Rajesh,Rejected
648,648,93.76,Pass,Priya,Minor issue found
649,649,95.72,Fail,Rajesh,Requires inspection
650,650,77.78,Pass,Anitha,Requires inspection
651,651,75.59,Pass,Priya,Requires inspection
652,652,83.25,Pass,Anitha,Approved
653,653,82.23,Pass,Rajesh,Minor issue found
654,654,93.16,Pass,Priya,Approved
655,655,96.74,Pass,Sneha,Minor issue found
656,656,89.69,Pass,Sneha,Requires inspection
657,657,93.12,Fail,Anitha,Approved
658,658,86.74,Pass,Anitha,Requires inspection
659,659,82.86,Pass,Rajesh,Approved
660,660,91.23,Pass,Sneha,Minor issue found
661,661,99.17,Fail,Priya,Rejected
662,662,76.33,Pass,Kumar,Rejected
663,663,71.26,Pass,Anitha,Rejected
664,664,97.3,Fail,Sneha,Approved
665,665,83.4,Pass,Kumar,Approved
666,666,84.31,Pass,Priya,Rejected
667,667,75.11,Pass,Rajesh,Requires inspection
668,668,84.74,Pass,Priya,Minor issue found
669,669,75.92,Pass,Kumar,Minor issue found
670,670,96.72,Pass,Priya,Requires inspection
671,671,75.47,Pass,Priya,Rejected
672,672,77.19,Pass,Anitha,Minor issue found
673,673,88.96,Pass,Rajesh,Approved
674,674,95.46,Pass,Anitha,Approved
675,675,91.69,Fail,Sneha,Requires inspection
676,676,71.69,Pass,Rajesh,Requires inspection
677,677,91.06,Fail,Kumar,Minor issue found
678,678,76.46,Pass,Rajesh,Requires inspection
679,679,70.83,Pass,Priya,Approved
680,680,73.91,Pass,Priya,Requires inspection
681,681,83.78,Fail,Kumar,Requires inspection
682,682,76.16,Pass,Priya,Approved
683,683,70.7,Pass,Sneha,Requires inspection
684,684,85.87,Pass,Priya,Requires inspection
685,685,98.24,Pass,Anitha,Minor issue found
686,686,73.52,Pass,Anitha,Minor issue found
687,687,73.24,Fail,Sneha,Requires inspection
688,688,76.98,Pass,Rajesh,Minor issue found
689,689,75.73,Pass,Sneha,Minor issue found
690,690,98.41,Pass,Kumar,Minor issue found
691,691,78.86,Pass,Sneha,Approved
692,692,87.48,Pass,Anitha,Rejected
693,693,81.67,Pass,Anitha,Approved
694,694,92.2,Pass,Sneha,Requires inspection
695,695,98.82,Pass,Anitha,Minor issue found
696,696,76.58,Pass,Anitha,Requires inspection
697,697,78.33,Pass,Anitha,Approved
698,698,81.83,Pass,Rajesh,Approved
699,699,81.61,Pass,Sneha,Rejected
700,700,86.19,Pass,Anitha,Rejected
701,701,94.29,Fail,Anitha,Requires inspection
702,702,92.08,Pass,Rajesh,Requires inspection
703,703,83.76,Pass,Kumar,Rejected
704,704,92.6,Pass,Sneha,Requires inspection
705,705,84.1,Pass,Anitha,Approved
706,706,71.18,Pass,Priya,Approved
707,707,96.2,Pass,Priya,Approved
708,708,87.62,Pass,Sneha,Approved
709,709,95.74,Fail,Kumar,Approved
710,710,86.24,Pass,Anitha,Requires inspection
711,711,99.25,Pass,Anitha,Approved
712,712,87.77,Pass,Kumar,Rejected
713,713,92.69,Pass,Rajesh,Approved
714,714,86.02,Pass,Kumar,Approved
715,715,73.1,Pass,Rajesh,Minor issue found
716,716,86.46,Pass,Anitha,Requires inspection
717,717,87.96,Pass,Kumar,Approved
718,718,86.9,Pass,Priya,Rejected
719,719,76.52,Pass,Rajesh,Minor issue found
720,720,76.28,Pass,Kumar,Rejected
721,721,75.82,Pass,Sneha,Requires inspection
722,722,88.34,Pass,Sneha,Requires inspection
723,723,99.82,Pass,Sneha,Requires inspection
724,724,89.58,Fail,Priya,Rejected
725,725,71.86,Pass,Anitha,Approved
726,726,86.87,Pass,Rajesh,Rejected
727,727,82.06,Pass,Anitha,Approved
728,728,88.49,Pass,Rajesh,Minor issue found
729,729,82.57,Pass,Anitha,Approved
730,730,88.74,Pass,Priya,Minor issue found
731,731,84.28,Pass,Priya,Minor issue found
732,732,98.43,Pass,Anitha,Minor issue found
733,733,91.09,Pass,Sneha,Minor issue found
734,734,87.98,Pass,Rajesh,Rejected
735,735,99.06,Pass,Kumar,Approved
736,736,79.29,Fail,Priya,Approved
737,737,99.35,Fail,Priya,Rejected
738,738,89.25,Pass,Sneha,Approved
739,739,81.29,Pass,Priya,Rejected
740,740,97.53,Pass,Kumar,Requires inspection
741,741,90.87,Pass,Rajesh,Approved
742,742,75.55,Pass,Priya,Approved
743,743,85.87,Pass,Rajesh,Requires inspection
744,744,94.36,Pass,Priya,Minor issue found
745,745,74.44,Pass,Anitha,Minor issue found
746,746,75.8,Pass,Kumar,Requires inspection
747,747,74.61,Pass,Anitha,Minor issue found
748,748,83.06,Pass,Priya,Requires inspection
749,749,79.68,Pass,Rajesh,Rejected
750,750,76.61,Pass,Anitha,Minor issue found
751,751,91.96,Pass,Sneha,Rejected
752,752,97.66,Pass,Kumar,Minor issue found
753,753,98.58,Fail,Priya,Rejected
754,754,86.17,Pass,Rajesh,Minor issue found
755,755,71.33,Pass,Rajesh,Approved
756,756,75.85,Pass,Anitha,Minor issue found
757,757,98.97,Pass,Kumar,Approved
758,758,74.68,Fail,Priya,Rejected
759,759,91.82,Pass,Rajesh,Requires inspection
760,760,72.68,Pass,Priya,Minor issue found
761,761,74.16,Pass,Rajesh,Minor issue found
762,762,95.55,Pass,Sneha,Rejected
763,763,90.17,Fail,Sneha,Requires inspection
764,764,93.74,Fail,Anitha,Minor issue found
765,765,81.54,Pass,Kumar,Requires inspection
766,766,74.62,Pass,Rajesh,Rejected
767,767,74.54,Pass,Rajesh,Requires inspection
768,768,74.77,Pass,Priya,Minor issue found
769,769,97.64,Pass,Priya,Approved
770,770,86.97,Pass,Priya,Rejected
771,771,86.98,Pass,Kumar,Minor issue found
772,772,88.57,Pass,Anitha,Approved
773,773,71.38,Pass,Rajesh,Requires inspection
774,774,74.46,Pass,Priya,Approved
775,775,85.12,Pass,Kumar,Minor issue found
776,776,94.36,Pass,Kumar,Rejected
777,777,87.37,Pass,Anitha,Approved
778,778,83.38,Pass,Kumar,Rejected
779,779,76.53,Pass,Rajesh,Minor issue found
780,780,78.05,Pass,Sneha,Minor issue found
781,781,94.05,Pass,Sneha,Rejected
782,782,80.07,Pass,Priya,Minor issue found
783,783,94.33,Pass,Priya,Approved
784,784,93.05,Pass,Priya,Rejected
785,785,80.07,Pass,Anitha,Requires inspection
786,786,71.47,Pass,Rajesh,Requires inspection
787,787,70.67,Pass,Sneha,Approved
788,788,71.97,Pass,Rajesh,Requires inspection
789,789,72.21,Pass,Anitha,Requires inspection
790,790,93.99,Fail,Kumar,Approved
791,791,76.98,Pass,Rajesh,Requires inspection
792,792,76.94,Pass,Priya,Approved
793,793,83.27,Pass,Kumar,Approved
794,794,90.87,Pass,Rajesh,Requires inspection
795,795,84.91,Pass,Priya,Requires inspection
796,796,78.58,Pass,Kumar,Approved
797,797,72.38,Fail,Anitha,Rejected
798,798,77.98,Pass,Anitha,Minor issue found
799,799,90.45,Pass,Rajesh,Minor issue found
800,800,96.66,Pass,Rajesh,Rejected
801,801,98.3,Pass,Anitha,Requires inspection
802,802,86.87,Pass,Anitha,Rejected
803,803,91.83,Pass,Sneha,Approved
804,804,76.71,Fail,Anitha,Approved
805,805,90.48,Pass,Rajesh,Approved
806,806,90.23,Pass,Rajesh,Minor issue found
807,807,98.0,Pass,Kumar,Rejected
808,808,74.25,Pass,Anitha,Approved
809,809,77.07,Pass,Anitha,Requires inspection
810,810,77.77,Pass,Anitha,Requires inspection
811,811,99.39,Pass,Rajesh,Rejected
812,812,71.76,Pass,Priya,Requires inspection
813,813,99.19,Pass,Anitha,Requires inspection
814,814,90.13,Pass,Sneha,Rejected
815,815,93.51,Pass,Kumar,Minor issue found
816,816,93.48,Pass,Priya,Approved
817,817,96.88,Pass,Kumar,Requires inspection
818,818,96.23,Pass,Rajesh,Requires inspection
819,819,84.39,Pass,Sneha,Rejected
820,820,87.88,Pass,Priya,Requires inspection
821,821,97.6,Pass,Priya,Rejected
822,822,91.07,Pass,Priya,Minor issue found
823,823,77.68,Pass,Priya,Approved
824,824,80.79,Pass,Sneha,Approved
825,825,85.57,Pass,Anitha,Minor issue found
826,826,97.55,Fail,Kumar,Rejected
827,827,86.43,Pass,Sneha,Approved
828,828,92.13,Fail,Kumar,Approved
829,829,83.49,Pass,Rajesh,Rejected
830,830,75.19,Pass,Anitha,Rejected
831,831,82.02,Pass,Rajesh,Requires inspection
832,832,75.74,Pass,Priya,Requires inspection
833,833,74.94,Pass,Sneha,Approved
834,834,88.85,Pass,Sneha,Rejected
835,835,84.65,Pass,Kumar,Requires inspection
836,836,82.51,Pass,Sneha,Approved
837,837,78.25,Fail,Anitha,Approved
838,838,88.12,Pass,Kumar,Requires inspection
839,839,95.23,Pass,Rajesh,Rejected
840,840,82.68,Fail,Rajesh,Minor issue found
841,841,71.98,Fail,Sneha,Rejected
842,842,82.99,Pass,Anitha,Rejected
843,843,97.85,Pass,Anitha,Approved
844,844,75.19,Pass,Rajesh,Rejected
845,845,80.04,Pass,Rajesh,Requires inspection
846,846,80.74,Pass,Kumar,Rejected
847,847,70.3,Pass,Anitha,Approved
848,848,76.06,Fail,Anitha,Minor issue found
849,849,93.72,Pass,Rajesh,Approved
850,850,75.42,Pass,Priya,Minor issue found
851,851,98.27,Pass,Anitha,Approved
852,852,77.75,Pass,Priya,Approved
853,853,89.66,Pass,Priya,Rejected
854,854,90.89,Fail,Kumar,Rejected
855,855,97.86,Pass,Sneha,Minor issue found
856,856,83.74,Fail,Rajesh,Requires inspection
857,857,90.6,Fail,Priya,Approved
858,858,91.14,Fail,Rajesh,Approved
859,859,81.01,Pass,Sneha,Approved
860,860,84.44,Pass,Priya,Rejected
861,861,70.12,Fail,Anitha,Requires inspection
862,862,80.66,Pass,Sneha,Requires inspection
863,863,90.77,Pass,Rajesh,Approved
864,864,97.29,Pass,Sneha,Minor issue found
865,865,78.07,Pass,Priya,Rejected
866,866,91.74,Pass,Rajesh,Approved
867,867,70.23,Pass,Sneha,Requires inspection
868,868,98.4,Fail,Kumar,Minor issue found
869,869,90.9,Fail,Sneha,Approved
870,870,99.13,Pass,Sneha,Rejected
871,871,81.77,Pass,Rajesh,Rejected
872,872,89.77,Pass,Anitha,Requires inspection
873,873,75.49,Pass,Priya,Approved
874,874,92.03,Pass,Sneha,Rejected
875,875,83.07,Pass,Kumar,Rejected
876,876,98.09,Pass,Kumar,Rejected
877,877,85.37,Fail,Sneha,Rejected
878,878,81.95,Pass,Rajesh,Minor issue found
879,879,79.48,Pass,Anitha,Rejected
880,880,78.17,Pass,Sneha,Requires inspection
881,881,88.63,Pass,Sneha,Approved
882,882,91.19,Pass,Sneha,Requires inspection
883,883,93.36,Pass,Rajesh,Minor issue found
884,884,76.19,Pass,Rajesh,Requires inspection
885,885,83.53,Pass,Anitha,Requires inspection
886,886,79.67,Pass,Rajesh,Requires inspection
887,887,74.75,Pass,Kumar,Rejected
888,888,73.98,Pass,Anitha,Approved
889,889,76.01,Pass,Sneha,Requires inspection
890,890,73.9,Fail,Priya,Rejected
891,891,83.26,Pass,Rajesh,Requires inspection
892,892,80.73,Pass,Rajesh,Approved
893,893,89.36,Pass,Sneha,Requires inspection
894,894,80.78,Pass,Kumar,Requires inspection
895,895,93.15,Fail,Sneha,Requires inspection
896,896,81.89,Pass,Kumar,Rejected
897,897,75.62,Pass,Priya,Approved
898,898,89.01,Pass,Sneha,Rejected
899,899,80.56,Pass,Kumar,Requires inspection
900,900,71.52,Pass,Kumar,Approved
901,901,89.6,Pass,Sneha,Approved
902,902,80.32,Pass,Anitha,Requires inspection
903,903,74.54,Pass,Sneha,Rejected
904,904,98.26,Pass,Sneha,Rejected
905,905,99.66,Pass,Sneha,Approved
906,906,86.63,Pass,Kumar,Requires inspection
907,907,76.06,Pass,Priya,Rejected
908,908,78.77,Pass,Sneha,Requires inspection
909,909,70.11,Pass,Rajesh,Minor issue found
910,910,83.1,Pass,Rajesh,Rejected
911,911,92.82,Pass,Priya,Approved
912,912,81.09,Pass,Kumar,Rejected
913,913,86.6,Pass,Priya,Approved
914,914,94.54,Pass,Rajesh,Rejected
915,915,70.78,Pass,Priya,Approved
916,916,90.41,Pass,Sneha,Requires inspection
917,917,82.04,Pass,Sneha,Approved
918,918,79.57,Pass,Rajesh,Approved
919,919,80.78,Pass,Kumar,Requires inspection
920,920,88.01,Fail,Rajesh,Requires inspection
921,921,82.98,Pass,Rajesh,Rejected
922,922,71.86,Pass,Sneha,Minor issue found
923,923,78.26,Pass,Sneha,Approved
924,924,80.22,Pass,Anitha,Rejected
925,925,95.28,Pass,Sneha,Rejected
926,926,93.02,Pass,Anitha,Approved
927,927,76.52,Fail,Sneha,Requires inspection
928,928,71.18,Pass,Anitha,Approved
929,929,96.78,Pass,Sneha,Rejected
930,930,98.83,Pass,Kumar,Minor issue found
931,931,83.09,Pass,Anitha,Requires inspection
932,932,92.92,Pass,Anitha,Approved
933,933,76.2,Pass,Kumar,Minor issue found
934,934,79.73,Pass,Anitha,Rejected
935,935,93.82,Pass,Anitha,Requires inspection
936,936,89.61,Pass,Anitha,Rejected
937,937,74.27,Pass,Rajesh,Approved
938,938,76.19,Pass,Priya,Requires inspection
939,939,78.66,Pass,Kumar,Minor issue found
940,940,95.7,Pass,Rajesh,Minor issue found
941,941,88.48,Pass,Kumar,Requires inspection
942,942,74.1,Pass,Rajesh,Rejected
943,943,81.73,Pass,Rajesh,Minor issue found
944,944,94.66,Pass,Priya,Approved
945,945,98.89,Pass,Kumar,Rejected
946,946,87.13,Pass,Kumar,Requires inspection
947,947,75.76,Pass,Rajesh,Minor issue found
948,948,79.47,Fail,Sneha,Rejected
949,949,96.53,Pass,Kumar,Requires inspection
950,950,93.49,Fail,Priya,Approved
951,951,80.34,Pass,Rajesh,Approved
952,952,78.89,Pass,Anitha,Approved
953,953,80.89,Pass,Kumar,Rejected
954,954,98.41,Pass,Rajesh,Approved
955,955,83.74,Pass,Sneha,Requires inspection
956,956,89.24,Pass,Kumar,Minor issue found
957,957,87.08,Pass,Anitha,Minor issue found
958,958,84.24,Pass,Anitha,Approved
959,959,84.58,Pass,Kumar,Requires inspection
960,960,97.76,Pass,Sneha,Rejected
961,961,89.79,Pass,Kumar,Rejected
962,962,98.85,Pass,Sneha,Rejected
963,963,73.62,Pass,Kumar,Approved
964,964,81.66,Pass,Priya,Minor issue found
965,965,96.22,Fail,Priya,Minor issue found
966,966,99.72,Pass,Sneha,Minor issue found
967,967,79.92,Pass,Kumar,Requires inspection
968,968,75.44,Fail,Sneha,Requires inspection
969,969,75.29,Pass,Kumar,Minor issue found
970,970,70.08,Pass,Sneha,Minor issue found
971,971,75.24,Fail,Kumar,Rejected
972,972,84.88,Pass,Anitha,Minor issue found
973,973,90.24,Pass,Kumar,Rejected
974,974,87.69,Pass,Kumar,Rejected
975,975,85.64,Pass,Kumar,Minor issue found
976,976,79.08,Pass,Anitha,Rejected
977,977,73.2,Pass,Sneha,Approved
978,978,88.84,Pass,Kumar,Rejected
979,979,99.01,Fail,Rajesh,Rejected
980,980,93.71,Pass,Sneha,Rejected
981,981,92.59,Pass,Priya,Approved
982,982,82.54,Pass,Priya,Minor issue found
983,983,80.33,Pass,Anitha,Minor issue found
984,984,99.5,Pass,Priya,Requires inspection
985,985,96.55,Pass,Priya,Rejected
986,986,72.86,Pass,Sneha,Minor issue found
987,987,79.93,Pass,Sneha,Rejected
988,988,99.86,Pass,Priya,Approved
989,989,87.13,Pass,Priya,Requires inspection
990,990,78.57,Pass,Sneha,Approved
991,991,71.92,Pass,Kumar,Minor issue found
992,992,88.89,Pass,Rajesh,Rejected
993,993,76.06,Pass,Priya,Rejected
994,994,87.74,Pass,Rajesh,Rejected
995,995,95.19,Fail,Priya,Minor issue found
996,996,73.16,Fail,Rajesh,Rejected
997,997,71.89,Pass,Anitha,Approved
998,998,97.76,Pass,Sneha,Rejected
999,999,83.96,Pass,Kumar,Approved
1000,1000,95.76,Pass,Anitha,Rejected
1001,1001,82.55,Pass,Kumar,Requires inspection
1002,1002,76.99,Pass,Kumar,Rejected
1003,1003,80.39,Fail,Rajesh,Rejected
1004,1004,76.46,Pass,Sneha,Rejected
1005,1005,77.25,Pass,Kumar,Rejected
1006,1006,72.22,Fail,Rajesh,Minor issue found
1007,1007,89.31,Fail,Sneha,Rejected
1008,1008,82.25,Pass,Priya,Approved
1009,1009,83.23,Pass,Priya,Approved
1010,1010,71.02,Pass,Rajesh,Rejected
1011,1011,96.77,Pass,Kumar,Approved
1012,1012,92.61,Pass,Sneha,Requires inspection
1013,1013,73.62,Pass,Sneha,Rejected
1014,1014,79.04,Pass,Anitha,Minor issue found
1015,1015,85.3,Pass,Kumar,Minor issue found
1016,1016,72.24,Pass,Rajesh,Rejected
1017,1017,84.41,Pass,Priya,Requires inspection
1018,1018,72.32,Fail,Anitha,Rejected
1019,1019,78.22,Pass,Priya,Rejected
1020,1020,97.86,Fail,Anitha,Minor issue found
1021,1021,76.84,Pass,Anitha,Minor issue found
1022,1022,85.66,Pass,Sneha,Rejected
1023,1023,81.06,Fail,Rajesh,Rejected
1024,1024,70.91,Pass,Rajesh,Approved
1025,1025,76.69,Pass,Sneha,Minor issue found
1026,1026,87.22,Fail,Sneha,Minor issue found
1027,1027,85.67,Fail,Rajesh,Rejected
1028,1028,81.35,Pass,Rajesh,Requires inspection
1029,1029,89.59,Pass,Anitha,Rejected
1030,1030,80.05,Pass,Anitha,Rejected
1031,1031,81.93,Fail,Kumar,Approved
1032,1032,79.06,Fail,Sneha,Approved
1033,1033,90.11,Pass,Kumar,Rejected
1034,1034,80.7,Pass,Priya,Minor issue found
1035,1035,85.0,Pass,Kumar,Rejected
1036,1036,98.18,Pass,Rajesh,Minor issue found
1037,1037,90.14,Pass,Rajesh,Approved
1038,1038,79.8,Pass,Rajesh,Rejected
1039,1039,76.34,Pass,Kumar,Approved
1040,1040,90.31,Fail,Sneha,Rejected
1041,1041,96.18,Pass,Priya,Requires inspection
1042,1042,81.99,Pass,Rajesh,Rejected
1043,1043,73.62,Pass,Anitha,Requires inspection
1044,1044,80.93,Pass,Rajesh,Requires inspection
1045,1045,78.11,Pass,Anitha,Minor issue found
1046,1046,96.58,Pass,Anitha,Approved
1047,1047,95.85,Fail,Rajesh,Minor issue found
1048,1048,77.78,Pass,Anitha,Approved
1049,1049,79.23,Pass,Priya,Approved
1050,1050,86.13,Pass,Anitha,Rejected
1051,1051,84.35,Fail,Rajesh,Minor issue found
1052,1052,74.91,Fail,Kumar,Minor issue found
1053,1053,92.28,Pass,Kumar,Minor issue found
1054,1054,79.53,Pass,Anitha,Approved
1055,1055,73.15,Pass,Anitha,Rejected
1056,1056,71.58,Pass,Priya,Minor issue found
1057,1057,70.19,Pass,Rajesh,Requires inspection
1058,1058,95.27,Pass,Rajesh,Minor issue found
1059,1059,73.95,Pass,Kumar,Minor issue found
1060,1060,87.2,Pass,Priya,Approved
1061,1061,91.19,Pass,Priya,Approved
1062,1062,83.8,Pass,Rajesh,Minor issue found
1063,1063,82.99,Pass,Rajesh,Approved
1064,1064,95.37,Pass,Priya,Rejected
1065,1065,73.2,Pass,Sneha,Rejected
1066,1066,77.21,Pass,Rajesh,Rejected
1067,1067,90.18,Pass,Kumar,Rejected
1068,1068,94.86,Pass,Sneha,Requires inspection
1069,1069,81.09,Pass,Kumar,Minor issue found
1070,1070,98.27,Pass,Sneha,Requires inspection
1071,1071,89.69,Pass,Priya,Approved
1072,1072,78.12,Pass,Rajesh,Rejected
1073,1073,90.85,Pass,Anitha,Minor issue found
1074,1074,91.47,Pass,Rajesh,Requires inspection
1075,1075,82.96,Pass,Sneha,Rejected
1076,1076,76.2,Pass,Kumar,Rejected
1077,1077,73.82,Pass,Rajesh,Minor issue found
1078,1078,74.23,Pass,Rajesh,Rejected
1079,1079,83.12,Pass,Priya,Requires inspection
1080,1080,86.75,Pass,Anitha,Requires inspection
1081,1081,88.47,Pass,Kumar,Requires inspection
1082,1082,82.47,Pass,Kumar,Rejected
1083,1083,98.06,Pass,Anitha,Minor issue found
1084,1084,93.36,Pass,Rajesh,Rejected
1085,1085,88.01,Pass,Priya,Rejected
1086,1086,77.52,Pass,Rajesh,Rejected
1087,1087,87.22,Fail,Sneha,Rejected
1088,1088,78.36,Pass,Anitha,Rejected
1089,1089,98.12,Pass,Rajesh,Rejected
1090,1090,91.29,Pass,Anitha,Requires inspection
1091,1091,88.87,Pass,Rajesh,Requires inspection
1092,1092,99.23,Pass,Priya,Rejected
1093,1093,91.04,Fail,Kumar,Minor issue found
1094,1094,80.75,Pass,Priya,Approved
1095,1095,82.31,Fail,Priya,Requires inspection
1096,1096,86.79,Fail,Priya,Minor issue found
1097,1097,86.61,Pass,Kumar,Minor issue found
1098,1098,80.02,Pass,Kumar,Minor issue found
1099,1099,71.1,Pass,Anitha,Approved
1100,1100,98.45,Pass,Sneha,Approved
1101,1101,88.46,Pass,Rajesh,Requires inspection
1102,1102,84.81,Pass,Sneha,Rejected
1103,1103,71.5,Pass,Sneha,Rejected
1104,1104,89.36,Pass,Priya,Requires inspection
1105,1105,76.26,Pass,Anitha,Minor issue found
1106,1106,97.36,Pass,Anitha,Requires inspection
1107,1107,99.6,Pass,Sneha,Minor issue found
1108,1108,98.62,Pass,Sneha,Requires inspection
1109,1109,85.59,Pass,Sneha,Approved
1110,1110,92.3,Fail,Rajesh,Rejected
1111,1111,87.05,Pass,Sneha,Approved
1112,1112,92.28,Pass,Rajesh,Rejected
1113,1113,90.92,Pass,Sneha,Minor issue found
1114,1114,94.18,Pass,Anitha,Approved
1115,1115,98.83,Fail,Anitha,Approved
1116,1116,76.43,Pass,Sneha,Rejected
1117,1117,94.43,Pass,Sneha,Rejected
1118,1118,74.5,Pass,Rajesh,Minor issue found
1119,1119,95.05,Pass,Kumar,Approved
1120,1120,99.01,Pass,Anitha,Requires inspection
1121,1121,81.45,Pass,Sneha,Rejected
1122,1122,85.64,Pass,Anitha,Approved
1123,1123,94.81,Pass,Sneha,Requires inspection
1124,1124,93.1,Pass,Rajesh,Minor issue found
1125,1125,86.81,Pass,Sneha,Requires inspection
1126,1126,75.64,Pass,Anitha,Rejected
1127,1127,82.26,Pass,Kumar,Minor issue found
1128,1128,92.93,Pass,Rajesh,Requires inspection
1129,1129,99.9,Pass,Sneha,Requires inspection
1130,1130,70.68,Pass,Priya,Requires inspection
1131,1131,87.82,Pass,Kumar,Rejected
1132,1132,94.93,Fail,Anitha,Rejected
1133,1133,95.98,Pass,Priya,Rejected
1134,1134,78.47,Pass,Rajesh,Approved
1135,1135,87.08,Pass,Priya,Requires inspection
1136,1136,88.58,Pass,Anitha,Minor issue found
1137,1137,84.68,Pass,Sneha,Minor issue found
1138,1138,90.97,Fail,Priya,Approved
1139,1139,87.32,Pass,Kumar,Requires inspection
1140,1140,86.9,Pass,Anitha,Rejected
1141,1141,92.79,Pass,Rajesh,Requires inspection
1142,1142,86.25,Pass,Priya,Requires inspection
1143,1143,78.6,Fail,Priya,Approved
1144,1144,97.59,Pass,Rajesh,Approved
1145,1145,70.12,Fail,Sneha,Requires inspection
1146,1146,99.96,Fail,Sneha,Requires inspection
1147,1147,84.78,Pass,Kumar,Rejected
1148,1148,79.3,Pass,Anitha,Requires inspection
1149,1149,73.2,Pass,Anitha,Rejected
1150,1150,77.66,Pass,Sneha,Minor issue found
1151,1151,80.79,Pass,Sneha,Approved
1152,1152,85.57,Pass,Sneha,Minor issue found
1153,1153,73.52,Pass,Rajesh,Minor issue found
1154,1154,93.19,Pass,Priya,Approved
1155,1155,85.97,Pass,Kumar,Requires inspection
1156,1156,96.01,Pass,Rajesh,Minor issue found
1157,1157,94.55,Pass,Rajesh,Minor issue found
1158,1158,86.93,Fail,Rajesh,Minor issue found
1159,1159,88.75,Pass,Kumar,Approved
1160,1160,84.18,Pass,Sneha,Rejected
1161,1161,90.0,Pass,Priya,Rejected
1162,1162,74.7,Pass,Sneha,Minor issue found
1163,1163,83.32,Pass,Anitha,Minor issue found
1164,1164,95.47,Pass,Anitha,Minor issue found
1165,1165,88.23,Fail,Sneha,Rejected
1166,1166,94.45,Pass,Anitha,Minor issue found
1167,1167,99.28,Pass,Sneha,Approved
1168,1168,96.9,Pass,Rajesh,Minor issue found
1169,1169,73.87,Fail,Kumar,Rejected
1170,1170,90.57,Pass,Kumar,Minor issue found
1171,1171,90.76,Pass,Kumar,Approved
1172,1172,86.45,Pass,Kumar,Requires inspection
1173,1173,74.51,Pass,Priya,Approved
1174,1174,78.61,Pass,Anitha,Rejected
1175,1175,77.12,Pass,Rajesh,Requires inspection
1176,1176,93.35,Pass,Kumar,Minor issue found
1177,1177,97.11,Pass,Anitha,Approved
1178,1178,79.79,Pass,Kumar,Requires inspection
1179,1179,86.76,Pass,Rajesh,Approved
1180,1180,77.28,Pass,Kumar,Requires inspection
1181,1181,87.03,Pass,Sneha,Approved
1182,1182,84.21,Pass,Sneha,Rejected
1183,1183,74.72,Fail,Anitha,Requires inspection
1184,1184,83.34,Pass,Kumar,Rejected
1185,1185,79.03,Fail,Anitha,Requires inspection
1186,1186,86.29,Pass,Kumar,Minor issue found
1187,1187,96.6,Fail,Priya,Approved
1188,1188,88.49,Pass,Priya,Rejected
1189,1189,83.52,Pass,Anitha,Requires inspection
1190,1190,95.26,Pass,Kumar,Minor issue found
1191,1191,77.52,Pass,Anitha,Approved
1192,1192,97.61,Pass,Kumar,Approved
1193,1193,94.49,Pass,Anitha,Approved
1194,1194,93.94,Pass,Anitha,Approved
1195,1195,97.63,Pass,Sneha,Minor issue found
1196,1196,88.08,Pass,Sneha,Minor issue found
1197,1197,80.3,Pass,Rajesh,Approved
1198,1198,82.25,Pass,Sneha,Rejected
1199,1199,77.89,Pass,Kumar,Approved
1200,1200,89.05,Pass,Anitha,Minor issue found
1201,1201,98.12,Pass,Kumar,Rejected
1202,1202,90.92,Fail,Anitha,Rejected
1203,1203,84.52,Pass,Anitha,Approved
1204,1204,88.06,Fail,Priya,Minor issue found
1205,1205,98.17,Pass,Priya,Approved
1206,1206,87.74,Pass,Priya,Minor issue found
1207,1207,90.23,Pass,Priya,Requires inspection
1208,1208,96.71,Pass,Anitha,Minor issue found
1209,1209,79.62,Pass,Sneha,Approved
1210,1210,71.33,Pass,Kumar,Requires inspection
1211,1211,78.3,Pass,Rajesh,Approved
1212,1212,77.08,Pass,Rajesh,Minor issue found
1213,1213,84.49,Pass,Rajesh,Requires inspection
1214,1214,72.08,Fail,Rajesh,Minor issue found
1215,1215,99.52,Pass,Kumar,Requires inspection
1216,1216,80.0,Pass,Rajesh,Requires inspection
1217,1217,80.33,Pass,Kumar,Rejected
1218,1218,79.06,Pass,Kumar,Approved
1219,1219,87.92,Pass,Sneha,Minor issue found
1220,1220,87.72,Pass,Rajesh,Requires inspection
1221,1221,89.89,Pass,Anitha,Approved
1222,1222,74.37,Fail,Kumar,Approved
1223,1223,94.62,Pass,Anitha,Requires inspection
1224,1224,85.5,Fail,Anitha,Rejected
1225,1225,84.51,Pass,Priya,Rejected
1226,1226,88.22,Pass,Rajesh,Requires inspection
1227,1227,84.22,Pass,Sneha,Approved
1228,1228,84.74,Pass,Rajesh,Minor issue found
1229,1229,81.99,Pass,Rajesh,Requires inspection
1230,1230,80.97,Pass,Anitha,Requires inspection
1231,1231,99.5,Pass,Anitha,Approved
1232,1232,85.86,Pass,Anitha,Approved
1233,1233,91.41,Pass,Priya,Minor issue found
1234,1234,80.32,Pass,Anitha,Requires inspection
1235,1235,85.78,Pass,Sneha,Minor issue found
1236,1236,70.53,Pass,Priya,Minor issue found
1237,1237,91.39,Pass,Kumar,Approved
1238,1238,91.59,Pass,Sneha,Minor issue found
1239,1239,88.27,Fail,Anitha,Approved
1240,1240,72.52,Fail,Kumar,Requires inspection
1241,1241,82.02,Pass,Anitha,Minor issue found
1242,1242,82.06,Fail,Sneha,Rejected
1243,1243,83.13,Pass,Sneha,Minor issue found
1244,1244,89.9,Pass,Rajesh,Rejected
1245,1245,94.93,Pass,Sneha,Rejected
1246,1246,71.99,Pass,Rajesh,Rejected
1247,1247,84.29,Pass,Kumar,Rejected
1248,1248,88.39,Pass,Kumar,Minor issue found
1249,1249,87.9,Pass,Anitha,Minor issue found
1250,1250,77.85,Fail,Priya,Requires inspection
1251,1251,81.23,Pass,Kumar,Minor issue found
1252,1252,85.45,Fail,Rajesh,Requires inspection
1253,1253,81.98,Pass,Kumar,Approved
1254,1254,77.24,Pass,Sneha,Minor issue found
1255,1255,86.48,Fail,Sneha,Rejected
1256,1256,79.94,Pass,Priya,Approved
1257,1257,92.89,Fail,Rajesh,Minor issue found
1258,1258,78.83,Pass,Sneha,Minor issue found
1259,1259,84.46,Pass,Priya,Requires inspection
1260,1260,90.56,Pass,Priya,Minor issue found
1261,1261,86.23,Pass,Priya,Rejected
1262,1262,76.62,Pass,Anitha,Rejected
1263,1263,90.2,Pass,Sneha,Approved
1264,1264,75.27,Pass,Sneha,Minor issue found
1265,1265,71.55,Pass,Kumar,Minor issue found
1266,1266,88.47,Fail,Kumar,Requires inspection
1267,1267,76.26,Pass,Sneha,Approved
1268,1268,93.66,Pass,Sneha,Approved
1269,1269,80.08,Pass,Priya,Minor issue found
1270,1270,77.41,Pass,Priya,Minor issue found
1271,1271,95.69,Pass,Rajesh,Rejected
1272,1272,75.07,Pass,Anitha,Rejected
1273,1273,95.51,Pass,Kumar,Requires inspection
1274,1274,78.86,Fail,Sneha,Minor issue found
1275,1275,74.75,Pass,Sneha,Approved
1276,1276,73.82,Pass,Anitha,Requires inspection
1277,1277,79.95,Pass,Rajesh,Requires inspection
1278,1278,89.51,Pass,Kumar,Requires inspection
1279,1279,86.05,Pass,Kumar,Requires inspection
1280,1280,94.0,Fail,Sneha,Rejected
1281,1281,71.05,Pass,Priya,Minor issue found
1282,1282,84.47,Pass,Sneha,Rejected
1283,1283,77.82,Pass,Kumar,Requires inspection
1284,1284,73.36,Fail,Anitha,Minor issue found
1285,1285,96.36,Fail,Priya,Approved
1286,1286,84.55,Pass,Priya,Approved
1287,1287,71.06,Pass,Anitha,Approved
1288,1288,99.65,Pass,Anitha,Rejected
1289,1289,77.55,Pass,Kumar,Minor issue found
1290,1290,95.96,Pass,Kumar,Rejected
1291,1291,93.46,Pass,Priya,Approved
1292,1292,93.73,Fail,Rajesh,Requires inspection
1293,1293,91.66,Pass,Kumar,Approved
1294,1294,78.25,Pass,Kumar,Approved
1295,1295,98.47,Pass,Sneha,Rejected
1296,1296,74.91,Pass,Sneha,Approved
1297,1297,92.09,Pass,Sneha,Requires inspection
1298,1298,94.81,Pass,Kumar,Approved
1299,1299,88.15,Pass,Sneha,Rejected
1300,1300,89.91,Fail,Anitha,Minor issue found
1301,1301,89.92,Fail,Sneha,Minor issue found
1302,1302,97.14,Pass,Sneha,Requires inspection
1303,1303,90.27,Pass,Anitha,Rejected
1304,1304,74.1,Pass,Rajesh,Requires inspection
1305,1305,70.98,Fail,Priya,Approved
1306,1306,73.8,Fail,Rajesh,Approved
1307,1307,90.4,Pass,Priya,Rejected
1308,1308,83.18,Pass,Sneha,Approved
1309,1309,81.09,Pass,Anitha,Requires inspection
1310,1310,71.36,Pass,Kumar,Minor issue found
1311,1311,93.03,Pass,Kumar,Approved
1312,1312,73.35,Pass,Rajesh,Minor issue found
1313,1313,90.06,Pass,Kumar,Requires inspection
1314,1314,85.11,Pass,Rajesh,Rejected
1315,1315,70.34,Pass,Kumar,Rejected
1316,1316,96.92,Pass,Kumar,Rejected
1317,1317,97.08,Pass,Kumar,Rejected
1318,1318,84.27,Pass,Priya,Requires inspection
1319,1319,92.19,Fail,Sneha,Requires inspection
1320,1320,91.14,Pass,Priya,Requires inspection
1321,1321,88.88,Pass,Rajesh,Minor issue found
1322,1322,97.17,Pass,Sneha,Rejected
1323,1323,94.61,Pass,Anitha,Requires inspection
1324,1324,94.96,Pass,Kumar,Requires inspection
1325,1325,78.6,Pass,Anitha,Approved
1326,1326,94.79,Fail,Rajesh,Rejected
1327,1327,73.01,Pass,Priya,Rejected
1328,1328,78.06,Pass,Kumar,Minor issue found
1329,1329,81.06,Pass,Rajesh,Approved
1330,1330,86.3,Pass,Anitha,Approved
1331,1331,96.52,Pass,Rajesh,Approved
1332,1332,80.58,Pass,Priya,Approved
1333,1333,76.24,Pass,Priya,Approved
1334,1334,74.77,Fail,Sneha,Approved
1335,1335,96.31,Fail,Priya,Rejected
1336,1336,70.39,Pass,Priya,Approved
1337,1337,70.85,Pass,Rajesh,Requires inspection
1338,1338,73.03,Pass,Sneha,Approved
1339,1339,79.94,Pass,Anitha,Rejected
1340,1340,86.73,Pass,Anitha,Requires inspection
1341,1341,78.16,Pass,Kumar,Rejected
1342,1342,82.57,Pass,Sneha,Requires inspection
1343,1343,75.66,Pass,Rajesh,Minor issue found
1344,1344,76.22,Pass,Priya,Approved
1345,1345,93.18,Pass,Anitha,Minor issue found
1346,1346,79.83,Pass,Anitha,Rejected
1347,1347,76.78,Pass,Anitha,Rejected
1348,1348,72.25,Pass,Anitha,Requires inspection
1349,1349,78.08,Pass,Kumar,Requires inspection
1350,1350,89.3,Pass,Priya,Minor issue found
1351,1351,75.03,Pass,Rajesh,Requires inspection
1352,1352,74.74,Pass,Rajesh,Approved
1353,1353,87.64,Pass,Kumar,Requires inspection
1354,1354,82.97,Pass,Sneha,Requires inspection
1355,1355,88.86,Fail,Priya,Approved
1356,1356,74.0,Pass,Sneha,Requires inspection
1357,1357,78.24,Pass,Rajesh,Rejected
1358,1358,92.82,Pass,Rajesh,Rejected
1359,1359,81.6,Pass,Sneha,Requires inspection
1360,1360,73.52,Pass,Priya,Minor issue found
1361,1361,93.47,Pass,Kumar,Rejected
1362,1362,74.57,Pass,Rajesh,Rejected
1363,1363,98.25,Pass,Sneha,Approved
1364,1364,95.62,Pass,Priya,Minor issue found
1365,1365,73.24,Pass,Anitha,Approved
1366,1366,77.94,Pass,Rajesh,Minor issue found
1367,1367,100.0,Pass,Kumar,Rejected
1368,1368,72.74,Pass,Rajesh,Minor issue found
1369,1369,81.29,Pass,Anitha,Rejected
1370,1370,75.97,Pass,Sneha,Requires inspection
1371,1371,95.56,Fail,Anitha,Requires inspection
1372,1372,81.29,Pass,Kumar,Minor issue found
1373,1373,95.61,Pass,Rajesh,Rejected
1374,1374,87.64,Pass,Sneha,Approved
1375,1375,75.61,Pass,Kumar,Minor issue found
1376,1376,73.84,Pass,Anitha,Approved
1377,1377,87.16,Pass,Sneha,Rejected
1378,1378,98.43,Pass,Rajesh,Requires inspection
1379,1379,73.13,Pass,Kumar,Minor issue found
1380,1380,91.39,Pass,Rajesh,Requires inspection
1381,1381,84.01,Pass,Sneha,Approved
1382,1382,72.42,Pass,Rajesh,Rejected
1383,1383,92.5,Pass,Anitha,Rejected
1384,1384,77.34,Pass,Anitha,Minor issue found
1385,1385,83.95,Pass,Priya,Requires inspection
1386,1386,80.97,Pass,Kumar,Minor issue found
1387,1387,86.81,Pass,Rajesh,Approved
1388,1388,76.23,Pass,Sneha,Minor issue found
1389,1389,93.85,Pass,Sneha,Minor issue found
1390,1390,79.28,Pass,Kumar,Rejected
1391,1391,81.62,Pass,Anitha,Requires inspection
1392,1392,71.04,Pass,Anitha,Approved
1393,1393,70.2,Fail,Sneha,Minor issue found
1394,1394,84.3,Fail,Sneha,Approved
1395,1395,93.77,Pass,Priya,Minor issue found
1396,1396,80.85,Pass,Sneha,Requires inspection
1397,1397,73.67,Pass,Rajesh,Requires inspection
1398,1398,73.24,Pass,Sneha,Minor issue found
1399,1399,93.18,Pass,Sneha,Requires inspection
1400,1400,79.8,Pass,Rajesh,Minor issue found
1401,1401,87.08,Pass,Rajesh,Minor issue found
1402,1402,89.97,Pass,Kumar,Minor issue found
1403,1403,70.48,Pass,Kumar,Approved
1404,1404,82.42,Pass,Priya,Approved
1405,1405,78.77,Pass,Anitha,Rejected
1406,1406,98.18,Pass,Priya,Approved
1407,1407,78.66,Pass,Rajesh,Approved
1408,1408,83.3,Fail,Sneha,Approved
1409,1409,82.3,Fail,Anitha,Rejected
1410,1410,89.65,Pass,Kumar,Approved
1411,1411,93.95,Pass,Anitha,Rejected
1412,1412,99.45,Fail,Priya,Requires inspection
1413,1413,86.71,Pass,Kumar,Rejected
1414,1414,85.72,Fail,Anitha,Requires inspection
1415,1415,97.65,Pass,Rajesh,Rejected
1416,1416,93.76,Pass,Kumar,Requires inspection
1417,1417,88.05,Pass,Anitha,Rejected
1418,1418,92.44,Pass,Priya,Approved
1419,1419,91.75,Pass,Priya,Approved
1420,1420,98.14,Pass,Priya,Rejected
1421,1421,72.8,Pass,Rajesh,Approved
1422,1422,77.02,Pass,Rajesh,Rejected
1423,1423,76.34,Pass,Rajesh,Approved
1424,1424,76.98,Pass,Priya,Requires inspection
1425,1425,97.73,Pass,Priya,Rejected
1426,1426,85.24,Pass,Priya,Rejected
1427,1427,78.38,Pass,Anitha,Minor issue found
1428,1428,96.91,Pass,Anitha,Requires inspection
1429,1429,82.81,Pass,Sneha,Rejected
1430,1430,76.12,Pass,Rajesh,Approved
1431,1431,83.41,Pass,Rajesh,Approved
1432,1432,85.1,Fail,Priya,Approved
1433,1433,92.1,Pass,Anitha,Requires inspection
1434,1434,77.97,Pass,Rajesh,Requires inspection
1435,1435,91.59,Pass,Priya,Minor issue found
1436,1436,97.55,Pass,Kumar,Minor issue found
1437,1437,70.06,Pass,Anitha,Minor issue found
1438,1438,84.0,Pass,Anitha,Requires inspection
1439,1439,95.58,Pass,Sneha,Approved
1440,1440,91.88,Pass,Priya,Requires inspection
1441,1441,90.51,Pass,Sneha,Minor issue found
1442,1442,91.32,Pass,Kumar,Minor issue found
1443,1443,96.96,Fail,Anitha,Minor issue found
1444,1444,89.97,Pass,Priya,Requires inspection
1445,1445,94.77,Pass,Rajesh,Minor issue found
1446,1446,92.65,Pass,Anitha,Approved
1447,1447,93.02,Pass,Sneha,Minor issue found
1448,1448,70.29,Pass,Kumar,Requires inspection
1449,1449,71.91,Fail,Priya,Requires inspection
1450,1450,75.49,Pass,Kumar,Minor issue found
1451,1451,76.18,Pass,Sneha,Requires inspection
1452,1452,70.4,Fail,Priya,Rejected
1453,1453,76.84,Pass,Kumar,Approved
1454,1454,75.34,Pass,Kumar,Minor issue found
1455,1455,82.95,Pass,Rajesh,Approved
1456,1456,87.87,Pass,Anitha,Approved
1457,1457,80.68,Fail,Rajesh,Rejected
1458,1458,98.13,Pass,Rajesh,Approved
1459,1459,79.52,Pass,Anitha,Requires inspection
1460,1460,96.35,Pass,Sneha,Minor issue found
1461,1461,83.86,Pass,Rajesh,Minor issue found
1462,1462,78.27,Pass,Priya,Requires inspection
1463,1463,70.41,Fail,Sneha,Rejected
1464,1464,88.32,Pass,Rajesh,Rejected
1465,1465,83.03,Pass,Kumar,Approved
1466,1466,78.03,Pass,Priya,Minor issue found
1467,1467,78.97,Pass,Anitha,Minor issue found
1468,1468,93.14,Pass,Anitha,Approved
1469,1469,92.5,Pass,Rajesh,Rejected
1470,1470,88.36,Pass,Kumar,Requires inspection
1471,1471,70.34,Pass,Priya,Minor issue found
1472,1472,75.97,Pass,Rajesh,Minor issue found
1473,1473,74.54,Pass,Anitha,Rejected
1474,1474,99.27,Pass,Kumar,Minor issue found
1475,1475,96.02,Pass,Sneha,Approved
1476,1476,85.56,Pass,Anitha,Approved
1477,1477,72.12,Pass,Sneha,Requires inspection
1478,1478,96.03,Fail,Rajesh,Approved
1479,1479,95.68,Pass,Sneha,Approved
1480,1480,94.23,Fail,Sneha,Approved
1481,1481,99.14,Pass,Anitha,Rejected
1482,1482,84.66,Pass,Anitha,Minor issue found
1483,1483,71.78,Pass,Priya,Requires inspection
1484,1484,74.35,Pass,Priya,Approved
1485,1485,93.97,Pass,Priya,Requires inspection
1486,1486,76.43,Fail,Kumar,Approved
1487,1487,90.96,Pass,Kumar,Rejected
1488,1488,79.47,Pass,Priya,Requires inspection
1489,1489,71.87,Pass,Priya,Minor issue found
1490,1490,82.31,Pass,Rajesh,Rejected
1491,1491,72.82,Pass,Rajesh,Rejected
1492,1492,80.43,Pass,Priya,Rejected
1493,1493,96.08,Pass,Priya,Approved
1494,1494,85.62,Pass,Sneha,Approved
1495,1495,92.61,Fail,Sneha,Approved
1496,1496,82.43,Fail,Sneha,Approved
1497,1497,85.19,Pass,Anitha,Requires inspection
1498,1498,94.62,Pass,Rajesh,Approved
1499,1499,72.29,Pass,Anitha,Minor issue found
1500,1500,73.61,Pass,Anitha,Minor issue found
1501,1501,80.14,Pass,Rajesh,Requires inspection
1502,1502,89.16,Pass,Sneha,Approved
1503,1503,75.35,Fail,Priya,Minor issue found
1504,1504,81.42,Pass,Sneha,Requires inspection
1505,1505,72.51,Fail,Sneha,Minor issue found
1506,1506,98.11,Pass,Sneha,Approved
1507,1507,77.3,Pass,Sneha,Rejected
1508,1508,84.8,Pass,Priya,Minor issue found
1509,1509,79.04,Fail,Priya,Rejected
1510,1510,84.21,Fail,Priya,Approved
1511,1511,82.1,Pass,Anitha,Rejected
1512,1512,88.69,Pass,Sneha,Requires inspection
1513,1513,93.06,Pass,Priya,Requires inspection
1514,1514,91.86,Pass,Kumar,Minor issue found
1515,1515,70.9,Fail,Sneha,Requires inspection
1516,1516,82.53,Pass,Sneha,Requires inspection
1517,1517,89.49,Pass,Kumar,Requires inspection
1518,1518,98.16,Pass,Rajesh,Rejected
1519,1519,87.52,Pass,Sneha,Rejected
1520,1520,95.73,Pass,Kumar,Requires inspection
1521,1521,81.0,Pass,Rajesh,Minor issue found
1522,1522,93.85,Pass,Kumar,Rejected
1523,1523,83.13,Pass,Priya,Approved
1524,1524,70.22,Pass,Sneha,Approved
1525,1525,99.62,Pass,Kumar,Approved
1526,1526,98.48,Pass,Sneha,Approved
1527,1527,98.29,Pass,Rajesh,Approved
1528,1528,73.45,Pass,Rajesh,Approved
1529,1529,93.22,Fail,Sneha,Approved
1530,1530,93.18,Pass,Sneha,Approved
1531,1531,87.67,Pass,Kumar,Rejected
1532,1532,92.68,Pass,Priya,Rejected
1533,1533,83.22,Pass,Anitha,Requires inspection
1534,1534,85.24,Pass,Kumar,Requires inspection
1535,1535,70.91,Pass,Sneha,Requires inspection
1536,1536,92.75,Pass,Rajesh,Minor issue found
1537,1537,80.23,Pass,Kumar,Rejected
1538,1538,82.93,Pass,Anitha,Approved
1539,1539,82.27,Pass,Priya,Approved
1540,1540,80.26,Pass,Sneha,Approved
1541,1541,87.12,Pass,Anitha,Minor issue found
1542,1542,88.65,Pass,Priya,Approved
1543,1543,97.31,Pass,Anitha,Approved
1544,1544,82.05,Pass,Rajesh,Rejected
1545,1545,70.89,Pass,Sneha,Requires inspection
1546,1546,90.01,Pass,Sneha,Rejected
1547,1547,74.12,Pass,Priya,Minor issue found
1548,1548,86.47,Pass,Anitha,Approved
1549,1549,88.11,Pass,Priya,Approved
1550,1550,91.59,Pass,Rajesh,Requires inspection
1551,1551,78.72,Pass,Priya,Minor issue found
1552,1552,85.46,Pass,Priya,Requires inspection
1553,1553,81.07,Pass,Kumar,Minor issue found
1554,1554,74.82,Pass,Rajesh,Minor issue found
1555,1555,89.08,Fail,Rajesh,Requires inspection
1556,1556,84.52,Pass,Kumar,Minor issue found
1557,1557,76.88,Pass,Kumar,Rejected
1558,1558,96.98,Fail,Rajesh,Rejected
1559,1559,75.98,Pass,Sneha,Approved
1560,1560,83.18,Pass,Priya,Approved
1561,1561,85.35,Pass,Kumar,Rejected
1562,1562,89.76,Pass,Priya,Approved
1563,1563,95.85,Pass,Kumar,Requires inspection
1564,1564,81.55,Pass,Rajesh,Requires inspection
1565,1565,75.6,Pass,Anitha,Approved
1566,1566,79.76,Pass,Kumar,Requires inspection
1567,1567,74.71,Pass,Rajesh,Rejected
1568,1568,81.06,Pass,Anitha,Rejected
1569,1569,95.4,Fail,Priya,Approved
1570,1570,80.42,Fail,Anitha,Requires inspection
1571,1571,89.62,Pass,Anitha,Requires inspection
1572,1572,72.58,Pass,Rajesh,Requires inspection
1573,1573,74.18,Pass,Kumar,Rejected
1574,1574,72.85,Pass,Rajesh,Minor issue found
1575,1575,81.15,Fail,Rajesh,Requires inspection
1576,1576,74.02,Pass,Sneha,Requires inspection
1577,1577,89.59,Pass,Priya,Requires inspection
1578,1578,97.67,Pass,Sneha,Requires inspection
1579,1579,73.18,Pass,Priya,Approved
1580,1580,76.34,Pass,Priya,Rejected
1581,1581,95.48,Pass,Sneha,Requires inspection
1582,1582,82.58,Pass,Rajesh,Approved
1583,1583,83.62,Pass,Priya,Approved
1584,1584,83.77,Pass,Rajesh,Requires inspection
1585,1585,95.04,Pass,Sneha,Approved
1586,1586,80.91,Fail,Priya,Requires inspection
1587,1587,87.42,Pass,Kumar,Requires inspection
1588,1588,72.87,Pass,Sneha,Requires inspection
1589,1589,99.69,Pass,Rajesh,Minor issue found
1590,1590,90.11,Pass,Sneha,Minor issue found
1591,1591,70.98,Pass,Rajesh,Minor issue found
1592,1592,92.99,Pass,Kumar,Minor issue found
1593,1593,78.0,Pass,Rajesh,Approved
1594,1594,74.41,Pass,Rajesh,Rejected
1595,1595,85.13,Pass,Priya,Requires inspection
1596,1596,90.16,Pass,Anitha,Rejected
1597,1597,79.91,Pass,Kumar,Approved
1598,1598,90.25,Pass,Anitha,Rejected
1599,1599,94.0,Pass,Kumar,Minor issue found
1600,1600,72.17,Pass,Kumar,Approved
1601,1601,98.43,Pass,Kumar,Rejected
1602,1602,74.15,Fail,Kumar,Rejected
1603,1603,76.14,Pass,Priya,Requires inspection
1604,1604,76.42,Pass,Kumar,Minor issue found
1605,1605,86.49,Fail,Anitha,Approved
1606,1606,76.49,Pass,Rajesh,Minor issue found
1607,1607,70.74,Pass,Kumar,Rejected
1608,1608,93.79,Pass,Sneha,Approved
1609,1609,80.36,Pass,Priya,Requires inspection
1610,1610,83.12,Pass,Rajesh,Minor issue found
1611,1611,81.92,Pass,Sneha,Minor issue found
1612,1612,73.91,Pass,Priya,Rejected
1613,1613,77.22,Pass,Kumar,Approved
1614,1614,76.48,Fail,Anitha,Approved
1615,1615,81.29,Pass,Rajesh,Rejected
1616,1616,78.14,Pass,Sneha,Rejected
1617,1617,80.93,Pass,Priya,Requires inspection
1618,1618,97.7,Pass,Priya,Approved
1619,1619,93.57,Pass,Anitha,Requires inspection
1620,1620,76.51,Pass,Priya,Approved
1621,1621,96.28,Pass,Anitha,Requires inspection
1622,1622,91.85,Pass,Anitha,Approved
1623,1623,77.7,Fail,Priya,Minor issue found
1624,1624,78.83,Pass,Anitha,Minor issue found
1625,1625,85.02,Pass,Kumar,Requires inspection
1626,1626,85.06,Pass,Anitha,Requires inspection
1627,1627,92.84,Pass,Kumar,Requires inspection
1628,1628,85.6,Pass,Sneha,Approved
1629,1629,91.43,Pass,Kumar,Rejected
1630,1630,75.29,Pass,Sneha,Rejected
1631,1631,71.57,Pass,Sneha,Requires inspection
1632,1632,70.44,Pass,Sneha,Minor issue found
1633,1633,93.88,Pass,Rajesh,Requires inspection
1634,1634,85.07,Pass,Rajesh,Rejected
1635,1635,89.08,Pass,Anitha,Requires inspection
1636,1636,94.84,Pass,Rajesh,Minor issue found
1637,1637,80.66,Pass,Priya,Minor issue found
1638,1638,94.38,Pass,Sneha,Requires inspection
1639,1639,94.24,Pass,Anitha,Rejected
1640,1640,85.78,Fail,Kumar,Minor issue found
1641,1641,85.56,Pass,Rajesh,Approved
1642,1642,97.09,Fail,Priya,Rejected
1643,1643,93.81,Pass,Anitha,Approved
1644,1644,93.77,Fail,Rajesh,Minor issue found
1645,1645,90.34,Pass,Priya,Approved
1646,1646,98.33,Pass,Kumar,Requires inspection
1647,1647,98.7,Pass,Rajesh,Requires inspection
1648,1648,82.96,Pass,Kumar,Approved
1649,1649,81.5,Fail,Rajesh,Requires inspection
1650,1650,73.0,Pass,Anitha,Approved
1651,1651,80.97,Pass,Sneha,Rejected
1652,1652,74.85,Pass,Priya,Rejected
1653,1653,74.47,Pass,Priya,Rejected
1654,1654,98.96,Pass,Anitha,Minor issue found
1655,1655,78.45,Pass,Kumar,Approved
1656,1656,72.19,Pass,Anitha,Approved
1657,1657,91.52,Pass,Priya,Requires inspection
1658,1658,75.0,Pass,Priya,Approved
1659,1659,96.28,Pass,Kumar,Rejected
1660,1660,93.48,Pass,Rajesh,Minor issue found
1661,1661,78.58,Pass,Kumar,Requires inspection
1662,1662,75.98,Fail,Priya,Rejected
1663,1663,98.66,Pass,Sneha,Rejected
1664,1664,90.43,Fail,Sneha,Approved
1665,1665,82.58,Pass,Rajesh,Rejected
1666,1666,93.98,Fail,Sneha,Requires inspection
1667,1667,93.3,Pass,Sneha,Approved
1668,1668,85.42,Fail,Priya,Minor issue found
1669,1669,82.69,Pass,Kumar,Minor issue found
1670,1670,94.7,Fail,Sneha,Minor issue found
1671,1671,73.91,Pass,Rajesh,Requires inspection
1672,1672,78.08,Pass,Sneha,Rejected
1673,1673,95.0,Pass,Kumar,Approved
1674,1674,72.32,Pass,Anitha,Rejected
1675,1675,83.4,Fail,Anitha,Rejected
1676,1676,85.98,Pass,Anitha,Minor issue found
1677,1677,89.51,Pass,Rajesh,Minor issue found
1678,1678,89.81,Pass,Kumar,Approved
1679,1679,73.59,Pass,Sneha,Minor issue found
1680,1680,79.42,Pass,Priya,Minor issue found
1681,1681,93.75,Pass,Sneha,Rejected
1682,1682,70.9,Pass,Kumar,Minor issue found
1683,1683,77.9,Pass,Anitha,Minor issue found
1684,1684,71.37,Pass,Priya,Minor issue found
1685,1685,72.12,Fail,Rajesh,Approved
1686,1686,93.34,Pass,Anitha,Approved
1687,1687,95.73,Pass,Rajesh,Requires inspection
1688,1688,77.07,Pass,Rajesh,Minor issue found
1689,1689,92.73,Pass,Anitha,Rejected
1690,1690,71.71,Fail,Anitha,Minor issue found
1691,1691,96.44,Pass,Priya,Minor issue found
1692,1692,76.33,Pass,Anitha,Rejected
1693,1693,86.37,Pass,Priya,Rejected
1694,1694,96.01,Fail,Priya,Minor issue found
1695,1695,96.43,Pass,Priya,Rejected
1696,1696,85.54,Pass,Rajesh,Rejected
1697,1697,78.45,Fail,Rajesh,Minor issue found
1698,1698,72.1,Fail,Priya,Minor issue found
1699,1699,87.29,Pass,Kumar,Minor issue found
1700,1700,92.01,Pass,Kumar,Minor issue found
1701,1701,94.78,Pass,Kumar,Approved
1702,1702,75.55,Pass,Kumar,Rejected
1703,1703,92.62,Pass,Sneha,Rejected
1704,1704,97.3,Fail,Rajesh,Approved
1705,1705,71.23,Fail,Kumar,Approved
1706,1706,70.79,Pass,Anitha,Rejected
1707,1707,73.53,Pass,Priya,Minor issue found
1708,1708,96.95,Pass,Kumar,Rejected
1709,1709,87.82,Fail,Kumar,Requires inspection
1710,1710,98.23,Pass,Priya,Approved
1711,1711,74.91,Pass,Sneha,Minor issue found
1712,1712,75.03,Pass,Rajesh,Minor issue found
1713,1713,89.28,Pass,Priya,Rejected
1714,1714,73.51,Pass,Rajesh,Approved
1715,1715,96.21,Pass,Kumar,Approved
1716,1716,86.96,Pass,Sneha,Approved
1717,1717,90.25,Fail,Kumar,Requires inspection
1718,1718,70.74,Pass,Kumar,Requires inspection
1719,1719,72.49,Pass,Sneha,Requires inspection
1720,1720,95.95,Pass,Rajesh,Requires inspection
1721,1721,91.34,Pass,Sneha,Approved
1722,1722,72.82,Pass,Anitha,Rejected
1723,1723,83.96,Pass,Rajesh,Requires inspection
1724,1724,86.25,Fail,Anitha,Approved
1725,1725,93.43,Pass,Anitha,Requires inspection
1726,1726,88.83,Pass,Kumar,Requires inspection
1727,1727,76.11,Pass,Priya,Rejected
1728,1728,86.86,Pass,Priya,Minor issue found
1729,1729,89.56,Pass,Kumar,Rejected
1730,1730,87.67,Pass,Kumar,Approved
1731,1731,97.62,Pass,Rajesh,Minor issue found
1732,1732,96.41,Pass,Anitha,Approved
1733,1733,96.43,Pass,Rajesh,Approved
1734,1734,96.06,Fail,Anitha,Minor issue found
1735,1735,98.86,Pass,Rajesh,Requires inspection
1736,1736,97.25,Pass,Sneha,Rejected
1737,1737,74.28,Pass,Anitha,Requires inspection
1738,1738,98.41,Pass,Anitha,Rejected
1739,1739,75.4,Pass,Kumar,Requires inspection
1740,1740,74.22,Pass,Kumar,Approved
1741,1741,84.58,Pass,Priya,Minor issue found
1742,1742,90.67,Pass,Rajesh,Rejected
1743,1743,79.58,Pass,Sneha,Rejected
1744,1744,87.85,Pass,Sneha,Minor issue found
1745,1745,83.14,Pass,Anitha,Minor issue found
1746,1746,78.76,Pass,Sneha,Rejected
1747,1747,70.67,Pass,Anitha,Minor issue found
1748,1748,87.54,Pass,Sneha,Requires inspection
1749,1749,99.02,Pass,Priya,Requires inspection
1750,1750,78.31,Fail,Priya,Requires inspection
1751,1751,79.38,Pass,Kumar,Requires inspection
1752,1752,83.41,Pass,Kumar,Approved
1753,1753,84.49,Fail,Rajesh,Approved
1754,1754,89.86,Pass,Kumar,Minor issue found
1755,1755,89.21,Pass,Sneha,Requires inspection
1756,1756,88.55,Fail,Kumar,Rejected
1757,1757,88.23,Fail,Rajesh,Requires inspection
1758,1758,79.43,Pass,Sneha,Minor issue found
1759,1759,97.65,Fail,Kumar,Approved
1760,1760,80.63,Pass,Rajesh,Requires inspection
1761,1761,94.37,Pass,Sneha,Approved
1762,1762,86.87,Pass,Sneha,Minor issue found
1763,1763,97.91,Pass,Anitha,Minor issue found
1764,1764,76.71,Pass,Sneha,Requires inspection
1765,1765,98.0,Pass,Kumar,Requires inspection
1766,1766,95.05,Pass,Kumar,Requires inspection
1767,1767,89.22,Fail,Anitha,Approved
1768,1768,90.2,Pass,Anitha,Requires inspection
1769,1769,83.71,Pass,Priya,Approved
1770,1770,88.85,Pass,Anitha,Rejected
1771,1771,97.03,Pass,Priya,Requires inspection
1772,1772,74.88,Pass,Kumar,Requires inspection
1773,1773,84.8,Pass,Priya,Approved
1774,1774,73.4,Pass,Priya,Requires inspection
1775,1775,95.81,Pass,Anitha,Rejected
1776,1776,70.79,Pass,Kumar,Rejected
1777,1777,91.71,Pass,Kumar,Requires inspection
1778,1778,90.14,Pass,Kumar,Minor issue found
1779,1779,98.5,Pass,Kumar,Requires inspection
1780,1780,91.71,Pass,Priya,Minor issue found
1781,1781,97.96,Pass,Anitha,Minor issue found
1782,1782,77.21,Pass,Sneha,Rejected
1783,1783,90.58,Pass,Sneha,Rejected
1784,1784,83.83,Pass,Sneha,Minor issue found
1785,1785,78.83,Fail,Kumar,Approved
1786,1786,75.74,Pass,Priya,Approved
1787,1787,77.33,Fail,Kumar,Minor issue found
1788,1788,72.62,Pass,Sneha,Approved
1789,1789,84.99,Pass,Kumar,Rejected
1790,1790,89.55,Fail,Rajesh,Requires inspection
1791,1791,81.98,Pass,Sneha,Requires inspection
1792,1792,96.15,Pass,Kumar,Rejected
1793,1793,92.96,Pass,Kumar,Requires inspection
1794,1794,94.2,Pass,Anitha,Requires inspection
1795,1795,91.71,Pass,Kumar,Requires inspection
1796,1796,93.49,Pass,Kumar,Rejected
1797,1797,96.21,Fail,Priya,Rejected
1798,1798,93.53,Pass,Sneha,Minor issue found
1799,1799,83.31,Pass,Anitha,Requires inspection
1800,1800,83.33,Pass,Sneha,Minor issue found
1801,1801,72.23,Pass,Anitha,Requires inspection
1802,1802,74.13,Pass,Sneha,Minor issue found
1803,1803,71.3,Fail,Kumar,Minor issue found
1804,1804,78.27,Pass,Sneha,Minor issue found
1805,1805,87.49,Pass,Kumar,Rejected
1806,1806,72.23,Fail,Kumar,Approved
1807,1807,76.12,Fail,Sneha,Minor issue found
1808,1808,96.64,Pass,Sneha,Requires inspection
1809,1809,76.0,Pass,Priya,Requires inspection
1810,1810,86.92,Pass,Anitha,Approved
1811,1811,78.44,Pass,Sneha,Minor issue found
1812,1812,79.78,Pass,Priya,Requires inspection
1813,1813,71.63,Pass,Anitha,Requires inspection
1814,1814,93.69,Fail,Kumar,Rejected
1815,1815,87.24,Pass,Anitha,Rejected
1816,1816,77.29,Fail,Priya,Minor issue found
1817,1817,97.33,Fail,Sneha,Minor issue found
1818,1818,76.95,Pass,Anitha,Requires inspection
1819,1819,83.52,Pass,Anitha,Approved
1820,1820,86.88,Pass,Rajesh,Rejected
1821,1821,85.45,Pass,Sneha,Approved
1822,1822,93.82,Pass,Rajesh,Minor issue found
1823,1823,88.05,Fail,Anitha,Approved
1824,1824,97.83,Pass,Rajesh,Rejected
1825,1825,94.0,Pass,Sneha,Rejected
1826,1826,88.17,Pass,Priya,Approved
1827,1827,87.4,Fail,Priya,Approved
1828,1828,94.36,Pass,Sneha,Rejected
1829,1829,86.64,Pass,Kumar,Rejected
1830,1830,87.49,Fail,Priya,Requires inspection
1831,1831,88.45,Pass,Sneha,Requires inspection
1832,1832,87.28,Pass,Priya,Approved
1833,1833,78.78,Pass,Priya,Approved
1834,1834,98.32,Pass,Anitha,Approved
1835,1835,71.57,Pass,Kumar,Requires inspection
1836,1836,78.45,Pass,Priya,Rejected
1837,1837,92.18,Pass,Sneha,Rejected
1838,1838,83.8,Pass,Rajesh,Requires inspection
1839,1839,82.53,Pass,Priya,Rejected
1840,1840,80.0,Fail,Sneha,Approved
1841,1841,80.29,Pass,Kumar,Minor issue found
1842,1842,75.72,Pass,Sneha,Approved
1843,1843,82.18,Pass,Anitha,Requires inspection
1844,1844,82.66,Pass,Priya,Requires inspection
1845,1845,74.6,Pass,Kumar,Requires inspection
1846,1846,87.97,Pass,Anitha,Rejected
1847,1847,70.65,Pass,Kumar,Rejected
1848,1848,84.58,Pass,Priya,Rejected
1849,1849,89.91,Pass,Kumar,Minor issue found
1850,1850,96.15,Fail,Priya,Rejected
1851,1851,72.49,Pass,Kumar,Approved
1852,1852,76.09,Fail,Kumar,Requires inspection
1853,1853,97.7,Pass,Sneha,Approved
1854,1854,74.87,Pass,Kumar,Rejected
1855,1855,77.81,Fail,Rajesh,Minor issue found
1856,1856,78.12,Pass,Sneha,Rejected
1857,1857,81.2,Pass,Priya,Minor issue found
1858,1858,71.84,Pass,Sneha,Approved
1859,1859,98.97,Pass,Rajesh,Requires inspection
1860,1860,84.57,Pass,Priya,Minor issue found
1861,1861,98.57,Pass,Anitha,Approved
1862,1862,99.74,Pass,Kumar,Approved
1863,1863,97.78,Pass,Rajesh,Rejected
1864,1864,73.83,Fail,Kumar,Minor issue found
1865,1865,87.62,Pass,Priya,Minor issue found
1866,1866,73.57,Pass,Kumar,Rejected
1867,1867,93.31,Pass,Priya,Approved
1868,1868,77.31,Pass,Sneha,Requires inspection
1869,1869,96.62,Fail,Anitha,Minor issue found
1870,1870,99.38,Pass,Kumar,Minor issue found
1871,1871,94.71,Pass,Sneha,Requires inspection
1872,1872,95.31,Pass,Kumar,Minor issue found
1873,1873,77.78,Pass,Priya,Rejected
1874,1874,80.89,Pass,Priya,Requires inspection
1875,1875,83.85,Pass,Priya,Minor issue found
1876,1876,90.82,Pass,Priya,Minor issue found
1877,1877,91.23,Pass,Priya,Requires inspection
1878,1878,81.76,Pass,Kumar,Requires inspection
1879,1879,96.22,Fail,Priya,Rejected
1880,1880,72.35,Pass,Anitha,Minor issue found
1881,1881,78.3,Fail,Kumar,Requires inspection
1882,1882,93.08,Pass,Priya,Approved
1883,1883,77.54,Pass,Kumar,Minor issue found
1884,1884,84.84,Pass,Rajesh,Approved
1885,1885,85.12,Pass,Anitha,Minor issue found
1886,1886,88.25,Pass,Sneha,Rejected
1887,1887,94.88,Pass,Rajesh,Rejected
1888,1888,77.38,Pass,Kumar,Requires inspection
1889,1889,79.84,Pass,Kumar,Requires inspection
1890,1890,95.46,Pass,Kumar,Rejected
1891,1891,86.96,Pass,Priya,Minor issue found
1892,1892,75.74,Pass,Rajesh,Approved
1893,1893,73.44,Fail,Priya,Rejected
1894,1894,96.28,Pass,Priya,Minor issue found
1895,1895,86.54,Pass,Rajesh,Requires inspection
1896,1896,96.17,Pass,Rajesh,Requires inspection
1897,1897,88.91,Fail,Anitha,Requires inspection
1898,1898,84.25,Pass,Priya,Approved
1899,1899,88.62,Pass,Rajesh,Minor issue found
1900,1900,83.56,Pass,Kumar,Requires inspection
1901,1901,91.1,Pass,Anitha,Rejected
1902,1902,88.87,Pass,Sneha,Minor issue found
1903,1903,86.85,Pass,Rajesh,Approved
1904,1904,91.18,Pass,Anitha,Rejected
1905,1905,87.91,Pass,Rajesh,Rejected
1906,1906,96.31,Pass,Kumar,Approved
1907,1907,95.67,Fail,Kumar,Approved
1908,1908,85.54,Pass,Kumar,Minor issue found
1909,1909,75.83,Pass,Rajesh,Approved
1910,1910,75.02,Pass,Priya,Rejected
1911,1911,88.02,Pass,Kumar,Requires inspection
1912,1912,84.58,Pass,Anitha,Minor issue found
1913,1913,83.69,Pass,Rajesh,Approved
1914,1914,82.87,Pass,Rajesh,Requires inspection
1915,1915,84.68,Pass,Priya,Approved
1916,1916,96.06,Pass,Rajesh,Requires inspection
1917,1917,97.81,Pass,Rajesh,Requires inspection
1918,1918,89.62,Pass,Priya,Approved
1919,1919,76.24,Pass,Kumar,Minor issue found
1920,1920,79.8,Pass,Rajesh,Approved
1921,1921,84.94,Pass,Rajesh,Approved
1922,1922,86.09,Pass,Kumar,Rejected
1923,1923,83.39,Fail,Kumar,Rejected
1924,1924,96.41,Pass,Kumar,Rejected
1925,1925,93.16,Pass,Rajesh,Approved
1926,1926,72.36,Pass,Anitha,Requires inspection
1927,1927,85.56,Fail,Priya,Rejected
1928,1928,85.53,Pass,Rajesh,Approved
1929,1929,95.52,Pass,Kumar,Approved
1930,1930,70.51,Fail,Priya,Rejected
1931,1931,89.53,Pass,Priya,Requires inspection
1932,1932,98.94,Pass,Rajesh,Rejected
1933,1933,89.79,Pass,Priya,Rejected
1934,1934,93.03,Pass,Kumar,Minor issue found
1935,1935,78.44,Pass,Anitha,Minor issue found
1936,1936,91.6,Pass,Anitha,Minor issue found
1937,1937,83.27,Pass,Priya,Rejected
1938,1938,94.43,Pass,Rajesh,Approved
1939,1939,73.55,Pass,Priya,Requires inspection
1940,1940,89.1,Fail,Priya,Rejected
1941,1941,84.16,Pass,Priya,Rejected
1942,1942,80.87,Pass,Kumar,Requires inspection
1943,1943,97.56,Pass,Rajesh,Minor issue found
1944,1944,89.19,Pass,Priya,Minor issue found
1945,1945,91.73,Pass,Kumar,Rejected
1946,1946,78.39,Pass,Rajesh,Requires inspection
1947,1947,76.42,Pass,Priya,Requires inspection
1948,1948,74.52,Pass,Anitha,Requires inspection
1949,1949,78.29,Pass,Priya,Minor issue found
1950,1950,88.45,Pass,Sneha,Rejected
1951,1951,75.05,Pass,Kumar,Minor issue found
1952,1952,71.09,Fail,Kumar,Rejected
1953,1953,75.99,Pass,Kumar,Rejected
1954,1954,98.99,Pass,Anitha,Requires inspection
1955,1955,77.01,Pass,Kumar,Rejected
1956,1956,97.85,Pass,Sneha,Requires inspection
1957,1957,91.96,Fail,Sneha,Rejected
1958,1958,85.88,Pass,Sneha,Minor issue found
1959,1959,80.52,Pass,Priya,Minor issue found
1960,1960,89.9,Pass,Priya,Rejected
1961,1961,95.97,Fail,Kumar,Minor issue found
1962,1962,74.52,Pass,Sneha,Minor issue found
1963,1963,83.86,Pass,Anitha,Approved
1964,1964,74.16,Pass,Sneha,Rejected
1965,1965,76.77,Pass,Kumar,Approved
1966,1966,89.67,Pass,Rajesh,Requires inspection
1967,1967,87.63,Pass,Sneha,Requires inspection
1968,1968,89.29,Pass,Kumar,Requires inspection
1969,1969,97.96,Pass,Sneha,Rejected
1970,1970,71.21,Pass,Priya,Rejected
1971,1971,86.35,Pass,Priya,Approved
1972,1972,89.96,Pass,Priya,Requires inspection
1973,1973,79.9,Pass,Anitha,Rejected
1974,1974,87.03,Pass,Anitha,Approved
1975,1975,71.92,Pass,Kumar,Approved
1976,1976,85.2,Pass,Sneha,Rejected
1977,1977,79.72,Pass,Kumar,Minor issue found
1978,1978,70.27,Pass,Anitha,Minor issue found
1979,1979,81.01,Pass,Sneha,Approved
1980,1980,84.82,Pass,Anitha,Requires inspection
1981,1981,77.23,Pass,Rajesh,Requires inspection
1982,1982,95.43,Pass,Priya,Rejected
1983,1983,87.21,Pass,Rajesh,Requires inspection
1984,1984,97.51,Pass,Sneha,Requires inspection
1985,1985,89.57,Pass,Rajesh,Rejected
1986,1986,81.65,Pass,Anitha,Rejected
1987,1987,79.01,Fail,Sneha,Requires inspection
1988,1988,88.46,Pass,Kumar,Requires inspection
1989,1989,75.1,Pass,Anitha,Minor issue found
1990,1990,81.22,Pass,Sneha,Approved
1991,1991,77.53,Pass,Priya,Minor issue found
1992,1992,84.17,Pass,Rajesh,Rejected
1993,1993,70.17,Fail,Priya,Rejected
1994,1994,81.79,Pass,Priya,Approved
1995,1995,85.37,Pass,Rajesh,Requires inspection
1996,1996,97.5,Pass,Sneha,Rejected
1997,1997,79.04,Pass,Priya,Minor issue found
1998,1998,92.55,Pass,Priya,Minor issue found
1999,1999,75.83,Pass,Priya,Rejected
2000,2000,89.9,Fail,Kumar,Rejected
2001,2001,98.46,Fail,Anitha,Requires inspection
2002,2002,80.42,Pass,Priya,Requires inspection
2003,2003,70.68,Pass,Priya,Requires inspection
2004,2004,91.66,Pass,Kumar,Rejected
2005,2005,78.18,Pass,Priya,Approved
2006,2006,75.06,Pass,Priya,Rejected
2007,2007,92.29,Fail,Sneha,Approved
2008,2008,72.89,Pass,Anitha,Minor issue found
2009,2009,80.15,Pass,Sneha,Rejected
2010,2010,79.63,Pass,Sneha,Minor issue found
2011,2011,77.57,Pass,Priya,Minor issue found
2012,2012,97.35,Pass,Anitha,Rejected
2013,2013,90.84,Pass,Priya,Rejected
2014,2014,92.81,Pass,Priya,Minor issue found
2015,2015,79.29,Pass,Priya,Rejected
2016,2016,75.58,Pass,Priya,Approved
2017,2017,71.96,Pass,Rajesh,Approved
2018,2018,97.31,Pass,Anitha,Rejected
2019,2019,72.39,Pass,Kumar,Minor issue found
2020,2020,82.62,Pass,Anitha,Requires inspection
2021,2021,88.38,Pass,Sneha,Rejected
2022,2022,81.43,Pass,Priya,Approved
2023,2023,70.02,Pass,Priya,Minor issue found
2024,2024,80.76,Pass,Sneha,Requires inspection
2025,2025,86.46,Pass,Priya,Approved
2026,2026,94.72,Pass,Kumar,Rejected
2027,2027,74.01,Pass,Rajesh,Requires inspection
2028,2028,99.51,Pass,Kumar,Approved
2029,2029,88.82,Fail,Rajesh,Requires inspection
2030,2030,87.78,Pass,Rajesh,Minor issue found
2031,2031,96.67,Pass,Kumar,Approved
2032,2032,99.29,Pass,Sneha,Requires inspection
2033,2033,86.62,Pass,Anitha,Minor issue found
2034,2034,87.74,Pass,Priya,Requires inspection
2035,2035,80.41,Pass,Sneha,Requires inspection
2036,2036,76.52,Pass,Sneha,Minor issue found
2037,2037,80.65,Pass,Priya,Minor issue found
2038,2038,72.38,Pass,Rajesh,Rejected
2039,2039,85.11,Pass,Kumar,Rejected
2040,2040,90.87,Pass,Kumar,Requires inspection
2041,2041,76.33,Pass,Sneha,Approved
2042,2042,73.21,Pass,Priya,Approved
2043,2043,87.57,Pass,Sneha,Rejected
2044,2044,95.28,Pass,Priya,Rejected
2045,2045,97.97,Pass,Anitha,Minor issue found
2046,2046,83.33,Fail,Sneha,Minor issue found
2047,2047,75.7,Pass,Anitha,Approved
2048,2048,86.85,Pass,Sneha,Minor issue found
2049,2049,77.54,Pass,Kumar,Approved
2050,2050,83.65,Pass,Priya,Approved
2051,2051,77.7,Pass,Anitha,Minor issue found
2052,2052,70.69,Fail,Rajesh,Rejected
2053,2053,89.04,Pass,Priya,Minor issue found
2054,2054,78.43,Pass,Rajesh,Rejected
2055,2055,87.86,Pass,Priya,Rejected
2056,2056,83.85,Pass,Rajesh,Requires inspection
2057,2057,91.81,Pass,Sneha,Requires inspection
2058,2058,84.8,Pass,Priya,Approved
2059,2059,73.26,Pass,Rajesh,Rejected
2060,2060,85.72,Pass,Priya,Minor issue found
2061,2061,92.82,Pass,Priya,Approved
2062,2062,90.75,Pass,Sneha,Requires inspection
2063,2063,70.43,Pass,Kumar,Minor issue found
2064,2064,87.1,Fail,Sneha,Requires inspection
2065,2065,76.54,Pass,Rajesh,Approved
2066,2066,72.43,Pass,Anitha,Approved
2067,2067,80.18,Pass,Kumar,Requires inspection
2068,2068,87.24,Pass,Priya,Minor issue found
2069,2069,82.94,Pass,Sneha,Approved
2070,2070,74.42,Pass,Priya,Approved
2071,2071,95.73,Pass,Kumar,Rejected
2072,2072,82.66,Pass,Priya,Approved
2073,2073,82.57,Pass,Sneha,Requires inspection
2074,2074,80.73,Pass,Sneha,Approved
2075,2075,94.63,Pass,Sneha,Requires inspection
2076,2076,99.34,Pass,Rajesh,Approved
2077,2077,93.5,Pass,Priya,Minor issue found
2078,2078,88.6,Pass,Anitha,Minor issue found
2079,2079,71.89,Pass,Sneha,Requires inspection
2080,2080,90.28,Pass,Kumar,Minor issue found
2081,2081,86.74,Pass,Priya,Approved
2082,2082,75.25,Pass,Kumar,Requires inspection
2083,2083,86.59,Pass,Anitha,Rejected
2084,2084,79.37,Pass,Anitha,Approved
2085,2085,96.55,Pass,Priya,Minor issue found
2086,2086,82.27,Pass,Sneha,Approved
2087,2087,72.76,Pass,Anitha,Rejected
2088,2088,99.35,Pass,Rajesh,Requires inspection
2089,2089,92.81,Fail,Anitha,Requires inspection
2090,2090,70.47,Pass,Anitha,Approved
2091,2091,88.95,Pass,Rajesh,Approved
2092,2092,75.45,Pass,Rajesh,Rejected
2093,2093,85.21,Pass,Rajesh,Approved
2094,2094,96.13,Pass,Kumar,Requires inspection
2095,2095,90.38,Pass,Priya,Minor issue found
2096,2096,90.21,Pass,Rajesh,Rejected
2097,2097,78.88,Pass,Sneha,Requires inspection
2098,2098,99.23,Pass,Kumar,Requires inspection
2099,2099,77.22,Pass,Priya,Requires inspection
2100,2100,93.25,Fail,Rajesh,Requires inspection
2101,2101,95.55,Pass,Sneha,Rejected
2102,2102,79.45,Pass,Sneha,Minor issue found
2103,2103,83.78,Pass,Rajesh,Requires inspection
2104,2104,84.83,Pass,Anitha,Rejected
2105,2105,84.2,Fail,Priya,Approved
2106,2106,75.53,Pass,Anitha,Approved
2107,2107,74.88,Pass,Rajesh,Minor issue found
2108,2108,74.88,Fail,Anitha,Requires inspection
2109,2109,77.82,Pass,Anitha,Rejected
2110,2110,74.88,Fail,Sneha,Requires inspection
2111,2111,71.51,Fail,Priya,Requires inspection
2112,2112,76.02,Pass,Rajesh,Approved
2113,2113,89.72,Pass,Sneha,Minor issue found
2114,2114,99.19,Pass,Anitha,Rejected
2115,2115,74.9,Fail,Anitha,Requires inspection
2116,2116,82.77,Fail,Priya,Requires inspection
2117,2117,86.51,Pass,Sneha,Approved
2118,2118,96.87,Pass,Sneha,Rejected
2119,2119,90.48,Pass,Rajesh,Rejected
2120,2120,84.75,Fail,Priya,Rejected
2121,2121,74.49,Pass,Rajesh,Rejected
2122,2122,79.29,Pass,Priya,Requires inspection
2123,2123,97.79,Pass,Rajesh,Rejected
2124,2124,76.09,Pass,Anitha,Approved
2125,2125,99.6,Pass,Anitha,Rejected
2126,2126,72.37,Fail,Priya,Approved
2127,2127,96.14,Pass,Kumar,Rejected
2128,2128,83.16,Pass,Kumar,Approved
2129,2129,72.9,Pass,Rajesh,Minor issue found
2130,2130,78.24,Pass,Kumar,Minor issue found
2131,2131,76.21,Pass,Anitha,Minor issue found
2132,2132,95.44,Pass,Anitha,Minor issue found
2133,2133,93.78,Pass,Sneha,Approved
2134,2134,93.37,Pass,Sneha,Minor issue found
2135,2135,88.11,Pass,Priya,Approved
2136,2136,86.64,Fail,Sneha,Approved
2137,2137,74.6,Pass,Sneha,Approved
2138,2138,87.4,Fail,Kumar,Approved
2139,2139,91.49,Pass,Kumar,Rejected
2140,2140,90.84,Pass,Sneha,Requires inspection
2141,2141,88.92,Pass,Sneha,Approved
2142,2142,92.17,Pass,Rajesh,Rejected
2143,2143,76.66,Pass,Sneha,Minor issue found
2144,2144,82.56,Pass,Kumar,Requires inspection
2145,2145,77.67,Pass,Priya,Rejected
2146,2146,87.08,Pass,Anitha,Rejected
2147,2147,86.34,Pass,Priya,Approved
2148,2148,84.54,Pass,Anitha,Minor issue found
2149,2149,75.49,Pass,Rajesh,Minor issue found
2150,2150,73.43,Fail,Anitha,Rejected
2151,2151,90.24,Pass,Rajesh,Approved
2152,2152,82.56,Pass,Kumar,Minor issue found
2153,2153,85.98,Pass,Sneha,Minor issue found
2154,2154,97.83,Pass,Sneha,Minor issue found
2155,2155,99.45,Fail,Kumar,Requires inspection
2156,2156,86.4,Pass,Priya,Approved
2157,2157,74.44,Pass,Kumar,Approved
2158,2158,82.7,Pass,Kumar,Minor issue found
2159,2159,79.88,Fail,Sneha,Approved
2160,2160,81.31,Fail,Sneha,Approved
2161,2161,92.37,Pass,Anitha,Minor issue found
2162,2162,95.58,Pass,Priya,Requires inspection
2163,2163,71.64,Pass,Anitha,Approved
2164,2164,73.58,Pass,Anitha,Minor issue found
2165,2165,86.01,Fail,Priya,Approved
2166,2166,94.25,Pass,Anitha,Rejected
2167,2167,70.01,Pass,Priya,Rejected
2168,2168,80.67,Pass,Kumar,Rejected
2169,2169,81.13,Pass,Anitha,Approved
2170,2170,79.88,Pass,Anitha,Minor issue found
2171,2171,97.32,Fail,Rajesh,Minor issue found
2172,2172,83.22,Pass,Sneha,Minor issue found
2173,2173,78.26,Fail,Rajesh,Minor issue found
2174,2174,83.61,Pass,Priya,Requires inspection
2175,2175,74.77,Pass,Rajesh,Approved
2176,2176,89.91,Fail,Priya,Requires inspection
2177,2177,85.51,Pass,Priya,Requires inspection
2178,2178,87.96,Fail,Anitha,Requires inspection
2179,2179,79.76,Pass,Rajesh,Minor issue found
2180,2180,97.83,Pass,Rajesh,Minor issue found
2181,2181,98.72,Pass,Sneha,Rejected
2182,2182,99.41,Pass,Sneha,Requires inspection
2183,2183,90.7,Pass,Priya,Rejected
2184,2184,74.99,Fail,Kumar,Requires inspection
2185,2185,92.99,Pass,Priya,Approved
2186,2186,73.14,Fail,Kumar,Minor issue found
2187,2187,74.19,Pass,Priya,Approved
2188,2188,85.85,Pass,Kumar,Minor issue found
2189,2189,84.1,Pass,Rajesh,Rejected
2190,2190,88.99,Pass,Kumar,Minor issue found
2191,2191,78.99,Fail,Priya,Rejected
2192,2192,73.55,Pass,Kumar,Minor issue found
2193,2193,99.83,Pass,Sneha,Minor issue found
2194,2194,95.18,Pass,Rajesh,Approved
2195,2195,75.92,Pass,Kumar,Approved
2196,2196,71.14,Pass,Anitha,Minor issue found
2197,2197,74.56,Pass,Kumar,Approved
2198,2198,99.69,Pass,Anitha,Approved
2199,2199,92.46,Fail,Anitha,Requires inspection
2200,2200,86.2,Pass,Anitha,Requires inspection
2201,2201,90.99,Pass,Rajesh,Minor issue found
2202,2202,80.18,Pass,Priya,Minor issue found
2203,2203,82.78,Pass,Anitha,Approved
2204,2204,84.67,Fail,Rajesh,Rejected
2205,2205,85.12,Pass,Anitha,Approved
2206,2206,98.14,Fail,Rajesh,Approved
2207,2207,97.4,Pass,Sneha,Minor issue found
2208,2208,71.05,Fail,Rajesh,Minor issue found
2209,2209,72.89,Pass,Priya,Rejected
2210,2210,72.19,Fail,Sneha,Requires inspection
2211,2211,96.4,Fail,Rajesh,Minor issue found
2212,2212,92.98,Pass,Priya,Approved
2213,2213,70.79,Pass,Sneha,Minor issue found
2214,2214,96.1,Pass,Rajesh,Approved
2215,2215,76.57,Fail,Sneha,Minor issue found
2216,2216,85.75,Pass,Kumar,Approved
2217,2217,71.34,Pass,Rajesh,Approved
2218,2218,73.87,Fail,Sneha,Minor issue found
2219,2219,84.21,Fail,Kumar,Minor issue found
2220,2220,82.02,Pass,Anitha,Minor issue found
2221,2221,91.8,Fail,Sneha,Approved
2222,2222,99.48,Pass,Priya,Requires inspection
2223,2223,97.92,Pass,Sneha,Approved
2224,2224,75.58,Pass,Anitha,Minor issue found
2225,2225,90.81,Pass,Rajesh,Approved
2226,2226,77.82,Pass,Sneha,Rejected
2227,2227,72.24,Pass,Anitha,Approved
2228,2228,83.07,Pass,Kumar,Requires inspection
2229,2229,78.29,Pass,Sneha,Approved
2230,2230,88.6,Pass,Rajesh,Minor issue found
2231,2231,73.04,Pass,Sneha,Rejected
2232,2232,74.11,Pass,Sneha,Approved
2233,2233,76.41,Pass,Priya,Approved
2234,2234,95.48,Pass,Rajesh,Approved
2235,2235,70.52,Pass,Rajesh,Approved
2236,2236,73.75,Pass,Rajesh,Rejected
2237,2237,88.67,Pass,Sneha,Requires inspection
2238,2238,79.68,Fail,Anitha,Rejected
2239,2239,75.18,Pass,Rajesh,Requires inspection
2240,2240,97.61,Pass,Anitha,Rejected
2241,2241,92.62,Pass,Anitha,Minor issue found
2242,2242,94.71,Pass,Priya,Minor issue found
2243,2243,83.27,Pass,Sneha,Minor issue found
2244,2244,96.96,Pass,Anitha,Approved
2245,2245,77.02,Pass,Anitha,Rejected
2246,2246,82.56,Pass,Sneha,Requires inspection
2247,2247,96.43,Pass,Anitha,Rejected
2248,2248,74.21,Pass,Anitha,Rejected
2249,2249,90.2,Pass,Kumar,Rejected
2250,2250,92.69,Pass,Kumar,Minor issue found
2251,2251,79.27,Pass,Kumar,Requires inspection
2252,2252,96.83,Pass,Sneha,Requires inspection
2253,2253,86.55,Pass,Anitha,Approved
2254,2254,88.77,Pass,Kumar,Rejected
2255,2255,90.25,Pass,Anitha,Approved
2256,2256,98.36,Fail,Priya,Rejected
2257,2257,71.54,Fail,Sneha,Minor issue found
2258,2258,97.8,Pass,Kumar,Approved
2259,2259,72.59,Pass,Kumar,Requires inspection
2260,2260,76.87,Pass,Kumar,Rejected
2261,2261,82.63,Pass,Priya,Approved
2262,2262,95.65,Fail,Rajesh,Rejected
2263,2263,91.38,Pass,Priya,Minor issue found
2264,2264,83.68,Pass,Priya,Requires inspection
2265,2265,75.6,Pass,Anitha,Rejected
2266,2266,75.51,Fail,Rajesh,Approved
2267,2267,98.95,Pass,Kumar,Requires inspection
2268,2268,84.34,Pass,Sneha,Minor issue found
2269,2269,72.91,Pass,Anitha,Minor issue found
2270,2270,76.53,Pass,Anitha,Rejected
2271,2271,95.71,Fail,Priya,Requires inspection
2272,2272,74.89,Pass,Anitha,Requires inspection
2273,2273,99.71,Pass,Anitha,Minor issue found
2274,2274,87.92,Pass,Kumar,Rejected
2275,2275,72.82,Pass,Priya,Minor issue found
2276,2276,85.29,Pass,Anitha,Approved
2277,2277,91.62,Pass,Priya,Requires inspection
2278,2278,90.07,Pass,Anitha,Requires inspection
2279,2279,91.2,Pass,Sneha,Approved
2280,2280,80.12,Fail,Sneha,Minor issue found
2281,2281,97.83,Pass,Anitha,Rejected
2282,2282,87.21,Pass,Sneha,Approved
2283,2283,94.28,Pass,Sneha,Requires inspection
2284,2284,75.24,Pass,Rajesh,Rejected
2285,2285,99.81,Pass,Sneha,Rejected
2286,2286,93.45,Fail,Rajesh,Rejected
2287,2287,96.54,Fail,Sneha,Minor issue found
2288,2288,95.28,Fail,Kumar,Minor issue found
2289,2289,98.69,Pass,Priya,Requires inspection
2290,2290,73.07,Fail,Anitha,Rejected
2291,2291,81.43,Pass,Priya,Rejected
2292,2292,93.43,Fail,Kumar,Requires inspection
2293,2293,79.87,Pass,Priya,Approved
2294,2294,80.4,Fail,Anitha,Requires inspection
2295,2295,71.82,Fail,Priya,Rejected
2296,2296,74.78,Pass,Anitha,Approved
2297,2297,88.66,Pass,Priya,Approved
2298,2298,84.14,Pass,Sneha,Requires inspection
2299,2299,76.49,Pass,Sneha,Approved
2300,2300,76.53,Pass,Sneha,Requires inspection
2301,2301,74.72,Pass,Kumar,Minor issue found
2302,2302,92.34,Pass,Kumar,Minor issue found
2303,2303,86.22,Pass,Rajesh,Minor issue found
2304,2304,89.27,Pass,Sneha,Minor issue found
2305,2305,80.63,Pass,Kumar,Minor issue found
2306,2306,82.19,Fail,Kumar,Approved
2307,2307,91.8,Fail,Priya,Rejected
2308,2308,93.54,Pass,Anitha,Requires inspection
2309,2309,95.74,Fail,Priya,Rejected
2310,2310,86.21,Fail,Anitha,Requires inspection
2311,2311,77.82,Pass,Anitha,Rejected
2312,2312,74.16,Pass,Priya,Minor issue found
2313,2313,73.75,Fail,Priya,Rejected
2314,2314,79.37,Pass,Priya,Approved
2315,2315,87.28,Fail,Rajesh,Minor issue found
2316,2316,81.37,Pass,Anitha,Approved
2317,2317,72.42,Pass,Priya,Requires inspection
2318,2318,81.78,Pass,Rajesh,Approved
2319,2319,79.59,Pass,Priya,Minor issue found
2320,2320,98.93,Pass,Anitha,Requires inspection
2321,2321,91.22,Pass,Sneha,Rejected
2322,2322,88.07,Pass,Priya,Approved
2323,2323,87.77,Fail,Priya,Approved
2324,2324,75.3,Fail,Anitha,Rejected
2325,2325,82.15,Pass,Kumar,Approved
2326,2326,83.19,Pass,Rajesh,Requires inspection
2327,2327,77.68,Pass,Anitha,Requires inspection
2328,2328,85.18,Pass,Kumar,Requires inspection
2329,2329,79.68,Pass,Kumar,Rejected
2330,2330,96.29,Pass,Anitha,Approved
2331,2331,80.97,Pass,Rajesh,Approved
2332,2332,92.2,Pass,Sneha,Requires inspection
2333,2333,76.49,Pass,Priya,Rejected
2334,2334,92.28,Pass,Priya,Requires inspection
2335,2335,90.57,Pass,Anitha,Requires inspection
2336,2336,97.7,Pass,Anitha,Approved
2337,2337,76.8,Pass,Priya,Requires inspection
2338,2338,76.15,Pass,Rajesh,Approved
2339,2339,81.19,Pass,Rajesh,Minor issue found
2340,2340,86.7,Pass,Sneha,Minor issue found
2341,2341,73.86,Pass,Sneha,Requires inspection
2342,2342,86.29,Pass,Priya,Requires inspection
2343,2343,90.72,Pass,Anitha,Approved
2344,2344,78.68,Pass,Kumar,Requires inspection
2345,2345,90.25,Pass,Priya,Requires inspection
2346,2346,81.32,Pass,Sneha,Minor issue found
2347,2347,71.79,Pass,Sneha,Minor issue found
2348,2348,95.66,Pass,Priya,Minor issue found
2349,2349,79.74,Pass,Anitha,Approved
2350,2350,77.59,Pass,Priya,Rejected
2351,2351,78.17,Pass,Kumar,Minor issue found
2352,2352,93.0,Pass,Priya,Requires inspection
2353,2353,87.47,Fail,Priya,Rejected
2354,2354,83.11,Pass,Anitha,Minor issue found
2355,2355,73.95,Pass,Kumar,Approved
2356,2356,72.08,Pass,Anitha,Minor issue found
2357,2357,73.33,Pass,Kumar,Minor issue found
2358,2358,91.03,Pass,Priya,Requires inspection
2359,2359,82.77,Pass,Kumar,Requires inspection
2360,2360,80.4,Pass,Kumar,Minor issue found
2361,2361,86.82,Fail,Rajesh,Rejected
2362,2362,98.15,Pass,Sneha,Rejected
2363,2363,70.94,Pass,Kumar,Requires inspection
2364,2364,77.96,Pass,Priya,Approved
2365,2365,92.84,Pass,Anitha,Approved
2366,2366,86.64,Pass,Anitha,Approved
2367,2367,72.11,Fail,Rajesh,Rejected
2368,2368,87.41,Pass,Rajesh,Minor issue found
2369,2369,73.85,Pass,Sneha,Requires inspection
2370,2370,80.81,Pass,Rajesh,Rejected
2371,2371,80.19,Pass,Priya,Requires inspection
2372,2372,74.87,Pass,Anitha,Minor issue found
2373,2373,94.43,Fail,Sneha,Rejected
2374,2374,92.69,Pass,Kumar,Approved
2375,2375,87.2,Pass,Priya,Minor issue found
2376,2376,75.81,Pass,Anitha,Minor issue found
2377,2377,86.65,Pass,Priya,Approved
2378,2378,80.04,Pass,Anitha,Minor issue found
2379,2379,79.23,Fail,Sneha,Approved
2380,2380,94.29,Fail,Anitha,Approved
2381,2381,81.5,Pass,Rajesh,Requires inspection
2382,2382,95.18,Pass,Kumar,Rejected
2383,2383,84.11,Pass,Kumar,Rejected
2384,2384,82.54,Pass,Anitha,Minor issue found
2385,2385,74.16,Pass,Anitha,Rejected
2386,2386,85.41,Fail,Rajesh,Rejected
2387,2387,91.77,Pass,Priya,Minor issue found
2388,2388,97.05,Pass,Rajesh,Minor issue found
2389,2389,89.17,Pass,Priya,Rejected
2390,2390,89.07,Pass,Sneha,Approved
2391,2391,97.17,Pass,Priya,Minor issue found
2392,2392,87.32,Pass,Kumar,Rejected
2393,2393,71.28,Pass,Rajesh,Rejected
2394,2394,97.05,Pass,Kumar,Minor issue found
2395,2395,95.58,Pass,Anitha,Rejected
2396,2396,89.76,Pass,Anitha,Approved
2397,2397,70.0,Fail,Rajesh,Rejected
2398,2398,89.5,Pass,Sneha,Rejected
2399,2399,81.01,Pass,Rajesh,Minor issue found
2400,2400,71.68,Pass,Priya,Rejected
2401,2401,80.54,Pass,Priya,Approved
2402,2402,79.33,Pass,Sneha,Minor issue found
2403,2403,74.54,Pass,Kumar,Rejected
2404,2404,73.22,Pass,Rajesh,Requires inspection
2405,2405,99.42,Fail,Anitha,Requires inspection
2406,2406,86.92,Fail,Anitha,Rejected
2407,2407,80.82,Pass,Sneha,Approved
2408,2408,70.81,Pass,Kumar,Minor issue found
2409,2409,95.1,Pass,Kumar,Rejected
2410,2410,96.02,Pass,Sneha,Minor issue found
2411,2411,77.73,Pass,Kumar,Approved
2412,2412,87.92,Pass,Sneha,Requires inspection
2413,2413,72.3,Pass,Anitha,Minor issue found
2414,2414,80.5,Pass,Rajesh,Rejected
2415,2415,97.91,Fail,Priya,Requires inspection
2416,2416,76.39,Fail,Priya,Minor issue found
2417,2417,79.94,Pass,Priya,Requires inspection
2418,2418,88.34,Pass,Rajesh,Approved
2419,2419,96.36,Pass,Rajesh,Rejected
2420,2420,72.54,Fail,Anitha,Minor issue found
2421,2421,75.73,Fail,Priya,Minor issue found
2422,2422,92.0,Pass,Rajesh,Minor issue found
2423,2423,86.42,Fail,Anitha,Rejected
2424,2424,80.03,Pass,Sneha,Approved
2425,2425,78.48,Pass,Anitha,Approved
2426,2426,79.28,Pass,Priya,Minor issue found
2427,2427,75.95,Pass,Anitha,Minor issue found
2428,2428,89.04,Fail,Kumar,Minor issue found
2429,2429,79.24,Pass,Kumar,Rejected
2430,2430,85.86,Pass,Kumar,Requires inspection
2431,2431,91.86,Pass,Rajesh,Minor issue found
2432,2432,89.22,Pass,Priya,Requires inspection
2433,2433,97.88,Pass,Sneha,Minor issue found
2434,2434,74.15,Pass,Sneha,Minor issue found
2435,2435,75.52,Pass,Rajesh,Minor issue found
2436,2436,97.0,Fail,Kumar,Requires inspection
2437,2437,72.7,Pass,Anitha,Rejected
2438,2438,90.23,Pass,Sneha,Rejected
2439,2439,87.94,Pass,Sneha,Approved
2440,2440,95.71,Pass,Sneha,Approved
2441,2441,99.86,Pass,Rajesh,Minor issue found
2442,2442,96.81,Pass,Anitha,Rejected
2443,2443,77.97,Pass,Priya,Rejected
2444,2444,89.74,Pass,Sneha,Requires inspection
2445,2445,77.99,Fail,Rajesh,Approved
2446,2446,78.69,Pass,Rajesh,Minor issue found
2447,2447,99.46,Pass,Kumar,Rejected
2448,2448,97.75,Pass,Priya,Approved
2449,2449,79.36,Pass,Sneha,Minor issue found
2450,2450,85.19,Pass,Kumar,Rejected
2451,2451,88.02,Pass,Sneha,Rejected
2452,2452,97.27,Pass,Kumar,Requires inspection
2453,2453,74.1,Pass,Anitha,Minor issue found
2454,2454,93.26,Pass,Anitha,Approved
2455,2455,85.12,Pass,Kumar,Rejected
2456,2456,71.17,Pass,Sneha,Requires inspection
2457,2457,79.23,Fail,Kumar,Minor issue found
2458,2458,75.93,Pass,Anitha,Requires inspection
2459,2459,82.41,Pass,Anitha,Requires inspection
2460,2460,73.06,Pass,Anitha,Approved
2461,2461,95.16,Pass,Sneha,Requires inspection
2462,2462,83.1,Pass,Sneha,Requires inspection
2463,2463,70.44,Pass,Kumar,Minor issue found
2464,2464,74.17,Pass,Sneha,Approved
2465,2465,89.21,Pass,Kumar,Approved
2466,2466,73.05,Pass,Anitha,Approved
2467,2467,81.76,Pass,Sneha,Minor issue found
2468,2468,80.4,Pass,Kumar,Requires inspection
2469,2469,92.22,Pass,Sneha,Requires inspection
2470,2470,86.46,Pass,Kumar,Rejected
2471,2471,91.63,Pass,Sneha,Rejected
2472,2472,89.03,Pass,Anitha,Minor issue found
2473,2473,89.35,Fail,Anitha,Rejected
2474,2474,80.25,Pass,Priya,Rejected
2475,2475,80.68,Pass,Priya,Approved
2476,2476,71.85,Pass,Anitha,Approved
2477,2477,74.95,Pass,Anitha,Minor issue found
2478,2478,84.3,Fail,Rajesh,Requires inspection
2479,2479,88.49,Pass,Anitha,Requires inspection
2480,2480,93.48,Pass,Priya,Approved
2481,2481,76.51,Pass,Rajesh,Minor issue found
2482,2482,97.74,Pass,Anitha,Minor issue found
2483,2483,80.3,Pass,Kumar,Rejected
2484,2484,97.84,Pass,Anitha,Minor issue found
2485,2485,95.36,Pass,Sneha,Minor issue found
2486,2486,81.45,Pass,Sneha,Minor issue found
2487,2487,96.85,Pass,Sneha,Requires inspection
2488,2488,92.69,Pass,Sneha,Requires inspection
2489,2489,77.1,Fail,Rajesh,Minor issue found
2490,2490,86.88,Pass,Anitha,Minor issue found
2491,2491,97.81,Pass,Rajesh,Minor issue found
2492,2492,87.25,Fail,Rajesh,Requires inspection
2493,2493,73.31,Pass,Rajesh,Rejected
2494,2494,94.21,Pass,Priya,Minor issue found
2495,2495,96.17,Pass,Priya,Approved
2496,2496,91.01,Pass,Anitha,Rejected
2497,2497,76.17,Pass,Kumar,Requires inspection
2498,2498,74.62,Pass,Rajesh,Rejected
2499,2499,84.82,Pass,Anitha,Approved
2500,2500,82.04,Pass,Kumar,Approved
2501,2501,97.67,Pass,Kumar,Minor issue found
2502,2502,90.84,Fail,Priya,Rejected
2503,2503,95.7,Fail,Sneha,Approved
2504,2504,86.79,Pass,Sneha,Approved
2505,2505,72.99,Pass,Priya,Rejected
2506,2506,76.32,Pass,Rajesh,Minor issue found
2507,2507,77.83,Pass,Anitha,Rejected
2508,2508,78.03,Pass,Anitha,Approved
2509,2509,71.1,Pass,Kumar,Rejected
2510,2510,97.18,Pass,Anitha,Approved
2511,2511,82.51,Pass,Rajesh,Requires inspection
2512,2512,81.36,Pass,Anitha,Approved
2513,2513,86.95,Pass,Kumar,Rejected
2514,2514,71.93,Pass,Priya,Approved
2515,2515,83.36,Pass,Sneha,Approved
2516,2516,72.56,Pass,Kumar,Approved
2517,2517,82.17,Pass,Kumar,Rejected
2518,2518,70.79,Pass,Anitha,Approved
2519,2519,96.74,Pass,Sneha,Minor issue found
2520,2520,93.96,Pass,Sneha,Minor issue found
2521,2521,94.8,Pass,Anitha,Requires inspection
2522,2522,92.24,Fail,Sneha,Requires inspection
2523,2523,82.65,Pass,Rajesh,Approved
2524,2524,83.48,Pass,Sneha,Rejected
2525,2525,86.49,Pass,Rajesh,Requires inspection
2526,2526,80.04,Pass,Anitha,Rejected
2527,2527,82.18,Pass,Anitha,Approved
2528,2528,98.99,Pass,Priya,Minor issue found
2529,2529,75.3,Pass,Priya,Approved
2530,2530,74.32,Pass,Sneha,Approved
2531,2531,78.09,Pass,Anitha,Requires inspection
2532,2532,89.51,Pass,Rajesh,Requires inspection
2533,2533,93.98,Pass,Rajesh,Minor issue found
2534,2534,87.56,Pass,Kumar,Requires inspection
2535,2535,86.3,Pass,Rajesh,Minor issue found
2536,2536,85.38,Pass,Rajesh,Requires inspection
2537,2537,82.66,Fail,Sneha,Requires inspection
2538,2538,87.96,Pass,Sneha,Minor issue found
2539,2539,76.16,Pass,Kumar,Rejected
2540,2540,96.71,Pass,Priya,Minor issue found
2541,2541,77.69,Pass,Rajesh,Requires inspection
2542,2542,88.82,Pass,Rajesh,Minor issue found
2543,2543,93.25,Pass,Priya,Requires inspection
2544,2544,74.34,Pass,Anitha,Requires inspection
2545,2545,97.67,Pass,Anitha,Minor issue found
2546,2546,71.93,Pass,Sneha,Minor issue found
2547,2547,70.98,Pass,Rajesh,Rejected
2548,2548,77.75,Pass,Anitha,Rejected
2549,2549,76.24,Fail,Priya,Approved
2550,2550,96.84,Pass,Priya,Rejected
2551,2551,92.21,Pass,Rajesh,Approved
2552,2552,95.44,Fail,Sneha,Approved
2553,2553,73.54,Fail,Priya,Approved
2554,2554,76.75,Pass,Priya,Rejected
2555,2555,76.09,Pass,Priya,Rejected
2556,2556,82.71,Pass,Priya,Requires inspection
2557,2557,92.36,Pass,Priya,Requires inspection
2558,2558,84.88,Pass,Anitha,Requires inspection
2559,2559,81.3,Pass,Sneha,Minor issue found
2560,2560,92.53,Pass,Anitha,Minor issue found
2561,2561,89.74,Pass,Kumar,Rejected
2562,2562,79.88,Fail,Kumar,Approved
2563,2563,73.15,Pass,Kumar,Requires inspection
2564,2564,87.31,Pass,Priya,Approved
2565,2565,87.9,Pass,Sneha,Minor issue found
2566,2566,73.2,Pass,Sneha,Approved
2567,2567,85.72,Pass,Rajesh,Requires inspection
2568,2568,82.91,Pass,Sneha,Minor issue found
2569,2569,97.89,Pass,Kumar,Minor issue found
2570,2570,93.21,Pass,Anitha,Minor issue found
2571,2571,98.35,Pass,Rajesh,Rejected
2572,2572,87.99,Pass,Rajesh,Approved
2573,2573,77.72,Pass,Priya,Requires inspection
2574,2574,87.3,Fail,Sneha,Requires inspection
2575,2575,89.08,Pass,Priya,Requires inspection
2576,2576,72.38,Pass,Kumar,Rejected
2577,2577,87.02,Fail,Priya,Minor issue found
2578,2578,90.82,Pass,Anitha,Rejected
2579,2579,91.92,Pass,Priya,Requires inspection
2580,2580,80.49,Pass,Anitha,Rejected
2581,2581,98.56,Pass,Anitha,Rejected
2582,2582,82.19,Pass,Priya,Approved
2583,2583,71.28,Pass,Rajesh,Rejected
2584,2584,81.11,Pass,Kumar,Requires inspection
2585,2585,94.06,Pass,Anitha,Requires inspection
2586,2586,82.92,Pass,Kumar,Minor issue found
2587,2587,94.85,Pass,Kumar,Requires inspection
2588,2588,75.04,Fail,Kumar,Rejected
2589,2589,83.62,Pass,Priya,Requires inspection
2590,2590,88.17,Pass,Rajesh,Rejected
2591,2591,70.32,Pass,Rajesh,Approved
2592,2592,97.7,Pass,Sneha,Rejected
2593,2593,81.82,Pass,Anitha,Approved
2594,2594,92.32,Pass,Rajesh,Rejected
2595,2595,87.11,Pass,Priya,Requires inspection
2596,2596,90.09,Pass,Priya,Minor issue found
2597,2597,93.7,Pass,Sneha,Approved
2598,2598,97.59,Pass,Anitha,Minor issue found
2599,2599,77.81,Pass,Priya,Approved
2600,2600,84.2,Pass,Kumar,Approved
2601,2601,95.06,Fail,Priya,Requires inspection
2602,2602,90.59,Fail,Rajesh,Minor issue found
2603,2603,74.29,Pass,Anitha,Approved
2604,2604,70.68,Pass,Priya,Approved
2605,2605,82.12,Pass,Kumar,Rejected
2606,2606,99.61,Pass,Anitha,Requires inspection
2607,2607,74.13,Pass,Priya,Approved
2608,2608,88.56,Pass,Sneha,Requires inspection
2609,2609,97.32,Pass,Sneha,Requires inspection
2610,2610,94.84,Fail,Anitha,Requires inspection
2611,2611,88.1,Pass,Priya,Requires inspection
2612,2612,70.78,Pass,Kumar,Requires inspection
2613,2613,87.97,Pass,Kumar,Approved
2614,2614,77.33,Pass,Anitha,Requires inspection
2615,2615,76.2,Pass,Priya,Minor issue found
2616,2616,98.57,Pass,Priya,Requires inspection
2617,2617,84.08,Pass,Priya,Minor issue found
2618,2618,74.56,Pass,Rajesh,Approved
2619,2619,83.69,Pass,Sneha,Rejected
2620,2620,92.16,Pass,Kumar,Rejected
2621,2621,86.99,Pass,Priya,Requires inspection
2622,2622,78.4,Pass,Sneha,Minor issue found
2623,2623,88.38,Pass,Kumar,Minor issue found
2624,2624,85.79,Pass,Sneha,Requires inspection
2625,2625,96.83,Pass,Priya,Approved
2626,2626,78.94,Pass,Rajesh,Requires inspection
2627,2627,90.76,Fail,Priya,Requires inspection
2628,2628,99.65,Fail,Anitha,Requires inspection
2629,2629,74.66,Pass,Kumar,Requires inspection
2630,2630,72.32,Pass,Anitha,Requires inspection
2631,2631,79.25,Pass,Anitha,Minor issue found
2632,2632,86.12,Pass,Rajesh,Requires inspection
2633,2633,80.69,Pass,Priya,Rejected
2634,2634,81.05,Pass,Rajesh,Minor issue found
2635,2635,95.72,Pass,Kumar,Rejected
2636,2636,94.61,Pass,Sneha,Approved
2637,2637,93.75,Pass,Sneha,Rejected
2638,2638,93.81,Pass,Kumar,Requires inspection
2639,2639,76.26,Pass,Rajesh,Requires inspection
2640,2640,97.37,Pass,Sneha,Approved
2641,2641,77.43,Pass,Anitha,Minor issue found
2642,2642,87.07,Fail,Anitha,Rejected
2643,2643,80.51,Pass,Kumar,Rejected
2644,2644,97.14,Fail,Rajesh,Minor issue found
2645,2645,97.39,Pass,Anitha,Rejected
2646,2646,99.09,Pass,Rajesh,Minor issue found
2647,2647,82.08,Pass,Rajesh,Requires inspection
2648,2648,86.01,Pass,Anitha,Minor issue found
2649,2649,96.72,Pass,Kumar,Minor issue found
2650,2650,78.38,Pass,Rajesh,Requires inspection
2651,2651,77.25,Fail,Priya,Requires inspection
2652,2652,93.52,Pass,Priya,Rejected
2653,2653,95.33,Pass,Kumar,Approved
2654,2654,96.95,Pass,Rajesh,Minor issue found
2655,2655,91.03,Pass,Kumar,Rejected
2656,2656,71.49,Pass,Kumar,Minor issue found
2657,2657,83.06,Fail,Sneha,Requires inspection
2658,2658,70.65,Pass,Priya,Requires inspection
2659,2659,88.65,Pass,Kumar,Approved
2660,2660,81.17,Pass,Priya,Requires inspection
2661,2661,82.92,Pass,Rajesh,Approved
2662,2662,89.01,Fail,Rajesh,Requires inspection
2663,2663,70.71,Pass,Priya,Requires inspection
2664,2664,81.54,Pass,Priya,Requires inspection
2665,2665,84.85,Pass,Priya,Minor issue found
2666,2666,70.09,Pass,Priya,Approved
2667,2667,93.75,Pass,Rajesh,Rejected
2668,2668,74.09,Pass,Priya,Requires inspection
2669,2669,88.94,Pass,Anitha,Approved
2670,2670,92.91,Pass,Rajesh,Requires inspection
2671,2671,70.07,Pass,Priya,Minor issue found
2672,2672,94.5,Pass,Kumar,Approved
2673,2673,94.48,Fail,Priya,Minor issue found
2674,2674,73.69,Fail,Rajesh,Approved
2675,2675,81.68,Pass,Priya,Approved
2676,2676,93.55,Pass,Kumar,Rejected
2677,2677,75.93,Pass,Sneha,Requires inspection
2678,2678,85.56,Pass,Sneha,Approved
2679,2679,74.16,Pass,Rajesh,Minor issue found
2680,2680,97.03,Fail,Kumar,Minor issue found
2681,2681,90.7,Pass,Anitha,Approved
2682,2682,97.78,Pass,Rajesh,Approved
2683,2683,75.94,Pass,Priya,Requires inspection
2684,2684,97.1,Fail,Kumar,Requires inspection
2685,2685,86.75,Fail,Sneha,Rejected
2686,2686,78.15,Pass,Kumar,Rejected
2687,2687,91.89,Pass,Kumar,Requires inspection
2688,2688,97.27,Pass,Priya,Approved
2689,2689,87.18,Fail,Anitha,Minor issue found
2690,2690,99.75,Pass,Priya,Requires inspection
2691,2691,88.03,Pass,Sneha,Requires inspection
2692,2692,70.59,Fail,Priya,Minor issue found
2693,2693,96.44,Pass,Rajesh,Minor issue found
2694,2694,92.78,Fail,Anitha,Approved
2695,2695,94.62,Pass,Rajesh,Requires inspection
2696,2696,76.63,Pass,Rajesh,Rejected
2697,2697,74.53,Fail,Rajesh,Minor issue found
2698,2698,85.91,Pass,Rajesh,Approved
2699,2699,81.05,Fail,Priya,Rejected
2700,2700,90.06,Pass,Kumar,Requires inspection
2701,2701,98.62,Pass,Anitha,Rejected
2702,2702,77.64,Pass,Kumar,Requires inspection
2703,2703,75.54,Pass,Priya,Requires inspection
2704,2704,98.52,Fail,Priya,Requires inspection
2705,2705,86.51,Pass,Priya,Rejected
2706,2706,85.23,Pass,Anitha,Minor issue found
2707,2707,94.46,Pass,Anitha,Rejected
2708,2708,71.51,Pass,Sneha,Rejected
2709,2709,78.37,Pass,Priya,Requires inspection
2710,2710,72.3,Pass,Priya,Approved
2711,2711,93.26,Pass,Priya,Requires inspection
2712,2712,87.2,Pass,Kumar,Minor issue found
2713,2713,71.31,Fail,Anitha,Rejected
2714,2714,82.97,Fail,Rajesh,Rejected
2715,2715,92.74,Pass,Priya,Rejected
2716,2716,97.22,Pass,Sneha,Rejected
2717,2717,94.96,Pass,Sneha,Approved
2718,2718,90.8,Pass,Sneha,Rejected
2719,2719,78.21,Pass,Anitha,Requires inspection
2720,2720,84.0,Pass,Kumar,Requires inspection
2721,2721,83.29,Fail,Kumar,Minor issue found
2722,2722,83.58,Pass,Anitha,Rejected
2723,2723,96.34,Fail,Priya,Approved
2724,2724,97.42,Pass,Sneha,Approved
2725,2725,74.78,Pass,Priya,Approved
2726,2726,80.74,Pass,Priya,Rejected
2727,2727,71.47,Pass,Sneha,Approved
2728,2728,83.33,Pass,Priya,Approved
2729,2729,73.86,Pass,Anitha,Minor issue found
2730,2730,73.16,Pass,Rajesh,Requires inspection
2731,2731,78.62,Pass,Kumar,Rejected
2732,2732,83.64,Pass,Anitha,Approved
2733,2733,75.99,Fail,Rajesh,Minor issue found
2734,2734,98.35,Pass,Sneha,Rejected
2735,2735,90.64,Pass,Rajesh,Requires inspection
2736,2736,88.63,Pass,Priya,Rejected
2737,2737,85.67,Pass,Anitha,Rejected
2738,2738,96.16,Pass,Sneha,Requires inspection
2739,2739,92.83,Pass,Priya,Approved
2740,2740,94.29,Pass,Sneha,Rejected
2741,2741,81.84,Pass,Kumar,Approved
2742,2742,80.14,Fail,Rajesh,Approved
2743,2743,98.69,Pass,Anitha,Rejected
2744,2744,74.15,Fail,Anitha,Rejected
2745,2745,90.23,Pass,Anitha,Minor issue found
2746,2746,86.83,Pass,Priya,Rejected
2747,2747,79.07,Pass,Rajesh,Approved
2748,2748,81.86,Pass,Sneha,Approved
2749,2749,86.4,Pass,Rajesh,Rejected
2750,2750,78.36,Pass,Priya,Minor issue found
2751,2751,75.81,Pass,Rajesh,Minor issue found
2752,2752,82.77,Pass,Anitha,Minor issue found
2753,2753,70.08,Pass,Kumar,Approved
2754,2754,93.33,Pass,Priya,Minor issue found
2755,2755,76.8,Pass,Rajesh,Requires inspection
2756,2756,87.99,Pass,Sneha,Approved
2757,2757,86.88,Pass,Sneha,Approved
2758,2758,81.57,Fail,Rajesh,Approved
2759,2759,71.98,Pass,Priya,Requires inspection
2760,2760,75.39,Pass,Anitha,Approved
2761,2761,81.71,Pass,Anitha,Requires inspection
2762,2762,89.38,Fail,Anitha,Minor issue found
2763,2763,84.12,Fail,Kumar,Approved
2764,2764,76.3,Fail,Sneha,Approved
2765,2765,81.62,Pass,Priya,Rejected
2766,2766,70.24,Pass,Priya,Requires inspection
2767,2767,93.05,Pass,Anitha,Rejected
2768,2768,88.69,Pass,Rajesh,Minor issue found
2769,2769,95.34,Pass,Priya,Rejected
2770,2770,84.56,Fail,Anitha,Requires inspection
2771,2771,77.42,Pass,Kumar,Minor issue found
2772,2772,92.53,Pass,Rajesh,Rejected
2773,2773,94.39,Pass,Sneha,Requires inspection
2774,2774,71.61,Pass,Anitha,Minor issue found
2775,2775,82.68,Pass,Priya,Rejected
2776,2776,84.96,Pass,Priya,Requires inspection
2777,2777,73.38,Pass,Anitha,Rejected
2778,2778,93.83,Pass,Sneha,Minor issue found
2779,2779,81.43,Fail,Sneha,Rejected
2780,2780,99.65,Pass,Priya,Rejected
2781,2781,70.33,Pass,Rajesh,Rejected
2782,2782,95.01,Fail,Sneha,Requires inspection
2783,2783,95.62,Pass,Priya,Rejected
2784,2784,98.5,Pass,Anitha,Requires inspection
2785,2785,83.53,Fail,Kumar,Requires inspection
2786,2786,90.81,Pass,Kumar,Minor issue found
2787,2787,92.01,Pass,Rajesh,Minor issue found
2788,2788,92.86,Pass,Rajesh,Approved
2789,2789,79.38,Pass,Rajesh,Minor issue found
2790,2790,71.87,Fail,Priya,Requires inspection
2791,2791,76.78,Pass,Anitha,Requires inspection
2792,2792,97.94,Pass,Priya,Minor issue found
2793,2793,90.29,Pass,Sneha,Rejected
2794,2794,89.68,Pass,Rajesh,Minor issue found
2795,2795,97.58,Pass,Priya,Minor issue found
2796,2796,90.78,Pass,Priya,Approved
2797,2797,84.61,Pass,Priya,Approved
2798,2798,84.07,Pass,Kumar,Requires inspection
2799,2799,94.89,Fail,Anitha,Approved
2800,2800,77.02,Pass,Priya,Requires inspection
2801,2801,92.45,Pass,Rajesh,Minor issue found
2802,2802,92.89,Fail,Sneha,Rejected
2803,2803,87.19,Pass,Kumar,Approved
2804,2804,94.25,Pass,Kumar,Minor issue found
2805,2805,70.97,Pass,Sneha,Rejected
2806,2806,97.31,Pass,Sneha,Rejected
2807,2807,96.53,Pass,Kumar,Approved
2808,2808,84.5,Fail,Kumar,Requires inspection
2809,2809,80.69,Pass,Kumar,Approved
2810,2810,73.56,Pass,Rajesh,Rejected
2811,2811,97.72,Pass,Kumar,Minor issue found
2812,2812,96.43,Pass,Kumar,Requires inspection
2813,2813,93.53,Pass,Priya,Approved
2814,2814,93.37,Pass,Sneha,Minor issue found
2815,2815,98.34,Pass,Rajesh,Minor issue found
2816,2816,76.33,Pass,Rajesh,Rejected
2817,2817,71.42,Pass,Anitha,Minor issue found
2818,2818,97.06,Pass,Kumar,Rejected
2819,2819,99.63,Fail,Kumar,Approved
2820,2820,90.8,Pass,Kumar,Rejected
2821,2821,84.64,Pass,Priya,Rejected
2822,2822,77.1,Pass,Priya,Rejected
2823,2823,71.16,Pass,Sneha,Approved
2824,2824,80.41,Pass,Rajesh,Minor issue found
2825,2825,96.83,Fail,Kumar,Requires inspection
2826,2826,98.04,Pass,Kumar,Minor issue found
2827,2827,81.09,Fail,Rajesh,Rejected
2828,2828,91.74,Pass,Priya,Rejected
2829,2829,84.3,Pass,Kumar,Approved
2830,2830,79.9,Pass,Rajesh,Requires inspection
2831,2831,97.27,Pass,Rajesh,Rejected
2832,2832,72.96,Pass,Anitha,Minor issue found
2833,2833,74.47,Pass,Sneha,Approved
2834,2834,76.21,Pass,Sneha,Rejected
2835,2835,95.68,Pass,Kumar,Requires inspection
2836,2836,81.07,Pass,Kumar,Approved
2837,2837,91.78,Pass,Anitha,Minor issue found
2838,2838,84.8,Pass,Anitha,Approved
2839,2839,85.14,Pass,Priya,Rejected
2840,2840,79.71,Pass,Sneha,Requires inspection
2841,2841,77.24,Pass,Kumar,Minor issue found
2842,2842,90.33,Pass,Rajesh,Approved
2843,2843,81.12,Pass,Anitha,Requires inspection
2844,2844,83.54,Pass,Anitha,Requires inspection
2845,2845,70.84,Pass,Sneha,Rejected
2846,2846,96.2,Pass,Kumar,Approved
2847,2847,74.57,Pass,Kumar,Rejected
2848,2848,75.31,Fail,Rajesh,Rejected
2849,2849,73.5,Fail,Sneha,Minor issue found
2850,2850,91.72,Fail,Priya,Approved
2851,2851,86.52,Fail,Priya,Minor issue found
2852,2852,77.84,Pass,Priya,Approved
2853,2853,73.47,Fail,Priya,Approved
2854,2854,99.05,Pass,Priya,Minor issue found
2855,2855,77.16,Pass,Rajesh,Approved
2856,2856,78.37,Pass,Rajesh,Requires inspection
2857,2857,96.71,Pass,Kumar,Approved
2858,2858,87.66,Pass,Anitha,Requires inspection
2859,2859,70.01,Pass,Kumar,Rejected
2860,2860,82.83,Pass,Kumar,Approved
2861,2861,77.88,Pass,Rajesh,Requires inspection
2862,2862,90.53,Pass,Priya,Requires inspection
2863,2863,92.78,Pass,Kumar,Minor issue found
2864,2864,70.79,Pass,Anitha,Minor issue found
2865,2865,76.95,Pass,Anitha,Minor issue found
2866,2866,82.08,Pass,Priya,Requires inspection
2867,2867,73.43,Pass,Anitha,Requires inspection
2868,2868,89.66,Fail,Priya,Requires inspection
2869,2869,86.11,Pass,Sneha,Requires inspection
2870,2870,88.39,Pass,Sneha,Minor issue found
2871,2871,79.3,Pass,Anitha,Approved
2872,2872,73.21,Pass,Sneha,Approved
2873,2873,75.63,Pass,Rajesh,Rejected
2874,2874,83.01,Fail,Sneha,Minor issue found
2875,2875,72.23,Pass,Priya,Minor issue found
2876,2876,80.8,Pass,Priya,Requires inspection
2877,2877,96.41,Pass,Priya,Rejected
2878,2878,73.98,Fail,Priya,Approved
2879,2879,85.75,Pass,Priya,Minor issue found
2880,2880,74.9,Pass,Rajesh,Approved
2881,2881,79.63,Pass,Priya,Approved
2882,2882,90.12,Pass,Anitha,Approved
2883,2883,85.44,Pass,Priya,Rejected
2884,2884,95.78,Pass,Priya,Approved
2885,2885,90.76,Fail,Rajesh,Requires inspection
2886,2886,97.28,Fail,Rajesh,Approved
2887,2887,84.93,Pass,Priya,Requires inspection
2888,2888,86.87,Pass,Anitha,Rejected
2889,2889,81.18,Pass,Kumar,Approved
2890,2890,97.08,Pass,Sneha,Rejected
2891,2891,93.12,Pass,Anitha,Requires inspection
2892,2892,75.94,Fail,Sneha,Requires inspection
2893,2893,97.64,Pass,Kumar,Minor issue found
2894,2894,80.11,Pass,Anitha,Approved
2895,2895,86.3,Pass,Priya,Minor issue found
2896,2896,74.35,Pass,Anitha,Minor issue found
2897,2897,93.6,Pass,Kumar,Rejected
2898,2898,70.71,Pass,Rajesh,Approved
2899,2899,92.38,Pass,Anitha,Approved
2900,2900,82.77,Pass,Kumar,Requires inspection
2901,2901,83.03,Pass,Sneha,Minor issue found
2902,2902,78.61,Pass,Kumar,Minor issue found
2903,2903,95.01,Pass,Rajesh,Approved
2904,2904,95.65,Pass,Kumar,Rejected
2905,2905,99.83,Pass,Anitha,Requires inspection
2906,2906,71.17,Pass,Priya,Minor issue found
2907,2907,71.61,Pass,Rajesh,Approved
2908,2908,74.98,Pass,Rajesh,Rejected
2909,2909,79.47,Pass,Priya,Rejected
2910,2910,81.42,Pass,Sneha,Minor issue found
2911,2911,84.82,Pass,Kumar,Requires inspection
2912,2912,95.43,Fail,Kumar,Approved
2913,2913,95.1,Pass,Sneha,Rejected
2914,2914,79.71,Pass,Priya,Minor issue found
2915,2915,74.36,Pass,Kumar,Minor issue found
2916,2916,99.81,Fail,Sneha,Rejected
2917,2917,87.96,Pass,Rajesh,Minor issue found
2918,2918,97.38,Pass,Rajesh,Minor issue found
2919,2919,74.02,Pass,Priya,Minor issue found
2920,2920,75.25,Pass,Sneha,Requires inspection
2921,2921,84.99,Pass,Priya,Requires inspection
2922,2922,70.48,Pass,Kumar,Rejected
2923,2923,70.1,Pass,Sneha,Minor issue found
2924,2924,90.58,Pass,Priya,Rejected
2925,2925,91.29,Pass,Kumar,Requires inspection
2926,2926,94.16,Pass,Rajesh,Approved
2927,2927,94.69,Pass,Rajesh,Rejected
2928,2928,91.01,Fail,Anitha,Rejected
2929,2929,90.61,Pass,Sneha,Rejected
2930,2930,70.48,Pass,Rajesh,Minor issue found
2931,2931,88.21,Pass,Rajesh,Minor issue found
2932,2932,91.36,Fail,Sneha,Minor issue found
2933,2933,97.33,Pass,Rajesh,Rejected
2934,2934,89.42,Pass,Anitha,Minor issue found
2935,2935,98.01,Pass,Sneha,Rejected
2936,2936,98.13,Pass,Priya,Requires inspection
2937,2937,94.46,Pass,Sneha,Minor issue found
2938,2938,76.38,Pass,Kumar,Approved
2939,2939,73.64,Pass,Rajesh,Rejected
2940,2940,71.42,Fail,Rajesh,Approved
2941,2941,86.35,Pass,Kumar,Approved
2942,2942,95.2,Pass,Kumar,Minor issue found
2943,2943,71.22,Pass,Priya,Approved
2944,2944,82.76,Fail,Anitha,Approved
2945,2945,94.64,Fail,Anitha,Requires inspection
2946,2946,99.52,Pass,Kumar,Minor issue found
2947,2947,98.54,Pass,Sneha,Rejected
2948,2948,75.13,Pass,Anitha,Rejected
2949,2949,98.83,Pass,Kumar,Minor issue found
2950,2950,91.44,Pass,Anitha,Approved
2951,2951,89.69,Pass,Sneha,Requires inspection
2952,2952,70.43,Pass,Priya,Rejected
2953,2953,84.17,Pass,Sneha,Rejected
2954,2954,99.87,Fail,Rajesh,Approved
2955,2955,74.94,Pass,Anitha,Requires inspection
2956,2956,85.1,Pass,Anitha,Approved
2957,2957,97.62,Pass,Anitha,Requires inspection
2958,2958,89.64,Pass,Rajesh,Approved
2959,2959,84.13,Pass,Anitha,Minor issue found
2960,2960,92.95,Pass,Anitha,Approved
2961,2961,88.66,Pass,Sneha,Minor issue found
2962,2962,90.32,Pass,Anitha,Minor issue found
2963,2963,81.79,Pass,Anitha,Requires inspection
2964,2964,84.47,Pass,Kumar,Requires inspection
2965,2965,71.94,Pass,Sneha,Minor issue found
2966,2966,96.12,Fail,Rajesh,Requires inspection
2967,2967,99.13,Pass,Rajesh,Approved
2968,2968,82.98,Pass,Priya,Requires inspection
2969,2969,79.77,Pass,Anitha,Rejected
2970,2970,78.94,Pass,Priya,Rejected
2971,2971,81.96,Pass,Kumar,Minor issue found
2972,2972,95.49,Pass,Priya,Approved
2973,2973,84.89,Fail,Priya,Rejected
2974,2974,73.06,Pass,Sneha,Minor issue found
2975,2975,98.39,Pass,Kumar,Rejected
2976,2976,71.64,Pass,Priya,Requires inspection
2977,2977,92.09,Pass,Kumar,Rejected
2978,2978,71.08,Pass,Kumar,Rejected
2979,2979,99.2,Pass,Rajesh,Minor issue found
2980,2980,95.64,Fail,Priya,Requires inspection
2981,2981,86.04,Pass,Rajesh,Minor issue found
2982,2982,75.75,Pass,Sneha,Requires inspection
2983,2983,73.89,Pass,Rajesh,Approved
2984,2984,92.66,Pass,Kumar,Minor issue found
2985,2985,83.27,Pass,Anitha,Approved
2986,2986,83.62,Pass,Anitha,Minor issue found
2987,2987,86.71,Fail,Anitha,Approved
2988,2988,92.07,Fail,Kumar,Requires inspection
2989,2989,83.6,Fail,Kumar,Minor issue found
2990,2990,82.85,Pass,Kumar,Requires inspection
2991,2991,88.92,Pass,Priya,Requires inspection
2992,2992,86.89,Fail,Rajesh,Rejected
2993,2993,86.87,Pass,Rajesh,Requires inspection
2994,2994,95.99,Pass,Anitha,Rejected
2995,2995,80.62,Pass,Sneha,Approved
2996,2996,83.88,Pass,Sneha,Rejected
2997,2997,94.76,Fail,Anitha,Requires inspection
2998,2998,79.69,Pass,Priya,Rejected
2999,2999,94.46,Pass,Anitha,Approved
3000,3000,77.08,Pass,Priya,Minor issue found
3001,3001,72.67,Pass,Rajesh,Minor issue found
3002,3002,93.02,Pass,Sneha,Rejected
3003,3003,82.61,Pass,Sneha,Rejected
3004,3004,95.21,Pass,Rajesh,Minor issue found
3005,3005,94.86,Pass,Sneha,Approved
3006,3006,71.51,Fail,Priya,Minor issue found
3007,3007,75.05,Fail,Sneha,Approved
3008,3008,71.81,Pass,Rajesh,Minor issue found
3009,3009,92.06,Pass,Rajesh,Rejected
3010,3010,88.81,Pass,Priya,Requires inspection
3011,3011,81.58,Pass,Rajesh,Minor issue found
3012,3012,92.75,Pass,Priya,Requires inspection
3013,3013,73.6,Pass,Kumar,Approved
3014,3014,80.3,Pass,Priya,Rejected
3015,3015,74.24,Pass,Rajesh,Approved
3016,3016,81.52,Pass,Kumar,Requires inspection
3017,3017,93.86,Fail,Rajesh,Approved
3018,3018,93.33,Fail,Rajesh,Minor issue found
3019,3019,70.04,Pass,Sneha,Minor issue found
3020,3020,89.07,Pass,Priya,Approved
3021,3021,86.37,Pass,Kumar,Minor issue found
3022,3022,72.98,Pass,Sneha,Requires inspection
3023,3023,95.04,Pass,Rajesh,Rejected
3024,3024,89.18,Pass,Kumar,Approved
3025,3025,86.27,Pass,Rajesh,Approved
3026,3026,79.61,Pass,Anitha,Minor issue found
3027,3027,98.79,Pass,Rajesh,Requires inspection
3028,3028,91.96,Pass,Kumar,Minor issue found
3029,3029,92.08,Pass,Anitha,Requires inspection
3030,3030,90.93,Pass,Kumar,Minor issue found
3031,3031,77.02,Pass,Priya,Rejected
3032,3032,72.48,Pass,Kumar,Requires inspection
3033,3033,96.26,Pass,Sneha,Rejected
3034,3034,91.66,Pass,Anitha,Requires inspection
3035,3035,88.88,Pass,Kumar,Rejected
3036,3036,84.22,Fail,Sneha,Rejected
3037,3037,75.26,Pass,Rajesh,Rejected
3038,3038,70.84,Pass,Priya,Approved
3039,3039,86.34,Fail,Sneha,Rejected
3040,3040,85.37,Pass,Rajesh,Rejected
3041,3041,77.71,Fail,Kumar,Requires inspection
3042,3042,99.35,Pass,Rajesh,Minor issue found
3043,3043,87.49,Pass,Priya,Minor issue found
3044,3044,92.73,Pass,Anitha,Rejected
3045,3045,72.28,Pass,Anitha,Approved
3046,3046,87.76,Pass,Kumar,Rejected
3047,3047,74.4,Pass,Anitha,Requires inspection
3048,3048,88.29,Pass,Rajesh,Rejected
3049,3049,71.09,Pass,Anitha,Rejected
3050,3050,85.32,Pass,Rajesh,Approved
3051,3051,71.86,Pass,Anitha,Minor issue found
3052,3052,98.86,Pass,Sneha,Approved
3053,3053,98.33,Pass,Sneha,Requires inspection
3054,3054,93.0,Pass,Rajesh,Approved
3055,3055,84.12,Pass,Sneha,Rejected
3056,3056,89.07,Pass,Priya,Requires inspection
3057,3057,83.54,Pass,Priya,Requires inspection
3058,3058,85.64,Pass,Rajesh,Minor issue found
3059,3059,94.18,Pass,Rajesh,Rejected
3060,3060,91.82,Pass,Rajesh,Minor issue found
3061,3061,99.48,Fail,Priya,Approved
3062,3062,84.39,Pass,Kumar,Requires inspection
3063,3063,80.97,Pass,Priya,Rejected
3064,3064,74.1,Pass,Rajesh,Rejected
3065,3065,85.78,Pass,Rajesh,Requires inspection
3066,3066,77.59,Pass,Sneha,Rejected
3067,3067,95.67,Pass,Anitha,Approved
3068,3068,95.05,Fail,Rajesh,Approved
3069,3069,80.71,Fail,Sneha,Requires inspection
3070,3070,88.58,Pass,Sneha,Approved
3071,3071,78.37,Fail,Anitha,Minor issue found
3072,3072,89.93,Fail,Priya,Approved
3073,3073,80.32,Pass,Kumar,Rejected
3074,3074,74.93,Pass,Priya,Approved
3075,3075,97.69,Pass,Kumar,Minor issue found
3076,3076,78.79,Pass,Sneha,Minor issue found
3077,3077,85.17,Pass,Sneha,Rejected
3078,3078,75.35,Pass,Anitha,Minor issue found
3079,3079,84.0,Pass,Kumar,Rejected
3080,3080,75.6,Pass,Kumar,Minor issue found
3081,3081,76.65,Pass,Rajesh,Requires inspection
3082,3082,90.39,Pass,Anitha,Approved
3083,3083,94.85,Pass,Sneha,Requires inspection
3084,3084,81.22,Pass,Rajesh,Requires inspection
3085,3085,96.8,Pass,Rajesh,Rejected
3086,3086,89.45,Pass,Anitha,Minor issue found
3087,3087,73.51,Pass,Kumar,Approved
3088,3088,82.08,Fail,Anitha,Requires inspection
3089,3089,84.13,Pass,Priya,Minor issue found
3090,3090,75.74,Pass,Anitha,Approved
3091,3091,74.45,Pass,Kumar,Rejected
3092,3092,79.24,Fail,Sneha,Minor issue found
3093,3093,97.17,Fail,Kumar,Requires inspection
3094,3094,83.32,Fail,Anitha,Approved
3095,3095,86.57,Pass,Sneha,Rejected
3096,3096,80.53,Pass,Rajesh,Rejected
3097,3097,93.37,Pass,Anitha,Rejected
3098,3098,79.83,Fail,Anitha,Rejected
3099,3099,75.15,Pass,Anitha,Requires inspection
3100,3100,75.52,Pass,Rajesh,Approved
3101,3101,86.57,Pass,Priya,Approved
3102,3102,96.5,Pass,Sneha,Approved
3103,3103,91.85,Pass,Kumar,Approved
3104,3104,87.77,Pass,Kumar,Minor issue found
3105,3105,86.72,Fail,Kumar,Rejected
3106,3106,74.64,Pass,Sneha,Approved
3107,3107,95.3,Pass,Kumar,Minor issue found
3108,3108,84.75,Pass,Rajesh,Approved
3109,3109,70.34,Pass,Priya,Rejected
3110,3110,70.98,Pass,Sneha,Approved
3111,3111,71.97,Pass,Anitha,Minor issue found
3112,3112,72.01,Pass,Sneha,Approved
3113,3113,85.07,Fail,Sneha,Requires inspection
3114,3114,80.67,Fail,Rajesh,Rejected
3115,3115,77.92,Pass,Sneha,Rejected
3116,3116,89.66,Fail,Rajesh,Approved
3117,3117,85.58,Fail,Rajesh,Rejected
3118,3118,91.26,Pass,Priya,Rejected
3119,3119,85.41,Pass,Kumar,Approved
3120,3120,79.96,Pass,Rajesh,Rejected
3121,3121,92.9,Pass,Rajesh,Approved
3122,3122,88.7,Pass,Priya,Approved
3123,3123,88.74,Pass,Kumar,Requires inspection
3124,3124,84.58,Pass,Rajesh,Rejected
3125,3125,81.88,Pass,Rajesh,Approved
3126,3126,95.83,Fail,Rajesh,Approved
3127,3127,70.09,Pass,Priya,Minor issue found
3128,3128,79.02,Pass,Anitha,Minor issue found
3129,3129,75.53,Pass,Kumar,Approved
3130,3130,84.12,Pass,Anitha,Minor issue found
3131,3131,74.68,Pass,Priya,Minor issue found
3132,3132,94.9,Pass,Sneha,Approved
3133,3133,73.47,Pass,Anitha,Minor issue found
3134,3134,77.74,Pass,Anitha,Minor issue found
3135,3135,91.04,Pass,Sneha,Minor issue found
3136,3136,79.29,Pass,Priya,Rejected
3137,3137,97.04,Pass,Kumar,Minor issue found
3138,3138,99.07,Pass,Sneha,Requires inspection
3139,3139,95.73,Pass,Rajesh,Rejected
3140,3140,97.87,Pass,Priya,Minor issue found
3141,3141,97.15,Pass,Sneha,Requires inspection
3142,3142,77.61,Pass,Kumar,Requires inspection
3143,3143,72.22,Pass,Sneha,Minor issue found
3144,3144,91.72,Fail,Sneha,Minor issue found
3145,3145,93.76,Pass,Rajesh,Approved
3146,3146,83.28,Pass,Anitha,Approved
3147,3147,71.26,Pass,Priya,Minor issue found
3148,3148,88.02,Pass,Anitha,Requires inspection
3149,3149,77.02,Pass,Anitha,Rejected
3150,3150,82.26,Pass,Sneha,Rejected
3151,3151,98.55,Pass,Rajesh,Requires inspection
3152,3152,81.38,Pass,Priya,Minor issue found
3153,3153,91.0,Pass,Priya,Requires inspection
3154,3154,85.46,Pass,Rajesh,Minor issue found
3155,3155,70.06,Pass,Priya,Requires inspection
3156,3156,99.96,Pass,Priya,Rejected
3157,3157,76.88,Fail,Anitha,Rejected
3158,3158,99.63,Pass,Priya,Rejected
3159,3159,92.18,Pass,Kumar,Approved
3160,3160,84.42,Pass,Kumar,Minor issue found
3161,3161,75.59,Pass,Kumar,Requires inspection
3162,3162,86.13,Pass,Priya,Requires inspection
3163,3163,93.82,Pass,Priya,Requires inspection
3164,3164,88.14,Pass,Priya,Rejected
3165,3165,97.47,Pass,Sneha,Rejected
3166,3166,91.37,Fail,Sneha,Minor issue found
3167,3167,87.43,Pass,Kumar,Requires inspection
3168,3168,97.98,Pass,Rajesh,Minor issue found
3169,3169,89.97,Pass,Kumar,Minor issue found
3170,3170,92.14,Pass,Anitha,Rejected
3171,3171,96.33,Pass,Sneha,Requires inspection
3172,3172,95.44,Pass,Anitha,Minor issue found
3173,3173,85.23,Pass,Anitha,Approved
3174,3174,84.67,Pass,Priya,Requires inspection
3175,3175,71.88,Pass,Rajesh,Rejected
3176,3176,83.5,Fail,Anitha,Requires inspection
3177,3177,98.57,Pass,Kumar,Approved
3178,3178,91.09,Pass,Kumar,Approved
3179,3179,77.15,Pass,Rajesh,Rejected
3180,3180,72.23,Pass,Anitha,Requires inspection
3181,3181,74.56,Pass,Sneha,Requires inspection
3182,3182,85.92,Fail,Priya,Rejected
3183,3183,77.03,Pass,Anitha,Requires inspection
3184,3184,85.87,Pass,Kumar,Rejected
3185,3185,86.06,Pass,Anitha,Approved
3186,3186,92.93,Pass,Kumar,Minor issue found
3187,3187,86.53,Fail,Priya,Rejected
3188,3188,84.43,Pass,Sneha,Minor issue found
3189,3189,94.78,Pass,Kumar,Minor issue found
3190,3190,72.27,Pass,Priya,Minor issue found
3191,3191,79.39,Fail,Kumar,Approved
3192,3192,82.52,Pass,Anitha,Minor issue found
3193,3193,95.5,Pass,Kumar,Minor issue found
3194,3194,87.56,Pass,Anitha,Requires inspection
3195,3195,84.56,Pass,Sneha,Rejected
3196,3196,72.19,Pass,Kumar,Requires inspection
3197,3197,85.55,Fail,Kumar,Approved
3198,3198,88.19,Pass,Sneha,Rejected
3199,3199,80.39,Fail,Kumar,Rejected
3200,3200,99.68,Pass,Anitha,Rejected
3201,3201,99.04,Pass,Rajesh,Rejected
3202,3202,87.28,Pass,Anitha,Minor issue found
3203,3203,72.24,Pass,Rajesh,Requires inspection
3204,3204,92.91,Pass,Priya,Minor issue found
3205,3205,84.16,Pass,Kumar,Minor issue found
3206,3206,93.24,Pass,Sneha,Minor issue found
3207,3207,88.41,Pass,Sneha,Requires inspection
3208,3208,83.5,Pass,Kumar,Approved
3209,3209,80.3,Pass,Rajesh,Minor issue found
3210,3210,89.01,Pass,Sneha,Requires inspection
3211,3211,79.0,Pass,Priya,Rejected
3212,3212,85.11,Pass,Kumar,Requires inspection
3213,3213,86.51,Pass,Anitha,Minor issue found
3214,3214,89.85,Fail,Sneha,Minor issue found
3215,3215,82.11,Pass,Sneha,Minor issue found
3216,3216,79.68,Pass,Rajesh,Requires inspection
3217,3217,94.18,Pass,Priya,Requires inspection
3218,3218,87.85,Pass,Kumar,Rejected
3219,3219,74.79,Pass,Sneha,Requires inspection
3220,3220,89.89,Pass,Anitha,Approved
3221,3221,91.55,Pass,Rajesh,Requires inspection
3222,3222,76.38,Fail,Priya,Approved
3223,3223,99.75,Pass,Rajesh,Approved
3224,3224,70.82,Fail,Priya,Minor issue found
3225,3225,97.53,Pass,Priya,Requires inspection
3226,3226,88.56,Pass,Anitha,Requires inspection
3227,3227,89.74,Fail,Kumar,Requires inspection
3228,3228,75.35,Pass,Anitha,Approved
3229,3229,73.81,Pass,Sneha,Approved
3230,3230,92.27,Pass,Priya,Minor issue found
3231,3231,82.84,Pass,Kumar,Minor issue found
3232,3232,96.59,Pass,Rajesh,Rejected
3233,3233,89.55,Pass,Anitha,Requires inspection
3234,3234,74.55,Pass,Priya,Minor issue found
3235,3235,84.81,Pass,Anitha,Approved
3236,3236,90.08,Pass,Rajesh,Approved
3237,3237,73.79,Pass,Priya,Rejected
3238,3238,86.03,Pass,Anitha,Requires inspection
3239,3239,83.22,Pass,Sneha,Requires inspection
3240,3240,72.39,Pass,Anitha,Minor issue found
3241,3241,86.34,Pass,Priya,Requires inspection
3242,3242,76.56,Pass,Sneha,Rejected
3243,3243,79.1,Pass,Sneha,Rejected
3244,3244,98.06,Pass,Rajesh,Minor issue found
3245,3245,90.07,Pass,Kumar,Approved
3246,3246,93.79,Pass,Kumar,Minor issue found
3247,3247,90.39,Pass,Kumar,Approved
3248,3248,79.95,Pass,Sneha,Requires inspection
3249,3249,85.78,Pass,Sneha,Minor issue found
3250,3250,98.54,Pass,Anitha,Approved
3251,3251,72.97,Pass,Sneha,Rejected
3252,3252,89.09,Fail,Anitha,Approved
3253,3253,96.7,Fail,Sneha,Approved
3254,3254,95.69,Pass,Priya,Approved
3255,3255,88.64,Pass,Anitha,Minor issue found
3256,3256,96.67,Pass,Priya,Requires inspection
3257,3257,81.88,Fail,Sneha,Approved
3258,3258,98.96,Pass,Rajesh,Minor issue found
3259,3259,89.21,Pass,Sneha,Approved
3260,3260,98.7,Pass,Sneha,Minor issue found
3261,3261,81.85,Pass,Sneha,Rejected
3262,3262,84.56,Pass,Priya,Rejected
3263,3263,84.2,Pass,Rajesh,Requires inspection
3264,3264,80.32,Pass,Anitha,Approved
3265,3265,73.72,Pass,Sneha,Requires inspection
3266,3266,87.55,Pass,Kumar,Requires inspection
3267,3267,75.54,Pass,Priya,Minor issue found
3268,3268,91.04,Pass,Rajesh,Rejected
3269,3269,93.59,Pass,Priya,Rejected
3270,3270,79.77,Fail,Anitha,Approved
3271,3271,82.26,Pass,Priya,Rejected
3272,3272,76.5,Pass,Priya,Requires inspection
3273,3273,90.08,Pass,Priya,Approved
3274,3274,84.93,Pass,Rajesh,Minor issue found
3275,3275,98.91,Pass,Sneha,Rejected
3276,3276,89.75,Pass,Priya,Approved
3277,3277,82.55,Pass,Anitha,Rejected
3278,3278,99.53,Pass,Sneha,Minor issue found
3279,3279,73.62,Pass,Priya,Rejected
3280,3280,83.58,Fail,Kumar,Approved
3281,3281,81.14,Pass,Rajesh,Rejected
3282,3282,90.27,Pass,Priya,Requires inspection
3283,3283,91.73,Pass,Anitha,Minor issue found
3284,3284,86.59,Pass,Kumar,Rejected
3285,3285,79.05,Pass,Rajesh,Rejected
3286,3286,78.39,Pass,Anitha,Rejected
3287,3287,70.35,Pass,Rajesh,Requires inspection
3288,3288,70.91,Pass,Kumar,Rejected
3289,3289,77.21,Fail,Anitha,Requires inspection
3290,3290,71.6,Fail,Priya,Approved
3291,3291,79.69,Pass,Priya,Approved
3292,3292,89.18,Pass,Priya,Minor issue found
3293,3293,94.02,Pass,Anitha,Minor issue found
3294,3294,98.01,Pass,Kumar,Minor issue found
3295,3295,74.54,Pass,Anitha,Rejected
3296,3296,94.81,Pass,Rajesh,Requires inspection
3297,3297,97.17,Pass,Rajesh,Requires inspection
3298,3298,78.06,Pass,Rajesh,Rejected
3299,3299,95.82,Pass,Sneha,Rejected
3300,3300,98.96,Pass,Anitha,Requires inspection
3301,3301,93.75,Pass,Sneha,Requires inspection
3302,3302,87.23,Pass,Kumar,Minor issue found
3303,3303,97.31,Pass,Rajesh,Requires inspection
3304,3304,77.61,Pass,Sneha,Approved
3305,3305,97.12,Fail,Anitha,Approved
3306,3306,97.96,Pass,Sneha,Minor issue found
3307,3307,71.33,Pass,Anitha,Rejected
3308,3308,97.21,Pass,Rajesh,Approved
3309,3309,72.79,Fail,Rajesh,Requires inspection
3310,3310,99.02,Fail,Rajesh,Rejected
3311,3311,76.28,Pass,Sneha,Rejected
3312,3312,87.43,Fail,Sneha,Approved
3313,3313,76.43,Fail,Sneha,Rejected
3314,3314,72.0,Pass,Kumar,Rejected
3315,3315,98.66,Pass,Kumar,Minor issue found
3316,3316,92.46,Pass,Anitha,Approved
3317,3317,87.89,Pass,Sneha,Requires inspection
3318,3318,75.9,Pass,Kumar,Rejected
3319,3319,89.96,Pass,Priya,Rejected
3320,3320,85.9,Pass,Anitha,Rejected
3321,3321,81.11,Pass,Anitha,Minor issue found
3322,3322,93.83,Fail,Kumar,Approved
3323,3323,97.81,Fail,Priya,Rejected
3324,3324,94.39,Fail,Sneha,Rejected
3325,3325,96.49,Pass,Sneha,Rejected
3326,3326,72.22,Pass,Kumar,Approved
3327,3327,92.85,Pass,Priya,Requires inspection
3328,3328,78.94,Pass,Kumar,Requires inspection
3329,3329,70.62,Pass,Kumar,Requires inspection
3330,3330,91.64,Pass,Sneha,Requires inspection
3331,3331,76.4,Pass,Rajesh,Approved
3332,3332,79.75,Pass,Kumar,Minor issue found
3333,3333,78.22,Fail,Sneha,Approved
3334,3334,89.79,Pass,Rajesh,Rejected
3335,3335,91.09,Fail,Kumar,Rejected
3336,3336,86.85,Pass,Kumar,Requires inspection
3337,3337,99.8,Pass,Priya,Rejected
3338,3338,86.98,Pass,Kumar,Rejected
3339,3339,74.67,Fail,Kumar,Requires inspection
3340,3340,75.77,Pass,Kumar,Rejected
3341,3341,78.59,Pass,Priya,Minor issue found
3342,3342,82.94,Pass,Sneha,Rejected
3343,3343,87.67,Pass,Sneha,Rejected
3344,3344,98.7,Pass,Rajesh,Minor issue found
3345,3345,84.77,Pass,Rajesh,Requires inspection
3346,3346,89.48,Pass,Sneha,Requires inspection
3347,3347,84.03,Fail,Priya,Minor issue found
3348,3348,93.75,Pass,Anitha,Requires inspection
3349,3349,89.01,Pass,Priya,Rejected
3350,3350,93.14,Pass,Sneha,Requires inspection
3351,3351,71.28,Pass,Rajesh,Minor issue found
3352,3352,76.78,Fail,Anitha,Requires inspection
3353,3353,89.25,Pass,Kumar,Requires inspection
3354,3354,78.13,Pass,Sneha,Requires inspection
3355,3355,91.91,Pass,Kumar,Minor issue found
3356,3356,98.01,Pass,Anitha,Rejected
3357,3357,88.86,Pass,Rajesh,Rejected
3358,3358,77.34,Pass,Kumar,Approved
3359,3359,95.88,Pass,Sneha,Minor issue found
3360,3360,86.55,Pass,Kumar,Rejected
3361,3361,87.0,Pass,Anitha,Minor issue found
3362,3362,86.44,Pass,Priya,Rejected
3363,3363,89.64,Pass,Rajesh,Rejected
3364,3364,78.38,Pass,Anitha,Approved
3365,3365,82.7,Pass,Kumar,Rejected
3366,3366,72.38,Pass,Anitha,Requires inspection
3367,3367,83.75,Pass,Kumar,Approved
3368,3368,71.03,Pass,Priya,Requires inspection
3369,3369,92.74,Pass,Sneha,Minor issue found
3370,3370,91.31,Pass,Sneha,Rejected
3371,3371,78.6,Pass,Sneha,Rejected
3372,3372,87.06,Pass,Anitha,Approved
3373,3373,96.03,Pass,Sneha,Minor issue found
3374,3374,77.43,Pass,Kumar,Minor issue found
3375,3375,94.15,Pass,Priya,Rejected
3376,3376,84.43,Pass,Kumar,Requires inspection
3377,3377,87.32,Pass,Anitha,Rejected
3378,3378,90.62,Pass,Anitha,Requires inspection
3379,3379,82.89,Fail,Sneha,Minor issue found
3380,3380,73.79,Pass,Rajesh,Rejected
3381,3381,89.56,Pass,Sneha,Minor issue found
3382,3382,96.57,Pass,Anitha,Approved
3383,3383,97.4,Pass,Sneha,Rejected
3384,3384,98.36,Pass,Priya,Minor issue found
3385,3385,88.88,Pass,Rajesh,Rejected
3386,3386,85.89,Pass,Sneha,Requires inspection
3387,3387,79.63,Pass,Rajesh,Approved
3388,3388,77.15,Fail,Anitha,Minor issue found
3389,3389,78.51,Pass,Anitha,Rejected
3390,3390,98.75,Pass,Priya,Minor issue found
3391,3391,80.07,Pass,Rajesh,Requires inspection
3392,3392,77.37,Pass,Anitha,Approved
3393,3393,73.99,Pass,Sneha,Approved
3394,3394,94.37,Fail,Anitha,Requires inspection
3395,3395,98.98,Pass,Priya,Minor issue found
3396,3396,96.14,Fail,Rajesh,Rejected
3397,3397,93.91,Pass,Rajesh,Requires inspection
3398,3398,79.53,Fail,Kumar,Approved
3399,3399,91.24,Pass,Sneha,Requires inspection
3400,3400,72.89,Pass,Kumar,Rejected
3401,3401,98.22,Pass,Sneha,Approved
3402,3402,76.73,Pass,Sneha,Minor issue found
3403,3403,88.27,Pass,Priya,Minor issue found
3404,3404,99.26,Pass,Kumar,Rejected
3405,3405,76.83,Fail,Sneha,Rejected
3406,3406,87.59,Fail,Kumar,Requires inspection
3407,3407,87.9,Pass,Anitha,Minor issue found
3408,3408,81.19,Pass,Sneha,Requires inspection
3409,3409,78.37,Pass,Anitha,Approved
3410,3410,87.46,Fail,Kumar,Requires inspection
3411,3411,90.87,Pass,Anitha,Minor issue found
3412,3412,99.99,Pass,Anitha,Minor issue found
3413,3413,82.72,Fail,Priya,Rejected
3414,3414,75.72,Pass,Sneha,Approved
3415,3415,71.67,Pass,Sneha,Rejected
3416,3416,84.4,Pass,Kumar,Requires inspection
3417,3417,74.36,Pass,Sneha,Approved
3418,3418,97.89,Pass,Rajesh,Rejected
3419,3419,70.39,Pass,Priya,Approved
3420,3420,98.9,Pass,Sneha,Approved
3421,3421,76.7,Pass,Priya,Requires inspection
3422,3422,87.84,Pass,Priya,Approved
3423,3423,90.95,Pass,Rajesh,Minor issue found
3424,3424,85.31,Pass,Sneha,Rejected
3425,3425,88.36,Fail,Priya,Minor issue found
3426,3426,90.84,Pass,Kumar,Approved
3427,3427,86.52,Pass,Sneha,Rejected
3428,3428,99.78,Pass,Priya,Requires inspection
3429,3429,88.75,Pass,Rajesh,Minor issue found
3430,3430,73.03,Pass,Priya,Minor issue found
3431,3431,75.83,Pass,Rajesh,Rejected
3432,3432,97.69,Pass,Rajesh,Minor issue found
3433,3433,98.92,Pass,Anitha,Approved
3434,3434,87.1,Pass,Kumar,Rejected
3435,3435,97.86,Pass,Sneha,Rejected
3436,3436,77.98,Fail,Anitha,Approved
3437,3437,74.13,Pass,Sneha,Rejected
3438,3438,78.59,Pass,Anitha,Minor issue found
3439,3439,92.76,Pass,Rajesh,Rejected
3440,3440,80.12,Pass,Priya,Requires inspection
3441,3441,95.64,Pass,Anitha,Requires inspection
3442,3442,99.27,Fail,Priya,Minor issue found
3443,3443,91.19,Pass,Sneha,Minor issue found
3444,3444,84.11,Pass,Anitha,Rejected
3445,3445,76.79,Pass,Priya,Approved
3446,3446,71.55,Pass,Sneha,Requires inspection
3447,3447,96.11,Pass,Kumar,Requires inspection
3448,3448,96.1,Pass,Anitha,Rejected
3449,3449,80.88,Pass,Kumar,Rejected
3450,3450,75.54,Pass,Sneha,Requires inspection
3451,3451,96.14,Pass,Kumar,Minor issue found
3452,3452,77.56,Pass,Rajesh,Rejected
3453,3453,89.0,Pass,Priya,Rejected
3454,3454,72.3,Pass,Sneha,Rejected
3455,3455,82.48,Pass,Priya,Requires inspection
3456,3456,81.68,Pass,Rajesh,Minor issue found
3457,3457,91.93,Pass,Priya,Rejected
3458,3458,74.05,Pass,Anitha,Requires inspection
3459,3459,83.71,Pass,Anitha,Approved
3460,3460,89.08,Pass,Sneha,Requires inspection
3461,3461,78.73,Pass,Rajesh,Approved
3462,3462,94.26,Pass,Rajesh,Approved
3463,3463,82.82,Pass,Kumar,Requires inspection
3464,3464,74.47,Fail,Sneha,Approved
3465,3465,73.88,Pass,Rajesh,Rejected
3466,3466,72.11,Fail,Rajesh,Rejected
3467,3467,96.01,Pass,Rajesh,Requires inspection
3468,3468,72.31,Pass,Kumar,Minor issue found
3469,3469,90.2,Pass,Kumar,Requires inspection
3470,3470,78.49,Pass,Priya,Approved
3471,3471,98.66,Pass,Rajesh,Rejected
3472,3472,85.77,Pass,Anitha,Approved
3473,3473,81.37,Pass,Rajesh,Requires inspection
3474,3474,97.31,Fail,Rajesh,Approved
3475,3475,88.17,Pass,Sneha,Approved
3476,3476,95.85,Pass,Rajesh,Minor issue found
3477,3477,79.82,Pass,Anitha,Approved
3478,3478,90.77,Pass,Kumar,Approved
3479,3479,99.49,Pass,Rajesh,Rejected
3480,3480,71.9,Fail,Sneha,Requires inspection
3481,3481,90.59,Fail,Sneha,Approved
3482,3482,83.9,Pass,Anitha,Requires inspection
3483,3483,77.93,Pass,Sneha,Requires inspection
3484,3484,93.72,Pass,Kumar,Rejected
3485,3485,75.86,Pass,Sneha,Rejected
3486,3486,78.86,Pass,Rajesh,Approved
3487,3487,92.15,Fail,Rajesh,Approved
3488,3488,90.93,Pass,Kumar,Minor issue found
3489,3489,78.64,Pass,Rajesh,Approved
3490,3490,78.36,Pass,Priya,Approved
3491,3491,75.64,Pass,Kumar,Rejected
3492,3492,99.91,Pass,Rajesh,Minor issue found
3493,3493,90.83,Pass,Sneha,Requires inspection
3494,3494,97.38,Pass,Anitha,Minor issue found
3495,3495,75.62,Pass,Anitha,Rejected
3496,3496,94.06,Pass,Anitha,Minor issue found
3497,3497,72.7,Pass,Rajesh,Rejected
3498,3498,93.88,Pass,Priya,Requires inspection
3499,3499,99.18,Fail,Priya,Requires inspection
3500,3500,96.66,Pass,Sneha,Minor issue found
3501,3501,87.61,Pass,Anitha,Minor issue found
3502,3502,73.44,Pass,Priya,Approved
3503,3503,71.47,Pass,Kumar,Approved
3504,3504,76.07,Pass,Kumar,Requires inspection
3505,3505,85.72,Pass,Rajesh,Approved
3506,3506,96.3,Pass,Sneha,Approved
3507,3507,88.58,Pass,Kumar,Requires inspection
3508,3508,76.53,Fail,Sneha,Requires inspection
3509,3509,75.05,Pass,Kumar,Rejected
3510,3510,83.53,Pass,Kumar,Rejected
3511,3511,86.17,Pass,Rajesh,Minor issue found
3512,3512,74.74,Pass,Rajesh,Requires inspection
3513,3513,77.07,Pass,Priya,Minor issue found
3514,3514,71.59,Pass,Priya,Requires inspection
3515,3515,89.32,Pass,Anitha,Requires inspection
3516,3516,76.05,Pass,Sneha,Requires inspection
3517,3517,87.64,Pass,Anitha,Requires inspection
3518,3518,81.54,Fail,Priya,Minor issue found
3519,3519,81.31,Pass,Kumar,Rejected
3520,3520,70.59,Pass,Anitha,Requires inspection
3521,3521,73.93,Pass,Anitha,Requires inspection
3522,3522,93.16,Pass,Priya,Minor issue found
3523,3523,91.83,Pass,Kumar,Rejected
3524,3524,93.09,Pass,Sneha,Rejected
3525,3525,76.25,Fail,Rajesh,Requires inspection
3526,3526,79.16,Fail,Sneha,Requires inspection
3527,3527,95.08,Pass,Sneha,Requires inspection
3528,3528,95.37,Pass,Rajesh,Rejected
3529,3529,89.76,Pass,Anitha,Requires inspection
3530,3530,77.88,Pass,Priya,Minor issue found
3531,3531,94.9,Pass,Priya,Minor issue found
3532,3532,70.71,Pass,Rajesh,Minor issue found
3533,3533,71.73,Pass,Anitha,Requires inspection
3534,3534,86.19,Pass,Anitha,Approved
3535,3535,71.77,Pass,Priya,Rejected
3536,3536,89.35,Pass,Priya,Approved
3537,3537,77.87,Pass,Anitha,Requires inspection
3538,3538,87.54,Pass,Anitha,Rejected
3539,3539,71.88,Pass,Priya,Rejected
3540,3540,77.25,Pass,Rajesh,Approved
3541,3541,95.53,Pass,Anitha,Requires inspection
3542,3542,74.22,Pass,Rajesh,Approved
3543,3543,84.12,Pass,Kumar,Rejected
3544,3544,99.13,Pass,Priya,Requires inspection
3545,3545,77.94,Fail,Anitha,Approved
3546,3546,72.96,Pass,Priya,Minor issue found
3547,3547,82.78,Pass,Anitha,Rejected
3548,3548,89.73,Pass,Sneha,Requires inspection
3549,3549,93.63,Pass,Sneha,Approved
3550,3550,94.66,Pass,Rajesh,Requires inspection
3551,3551,99.8,Pass,Anitha,Rejected
3552,3552,73.85,Pass,Rajesh,Approved
3553,3553,83.83,Pass,Anitha,Approved
3554,3554,80.85,Pass,Kumar,Requires inspection
3555,3555,94.31,Pass,Priya,Approved
3556,3556,96.42,Pass,Anitha,Minor issue found
3557,3557,83.17,Pass,Rajesh,Approved
3558,3558,73.78,Pass,Priya,Approved
3559,3559,92.92,Pass,Sneha,Minor issue found
3560,3560,93.88,Fail,Anitha,Approved
3561,3561,86.32,Pass,Sneha,Rejected
3562,3562,82.57,Pass,Rajesh,Minor issue found
3563,3563,80.61,Pass,Priya,Requires inspection
3564,3564,77.75,Pass,Kumar,Rejected
3565,3565,85.3,Pass,Anitha,Rejected
3566,3566,95.88,Pass,Sneha,Minor issue found
3567,3567,72.42,Pass,Rajesh,Approved
3568,3568,93.29,Pass,Priya,Minor issue found
3569,3569,96.38,Pass,Kumar,Minor issue found
3570,3570,83.77,Pass,Kumar,Minor issue found
3571,3571,76.98,Pass,Sneha,Rejected
3572,3572,94.43,Pass,Anitha,Requires inspection
3573,3573,82.47,Pass,Sneha,Minor issue found
3574,3574,99.95,Pass,Kumar,Approved
3575,3575,77.45,Pass,Sneha,Minor issue found
3576,3576,77.16,Pass,Rajesh,Minor issue found
3577,3577,86.7,Fail,Anitha,Minor issue found
3578,3578,94.84,Pass,Sneha,Minor issue found
3579,3579,80.58,Pass,Rajesh,Approved
3580,3580,76.86,Pass,Anitha,Approved
3581,3581,72.78,Fail,Rajesh,Rejected
3582,3582,91.91,Fail,Priya,Rejected
3583,3583,87.88,Pass,Kumar,Minor issue found
3584,3584,95.98,Pass,Kumar,Minor issue found
3585,3585,80.81,Pass,Sneha,Approved
3586,3586,85.77,Pass,Kumar,Approved
3587,3587,79.78,Pass,Priya,Minor issue found
3588,3588,70.05,Pass,Rajesh,Minor issue found
3589,3589,75.37,Pass,Anitha,Approved
3590,3590,81.19,Pass,Sneha,Requires inspection
3591,3591,74.23,Pass,Anitha,Approved
3592,3592,87.37,Pass,Rajesh,Rejected
3593,3593,89.25,Pass,Rajesh,Minor issue found
3594,3594,91.37,Pass,Priya,Requires inspection
3595,3595,89.32,Fail,Rajesh,Requires inspection
3596,3596,87.46,Pass,Priya,Minor issue found
3597,3597,92.85,Pass,Kumar,Requires inspection
3598,3598,94.04,Pass,Sneha,Requires inspection
3599,3599,84.68,Pass,Rajesh,Approved
3600,3600,75.53,Pass,Priya,Minor issue found
3601,3601,86.66,Pass,Anitha,Approved
3602,3602,91.77,Pass,Sneha,Requires inspection
3603,3603,96.05,Pass,Kumar,Approved
3604,3604,77.92,Pass,Sneha,Requires inspection
3605,3605,96.84,Fail,Kumar,Approved
3606,3606,73.34,Pass,Rajesh,Approved
3607,3607,99.46,Pass,Rajesh,Rejected
3608,3608,80.03,Pass,Kumar,Rejected
3609,3609,77.07,Pass,Anitha,Requires inspection
3610,3610,79.75,Pass,Anitha,Approved
3611,3611,99.56,Pass,Kumar,Requires inspection
3612,3612,87.32,Pass,Priya,Requires inspection
3613,3613,72.85,Pass,Kumar,Requires inspection
3614,3614,70.01,Pass,Rajesh,Minor issue found
3615,3615,93.86,Pass,Sneha,Approved
3616,3616,80.02,Pass,Anitha,Rejected
3617,3617,84.27,Pass,Sneha,Minor issue found
3618,3618,82.52,Fail,Priya,Requires inspection
3619,3619,82.06,Pass,Sneha,Minor issue found
3620,3620,70.61,Pass,Rajesh,Approved
3621,3621,80.61,Pass,Rajesh,Requires inspection
3622,3622,98.04,Pass,Kumar,Minor issue found
3623,3623,95.91,Pass,Anitha,Rejected
3624,3624,83.52,Pass,Kumar,Minor issue found
3625,3625,74.69,Pass,Kumar,Rejected
3626,3626,70.86,Pass,Kumar,Minor issue found
3627,3627,73.79,Pass,Kumar,Minor issue found
3628,3628,86.07,Pass,Kumar,Requires inspection
3629,3629,76.32,Pass,Rajesh,Minor issue found
3630,3630,89.18,Pass,Anitha,Rejected
3631,3631,86.93,Pass,Sneha,Approved
3632,3632,76.43,Pass,Priya,Approved
3633,3633,78.85,Pass,Rajesh,Requires inspection
3634,3634,83.19,Pass,Sneha,Approved
3635,3635,71.98,Pass,Rajesh,Requires inspection
3636,3636,74.36,Pass,Kumar,Approved
3637,3637,72.16,Pass,Rajesh,Requires inspection
3638,3638,70.06,Pass,Priya,Approved
3639,3639,97.38,Pass,Priya,Approved
3640,3640,87.98,Pass,Anitha,Requires inspection
3641,3641,89.82,Pass,Kumar,Minor issue found
3642,3642,76.76,Pass,Priya,Requires inspection
3643,3643,78.97,Pass,Kumar,Requires inspection
3644,3644,99.24,Fail,Kumar,Requires inspection
3645,3645,86.16,Pass,Rajesh,Rejected
3646,3646,75.7,Pass,Rajesh,Rejected
3647,3647,78.46,Pass,Priya,Approved
3648,3648,84.24,Pass,Rajesh,Approved
3649,3649,89.96,Pass,Rajesh,Rejected
3650,3650,70.77,Fail,Priya,Rejected
3651,3651,86.15,Pass,Priya,Minor issue found
3652,3652,74.1,Pass,Rajesh,Rejected
3653,3653,70.86,Fail,Anitha,Minor issue found
3654,3654,82.09,Pass,Anitha,Minor issue found
3655,3655,86.8,Pass,Kumar,Requires inspection
3656,3656,74.57,Pass,Anitha,Requires inspection
3657,3657,91.42,Pass,Rajesh,Requires inspection
3658,3658,92.52,Fail,Rajesh,Minor issue found
3659,3659,78.21,Pass,Kumar,Rejected
3660,3660,77.93,Pass,Rajesh,Minor issue found
3661,3661,74.66,Pass,Priya,Requires inspection
3662,3662,86.96,Pass,Sneha,Minor issue found
3663,3663,93.48,Pass,Anitha,Rejected
3664,3664,78.36,Pass,Rajesh,Approved
3665,3665,81.64,Fail,Priya,Approved
3666,3666,93.22,Pass,Anitha,Requires inspection
3667,3667,92.29,Pass,Rajesh,Rejected
3668,3668,83.65,Pass,Rajesh,Minor issue found
3669,3669,91.87,Pass,Sneha,Requires inspection
3670,3670,95.98,Pass,Priya,Rejected
3671,3671,71.84,Pass,Sneha,Rejected
3672,3672,78.67,Pass,Priya,Minor issue found
3673,3673,80.29,Pass,Priya,Minor issue found
3674,3674,81.08,Pass,Kumar,Minor issue found
3675,3675,91.68,Pass,Rajesh,Requires inspection
3676,3676,96.12,Pass,Sneha,Minor issue found
3677,3677,85.08,Pass,Sneha,Approved
3678,3678,94.96,Fail,Anitha,Minor issue found
3679,3679,89.49,Pass,Anitha,Minor issue found
3680,3680,84.76,Pass,Sneha,Rejected
3681,3681,89.53,Pass,Rajesh,Rejected
3682,3682,87.64,Pass,Sneha,Minor issue found
3683,3683,82.1,Pass,Kumar,Minor issue found
3684,3684,92.57,Pass,Rajesh,Approved
3685,3685,76.58,Pass,Sneha,Requires inspection
3686,3686,80.2,Pass,Sneha,Approved
3687,3687,76.66,Pass,Priya,Minor issue found
3688,3688,89.43,Pass,Sneha,Requires inspection
3689,3689,81.6,Pass,Anitha,Requires inspection
3690,3690,96.43,Pass,Kumar,Rejected
3691,3691,87.59,Pass,Rajesh,Rejected
3692,3692,72.8,Pass,Kumar,Rejected
3693,3693,98.42,Pass,Priya,Minor issue found
3694,3694,78.49,Pass,Priya,Minor issue found
3695,3695,95.22,Pass,Priya,Approved
3696,3696,72.36,Pass,Anitha,Minor issue found
3697,3697,80.08,Pass,Anitha,Rejected
3698,3698,99.26,Pass,Priya,Requires inspection
3699,3699,95.84,Fail,Priya,Approved
3700,3700,75.74,Pass,Rajesh,Requires inspection
3701,3701,78.42,Fail,Kumar,Requires inspection
3702,3702,76.94,Pass,Rajesh,Minor issue found
3703,3703,89.18,Pass,Sneha,Minor issue found
3704,3704,87.94,Pass,Anitha,Rejected
3705,3705,94.91,Pass,Anitha,Requires inspection
3706,3706,79.78,Pass,Priya,Rejected
3707,3707,99.53,Pass,Anitha,Minor issue found
3708,3708,90.11,Pass,Sneha,Approved
3709,3709,98.07,Fail,Sneha,Rejected
3710,3710,76.48,Pass,Kumar,Rejected
3711,3711,87.2,Pass,Anitha,Requires inspection
3712,3712,72.0,Fail,Sneha,Requires inspection
3713,3713,94.15,Pass,Anitha,Rejected
3714,3714,94.0,Pass,Kumar,Approved
3715,3715,71.45,Pass,Sneha,Requires inspection
3716,3716,92.18,Pass,Priya,Requires inspection
3717,3717,81.94,Pass,Kumar,Requires inspection
3718,3718,90.26,Fail,Sneha,Rejected
3719,3719,77.81,Fail,Sneha,Rejected
3720,3720,70.33,Pass,Kumar,Rejected
3721,3721,90.12,Pass,Priya,Approved
3722,3722,73.48,Pass,Sneha,Rejected
3723,3723,85.97,Pass,Rajesh,Requires inspection
3724,3724,93.49,Pass,Rajesh,Approved
3725,3725,96.61,Pass,Priya,Requires inspection
3726,3726,93.1,Pass,Sneha,Approved
3727,3727,79.87,Pass,Rajesh,Rejected
3728,3728,95.73,Pass,Anitha,Minor issue found
3729,3729,89.95,Pass,Sneha,Approved
3730,3730,87.27,Pass,Priya,Rejected
3731,3731,73.57,Pass,Kumar,Rejected
3732,3732,94.98,Pass,Priya,Requires inspection
3733,3733,96.35,Fail,Kumar,Rejected
3734,3734,81.13,Fail,Priya,Minor issue found
3735,3735,94.01,Pass,Kumar,Approved
3736,3736,73.24,Pass,Anitha,Approved
3737,3737,76.41,Pass,Anitha,Minor issue found
3738,3738,74.31,Pass,Priya,Minor issue found
3739,3739,82.84,Pass,Priya,Minor issue found
3740,3740,88.51,Fail,Priya,Rejected
3741,3741,99.01,Pass,Rajesh,Rejected
3742,3742,99.42,Pass,Sneha,Requires inspection
3743,3743,78.61,Fail,Priya,Requires inspection
3744,3744,82.62,Pass,Kumar,Approved
3745,3745,77.17,Pass,Rajesh,Approved
3746,3746,85.18,Pass,Kumar,Approved
3747,3747,89.43,Pass,Sneha,Approved
3748,3748,79.38,Pass,Rajesh,Rejected
3749,3749,73.96,Pass,Priya,Requires inspection
3750,3750,75.84,Pass,Rajesh,Requires inspection
3751,3751,83.9,Fail,Priya,Rejected
3752,3752,78.95,Pass,Kumar,Rejected
3753,3753,80.91,Pass,Anitha,Approved
3754,3754,82.77,Fail,Kumar,Requires inspection
3755,3755,82.73,Pass,Priya,Minor issue found
3756,3756,83.06,Pass,Anitha,Minor issue found
3757,3757,80.39,Pass,Kumar,Minor issue found
3758,3758,99.05,Pass,Priya,Rejected
3759,3759,80.06,Pass,Sneha,Rejected
3760,3760,96.51,Pass,Rajesh,Requires inspection
3761,3761,86.18,Fail,Rajesh,Approved
3762,3762,80.56,Pass,Priya,Requires inspection
3763,3763,96.34,Pass,Priya,Approved
3764,3764,87.28,Pass,Rajesh,Approved
3765,3765,76.94,Pass,Rajesh,Requires inspection
3766,3766,95.44,Pass,Anitha,Requires inspection
3767,3767,78.83,Fail,Sneha,Approved
3768,3768,77.04,Pass,Sneha,Rejected
3769,3769,82.38,Pass,Priya,Minor issue found
3770,3770,73.26,Pass,Priya,Minor issue found
3771,3771,82.22,Fail,Rajesh,Rejected
3772,3772,75.51,Pass,Priya,Approved
3773,3773,97.34,Fail,Sneha,Requires inspection
3774,3774,78.26,Fail,Sneha,Requires inspection
3775,3775,94.51,Pass,Anitha,Requires inspection
3776,3776,92.24,Pass,Priya,Approved
3777,3777,75.4,Pass,Priya,Approved
3778,3778,80.27,Pass,Kumar,Requires inspection
3779,3779,78.12,Pass,Priya,Approved
3780,3780,94.77,Pass,Rajesh,Requires inspection
3781,3781,92.84,Pass,Anitha,Minor issue found
3782,3782,96.37,Pass,Anitha,Minor issue found
3783,3783,97.72,Pass,Kumar,Minor issue found
3784,3784,70.72,Fail,Anitha,Requires inspection
3785,3785,95.44,Pass,Priya,Approved
3786,3786,79.87,Fail,Rajesh,Rejected
3787,3787,82.6,Fail,Anitha,Minor issue found
3788,3788,81.0,Fail,Rajesh,Approved
3789,3789,95.52,Pass,Kumar,Rejected
3790,3790,89.12,Pass,Rajesh,Requires inspection
3791,3791,80.67,Pass,Kumar,Requires inspection
3792,3792,86.06,Fail,Kumar,Rejected
3793,3793,89.34,Pass,Sneha,Requires inspection
3794,3794,88.99,Pass,Rajesh,Approved
3795,3795,83.25,Fail,Anitha,Rejected
3796,3796,72.45,Pass,Sneha,Approved
3797,3797,72.47,Pass,Sneha,Minor issue found
3798,3798,93.23,Fail,Anitha,Rejected
3799,3799,78.45,Pass,Anitha,Requires inspection
3800,3800,90.48,Pass,Priya,Requires inspection
3801,3801,91.1,Pass,Rajesh,Rejected
3802,3802,91.02,Fail,Rajesh,Requires inspection
3803,3803,94.57,Fail,Rajesh,Requires inspection
3804,3804,86.22,Pass,Rajesh,Approved
3805,3805,72.99,Pass,Rajesh,Requires inspection
3806,3806,71.06,Pass,Rajesh,Minor issue found
3807,3807,88.72,Pass,Rajesh,Rejected
3808,3808,92.9,Pass,Rajesh,Rejected
3809,3809,75.86,Pass,Anitha,Approved
3810,3810,80.64,Pass,Sneha,Approved
3811,3811,85.01,Fail,Rajesh,Requires inspection
3812,3812,77.22,Pass,Kumar,Minor issue found
3813,3813,74.05,Fail,Anitha,Rejected
3814,3814,94.14,Pass,Kumar,Requires inspection
3815,3815,98.65,Pass,Sneha,Requires inspection
3816,3816,78.54,Pass,Sneha,Approved
3817,3817,94.13,Fail,Rajesh,Requires inspection
3818,3818,91.87,Pass,Rajesh,Requires inspection
3819,3819,84.04,Pass,Priya,Rejected
3820,3820,87.05,Pass,Sneha,Requires inspection
3821,3821,76.42,Pass,Rajesh,Minor issue found
3822,3822,77.35,Fail,Sneha,Approved
3823,3823,90.1,Pass,Sneha,Approved
3824,3824,70.93,Pass,Kumar,Requires inspection
3825,3825,84.36,Pass,Sneha,Minor issue found
3826,3826,76.66,Pass,Priya,Requires inspection
3827,3827,85.02,Pass,Rajesh,Requires inspection
3828,3828,97.75,Pass,Priya,Minor issue found
3829,3829,87.49,Pass,Priya,Approved
3830,3830,74.98,Pass,Priya,Requires inspection
3831,3831,76.35,Pass,Kumar,Rejected
3832,3832,85.11,Fail,Sneha,Approved
3833,3833,88.6,Pass,Priya,Requires inspection
3834,3834,76.55,Pass,Sneha,Approved
3835,3835,99.09,Pass,Sneha,Minor issue found
3836,3836,96.17,Pass,Anitha,Rejected
3837,3837,72.45,Pass,Priya,Approved
3838,3838,79.08,Pass,Kumar,Minor issue found
3839,3839,99.84,Pass,Anitha,Requires inspection
3840,3840,85.32,Pass,Rajesh,Minor issue found
3841,3841,95.21,Pass,Rajesh,Minor issue found
3842,3842,84.69,Pass,Kumar,Approved
3843,3843,74.6,Fail,Rajesh,Approved
3844,3844,95.4,Pass,Priya,Rejected
3845,3845,93.96,Pass,Anitha,Approved
3846,3846,75.74,Pass,Anitha,Rejected
3847,3847,77.64,Pass,Rajesh,Requires inspection
3848,3848,78.93,Pass,Priya,Minor issue found
3849,3849,87.27,Pass,Anitha,Requires inspection
3850,3850,96.24,Pass,Rajesh,Requires inspection
3851,3851,86.44,Pass,Sneha,Approved
3852,3852,78.7,Fail,Anitha,Requires inspection
3853,3853,98.46,Pass,Anitha,Requires inspection
3854,3854,88.94,Fail,Kumar,Requires inspection
3855,3855,74.43,Pass,Sneha,Rejected
3856,3856,96.23,Pass,Priya,Rejected
3857,3857,75.14,Pass,Priya,Minor issue found
3858,3858,80.86,Pass,Rajesh,Minor issue found
3859,3859,75.59,Fail,Anitha,Requires inspection
3860,3860,88.93,Pass,Kumar,Rejected
3861,3861,82.45,Pass,Rajesh,Rejected
3862,3862,76.51,Pass,Anitha,Minor issue found
3863,3863,98.37,Pass,Kumar,Requires inspection
3864,3864,90.19,Pass,Priya,Minor issue found
3865,3865,73.44,Pass,Priya,Minor issue found
3866,3866,70.92,Fail,Sneha,Minor issue found
3867,3867,94.52,Pass,Sneha,Approved
3868,3868,76.39,Pass,Sneha,Approved
3869,3869,97.67,Pass,Rajesh,Requires inspection
3870,3870,76.99,Pass,Priya,Rejected
3871,3871,75.18,Fail,Priya,Requires inspection
3872,3872,76.49,Pass,Kumar,Approved
3873,3873,92.43,Pass,Kumar,Minor issue found
3874,3874,92.48,Pass,Sneha,Rejected
3875,3875,74.32,Fail,Anitha,Rejected
3876,3876,70.78,Pass,Kumar,Minor issue found
3877,3877,71.41,Fail,Kumar,Requires inspection
3878,3878,78.01,Fail,Anitha,Minor issue found
3879,3879,81.92,Pass,Priya,Requires inspection
3880,3880,92.59,Pass,Anitha,Requires inspection
3881,3881,83.41,Pass,Kumar,Rejected
3882,3882,90.84,Fail,Kumar,Requires inspection
3883,3883,76.68,Pass,Sneha,Rejected
3884,3884,85.46,Pass,Kumar,Rejected
3885,3885,82.41,Pass,Kumar,Requires inspection
3886,3886,80.44,Pass,Sneha,Rejected
3887,3887,71.9,Pass,Rajesh,Approved
3888,3888,79.53,Pass,Kumar,Approved
3889,3889,75.34,Pass,Kumar,Approved
3890,3890,91.06,Fail,Sneha,Rejected
3891,3891,79.67,Pass,Rajesh,Requires inspection
3892,3892,80.43,Pass,Sneha,Rejected
3893,3893,72.36,Pass,Anitha,Requires inspection
3894,3894,87.67,Pass,Kumar,Requires inspection
3895,3895,73.01,Pass,Rajesh,Rejected
3896,3896,75.13,Pass,Priya,Requires inspection
3897,3897,80.35,Pass,Sneha,Requires inspection
3898,3898,85.96,Fail,Sneha,Minor issue found
3899,3899,73.26,Fail,Rajesh,Approved
3900,3900,85.63,Fail,Rajesh,Approved
3901,3901,83.8,Pass,Sneha,Requires inspection
3902,3902,78.71,Pass,Rajesh,Minor issue found
3903,3903,92.26,Pass,Priya,Requires inspection
3904,3904,97.8,Pass,Priya,Requires inspection
3905,3905,88.2,Fail,Sneha,Rejected
3906,3906,76.31,Pass,Priya,Minor issue found
3907,3907,92.74,Pass,Anitha,Minor issue found
3908,3908,73.28,Pass,Priya,Rejected
3909,3909,88.09,Pass,Priya,Minor issue found
3910,3910,90.95,Pass,Priya,Minor issue found
3911,3911,73.32,Pass,Kumar,Requires inspection
3912,3912,75.93,Pass,Sneha,Approved
3913,3913,96.28,Pass,Kumar,Rejected
3914,3914,87.99,Pass,Kumar,Rejected
3915,3915,83.02,Pass,Kumar,Requires inspection
3916,3916,85.03,Pass,Rajesh,Approved
3917,3917,82.88,Pass,Kumar,Approved
3918,3918,81.34,Pass,Sneha,Rejected
3919,3919,96.45,Pass,Kumar,Approved
3920,3920,70.96,Pass,Anitha,Requires inspection
3921,3921,98.97,Pass,Rajesh,Minor issue found
3922,3922,72.05,Pass,Kumar,Approved
3923,3923,76.35,Pass,Kumar,Rejected
3924,3924,90.9,Pass,Anitha,Requires inspection
3925,3925,84.7,Pass,Sneha,Requires inspection
3926,3926,96.69,Pass,Anitha,Approved
3927,3927,91.51,Pass,Anitha,Requires inspection
3928,3928,99.92,Pass,Priya,Requires inspection
3929,3929,87.09,Pass,Rajesh,Rejected
3930,3930,95.17,Pass,Sneha,Requires inspection
3931,3931,95.7,Pass,Priya,Requires inspection
3932,3932,92.77,Pass,Rajesh,Requires inspection
3933,3933,94.5,Pass,Kumar,Minor issue found
3934,3934,90.51,Pass,Rajesh,Requires inspection
3935,3935,79.84,Pass,Rajesh,Rejected
3936,3936,96.82,Pass,Rajesh,Rejected
3937,3937,75.91,Pass,Anitha,Minor issue found
3938,3938,97.29,Pass,Rajesh,Requires inspection
3939,3939,79.4,Pass,Priya,Approved
3940,3940,93.04,Pass,Rajesh,Minor issue found
3941,3941,89.55,Pass,Kumar,Requires inspection
3942,3942,92.73,Pass,Priya,Minor issue found
3943,3943,90.66,Pass,Rajesh,Requires inspection
3944,3944,74.88,Pass,Priya,Minor issue found
3945,3945,70.21,Pass,Kumar,Approved
3946,3946,93.49,Pass,Kumar,Requires inspection
3947,3947,75.19,Pass,Kumar,Rejected
3948,3948,77.73,Pass,Priya,Minor issue found
3949,3949,73.65,Pass,Rajesh,Requires inspection
3950,3950,86.1,Pass,Rajesh,Requires inspection
3951,3951,98.87,Pass,Kumar,Requires inspection
3952,3952,88.76,Fail,Sneha,Minor issue found
3953,3953,90.16,Pass,Anitha,Rejected
3954,3954,80.23,Pass,Kumar,Approved
3955,3955,94.69,Pass,Priya,Approved
3956,3956,71.82,Pass,Rajesh,Minor issue found
3957,3957,87.71,Pass,Priya,Rejected
3958,3958,94.84,Pass,Sneha,Minor issue found
3959,3959,94.76,Pass,Sneha,Rejected
3960,3960,75.7,Pass,Rajesh,Approved
3961,3961,87.3,Pass,Sneha,Approved
3962,3962,82.04,Pass,Sneha,Requires inspection
3963,3963,75.41,Pass,Anitha,Approved
3964,3964,82.31,Pass,Kumar,Rejected
3965,3965,91.55,Pass,Kumar,Approved
3966,3966,87.64,Pass,Rajesh,Requires inspection
3967,3967,84.21,Pass,Kumar,Requires inspection
3968,3968,78.1,Pass,Sneha,Rejected
3969,3969,94.37,Pass,Sneha,Requires inspection
3970,3970,74.39,Fail,Kumar,Minor issue found
3971,3971,92.77,Pass,Anitha,Requires inspection
3972,3972,89.56,Pass,Sneha,Minor issue found
3973,3973,95.1,Pass,Kumar,Minor issue found
3974,3974,75.54,Pass,Anitha,Approved
3975,3975,75.9,Pass,Priya,Approved
3976,3976,96.91,Pass,Sneha,Minor issue found
3977,3977,96.59,Fail,Rajesh,Approved
3978,3978,90.38,Pass,Kumar,Requires inspection
3979,3979,91.53,Pass,Anitha,Approved
3980,3980,80.08,Fail,Priya,Rejected
3981,3981,87.11,Fail,Rajesh,Rejected
3982,3982,81.63,Pass,Anitha,Approved
3983,3983,96.58,Pass,Anitha,Rejected
3984,3984,97.68,Pass,Rajesh,Requires inspection
3985,3985,76.12,Fail,Sneha,Requires inspection
3986,3986,94.41,Pass,Anitha,Rejected
3987,3987,92.43,Pass,Sneha,Approved
3988,3988,99.66,Pass,Sneha,Approved
3989,3989,75.13,Pass,Priya,Approved
3990,3990,78.32,Pass,Priya,Approved
3991,3991,89.32,Pass,Sneha,Minor issue found
3992,3992,70.41,Fail,Sneha,Requires inspection
3993,3993,70.89,Pass,Priya,Approved
3994,3994,87.31,Pass,Kumar,Rejected
3995,3995,89.9,Pass,Anitha,Approved
3996,3996,79.97,Pass,Priya,Rejected
3997,3997,82.76,Pass,Anitha,Rejected
3998,3998,95.89,Pass,Sneha,Minor issue found
3999,3999,89.03,Pass,Anitha,Minor issue found
4000,4000,73.44,Pass,Rajesh,Rejected
4001,4001,71.54,Fail,Sneha,Rejected
4002,4002,81.07,Pass,Kumar,Approved
4003,4003,74.61,Pass,Anitha,Requires inspection
4004,4004,72.06,Fail,Kumar,Approved
4005,4005,96.02,Pass,Kumar,Minor issue found
4006,4006,96.99,Pass,Kumar,Rejected
4007,4007,86.91,Pass,Priya,Minor issue found
4008,4008,75.72,Fail,Priya,Requires inspection
4009,4009,95.83,Pass,Rajesh,Approved
4010,4010,72.24,Pass,Rajesh,Requires inspection
4011,4011,87.73,Pass,Kumar,Approved
4012,4012,96.56,Pass,Anitha,Approved
4013,4013,88.2,Pass,Priya,Rejected
4014,4014,87.97,Pass,Kumar,Minor issue found
4015,4015,91.98,Pass,Rajesh,Approved
4016,4016,76.11,Pass,Priya,Rejected
4017,4017,91.36,Fail,Anitha,Requires inspection
4018,4018,93.46,Fail,Kumar,Requires inspection
4019,4019,88.48,Pass,Kumar,Minor issue found
4020,4020,77.37,Pass,Rajesh,Approved
4021,4021,70.63,Pass,Anitha,Requires inspection
4022,4022,87.47,Fail,Priya,Requires inspection
4023,4023,99.7,Pass,Anitha,Minor issue found
4024,4024,99.81,Pass,Rajesh,Requires inspection
4025,4025,85.17,Pass,Kumar,Requires inspection
4026,4026,85.1,Pass,Anitha,Minor issue found
4027,4027,87.36,Pass,Anitha,Rejected
4028,4028,71.89,Pass,Kumar,Minor issue found
4029,4029,81.08,Pass,Kumar,Minor issue found
4030,4030,80.5,Pass,Kumar,Rejected
4031,4031,72.77,Pass,Rajesh,Approved
4032,4032,82.83,Pass,Rajesh,Requires inspection
4033,4033,79.07,Pass,Priya,Approved
4034,4034,99.53,Pass,Rajesh,Approved
4035,4035,86.89,Fail,Sneha,Minor issue found
4036,4036,73.91,Pass,Sneha,Requires inspection
4037,4037,74.53,Fail,Anitha,Rejected
4038,4038,88.45,Fail,Kumar,Rejected
4039,4039,93.9,Pass,Sneha,Rejected
4040,4040,79.59,Pass,Rajesh,Minor issue found
4041,4041,75.51,Pass,Priya,Approved
4042,4042,85.44,Pass,Rajesh,Rejected
4043,4043,73.04,Pass,Sneha,Minor issue found
4044,4044,81.64,Pass,Kumar,Rejected
4045,4045,75.15,Pass,Kumar,Approved
4046,4046,96.85,Pass,Sneha,Minor issue found
4047,4047,80.04,Pass,Rajesh,Minor issue found
4048,4048,87.94,Pass,Sneha,Approved
4049,4049,77.42,Pass,Priya,Minor issue found
4050,4050,88.69,Pass,Rajesh,Minor issue found
4051,4051,87.75,Pass,Rajesh,Minor issue found
4052,4052,79.53,Pass,Sneha,Approved
4053,4053,78.17,Fail,Kumar,Rejected
4054,4054,83.47,Pass,Anitha,Approved
4055,4055,90.07,Pass,Anitha,Rejected
4056,4056,89.46,Pass,Priya,Approved
4057,4057,92.1,Pass,Sneha,Rejected
4058,4058,91.09,Pass,Anitha,Minor issue found
4059,4059,92.23,Pass,Sneha,Minor issue found
4060,4060,90.84,Fail,Priya,Approved
4061,4061,93.99,Fail,Priya,Approved
4062,4062,73.09,Pass,Sneha,Requires inspection
4063,4063,76.38,Fail,Kumar,Approved
4064,4064,77.9,Pass,Sneha,Approved
4065,4065,99.1,Pass,Rajesh,Approved
4066,4066,99.85,Pass,Rajesh,Rejected
4067,4067,89.26,Pass,Rajesh,Minor issue found
4068,4068,95.92,Pass,Sneha,Approved
4069,4069,91.29,Fail,Sneha,Minor issue found
4070,4070,96.91,Pass,Sneha,Rejected
4071,4071,83.87,Fail,Sneha,Approved
4072,4072,85.48,Pass,Sneha,Rejected
4073,4073,72.41,Pass,Sneha,Approved
4074,4074,79.41,Pass,Anitha,Approved
4075,4075,86.75,Pass,Sneha,Minor issue found
4076,4076,94.84,Pass,Rajesh,Rejected
4077,4077,93.86,Fail,Sneha,Requires inspection
4078,4078,85.47,Pass,Priya,Requires inspection
4079,4079,74.03,Pass,Priya,Approved
4080,4080,74.26,Pass,Sneha,Rejected
4081,4081,86.97,Pass,Anitha,Approved
4082,4082,84.88,Pass,Priya,Approved
4083,4083,80.94,Pass,Anitha,Minor issue found
4084,4084,76.19,Pass,Anitha,Minor issue found
4085,4085,70.27,Pass,Kumar,Rejected
4086,4086,70.85,Fail,Kumar,Approved
4087,4087,75.3,Pass,Anitha,Requires inspection
4088,4088,85.83,Fail,Kumar,Minor issue found
4089,4089,95.43,Pass,Kumar,Rejected
4090,4090,83.32,Pass,Rajesh,Approved
4091,4091,84.51,Pass,Priya,Minor issue found
4092,4092,87.24,Pass,Rajesh,Approved
4093,4093,81.2,Pass,Sneha,Minor issue found
4094,4094,77.0,Pass,Kumar,Minor issue found
4095,4095,87.45,Pass,Rajesh,Minor issue found
4096,4096,71.35,Fail,Anitha,Approved
4097,4097,76.11,Pass,Kumar,Approved
4098,4098,79.0,Pass,Anitha,Approved
4099,4099,95.44,Pass,Anitha,Requires inspection
4100,4100,84.53,Pass,Priya,Approved
4101,4101,98.2,Pass,Rajesh,Approved
4102,4102,78.19,Pass,Rajesh,Minor issue found
4103,4103,99.23,Fail,Anitha,Requires inspection
4104,4104,93.96,Pass,Anitha,Requires inspection
4105,4105,73.85,Pass,Kumar,Minor issue found
4106,4106,78.88,Pass,Anitha,Rejected
4107,4107,89.77,Fail,Priya,Minor issue found
4108,4108,73.68,Pass,Anitha,Minor issue found
4109,4109,86.81,Pass,Priya,Rejected
4110,4110,89.57,Pass,Rajesh,Rejected
4111,4111,73.23,Pass,Kumar,Approved
4112,4112,78.41,Pass,Sneha,Requires inspection
4113,4113,93.11,Pass,Rajesh,Requires inspection
4114,4114,73.29,Pass,Rajesh,Minor issue found
4115,4115,90.56,Pass,Anitha,Minor issue found
4116,4116,86.95,Pass,Rajesh,Minor issue found
4117,4117,76.11,Pass,Priya,Minor issue found
4118,4118,93.42,Fail,Anitha,Rejected
4119,4119,86.99,Pass,Anitha,Rejected
4120,4120,84.16,Fail,Sneha,Rejected
4121,4121,97.8,Pass,Rajesh,Rejected
4122,4122,73.1,Pass,Kumar,Minor issue found
4123,4123,93.89,Pass,Kumar,Minor issue found
4124,4124,82.77,Pass,Anitha,Requires inspection
4125,4125,94.09,Pass,Sneha,Requires inspection
4126,4126,77.84,Pass,Priya,Approved
4127,4127,98.07,Pass,Priya,Requires inspection
4128,4128,74.08,Pass,Sneha,Approved
4129,4129,85.01,Pass,Sneha,Approved
4130,4130,97.4,Pass,Kumar,Rejected
4131,4131,85.2,Pass,Sneha,Approved
4132,4132,73.2,Pass,Anitha,Minor issue found
4133,4133,79.22,Fail,Rajesh,Minor issue found
4134,4134,87.97,Pass,Rajesh,Minor issue found
4135,4135,74.51,Pass,Rajesh,Minor issue found
4136,4136,76.61,Fail,Anitha,Approved
4137,4137,92.21,Pass,Kumar,Minor issue found
4138,4138,93.93,Pass,Rajesh,Rejected
4139,4139,80.81,Pass,Kumar,Approved
4140,4140,83.33,Fail,Anitha,Approved
4141,4141,85.03,Pass,Sneha,Minor issue found
4142,4142,86.2,Pass,Sneha,Minor issue found
4143,4143,89.83,Pass,Rajesh,Rejected
4144,4144,83.17,Pass,Rajesh,Rejected
4145,4145,83.51,Pass,Sneha,Approved
4146,4146,95.18,Pass,Priya,Minor issue found
4147,4147,93.27,Pass,Anitha,Rejected
4148,4148,98.8,Pass,Anitha,Minor issue found
4149,4149,73.02,Pass,Sneha,Minor issue found
4150,4150,87.37,Pass,Anitha,Minor issue found
4151,4151,72.03,Pass,Anitha,Requires inspection
4152,4152,81.24,Pass,Rajesh,Minor issue found
4153,4153,80.87,Pass,Priya,Requires inspection
4154,4154,92.92,Pass,Sneha,Rejected
4155,4155,80.47,Fail,Sneha,Requires inspection
4156,4156,92.53,Fail,Anitha,Rejected
4157,4157,79.99,Pass,Rajesh,Approved
4158,4158,86.29,Pass,Priya,Rejected
4159,4159,92.26,Pass,Sneha,Rejected
4160,4160,93.77,Fail,Priya,Requires inspection
4161,4161,95.09,Pass,Rajesh,Minor issue found
4162,4162,95.2,Pass,Priya,Approved
4163,4163,91.87,Fail,Rajesh,Requires inspection
4164,4164,95.44,Fail,Rajesh,Approved
4165,4165,77.45,Pass,Priya,Approved
4166,4166,72.56,Fail,Kumar,Rejected
4167,4167,85.25,Pass,Priya,Rejected
4168,4168,70.15,Pass,Priya,Rejected
4169,4169,71.45,Pass,Priya,Minor issue found
4170,4170,73.46,Pass,Kumar,Approved
4171,4171,86.61,Pass,Rajesh,Minor issue found
4172,4172,77.43,Pass,Sneha,Requires inspection
4173,4173,77.4,Pass,Rajesh,Minor issue found
4174,4174,71.88,Pass,Anitha,Rejected
4175,4175,77.61,Pass,Kumar,Requires inspection
4176,4176,82.62,Fail,Anitha,Approved
4177,4177,79.2,Pass,Sneha,Rejected
4178,4178,94.52,Fail,Priya,Requires inspection
4179,4179,78.85,Pass,Anitha,Minor issue found
4180,4180,70.43,Fail,Anitha,Rejected
4181,4181,83.72,Pass,Rajesh,Approved
4182,4182,88.72,Pass,Anitha,Approved
4183,4183,92.75,Pass,Priya,Requires inspection
4184,4184,82.89,Pass,Priya,Minor issue found
4185,4185,87.4,Pass,Sneha,Approved
4186,4186,70.85,Pass,Priya,Rejected
4187,4187,88.44,Pass,Sneha,Approved
4188,4188,72.63,Pass,Kumar,Approved
4189,4189,86.29,Fail,Kumar,Rejected
4190,4190,99.75,Pass,Kumar,Approved
4191,4191,74.67,Pass,Anitha,Approved
4192,4192,82.45,Pass,Sneha,Minor issue found
4193,4193,72.98,Pass,Sneha,Requires inspection
4194,4194,83.97,Pass,Kumar,Approved
4195,4195,76.94,Pass,Sneha,Requires inspection
4196,4196,98.86,Pass,Kumar,Rejected
4197,4197,96.56,Pass,Anitha,Requires inspection
4198,4198,95.61,Pass,Anitha,Minor issue found
4199,4199,83.57,Pass,Priya,Approved
4200,4200,83.77,Pass,Sneha,Rejected
4201,4201,84.25,Fail,Kumar,Approved
4202,4202,85.72,Pass,Priya,Minor issue found
4203,4203,96.47,Fail,Kumar,Minor issue found
4204,4204,88.54,Pass,Kumar,Rejected
4205,4205,95.12,Pass,Priya,Minor issue found
4206,4206,81.88,Pass,Rajesh,Minor issue found
4207,4207,83.64,Pass,Sneha,Minor issue found
4208,4208,99.8,Pass,Sneha,Approved
4209,4209,78.95,Pass,Sneha,Minor issue found
4210,4210,74.68,Fail,Anitha,Rejected
4211,4211,87.94,Pass,Rajesh,Rejected
4212,4212,98.15,Fail,Priya,Minor issue found
4213,4213,99.94,Pass,Sneha,Requires inspection
4214,4214,81.81,Fail,Kumar,Requires inspection
4215,4215,70.47,Pass,Priya,Rejected
4216,4216,79.97,Pass,Anitha,Minor issue found
4217,4217,79.56,Pass,Sneha,Requires inspection
4218,4218,89.74,Pass,Priya,Requires inspection
4219,4219,74.71,Pass,Priya,Requires inspection
4220,4220,74.19,Pass,Anitha,Approved
4221,4221,96.5,Fail,Priya,Requires inspection
4222,4222,85.59,Pass,Rajesh,Rejected
4223,4223,93.6,Pass,Rajesh,Requires inspection
4224,4224,94.82,Pass,Anitha,Minor issue found
4225,4225,87.41,Pass,Kumar,Approved
4226,4226,82.89,Fail,Priya,Rejected
4227,4227,74.35,Pass,Rajesh,Minor issue found
4228,4228,78.1,Pass,Anitha,Rejected
4229,4229,98.97,Pass,Rajesh,Minor issue found
4230,4230,82.97,Pass,Kumar,Rejected
4231,4231,85.14,Fail,Rajesh,Rejected
4232,4232,87.4,Pass,Priya,Approved
4233,4233,77.07,Pass,Rajesh,Requires inspection
4234,4234,89.66,Fail,Rajesh,Approved
4235,4235,95.77,Pass,Anitha,Approved
4236,4236,91.46,Pass,Kumar,Rejected
4237,4237,75.38,Fail,Anitha,Rejected
4238,4238,96.98,Pass,Anitha,Minor issue found
4239,4239,74.21,Pass,Anitha,Approved
4240,4240,86.87,Pass,Anitha,Approved
4241,4241,99.06,Pass,Anitha,Minor issue found
4242,4242,93.63,Pass,Sneha,Requires inspection
4243,4243,95.14,Pass,Sneha,Rejected
4244,4244,76.15,Pass,Rajesh,Approved
4245,4245,78.15,Fail,Sneha,Minor issue found
4246,4246,79.75,Pass,Sneha,Minor issue found
4247,4247,78.34,Pass,Rajesh,Approved
4248,4248,74.26,Pass,Anitha,Minor issue found
4249,4249,94.45,Pass,Sneha,Approved
4250,4250,86.37,Pass,Sneha,Minor issue found
4251,4251,97.14,Pass,Kumar,Rejected
4252,4252,80.12,Pass,Rajesh,Minor issue found
4253,4253,91.13,Fail,Kumar,Approved
4254,4254,76.1,Fail,Kumar,Rejected
4255,4255,73.68,Pass,Rajesh,Minor issue found
4256,4256,98.63,Pass,Kumar,Rejected
4257,4257,95.46,Pass,Kumar,Minor issue found
4258,4258,97.8,Pass,Rajesh,Minor issue found
4259,4259,71.5,Fail,Sneha,Minor issue found
4260,4260,74.64,Pass,Kumar,Minor issue found
4261,4261,81.23,Fail,Rajesh,Rejected
4262,4262,75.59,Pass,Kumar,Minor issue found
4263,4263,95.38,Pass,Kumar,Rejected
4264,4264,96.47,Pass,Priya,Minor issue found
4265,4265,83.99,Pass,Rajesh,Minor issue found
4266,4266,97.9,Pass,Rajesh,Approved
4267,4267,99.95,Pass,Anitha,Approved
4268,4268,71.8,Fail,Rajesh,Approved
4269,4269,93.59,Fail,Kumar,Minor issue found
4270,4270,82.95,Pass,Sneha,Rejected
4271,4271,83.97,Pass,Rajesh,Approved
4272,4272,78.56,Pass,Sneha,Approved
4273,4273,81.28,Pass,Priya,Requires inspection
4274,4274,70.69,Pass,Priya,Requires inspection
4275,4275,71.56,Pass,Kumar,Requires inspection
4276,4276,90.35,Fail,Anitha,Approved
4277,4277,90.67,Pass,Kumar,Minor issue found
4278,4278,86.43,Pass,Anitha,Approved
4279,4279,78.18,Pass,Rajesh,Rejected
4280,4280,96.56,Pass,Rajesh,Rejected
4281,4281,94.24,Fail,Kumar,Approved
4282,4282,91.09,Pass,Anitha,Requires inspection
4283,4283,70.31,Pass,Kumar,Rejected
4284,4284,91.58,Pass,Rajesh,Rejected
4285,4285,85.73,Pass,Kumar,Minor issue found
4286,4286,94.38,Fail,Priya,Rejected
4287,4287,72.44,Pass,Priya,Requires inspection
4288,4288,79.3,Pass,Kumar,Minor issue found
4289,4289,81.4,Fail,Kumar,Minor issue found
4290,4290,94.24,Pass,Anitha,Requires inspection
4291,4291,96.0,Pass,Priya,Approved
4292,4292,85.4,Fail,Anitha,Requires inspection
4293,4293,94.49,Pass,Sneha,Minor issue found
4294,4294,70.99,Pass,Anitha,Minor issue found
4295,4295,94.24,Fail,Kumar,Rejected
4296,4296,86.26,Pass,Sneha,Minor issue found
4297,4297,84.99,Pass,Sneha,Approved
4298,4298,97.45,Pass,Kumar,Approved
4299,4299,95.56,Fail,Sneha,Requires inspection
4300,4300,85.73,Pass,Sneha,Approved
4301,4301,88.48,Pass,Anitha,Rejected
4302,4302,99.7,Pass,Kumar,Requires inspection
4303,4303,77.51,Fail,Sneha,Approved
4304,4304,90.45,Pass,Sneha,Rejected
4305,4305,82.56,Pass,Sneha,Minor issue found
4306,4306,89.51,Pass,Sneha,Approved
4307,4307,79.1,Pass,Sneha,Minor issue found
4308,4308,86.82,Pass,Anitha,Approved
4309,4309,80.47,Pass,Priya,Minor issue found
4310,4310,98.85,Pass,Kumar,Rejected
4311,4311,75.64,Pass,Sneha,Approved
4312,4312,77.22,Pass,Sneha,Requires inspection
4313,4313,89.65,Pass,Anitha,Requires inspection
4314,4314,86.12,Fail,Rajesh,Requires inspection
4315,4315,85.71,Pass,Priya,Requires inspection
4316,4316,93.43,Pass,Anitha,Approved
4317,4317,86.63,Pass,Anitha,Minor issue found
4318,4318,85.39,Pass,Sneha,Approved
4319,4319,91.2,Pass,Anitha,Requires inspection
4320,4320,78.04,Pass,Rajesh,Requires inspection
4321,4321,73.24,Fail,Anitha,Requires inspection
4322,4322,98.8,Pass,Priya,Minor issue found
4323,4323,96.05,Pass,Kumar,Approved
4324,4324,78.87,Pass,Sneha,Rejected
4325,4325,92.09,Pass,Kumar,Minor issue found
4326,4326,96.42,Pass,Sneha,Approved
4327,4327,73.84,Pass,Priya,Approved
4328,4328,73.76,Pass,Priya,Approved
4329,4329,92.41,Pass,Priya,Rejected
4330,4330,79.06,Pass,Priya,Requires inspection
4331,4331,73.74,Fail,Priya,Requires inspection
4332,4332,91.17,Pass,Anitha,Minor issue found
4333,4333,89.92,Pass,Rajesh,Minor issue found
4334,4334,93.9,Fail,Anitha,Approved
4335,4335,96.78,Pass,Sneha,Approved
4336,4336,89.46,Fail,Anitha,Rejected
4337,4337,92.89,Pass,Anitha,Rejected
4338,4338,87.77,Pass,Rajesh,Rejected
4339,4339,84.41,Fail,Sneha,Minor issue found
4340,4340,75.31,Pass,Priya,Requires inspection
4341,4341,77.42,Pass,Anitha,Minor issue found
4342,4342,96.79,Pass,Priya,Requires inspection
4343,4343,78.07,Pass,Rajesh,Minor issue found
4344,4344,77.37,Pass,Rajesh,Minor issue found
4345,4345,96.94,Fail,Rajesh,Minor issue found
4346,4346,94.28,Fail,Rajesh,Approved
4347,4347,72.82,Fail,Anitha,Approved
4348,4348,95.88,Fail,Priya,Rejected
4349,4349,80.99,Pass,Anitha,Approved
4350,4350,80.12,Pass,Priya,Minor issue found
4351,4351,75.24,Pass,Kumar,Approved
4352,4352,86.06,Pass,Priya,Requires inspection
4353,4353,85.39,Fail,Anitha,Rejected
4354,4354,83.83,Pass,Rajesh,Requires inspection
4355,4355,95.84,Pass,Kumar,Rejected
4356,4356,90.35,Pass,Anitha,Minor issue found
4357,4357,94.82,Pass,Sneha,Approved
4358,4358,81.92,Pass,Sneha,Requires inspection
4359,4359,95.67,Pass,Anitha,Minor issue found
4360,4360,90.18,Pass,Anitha,Rejected
4361,4361,79.54,Pass,Priya,Minor issue found
4362,4362,73.44,Pass,Kumar,Rejected
4363,4363,86.83,Fail,Kumar,Requires inspection
4364,4364,95.26,Pass,Rajesh,Minor issue found
4365,4365,99.55,Pass,Sneha,Minor issue found
4366,4366,73.44,Pass,Anitha,Minor issue found
4367,4367,71.35,Pass,Rajesh,Rejected
4368,4368,82.06,Pass,Kumar,Approved
4369,4369,81.19,Pass,Kumar,Minor issue found
4370,4370,70.9,Pass,Anitha,Rejected
4371,4371,88.11,Pass,Rajesh,Rejected
4372,4372,75.9,Pass,Rajesh,Requires inspection
4373,4373,91.68,Pass,Rajesh,Minor issue found
4374,4374,97.08,Pass,Kumar,Rejected
4375,4375,77.97,Pass,Sneha,Approved
4376,4376,97.45,Pass,Priya,Requires inspection
4377,4377,92.35,Pass,Sneha,Rejected
4378,4378,93.94,Pass,Priya,Approved
4379,4379,73.75,Fail,Anitha,Approved
4380,4380,84.44,Pass,Anitha,Requires inspection
4381,4381,99.85,Pass,Sneha,Approved
4382,4382,86.73,Pass,Rajesh,Requires inspection
4383,4383,86.14,Pass,Kumar,Approved
4384,4384,93.33,Pass,Kumar,Rejected
4385,4385,77.76,Pass,Sneha,Rejected
4386,4386,86.94,Pass,Kumar,Rejected
4387,4387,79.18,Pass,Sneha,Rejected
4388,4388,80.36,Pass,Anitha,Rejected
4389,4389,95.83,Pass,Anitha,Requires inspection
4390,4390,74.33,Pass,Rajesh,Rejected
4391,4391,76.29,Pass,Rajesh,Approved
4392,4392,81.02,Fail,Anitha,Approved
4393,4393,83.41,Fail,Sneha,Minor issue found
4394,4394,91.2,Pass,Priya,Approved
4395,4395,71.47,Pass,Sneha,Requires inspection
4396,4396,93.11,Pass,Rajesh,Requires inspection
4397,4397,81.32,Pass,Priya,Minor issue found
4398,4398,77.24,Pass,Kumar,Approved
4399,4399,99.8,Pass,Kumar,Requires inspection
4400,4400,99.01,Fail,Rajesh,Requires inspection
4401,4401,82.12,Pass,Sneha,Requires inspection
4402,4402,94.99,Pass,Priya,Approved
4403,4403,85.91,Pass,Sneha,Minor issue found
4404,4404,97.36,Pass,Kumar,Minor issue found
4405,4405,87.36,Pass,Kumar,Minor issue found
4406,4406,96.58,Pass,Sneha,Requires inspection
4407,4407,81.42,Pass,Sneha,Approved
4408,4408,84.26,Pass,Anitha,Rejected
4409,4409,93.44,Pass,Rajesh,Minor issue found
4410,4410,85.91,Pass,Sneha,Minor issue found
4411,4411,71.76,Pass,Kumar,Requires inspection
4412,4412,73.47,Fail,Anitha,Minor issue found
4413,4413,72.98,Pass,Sneha,Requires inspection
4414,4414,89.32,Pass,Anitha,Minor issue found
4415,4415,80.38,Pass,Rajesh,Requires inspection
4416,4416,79.43,Pass,Kumar,Rejected
4417,4417,90.7,Pass,Kumar,Requires inspection
4418,4418,87.67,Fail,Anitha,Rejected
4419,4419,97.24,Pass,Anitha,Rejected
4420,4420,70.76,Pass,Priya,Rejected
4421,4421,70.35,Fail,Sneha,Rejected
4422,4422,75.31,Pass,Rajesh,Requires inspection
4423,4423,77.25,Pass,Kumar,Minor issue found
4424,4424,90.93,Fail,Kumar,Requires inspection
4425,4425,95.02,Pass,Priya,Requires inspection
4426,4426,76.39,Pass,Anitha,Minor issue found
4427,4427,80.15,Fail,Anitha,Requires inspection
4428,4428,78.93,Pass,Rajesh,Rejected
4429,4429,97.49,Pass,Priya,Rejected
4430,4430,91.51,Fail,Anitha,Minor issue found
4431,4431,94.91,Pass,Sneha,Approved
4432,4432,72.99,Pass,Sneha,Requires inspection
4433,4433,78.99,Pass,Kumar,Approved
4434,4434,79.06,Fail,Priya,Rejected
4435,4435,74.78,Fail,Kumar,Requires inspection
4436,4436,93.6,Fail,Rajesh,Minor issue found
4437,4437,78.9,Pass,Sneha,Minor issue found
4438,4438,78.46,Pass,Kumar,Requires inspection
4439,4439,70.59,Fail,Kumar,Requires inspection
4440,4440,83.91,Pass,Kumar,Rejected
4441,4441,86.99,Pass,Sneha,Requires inspection
4442,4442,86.74,Pass,Priya,Approved
4443,4443,95.39,Pass,Priya,Rejected
4444,4444,78.94,Pass,Kumar,Approved
4445,4445,84.79,Fail,Kumar,Approved
4446,4446,97.59,Pass,Priya,Approved
4447,4447,78.41,Pass,Sneha,Approved
4448,4448,72.43,Pass,Anitha,Requires inspection
4449,4449,84.04,Pass,Rajesh,Rejected
4450,4450,87.32,Pass,Anitha,Approved
4451,4451,94.56,Pass,Anitha,Minor issue found
4452,4452,90.48,Pass,Kumar,Approved
4453,4453,99.77,Pass,Priya,Approved
4454,4454,90.88,Pass,Rajesh,Minor issue found
4455,4455,73.73,Pass,Rajesh,Rejected
4456,4456,89.74,Fail,Priya,Approved
4457,4457,89.8,Pass,Kumar,Minor issue found
4458,4458,88.33,Fail,Sneha,Minor issue found
4459,4459,81.19,Pass,Anitha,Requires inspection
4460,4460,84.82,Pass,Anitha,Approved
4461,4461,74.13,Pass,Sneha,Requires inspection
4462,4462,82.19,Pass,Kumar,Approved
4463,4463,76.84,Pass,Kumar,Approved
4464,4464,86.02,Pass,Anitha,Approved
4465,4465,99.67,Pass,Kumar,Approved
4466,4466,92.0,Pass,Kumar,Approved
4467,4467,70.38,Fail,Kumar,Approved
4468,4468,97.73,Pass,Kumar,Rejected
4469,4469,91.26,Pass,Rajesh,Approved
4470,4470,80.85,Pass,Kumar,Requires inspection
4471,4471,89.53,Pass,Kumar,Approved
4472,4472,80.21,Fail,Rajesh,Minor issue found
4473,4473,76.12,Pass,Kumar,Requires inspection
4474,4474,73.48,Pass,Rajesh,Requires inspection
4475,4475,70.17,Pass,Kumar,Requires inspection
4476,4476,90.47,Fail,Anitha,Minor issue found
4477,4477,73.91,Pass,Anitha,Requires inspection
4478,4478,92.68,Pass,Priya,Minor issue found
4479,4479,75.22,Pass,Kumar,Rejected
4480,4480,96.93,Pass,Priya,Rejected
4481,4481,78.99,Pass,Sneha,Approved
4482,4482,71.13,Pass,Sneha,Requires inspection
4483,4483,92.66,Pass,Kumar,Rejected
4484,4484,87.84,Pass,Anitha,Minor issue found
4485,4485,90.02,Pass,Sneha,Minor issue found
4486,4486,85.87,Fail,Rajesh,Minor issue found
4487,4487,77.32,Pass,Priya,Rejected
4488,4488,72.24,Pass,Kumar,Requires inspection
4489,4489,74.25,Pass,Anitha,Requires inspection
4490,4490,75.07,Pass,Rajesh,Rejected
4491,4491,90.99,Fail,Sneha,Approved
4492,4492,80.66,Pass,Sneha,Minor issue found
4493,4493,88.79,Fail,Anitha,Minor issue found
4494,4494,93.21,Pass,Anitha,Rejected
4495,4495,75.94,Pass,Anitha,Minor issue found
4496,4496,87.8,Pass,Priya,Approved
4497,4497,76.35,Pass,Priya,Rejected
4498,4498,92.89,Pass,Sneha,Requires inspection
4499,4499,87.31,Pass,Anitha,Requires inspection
4500,4500,85.51,Pass,Rajesh,Approved
4501,4501,85.35,Pass,Rajesh,Rejected
4502,4502,75.5,Pass,Sneha,Rejected
4503,4503,90.61,Pass,Priya,Minor issue found
4504,4504,73.9,Pass,Kumar,Minor issue found
4505,4505,79.54,Pass,Priya,Minor issue found
4506,4506,70.91,Pass,Sneha,Rejected
4507,4507,70.86,Pass,Kumar,Approved
4508,4508,88.83,Pass,Anitha,Approved
4509,4509,90.69,Pass,Rajesh,Requires inspection
4510,4510,70.08,Pass,Kumar,Approved
4511,4511,98.37,Pass,Anitha,Requires inspection
4512,4512,91.67,Pass,Sneha,Requires inspection
4513,4513,85.23,Pass,Rajesh,Rejected
4514,4514,87.8,Pass,Sneha,Requires inspection
4515,4515,72.71,Pass,Kumar,Requires inspection
4516,4516,72.89,Fail,Priya,Approved
4517,4517,79.27,Pass,Rajesh,Approved
4518,4518,82.02,Pass,Rajesh,Rejected
4519,4519,88.35,Fail,Sneha,Minor issue found
4520,4520,93.07,Fail,Anitha,Approved
4521,4521,70.88,Pass,Anitha,Minor issue found
4522,4522,80.7,Pass,Sneha,Minor issue found
4523,4523,72.69,Fail,Sneha,Approved
4524,4524,73.14,Pass,Sneha,Rejected
4525,4525,71.96,Pass,Anitha,Minor issue found
4526,4526,79.59,Pass,Priya,Requires inspection
4527,4527,73.88,Pass,Rajesh,Requires inspection
4528,4528,77.19,Pass,Anitha,Rejected
4529,4529,72.03,Pass,Anitha,Approved
4530,4530,98.63,Pass,Sneha,Minor issue found
4531,4531,91.86,Pass,Sneha,Approved
4532,4532,74.77,Pass,Kumar,Approved
4533,4533,77.41,Pass,Priya,Rejected
4534,4534,88.88,Pass,Sneha,Requires inspection
4535,4535,88.07,Pass,Rajesh,Rejected
4536,4536,87.5,Pass,Priya,Approved
4537,4537,77.67,Pass,Anitha,Approved
4538,4538,72.19,Pass,Anitha,Rejected
4539,4539,92.3,Pass,Kumar,Minor issue found
4540,4540,77.53,Pass,Anitha,Requires inspection
4541,4541,89.18,Pass,Anitha,Minor issue found
4542,4542,73.37,Pass,Priya,Approved
4543,4543,80.09,Pass,Sneha,Rejected
4544,4544,87.87,Pass,Priya,Rejected
4545,4545,88.91,Pass,Anitha,Approved
4546,4546,99.86,Fail,Kumar,Approved
4547,4547,81.43,Fail,Sneha,Approved
4548,4548,74.18,Pass,Rajesh,Rejected
4549,4549,81.59,Pass,Priya,Approved
4550,4550,99.39,Fail,Rajesh,Requires inspection
4551,4551,97.17,Pass,Priya,Rejected
4552,4552,77.13,Pass,Kumar,Approved
4553,4553,87.58,Pass,Sneha,Approved
4554,4554,79.13,Pass,Kumar,Minor issue found
4555,4555,72.2,Pass,Anitha,Approved
4556,4556,98.46,Fail,Priya,Minor issue found
4557,4557,73.83,Pass,Sneha,Approved
4558,4558,96.01,Pass,Priya,Requires inspection
4559,4559,85.53,Pass,Rajesh,Approved
4560,4560,99.39,Fail,Priya,Requires inspection
4561,4561,80.19,Pass,Rajesh,Requires inspection
4562,4562,82.96,Pass,Kumar,Requires inspection
4563,4563,91.57,Pass,Kumar,Approved
4564,4564,82.12,Fail,Priya,Approved
4565,4565,84.67,Pass,Anitha,Minor issue found
4566,4566,92.01,Pass,Kumar,Minor issue found
4567,4567,93.64,Fail,Priya,Rejected
4568,4568,94.71,Fail,Priya,Minor issue found
4569,4569,74.26,Pass,Rajesh,Rejected
4570,4570,76.25,Pass,Sneha,Approved
4571,4571,73.42,Fail,Anitha,Approved
4572,4572,83.39,Pass,Kumar,Rejected
4573,4573,84.08,Pass,Sneha,Minor issue found
4574,4574,90.55,Pass,Sneha,Minor issue found
4575,4575,83.55,Pass,Priya,Requires inspection
4576,4576,76.91,Pass,Anitha,Rejected
4577,4577,73.58,Pass,Kumar,Minor issue found
4578,4578,79.3,Fail,Priya,Minor issue found
4579,4579,81.2,Fail,Anitha,Approved
4580,4580,91.48,Pass,Sneha,Rejected
4581,4581,98.69,Fail,Rajesh,Approved
4582,4582,98.54,Pass,Sneha,Rejected
4583,4583,80.05,Pass,Anitha,Requires inspection
4584,4584,85.64,Fail,Priya,Requires inspection
4585,4585,79.95,Pass,Rajesh,Requires inspection
4586,4586,71.32,Pass,Anitha,Approved
4587,4587,73.94,Pass,Rajesh,Requires inspection
4588,4588,72.1,Pass,Kumar,Rejected
4589,4589,85.78,Pass,Kumar,Approved
4590,4590,72.86,Fail,Sneha,Approved
4591,4591,85.29,Fail,Sneha,Requires inspection
4592,4592,75.9,Pass,Priya,Approved
4593,4593,75.07,Pass,Rajesh,Rejected
4594,4594,93.39,Pass,Kumar,Approved
4595,4595,85.82,Pass,Kumar,Rejected
4596,4596,93.64,Pass,Kumar,Requires inspection
4597,4597,81.71,Pass,Kumar,Approved
4598,4598,76.3,Pass,Sneha,Approved
4599,4599,90.82,Pass,Sneha,Minor issue found
4600,4600,89.55,Pass,Priya,Rejected
4601,4601,86.12,Pass,Rajesh,Requires inspection
4602,4602,88.26,Fail,Anitha,Rejected
4603,4603,94.72,Pass,Anitha,Requires inspection
4604,4604,78.03,Pass,Sneha,Rejected
4605,4605,70.18,Pass,Sneha,Rejected
4606,4606,88.8,Pass,Anitha,Approved
4607,4607,71.37,Pass,Sneha,Rejected
4608,4608,93.95,Pass,Sneha,Approved
4609,4609,84.9,Pass,Kumar,Requires inspection
4610,4610,81.76,Pass,Priya,Minor issue found
4611,4611,74.76,Pass,Sneha,Requires inspection
4612,4612,75.86,Pass,Rajesh,Approved
4613,4613,85.42,Pass,Kumar,Requires inspection
4614,4614,93.18,Pass,Sneha,Minor issue found
4615,4615,77.68,Pass,Kumar,Approved
4616,4616,91.76,Fail,Anitha,Rejected
4617,4617,87.86,Pass,Priya,Rejected
4618,4618,85.76,Pass,Rajesh,Approved
4619,4619,78.91,Pass,Anitha,Approved
4620,4620,84.3,Pass,Anitha,Minor issue found
4621,4621,92.58,Pass,Kumar,Approved
4622,4622,75.07,Pass,Rajesh,Requires inspection
4623,4623,70.19,Pass,Kumar,Rejected
4624,4624,99.55,Pass,Rajesh,Rejected
4625,4625,79.79,Pass,Anitha,Approved
4626,4626,94.57,Fail,Kumar,Requires inspection
4627,4627,88.47,Pass,Anitha,Requires inspection
4628,4628,84.61,Pass,Kumar,Minor issue found
4629,4629,92.57,Pass,Sneha,Approved
4630,4630,71.28,Pass,Priya,Minor issue found
4631,4631,76.5,Pass,Anitha,Requires inspection
4632,4632,76.36,Pass,Anitha,Rejected
4633,4633,77.1,Fail,Anitha,Approved
4634,4634,73.77,Pass,Kumar,Approved
4635,4635,91.35,Pass,Anitha,Requires inspection
4636,4636,98.04,Pass,Sneha,Rejected
4637,4637,98.2,Pass,Sneha,Rejected
4638,4638,94.07,Pass,Rajesh,Approved
4639,4639,82.08,Fail,Priya,Minor issue found
4640,4640,85.37,Pass,Anitha,Requires inspection
4641,4641,72.73,Pass,Rajesh,Rejected
4642,4642,97.94,Pass,Sneha,Approved
4643,4643,78.03,Pass,Sneha,Requires inspection
4644,4644,94.76,Pass,Anitha,Approved
4645,4645,83.62,Pass,Rajesh,Rejected
4646,4646,86.97,Pass,Priya,Approved
4647,4647,99.16,Pass,Priya,Requires inspection
4648,4648,79.35,Pass,Anitha,Requires inspection
4649,4649,95.82,Pass,Rajesh,Rejected
4650,4650,87.23,Pass,Anitha,Minor issue found
4651,4651,75.51,Pass,Rajesh,Minor issue found
4652,4652,77.62,Fail,Rajesh,Minor issue found
4653,4653,89.6,Pass,Anitha,Approved
4654,4654,85.55,Pass,Priya,Rejected
4655,4655,88.67,Pass,Anitha,Approved
4656,4656,87.97,Fail,Priya,Requires inspection
4657,4657,85.8,Pass,Kumar,Approved
4658,4658,87.71,Pass,Rajesh,Minor issue found
4659,4659,79.95,Pass,Anitha,Requires inspection
4660,4660,80.75,Pass,Sneha,Requires inspection
4661,4661,89.97,Pass,Rajesh,Requires inspection
4662,4662,79.51,Pass,Anitha,Minor issue found
4663,4663,77.13,Pass,Rajesh,Rejected
4664,4664,84.67,Pass,Sneha,Minor issue found
4665,4665,87.69,Pass,Anitha,Approved
4666,4666,86.49,Pass,Kumar,Minor issue found
4667,4667,81.95,Pass,Rajesh,Requires inspection
4668,4668,91.59,Pass,Anitha,Minor issue found
4669,4669,93.95,Pass,Anitha,Requires inspection
4670,4670,81.93,Pass,Kumar,Minor issue found
4671,4671,78.68,Pass,Kumar,Requires inspection
4672,4672,70.59,Pass,Kumar,Requires inspection
4673,4673,96.07,Pass,Priya,Requires inspection
4674,4674,70.09,Pass,Kumar,Approved
4675,4675,76.48,Fail,Sneha,Requires inspection
4676,4676,84.98,Pass,Anitha,Rejected
4677,4677,76.55,Pass,Rajesh,Requires inspection
4678,4678,70.55,Pass,Sneha,Approved
4679,4679,70.42,Fail,Priya,Approved
4680,4680,80.4,Pass,Kumar,Rejected
4681,4681,86.97,Pass,Kumar,Requires inspection
4682,4682,87.84,Pass,Anitha,Approved
4683,4683,73.91,Pass,Rajesh,Rejected
4684,4684,90.84,Pass,Kumar,Approved
4685,4685,77.78,Pass,Anitha,Approved
4686,4686,89.41,Pass,Anitha,Minor issue found
4687,4687,96.94,Fail,Kumar,Approved
4688,4688,85.69,Fail,Kumar,Minor issue found
4689,4689,98.14,Pass,Rajesh,Requires inspection
4690,4690,84.22,Pass,Anitha,Approved
4691,4691,88.16,Pass,Priya,Approved
4692,4692,73.25,Pass,Priya,Approved
4693,4693,71.37,Pass,Anitha,Rejected
4694,4694,90.07,Pass,Sneha,Requires inspection
4695,4695,84.85,Pass,Sneha,Requires inspection
4696,4696,86.16,Fail,Anitha,Requires inspection
4697,4697,84.47,Pass,Kumar,Requires inspection
4698,4698,95.62,Pass,Rajesh,Approved
4699,4699,93.61,Pass,Anitha,Requires inspection
4700,4700,83.45,Pass,Priya,Approved
4701,4701,79.23,Pass,Rajesh,Approved
4702,4702,89.46,Pass,Kumar,Requires inspection
4703,4703,95.4,Pass,Rajesh,Approved
4704,4704,96.54,Pass,Sneha,Minor issue found
4705,4705,84.31,Pass,Kumar,Rejected
4706,4706,93.04,Pass,Sneha,Rejected
4707,4707,84.74,Pass,Sneha,Rejected
4708,4708,88.24,Pass,Rajesh,Minor issue found
4709,4709,88.19,Fail,Sneha,Requires inspection
4710,4710,94.36,Pass,Anitha,Minor issue found
4711,4711,96.13,Pass,Kumar,Minor issue found
4712,4712,70.56,Pass,Priya,Rejected
4713,4713,86.21,Pass,Kumar,Rejected
4714,4714,83.76,Pass,Anitha,Approved
4715,4715,81.39,Pass,Anitha,Rejected
4716,4716,81.28,Pass,Priya,Rejected
4717,4717,96.52,Pass,Priya,Rejected
4718,4718,95.13,Pass,Anitha,Minor issue found
4719,4719,82.55,Pass,Anitha,Minor issue found
4720,4720,85.14,Pass,Rajesh,Rejected
4721,4721,82.66,Fail,Anitha,Rejected
4722,4722,79.37,Pass,Kumar,Approved
4723,4723,78.36,Pass,Anitha,Approved
4724,4724,89.13,Pass,Rajesh,Approved
4725,4725,70.48,Pass,Kumar,Requires inspection
4726,4726,79.01,Pass,Anitha,Minor issue found
4727,4727,90.55,Fail,Sneha,Requires inspection
4728,4728,87.59,Pass,Anitha,Approved
4729,4729,74.98,Pass,Sneha,Requires inspection
4730,4730,92.58,Pass,Priya,Requires inspection
4731,4731,91.28,Pass,Rajesh,Requires inspection
4732,4732,82.27,Pass,Rajesh,Minor issue found
4733,4733,73.64,Pass,Rajesh,Requires inspection
4734,4734,96.16,Pass,Kumar,Minor issue found
4735,4735,79.06,Pass,Rajesh,Minor issue found
4736,4736,81.45,Pass,Rajesh,Requires inspection
4737,4737,89.04,Pass,Sneha,Rejected
4738,4738,79.38,Pass,Rajesh,Requires inspection
4739,4739,83.23,Pass,Sneha,Approved
4740,4740,88.09,Pass,Rajesh,Requires inspection
4741,4741,83.93,Pass,Sneha,Rejected
4742,4742,81.86,Pass,Priya,Approved
4743,4743,88.52,Pass,Priya,Approved
4744,4744,71.15,Pass,Anitha,Approved
4745,4745,85.26,Pass,Kumar,Approved
4746,4746,98.68,Pass,Sneha,Minor issue found
4747,4747,79.33,Pass,Priya,Approved
4748,4748,71.9,Pass,Sneha,Rejected
4749,4749,97.12,Pass,Rajesh,Minor issue found
4750,4750,80.54,Pass,Rajesh,Minor issue found
4751,4751,95.29,Fail,Sneha,Minor issue found
4752,4752,75.42,Pass,Kumar,Approved
4753,4753,93.01,Pass,Rajesh,Approved
4754,4754,89.52,Pass,Kumar,Minor issue found
4755,4755,95.59,Pass,Sneha,Approved
4756,4756,71.36,Fail,Rajesh,Approved
4757,4757,75.09,Pass,Sneha,Approved
4758,4758,86.31,Pass,Rajesh,Minor issue found
4759,4759,83.38,Pass,Anitha,Requires inspection
4760,4760,72.01,Pass,Rajesh,Approved
4761,4761,92.37,Pass,Priya,Requires inspection
4762,4762,84.88,Pass,Rajesh,Approved
4763,4763,78.39,Pass,Anitha,Requires inspection
4764,4764,75.89,Pass,Kumar,Requires inspection
4765,4765,74.55,Pass,Sneha,Rejected
4766,4766,76.8,Fail,Kumar,Requires inspection
4767,4767,74.71,Pass,Kumar,Approved
4768,4768,93.5,Pass,Rajesh,Requires inspection
4769,4769,93.14,Fail,Priya,Minor issue found
4770,4770,88.51,Pass,Kumar,Approved
4771,4771,82.25,Pass,Anitha,Requires inspection
4772,4772,70.63,Pass,Rajesh,Rejected
4773,4773,87.87,Pass,Kumar,Approved
4774,4774,79.83,Pass,Kumar,Rejected
4775,4775,90.1,Pass,Kumar,Minor issue found
4776,4776,99.69,Pass,Anitha,Minor issue found
4777,4777,87.15,Pass,Kumar,Minor issue found
4778,4778,81.56,Pass,Sneha,Requires inspection
4779,4779,75.55,Pass,Anitha,Approved
4780,4780,72.8,Pass,Sneha,Rejected
4781,4781,73.01,Fail,Priya,Rejected
4782,4782,94.32,Pass,Sneha,Minor issue found
4783,4783,71.46,Pass,Priya,Requires inspection
4784,4784,92.89,Pass,Anitha,Rejected
4785,4785,92.58,Pass,Kumar,Minor issue found
4786,4786,87.45,Pass,Priya,Approved
4787,4787,95.34,Pass,Rajesh,Minor issue found
4788,4788,85.91,Pass,Anitha,Minor issue found
4789,4789,89.76,Pass,Priya,Approved
4790,4790,73.26,Fail,Sneha,Approved
4791,4791,94.03,Pass,Kumar,Requires inspection
4792,4792,73.63,Pass,Kumar,Requires inspection
4793,4793,96.41,Pass,Kumar,Approved
4794,4794,84.57,Pass,Kumar,Approved
4795,4795,74.51,Pass,Rajesh,Approved
4796,4796,79.15,Pass,Anitha,Minor issue found
4797,4797,83.63,Pass,Sneha,Minor issue found
4798,4798,90.71,Pass,Priya,Requires inspection
4799,4799,81.86,Pass,Priya,Requires inspection
4800,4800,88.06,Pass,Kumar,Rejected
4801,4801,71.27,Pass,Rajesh,Minor issue found
4802,4802,87.94,Pass,Sneha,Minor issue found
4803,4803,87.51,Pass,Anitha,Minor issue found
4804,4804,80.7,Pass,Anitha,Approved
4805,4805,96.8,Pass,Anitha,Minor issue found
4806,4806,91.35,Pass,Priya,Approved
4807,4807,78.71,Fail,Sneha,Requires inspection
4808,4808,97.91,Pass,Rajesh,Minor issue found
4809,4809,80.83,Fail,Kumar,Requires inspection
4810,4810,84.29,Pass,Kumar,Minor issue found
4811,4811,92.8,Pass,Sneha,Requires inspection
4812,4812,85.47,Pass,Sneha,Approved
4813,4813,70.09,Pass,Anitha,Minor issue found
4814,4814,87.73,Fail,Anitha,Requires inspection
4815,4815,83.95,Pass,Priya,Minor issue found
4816,4816,74.55,Pass,Anitha,Approved
4817,4817,92.69,Pass,Sneha,Approved
4818,4818,99.84,Pass,Rajesh,Minor issue found
4819,4819,94.08,Pass,Anitha,Approved
4820,4820,87.71,Pass,Anitha,Approved
4821,4821,81.34,Fail,Priya,Minor issue found
4822,4822,76.44,Pass,Rajesh,Requires inspection
4823,4823,75.41,Pass,Rajesh,Minor issue found
4824,4824,84.03,Pass,Anitha,Requires inspection
4825,4825,86.71,Pass,Anitha,Approved
4826,4826,90.98,Pass,Sneha,Minor issue found
4827,4827,95.61,Pass,Priya,Rejected
4828,4828,83.53,Pass,Kumar,Rejected
4829,4829,97.87,Fail,Anitha,Minor issue found
4830,4830,95.75,Fail,Sneha,Minor issue found
4831,4831,70.83,Pass,Kumar,Rejected
4832,4832,89.13,Pass,Rajesh,Requires inspection
4833,4833,73.7,Pass,Priya,Requires inspection
4834,4834,82.07,Pass,Priya,Minor issue found
4835,4835,95.19,Pass,Priya,Approved
4836,4836,82.61,Pass,Rajesh,Requires inspection
4837,4837,87.74,Pass,Priya,Rejected
4838,4838,97.96,Pass,Kumar,Minor issue found
4839,4839,94.42,Pass,Priya,Approved
4840,4840,83.93,Fail,Sneha,Minor issue found
4841,4841,95.78,Pass,Kumar,Rejected
4842,4842,85.91,Pass,Rajesh,Minor issue found
4843,4843,85.09,Pass,Anitha,Rejected
4844,4844,96.67,Pass,Rajesh,Minor issue found
4845,4845,90.67,Pass,Rajesh,Rejected
4846,4846,77.92,Fail,Sneha,Approved
4847,4847,89.28,Pass,Kumar,Rejected
4848,4848,81.91,Pass,Kumar,Approved
4849,4849,79.45,Pass,Priya,Approved
4850,4850,88.86,Pass,Sneha,Approved
4851,4851,81.32,Pass,Priya,Requires inspection
4852,4852,92.3,Pass,Priya,Rejected
4853,4853,98.01,Pass,Kumar,Rejected
4854,4854,96.18,Pass,Rajesh,Rejected
4855,4855,97.05,Fail,Sneha,Minor issue found
4856,4856,75.11,Pass,Priya,Approved
4857,4857,97.56,Pass,Rajesh,Approved
4858,4858,81.19,Pass,Anitha,Approved
4859,4859,95.39,Pass,Rajesh,Rejected
4860,4860,91.55,Pass,Sneha,Minor issue found
4861,4861,79.05,Pass,Sneha,Approved
4862,4862,72.94,Pass,Priya,Minor issue found
4863,4863,83.1,Pass,Priya,Minor issue found
4864,4864,80.74,Pass,Priya,Rejected
4865,4865,71.79,Pass,Kumar,Rejected
4866,4866,76.34,Pass,Kumar,Rejected
4867,4867,99.29,Pass,Anitha,Minor issue found
4868,4868,84.54,Pass,Rajesh,Minor issue found
4869,4869,91.8,Pass,Kumar,Requires inspection
4870,4870,81.81,Pass,Priya,Rejected
4871,4871,98.46,Pass,Sneha,Requires inspection
4872,4872,94.48,Pass,Anitha,Approved
4873,4873,83.4,Pass,Kumar,Requires inspection
4874,4874,92.87,Pass,Rajesh,Approved
4875,4875,86.77,Pass,Sneha,Requires inspection
4876,4876,96.3,Fail,Sneha,Minor issue found
4877,4877,77.22,Pass,Rajesh,Requires inspection
4878,4878,91.92,Pass,Priya,Minor issue found
4879,4879,86.35,Pass,Rajesh,Requires inspection
4880,4880,80.6,Pass,Rajesh,Rejected
4881,4881,81.7,Pass,Kumar,Rejected
4882,4882,98.57,Pass,Sneha,Rejected
4883,4883,99.72,Fail,Kumar,Minor issue found
4884,4884,96.1,Pass,Priya,Rejected
4885,4885,99.53,Pass,Anitha,Rejected
4886,4886,87.05,Fail,Sneha,Approved
4887,4887,83.65,Pass,Kumar,Approved
4888,4888,77.77,Pass,Priya,Approved
4889,4889,78.55,Pass,Sneha,Rejected
4890,4890,86.59,Pass,Kumar,Approved
4891,4891,87.62,Pass,Sneha,Minor issue found
4892,4892,90.21,Pass,Anitha,Rejected
4893,4893,96.1,Pass,Anitha,Approved
4894,4894,81.72,Pass,Anitha,Requires inspection
4895,4895,78.99,Pass,Kumar,Requires inspection
4896,4896,98.5,Pass,Rajesh,Requires inspection
4897,4897,78.2,Pass,Rajesh,Minor issue found
4898,4898,70.41,Pass,Sneha,Requires inspection
4899,4899,82.94,Pass,Kumar,Rejected
4900,4900,93.67,Pass,Rajesh,Minor issue found
4901,4901,93.58,Fail,Priya,Requires inspection
4902,4902,80.39,Pass,Kumar,Approved
4903,4903,81.28,Pass,Kumar,Requires inspection
4904,4904,91.44,Pass,Priya,Approved
4905,4905,76.54,Pass,Sneha,Approved
4906,4906,97.71,Pass,Priya,Rejected
4907,4907,97.4,Pass,Kumar,Approved
4908,4908,70.39,Pass,Sneha,Requires inspection
4909,4909,84.47,Pass,Kumar,Requires inspection
4910,4910,98.46,Pass,Sneha,Minor issue found
4911,4911,91.35,Pass,Anitha,Rejected
4912,4912,86.95,Pass,Priya,Approved
4913,4913,97.31,Pass,Priya,Approved
4914,4914,75.89,Fail,Sneha,Approved
4915,4915,79.63,Pass,Priya,Rejected
4916,4916,83.17,Fail,Rajesh,Approved
4917,4917,82.64,Fail,Rajesh,Rejected
4918,4918,75.14,Pass,Rajesh,Minor issue found
4919,4919,85.01,Pass,Rajesh,Approved
4920,4920,88.86,Pass,Rajesh,Requires inspection
4921,4921,71.49,Pass,Rajesh,Minor issue found
4922,4922,76.06,Pass,Rajesh,Rejected
4923,4923,70.69,Fail,Rajesh,Requires inspection
4924,4924,91.46,Pass,Kumar,Minor issue found
4925,4925,86.23,Pass,Kumar,Approved
4926,4926,93.89,Pass,Priya,Approved
4927,4927,80.38,Pass,Priya,Approved
4928,4928,70.57,Pass,Rajesh,Rejected
4929,4929,94.27,Fail,Sneha,Requires inspection
4930,4930,88.22,Pass,Anitha,Minor issue found
4931,4931,91.32,Fail,Sneha,Minor issue found
4932,4932,98.32,Pass,Anitha,Approved
4933,4933,84.89,Pass,Anitha,Rejected
4934,4934,92.38,Pass,Sneha,Minor issue found
4935,4935,89.73,Pass,Kumar,Minor issue found
4936,4936,93.1,Pass,Kumar,Approved
4937,4937,98.65,Pass,Sneha,Requires inspection
4938,4938,84.31,Pass,Rajesh,Requires inspection
4939,4939,76.52,Pass,Priya,Rejected
4940,4940,78.21,Pass,Priya,Minor issue found
4941,4941,76.77,Fail,Priya,Approved
4942,4942,84.16,Pass,Rajesh,Rejected
4943,4943,83.59,Pass,Rajesh,Rejected
4944,4944,95.0,Fail,Sneha,Requires inspection
4945,4945,93.44,Pass,Rajesh,Rejected
4946,4946,96.47,Pass,Rajesh,Requires inspection
4947,4947,75.3,Pass,Sneha,Requires inspection
4948,4948,71.99,Fail,Rajesh,Requires inspection
4949,4949,96.49,Pass,Sneha,Approved
4950,4950,97.96,Pass,Rajesh,Minor issue found
4951,4951,90.48,Pass,Sneha,Minor issue found
4952,4952,78.99,Pass,Kumar,Requires inspection
4953,4953,85.51,Pass,Kumar,Approved
4954,4954,81.22,Pass,Anitha,Minor issue found
4955,4955,77.24,Pass,Priya,Requires inspection
4956,4956,82.7,Pass,Priya,Requires inspection
4957,4957,78.06,Fail,Kumar,Approved
4958,4958,81.46,Pass,Sneha,Approved
4959,4959,83.49,Pass,Sneha,Approved
4960,4960,95.92,Pass,Rajesh,Rejected
4961,4961,71.46,Pass,Sneha,Rejected
4962,4962,81.94,Pass,Anitha,Requires inspection
4963,4963,81.39,Pass,Sneha,Rejected
4964,4964,76.33,Pass,Priya,Minor issue found
4965,4965,79.09,Pass,Rajesh,Approved
4966,4966,85.4,Pass,Sneha,Rejected
4967,4967,96.84,Pass,Priya,Approved
4968,4968,83.84,Fail,Sneha,Rejected
4969,4969,86.1,Pass,Sneha,Requires inspection
4970,4970,97.35,Pass,Sneha,Rejected
4971,4971,90.56,Pass,Sneha,Rejected
4972,4972,82.13,Pass,Anitha,Requires inspection
4973,4973,87.42,Pass,Kumar,Approved
4974,4974,70.69,Pass,Sneha,Approved
4975,4975,76.54,Pass,Sneha,Approved
4976,4976,79.73,Pass,Kumar,Minor issue found
4977,4977,79.14,Pass,Priya,Approved
4978,4978,79.65,Pass,Sneha,Approved
4979,4979,97.1,Pass,Anitha,Approved
4980,4980,71.44,Pass,Anitha,Rejected
4981,4981,98.22,Fail,Kumar,Rejected
4982,4982,91.3,Pass,Kumar,Requires inspection
4983,4983,95.3,Pass,Priya,Minor issue found
4984,4984,70.25,Pass,Kumar,Approved
4985,4985,90.56,Pass,Rajesh,Minor issue found
4986,4986,75.7,Pass,Kumar,Rejected
4987,4987,90.95,Pass,Priya,Rejected
4988,4988,85.19,Pass,Kumar,Rejected
4989,4989,74.81,Pass,Kumar,Requires inspection
4990,4990,86.52,Pass,Kumar,Requires inspection
4991,4991,83.2,Pass,Sneha,Approved
4992,4992,85.87,Pass,Priya,Minor issue found
4993,4993,93.82,Pass,Sneha,Minor issue found
4994,4994,90.41,Pass,Kumar,Approved
4995,4995,78.95,Pass,Sneha,Rejected
4996,4996,73.78,Pass,Kumar,Requires inspection
4997,4997,86.08,Fail,Priya,Minor issue found
4998,4998,84.34,Pass,Kumar,Rejected
4999,4999,72.06,Pass,Anitha,Minor issue found
5000,5000,75.7,Pass,Rajesh,Approved
5001,5001,88.9,Pass,Rajesh,Rejected
5002,5002,82.65,Pass,Anitha,Requires inspection
5003,5003,75.18,Pass,Rajesh,Rejected
5004,5004,73.89,Pass,Sneha,Approved
5005,5005,96.6,Pass,Sneha,Minor issue found
5006,5006,90.45,Pass,Sneha,Approved
5007,5007,80.54,Pass,Sneha,Rejected
5008,5008,97.35,Fail,Sneha,Requires inspection
5009,5009,91.04,Pass,Anitha,Minor issue found
5010,5010,86.09,Pass,Kumar,Requires inspection
5011,5011,86.7,Pass,Sneha,Requires inspection
5012,5012,75.02,Pass,Kumar,Approved
5013,5013,97.0,Fail,Priya,Rejected
5014,5014,72.71,Fail,Anitha,Minor issue found
5015,5015,80.23,Pass,Rajesh,Approved
5016,5016,92.79,Pass,Sneha,Minor issue found
5017,5017,78.02,Pass,Kumar,Minor issue found
5018,5018,72.77,Pass,Priya,Approved
5019,5019,96.83,Pass,Sneha,Minor issue found
5020,5020,89.93,Pass,Rajesh,Approved
5021,5021,88.38,Pass,Anitha,Minor issue found
5022,5022,80.17,Pass,Sneha,Requires inspection
5023,5023,77.29,Pass,Rajesh,Minor issue found
5024,5024,90.82,Pass,Sneha,Rejected
5025,5025,83.1,Pass,Anitha,Rejected
5026,5026,70.86,Pass,Priya,Approved
5027,5027,73.14,Pass,Priya,Rejected
5028,5028,95.39,Pass,Priya,Rejected
5029,5029,86.91,Pass,Priya,Rejected
5030,5030,73.55,Pass,Anitha,Rejected
5031,5031,75.5,Pass,Kumar,Requires inspection
5032,5032,84.63,Pass,Anitha,Requires inspection
5033,5033,90.0,Pass,Kumar,Rejected
5034,5034,90.57,Pass,Kumar,Rejected
5035,5035,80.53,Fail,Rajesh,Rejected
5036,5036,85.71,Pass,Priya,Approved
5037,5037,95.1,Pass,Priya,Minor issue found
5038,5038,97.9,Pass,Anitha,Approved
5039,5039,76.45,Fail,Priya,Requires inspection
5040,5040,94.11,Pass,Kumar,Rejected
5041,5041,91.81,Pass,Kumar,Requires inspection
5042,5042,87.68,Fail,Anitha,Minor issue found
5043,5043,98.8,Pass,Kumar,Minor issue found
5044,5044,90.16,Pass,Priya,Minor issue found
5045,5045,81.62,Pass,Priya,Requires inspection
5046,5046,73.04,Pass,Anitha,Rejected
5047,5047,79.22,Pass,Anitha,Requires inspection
5048,5048,80.91,Fail,Kumar,Requires inspection
5049,5049,92.53,Pass,Anitha,Approved
5050,5050,80.45,Pass,Rajesh,Approved
5051,5051,89.81,Pass,Priya,Approved
5052,5052,73.42,Pass,Anitha,Rejected
5053,5053,97.79,Pass,Kumar,Minor issue found
5054,5054,82.81,Pass,Sneha,Rejected
5055,5055,73.09,Pass,Anitha,Approved
5056,5056,98.15,Pass,Sneha,Approved
5057,5057,91.45,Pass,Priya,Requires inspection
5058,5058,75.13,Pass,Anitha,Minor issue found
5059,5059,96.22,Pass,Sneha,Minor issue found
5060,5060,89.49,Pass,Priya,Requires inspection
5061,5061,94.89,Pass,Kumar,Approved
5062,5062,88.16,Fail,Priya,Requires inspection
5063,5063,94.48,Pass,Kumar,Minor issue found
5064,5064,81.67,Pass,Kumar,Rejected
5065,5065,78.71,Pass,Sneha,Requires inspection
5066,5066,70.67,Pass,Rajesh,Requires inspection
5067,5067,75.88,Pass,Anitha,Minor issue found
5068,5068,71.92,Pass,Anitha,Rejected
5069,5069,73.57,Fail,Sneha,Approved
5070,5070,98.48,Fail,Rajesh,Approved
5071,5071,87.59,Pass,Rajesh,Approved
5072,5072,76.75,Pass,Sneha,Minor issue found
5073,5073,88.99,Pass,Kumar,Approved
5074,5074,96.86,Pass,Priya,Approved
5075,5075,85.33,Pass,Sneha,Requires inspection
5076,5076,87.7,Pass,Kumar,Approved
5077,5077,72.0,Pass,Sneha,Requires inspection
5078,5078,87.17,Pass,Priya,Rejected
5079,5079,88.81,Pass,Anitha,Approved
5080,5080,95.86,Pass,Sneha,Rejected
5081,5081,89.54,Pass,Sneha,Requires inspection
5082,5082,96.6,Pass,Sneha,Minor issue found
5083,5083,95.78,Fail,Anitha,Rejected
5084,5084,85.16,Fail,Priya,Approved
5085,5085,72.81,Pass,Priya,Rejected
5086,5086,88.51,Fail,Rajesh,Requires inspection
5087,5087,95.38,Pass,Priya,Requires inspection
5088,5088,84.57,Pass,Kumar,Minor issue found
5089,5089,86.9,Pass,Anitha,Approved
5090,5090,97.4,Pass,Kumar,Approved
5091,5091,96.84,Pass,Priya,Approved
5092,5092,80.59,Pass,Sneha,Approved
5093,5093,72.04,Pass,Kumar,Minor issue found
5094,5094,76.62,Pass,Rajesh,Approved
5095,5095,86.66,Pass,Priya,Requires inspection
5096,5096,74.17,Pass,Sneha,Requires inspection
5097,5097,80.17,Pass,Priya,Rejected
5098,5098,96.76,Pass,Priya,Rejected
5099,5099,81.74,Pass,Rajesh,Approved
5100,5100,97.22,Pass,Rajesh,Rejected
5101,5101,82.64,Pass,Kumar,Approved
5102,5102,88.89,Pass,Anitha,Minor issue found
5103,5103,72.1,Pass,Kumar,Minor issue found
5104,5104,81.16,Pass,Rajesh,Requires inspection
5105,5105,95.66,Pass,Priya,Minor issue found
5106,5106,82.29,Pass,Sneha,Approved
5107,5107,97.36,Pass,Priya,Minor issue found
5108,5108,80.86,Pass,Priya,Approved
5109,5109,80.73,Pass,Kumar,Requires inspection
5110,5110,98.26,Pass,Anitha,Requires inspection
5111,5111,89.34,Pass,Kumar,Minor issue found
5112,5112,85.72,Pass,Sneha,Rejected
5113,5113,81.55,Pass,Rajesh,Minor issue found
5114,5114,91.69,Pass,Rajesh,Approved
5115,5115,86.53,Pass,Priya,Approved
5116,5116,70.92,Pass,Kumar,Requires inspection
5117,5117,81.22,Pass,Priya,Minor issue found
5118,5118,97.32,Pass,Rajesh,Requires inspection
5119,5119,77.98,Pass,Priya,Rejected
5120,5120,78.07,Pass,Sneha,Minor issue found
5121,5121,93.91,Pass,Kumar,Approved
5122,5122,95.01,Pass,Kumar,Approved
5123,5123,91.08,Fail,Sneha,Requires inspection
5124,5124,91.31,Pass,Anitha,Rejected
5125,5125,91.92,Pass,Rajesh,Requires inspection
5126,5126,80.86,Pass,Kumar,Rejected
5127,5127,71.79,Fail,Sneha,Minor issue found
5128,5128,80.84,Pass,Rajesh,Requires inspection
5129,5129,76.91,Pass,Kumar,Requires inspection
5130,5130,92.43,Pass,Kumar,Minor issue found
5131,5131,96.15,Pass,Kumar,Approved
5132,5132,78.52,Pass,Rajesh,Rejected
5133,5133,87.57,Pass,Rajesh,Approved
5134,5134,84.09,Pass,Priya,Rejected
5135,5135,92.98,Pass,Anitha,Requires inspection
5136,5136,89.5,Pass,Priya,Minor issue found
5137,5137,96.22,Pass,Anitha,Requires inspection
5138,5138,81.72,Pass,Sneha,Minor issue found
5139,5139,86.01,Pass,Priya,Minor issue found
5140,5140,80.26,Pass,Sneha,Approved
5141,5141,76.66,Fail,Sneha,Requires inspection
5142,5142,93.26,Pass,Kumar,Rejected
5143,5143,96.02,Pass,Rajesh,Minor issue found
5144,5144,83.27,Pass,Sneha,Minor issue found
5145,5145,77.12,Fail,Sneha,Minor issue found
5146,5146,79.54,Pass,Sneha,Rejected
5147,5147,72.32,Pass,Kumar,Minor issue found
5148,5148,98.48,Pass,Priya,Minor issue found
5149,5149,89.42,Pass,Anitha,Requires inspection
5150,5150,81.12,Pass,Anitha,Approved
5151,5151,83.25,Pass,Rajesh,Requires inspection
5152,5152,78.73,Pass,Anitha,Requires inspection
5153,5153,84.23,Pass,Priya,Minor issue found
5154,5154,75.55,Pass,Sneha,Rejected
5155,5155,97.66,Pass,Anitha,Rejected
5156,5156,70.53,Pass,Anitha,Approved
5157,5157,89.7,Pass,Anitha,Rejected
5158,5158,81.71,Pass,Anitha,Requires inspection
5159,5159,87.5,Pass,Priya,Rejected
5160,5160,94.95,Pass,Kumar,Requires inspection
5161,5161,97.88,Pass,Kumar,Approved
5162,5162,85.74,Fail,Priya,Approved
5163,5163,87.99,Pass,Anitha,Minor issue found
5164,5164,79.01,Fail,Kumar,Requires inspection
5165,5165,91.17,Pass,Anitha,Approved
5166,5166,98.24,Pass,Rajesh,Requires inspection
5167,5167,88.53,Pass,Rajesh,Rejected
5168,5168,85.05,Pass,Sneha,Approved
5169,5169,73.29,Pass,Rajesh,Approved
5170,5170,99.09,Fail,Priya,Approved
5171,5171,90.99,Pass,Kumar,Rejected
5172,5172,94.29,Fail,Priya,Rejected
5173,5173,77.46,Pass,Priya,Minor issue found
5174,5174,97.32,Pass,Anitha,Requires inspection
5175,5175,77.99,Pass,Rajesh,Approved
5176,5176,87.87,Pass,Priya,Approved
5177,5177,94.2,Pass,Rajesh,Minor issue found
5178,5178,78.06,Fail,Sneha,Rejected
5179,5179,97.98,Pass,Rajesh,Approved
5180,5180,90.85,Pass,Rajesh,Minor issue found
5181,5181,84.3,Pass,Kumar,Rejected
5182,5182,85.91,Pass,Priya,Approved
5183,5183,94.52,Fail,Anitha,Requires inspection
5184,5184,99.48,Pass,Rajesh,Requires inspection
5185,5185,72.28,Pass,Kumar,Minor issue found
5186,5186,75.06,Fail,Anitha,Rejected
5187,5187,79.31,Fail,Priya,Rejected
5188,5188,90.63,Pass,Anitha,Requires inspection
5189,5189,93.5,Pass,Priya,Approved
5190,5190,81.3,Pass,Anitha,Approved
5191,5191,88.89,Pass,Priya,Approved
5192,5192,82.78,Pass,Rajesh,Requires inspection
5193,5193,76.35,Pass,Anitha,Minor issue found
5194,5194,87.83,Pass,Priya,Minor issue found
5195,5195,92.72,Pass,Priya,Requires inspection
5196,5196,78.01,Pass,Anitha,Rejected
5197,5197,83.52,Pass,Rajesh,Approved
5198,5198,70.01,Pass,Anitha,Approved
5199,5199,75.74,Pass,Priya,Requires inspection
5200,5200,97.65,Pass,Priya,Requires inspection
5201,5201,91.42,Pass,Anitha,Minor issue found
5202,5202,84.6,Pass,Rajesh,Minor issue found
5203,5203,71.81,Pass,Kumar,Minor issue found
5204,5204,70.28,Pass,Kumar,Rejected
5205,5205,91.27,Fail,Kumar,Minor issue found
5206,5206,88.29,Pass,Sneha,Requires inspection
5207,5207,92.36,Pass,Kumar,Rejected
5208,5208,77.35,Pass,Priya,Requires inspection
5209,5209,94.01,Fail,Anitha,Requires inspection
5210,5210,86.88,Pass,Priya,Rejected
5211,5211,86.91,Pass,Kumar,Requires inspection
5212,5212,84.79,Fail,Rajesh,Minor issue found
5213,5213,77.54,Pass,Priya,Rejected
5214,5214,87.01,Fail,Rajesh,Approved
5215,5215,89.01,Pass,Anitha,Approved
5216,5216,73.75,Pass,Anitha,Minor issue found
5217,5217,93.7,Pass,Priya,Rejected
5218,5218,95.45,Pass,Anitha,Minor issue found
5219,5219,71.76,Pass,Sneha,Rejected
5220,5220,89.75,Pass,Kumar,Minor issue found
5221,5221,93.27,Pass,Anitha,Rejected
5222,5222,97.9,Pass,Sneha,Requires inspection
5223,5223,79.68,Pass,Sneha,Requires inspection
5224,5224,78.32,Pass,Anitha,Minor issue found
5225,5225,86.24,Pass,Priya,Approved
5226,5226,92.16,Pass,Kumar,Minor issue found
5227,5227,96.0,Pass,Kumar,Rejected
5228,5228,89.3,Pass,Sneha,Requires inspection
5229,5229,99.63,Pass,Anitha,Requires inspection
5230,5230,73.77,Pass,Sneha,Approved
5231,5231,70.02,Fail,Priya,Minor issue found
5232,5232,88.97,Fail,Kumar,Requires inspection
5233,5233,89.29,Fail,Sneha,Requires inspection
5234,5234,85.52,Pass,Rajesh,Rejected
5235,5235,89.07,Pass,Priya,Minor issue found
5236,5236,84.85,Fail,Priya,Approved
5237,5237,85.7,Pass,Sneha,Rejected
5238,5238,71.11,Fail,Sneha,Minor issue found
5239,5239,70.66,Fail,Priya,Approved
5240,5240,74.23,Pass,Sneha,Minor issue found
5241,5241,97.61,Fail,Rajesh,Requires inspection
5242,5242,76.5,Pass,Kumar,Requires inspection
5243,5243,88.94,Fail,Sneha,Approved
5244,5244,87.57,Pass,Kumar,Rejected
5245,5245,95.72,Pass,Rajesh,Requires inspection
5246,5246,98.39,Pass,Anitha,Minor issue found
5247,5247,91.36,Pass,Rajesh,Minor issue found
5248,5248,96.83,Pass,Rajesh,Minor issue found
5249,5249,75.28,Fail,Priya,Minor issue found
5250,5250,90.92,Pass,Kumar,Approved
5251,5251,94.28,Pass,Rajesh,Approved
5252,5252,70.86,Pass,Priya,Rejected
5253,5253,91.63,Pass,Kumar,Approved
5254,5254,94.49,Pass,Sneha,Requires inspection
5255,5255,71.35,Pass,Rajesh,Approved
5256,5256,92.53,Pass,Sneha,Requires inspection
5257,5257,80.74,Fail,Sneha,Approved
5258,5258,95.46,Pass,Sneha,Minor issue found
5259,5259,98.26,Pass,Sneha,Rejected
5260,5260,77.06,Pass,Rajesh,Requires inspection
5261,5261,98.89,Pass,Priya,Requires inspection
5262,5262,95.21,Pass,Kumar,Minor issue found
5263,5263,92.74,Pass,Sneha,Requires inspection
5264,5264,79.92,Fail,Anitha,Requires inspection
5265,5265,83.28,Pass,Anitha,Approved
5266,5266,72.55,Pass,Anitha,Requires inspection
5267,5267,71.62,Pass,Kumar,Minor issue found
5268,5268,93.29,Pass,Priya,Minor issue found
5269,5269,92.04,Pass,Sneha,Rejected
5270,5270,96.32,Pass,Kumar,Rejected
5271,5271,94.63,Fail,Anitha,Rejected
5272,5272,73.35,Pass,Kumar,Rejected
5273,5273,74.89,Pass,Anitha,Rejected
5274,5274,80.39,Pass,Rajesh,Minor issue found
5275,5275,94.44,Pass,Anitha,Approved
5276,5276,72.59,Pass,Priya,Requires inspection
5277,5277,75.92,Pass,Anitha,Rejected
5278,5278,78.58,Pass,Rajesh,Minor issue found
5279,5279,73.13,Pass,Sneha,Requires inspection
5280,5280,78.29,Pass,Kumar,Approved
5281,5281,70.96,Pass,Rajesh,Minor issue found
5282,5282,93.13,Pass,Priya,Rejected
5283,5283,73.06,Fail,Priya,Minor issue found
5284,5284,73.14,Pass,Sneha,Minor issue found
5285,5285,74.04,Pass,Anitha,Approved
5286,5286,90.0,Fail,Anitha,Requires inspection
5287,5287,81.21,Pass,Kumar,Requires inspection
5288,5288,72.14,Fail,Priya,Minor issue found
5289,5289,78.45,Pass,Anitha,Rejected
5290,5290,77.53,Pass,Kumar,Minor issue found
5291,5291,97.91,Pass,Sneha,Approved
5292,5292,83.01,Pass,Anitha,Requires inspection
5293,5293,84.46,Pass,Sneha,Minor issue found
5294,5294,90.31,Pass,Rajesh,Minor issue found
5295,5295,78.99,Pass,Kumar,Minor issue found
5296,5296,90.76,Pass,Kumar,Rejected
5297,5297,73.82,Pass,Anitha,Approved
5298,5298,98.08,Pass,Rajesh,Minor issue found
5299,5299,72.16,Pass,Rajesh,Rejected
5300,5300,81.56,Pass,Priya,Approved
5301,5301,79.64,Fail,Kumar,Minor issue found
5302,5302,95.07,Pass,Kumar,Rejected
5303,5303,91.43,Pass,Priya,Requires inspection
5304,5304,95.17,Pass,Kumar,Approved
5305,5305,78.62,Pass,Kumar,Requires inspection
5306,5306,93.79,Pass,Rajesh,Minor issue found
5307,5307,72.08,Pass,Kumar,Rejected
5308,5308,82.66,Pass,Priya,Requires inspection
5309,5309,80.86,Fail,Rajesh,Rejected
5310,5310,83.14,Pass,Rajesh,Requires inspection
5311,5311,94.78,Pass,Kumar,Requires inspection
5312,5312,90.34,Pass,Kumar,Rejected
5313,5313,80.34,Pass,Anitha,Rejected
5314,5314,80.51,Pass,Rajesh,Rejected
5315,5315,76.55,Pass,Kumar,Requires inspection
5316,5316,71.01,Pass,Sneha,Requires inspection
5317,5317,80.22,Fail,Sneha,Requires inspection
5318,5318,83.33,Pass,Priya,Minor issue found
5319,5319,82.03,Fail,Rajesh,Rejected
5320,5320,89.7,Fail,Rajesh,Requires inspection
5321,5321,92.86,Pass,Priya,Rejected
5322,5322,72.99,Pass,Kumar,Minor issue found
5323,5323,93.59,Pass,Priya,Rejected
5324,5324,73.89,Pass,Anitha,Rejected
5325,5325,93.19,Fail,Priya,Requires inspection
5326,5326,89.47,Pass,Kumar,Rejected
5327,5327,90.48,Pass,Sneha,Requires inspection
5328,5328,87.61,Pass,Priya,Rejected
5329,5329,77.16,Pass,Priya,Requires inspection
5330,5330,74.19,Pass,Priya,Minor issue found
5331,5331,75.55,Fail,Anitha,Rejected
5332,5332,77.84,Pass,Priya,Requires inspection
5333,5333,77.11,Pass,Priya,Requires inspection
5334,5334,76.36,Pass,Anitha,Requires inspection
5335,5335,80.2,Pass,Anitha,Minor issue found
5336,5336,98.69,Pass,Sneha,Rejected
5337,5337,98.11,Pass,Anitha,Approved
5338,5338,96.67,Pass,Anitha,Rejected
5339,5339,81.64,Pass,Sneha,Minor issue found
5340,5340,95.96,Pass,Anitha,Rejected
5341,5341,85.64,Fail,Rajesh,Requires inspection
5342,5342,94.43,Pass,Rajesh,Requires inspection
5343,5343,90.55,Pass,Rajesh,Rejected
5344,5344,96.72,Pass,Sneha,Approved
5345,5345,74.63,Pass,Rajesh,Approved
5346,5346,90.64,Pass,Rajesh,Rejected
5347,5347,81.07,Pass,Kumar,Rejected
5348,5348,77.87,Pass,Sneha,Rejected
5349,5349,88.5,Pass,Sneha,Requires inspection
5350,5350,96.38,Pass,Rajesh,Requires inspection
5351,5351,95.45,Pass,Rajesh,Minor issue found
5352,5352,90.51,Pass,Rajesh,Requires inspection
5353,5353,96.59,Pass,Kumar,Requires inspection
5354,5354,92.04,Pass,Priya,Requires inspection
5355,5355,87.89,Pass,Kumar,Requires inspection
5356,5356,94.6,Pass,Anitha,Rejected
5357,5357,88.54,Pass,Kumar,Rejected
5358,5358,88.25,Pass,Kumar,Requires inspection
5359,5359,95.07,Pass,Anitha,Minor issue found
5360,5360,84.24,Fail,Priya,Rejected
5361,5361,97.3,Pass,Sneha,Approved
5362,5362,95.49,Pass,Kumar,Rejected
5363,5363,83.77,Pass,Sneha,Minor issue found
5364,5364,75.24,Pass,Kumar,Approved
5365,5365,93.0,Pass,Rajesh,Requires inspection
5366,5366,99.79,Pass,Sneha,Rejected
5367,5367,70.16,Pass,Sneha,Requires inspection
5368,5368,96.98,Pass,Priya,Approved
5369,5369,75.54,Pass,Sneha,Approved
5370,5370,99.08,Pass,Anitha,Minor issue found
5371,5371,87.35,Pass,Rajesh,Rejected
5372,5372,74.7,Pass,Anitha,Approved
5373,5373,77.31,Fail,Priya,Minor issue found
5374,5374,76.22,Pass,Kumar,Minor issue found
5375,5375,85.41,Pass,Sneha,Requires inspection
5376,5376,79.16,Pass,Rajesh,Minor issue found
5377,5377,83.01,Pass,Sneha,Approved
5378,5378,99.83,Pass,Priya,Rejected
5379,5379,88.35,Pass,Rajesh,Rejected
5380,5380,76.87,Pass,Rajesh,Rejected
5381,5381,84.09,Pass,Rajesh,Requires inspection
5382,5382,89.13,Pass,Priya,Minor issue found
5383,5383,85.81,Pass,Priya,Approved
5384,5384,98.57,Fail,Sneha,Rejected
5385,5385,83.75,Pass,Priya,Minor issue found
5386,5386,89.12,Pass,Priya,Minor issue found
5387,5387,76.83,Pass,Anitha,Requires inspection
5388,5388,72.24,Pass,Rajesh,Approved
5389,5389,77.1,Pass,Rajesh,Rejected
5390,5390,88.71,Fail,Kumar,Rejected
5391,5391,99.94,Pass,Rajesh,Approved
5392,5392,73.05,Pass,Sneha,Requires inspection
5393,5393,94.26,Pass,Anitha,Approved
5394,5394,87.11,Pass,Kumar,Minor issue found
5395,5395,78.1,Pass,Rajesh,Requires inspection
5396,5396,86.64,Pass,Rajesh,Minor issue found
5397,5397,99.53,Pass,Anitha,Requires inspection
5398,5398,99.69,Pass,Sneha,Approved
5399,5399,90.48,Pass,Priya,Minor issue found
5400,5400,92.44,Pass,Anitha,Approved
5401,5401,94.17,Pass,Anitha,Rejected
5402,5402,80.19,Pass,Anitha,Requires inspection
5403,5403,90.37,Fail,Rajesh,Minor issue found
5404,5404,80.09,Pass,Kumar,Minor issue found
5405,5405,83.48,Pass,Priya,Requires inspection
5406,5406,89.49,Pass,Anitha,Minor issue found
5407,5407,75.11,Fail,Kumar,Approved
5408,5408,79.11,Pass,Kumar,Approved
5409,5409,90.39,Pass,Kumar,Minor issue found
5410,5410,89.33,Pass,Rajesh,Rejected
5411,5411,74.96,Pass,Rajesh,Rejected
5412,5412,82.36,Pass,Kumar,Rejected
5413,5413,90.92,Pass,Kumar,Approved
5414,5414,99.17,Pass,Rajesh,Approved
5415,5415,70.99,Pass,Priya,Minor issue found
5416,5416,70.22,Pass,Sneha,Rejected
5417,5417,74.17,Pass,Kumar,Rejected
5418,5418,81.62,Pass,Priya,Requires inspection
5419,5419,72.62,Pass,Sneha,Requires inspection
5420,5420,93.85,Pass,Rajesh,Requires inspection
5421,5421,83.12,Pass,Anitha,Minor issue found
5422,5422,80.65,Pass,Anitha,Requires inspection
5423,5423,79.45,Pass,Kumar,Requires inspection
5424,5424,98.53,Pass,Priya,Approved
5425,5425,74.08,Fail,Rajesh,Minor issue found
5426,5426,81.14,Pass,Kumar,Requires inspection
5427,5427,76.35,Pass,Rajesh,Requires inspection
5428,5428,89.04,Pass,Priya,Approved
5429,5429,75.94,Pass,Priya,Requires inspection
5430,5430,79.08,Fail,Anitha,Minor issue found
5431,5431,91.47,Fail,Kumar,Minor issue found
5432,5432,77.35,Pass,Anitha,Approved
5433,5433,78.34,Pass,Kumar,Requires inspection
5434,5434,87.03,Pass,Kumar,Rejected
5435,5435,86.17,Pass,Kumar,Rejected
5436,5436,80.62,Pass,Rajesh,Approved
5437,5437,83.55,Pass,Priya,Rejected
5438,5438,82.66,Pass,Kumar,Approved
5439,5439,83.47,Pass,Kumar,Rejected
5440,5440,73.6,Pass,Anitha,Approved
5441,5441,82.54,Pass,Kumar,Minor issue found
5442,5442,74.3,Fail,Priya,Requires inspection
5443,5443,85.01,Pass,Anitha,Rejected
5444,5444,74.53,Pass,Kumar,Requires inspection
5445,5445,98.19,Fail,Rajesh,Requires inspection
5446,5446,96.94,Pass,Rajesh,Approved
5447,5447,84.89,Fail,Rajesh,Minor issue found
5448,5448,97.36,Fail,Anitha,Minor issue found
5449,5449,99.45,Pass,Rajesh,Rejected
5450,5450,97.92,Pass,Sneha,Approved
5451,5451,77.69,Fail,Sneha,Approved
5452,5452,82.18,Fail,Anitha,Requires inspection
5453,5453,81.88,Pass,Priya,Rejected
5454,5454,75.41,Pass,Priya,Minor issue found
5455,5455,93.23,Fail,Rajesh,Requires inspection
5456,5456,95.3,Pass,Sneha,Approved
5457,5457,98.42,Pass,Priya,Minor issue found
5458,5458,98.42,Pass,Kumar,Requires inspection
5459,5459,73.83,Pass,Priya,Minor issue found
5460,5460,72.42,Fail,Sneha,Approved
5461,5461,91.14,Pass,Priya,Rejected
5462,5462,98.68,Pass,Priya,Minor issue found
5463,5463,73.22,Pass,Sneha,Rejected
5464,5464,93.6,Pass,Priya,Requires inspection
5465,5465,97.47,Pass,Rajesh,Requires inspection
5466,5466,88.22,Pass,Rajesh,Rejected
5467,5467,95.14,Pass,Rajesh,Minor issue found
5468,5468,70.01,Pass,Anitha,Requires inspection
5469,5469,79.28,Pass,Rajesh,Rejected
5470,5470,77.32,Pass,Priya,Minor issue found
5471,5471,90.8,Pass,Sneha,Requires inspection
5472,5472,76.02,Pass,Sneha,Requires inspection
5473,5473,72.23,Pass,Kumar,Requires inspection
5474,5474,94.66,Pass,Priya,Requires inspection
5475,5475,89.57,Pass,Priya,Approved
5476,5476,89.07,Pass,Sneha,Approved
5477,5477,84.91,Fail,Anitha,Rejected
5478,5478,82.16,Pass,Priya,Approved
5479,5479,91.17,Pass,Rajesh,Rejected
5480,5480,91.27,Pass,Priya,Minor issue found
5481,5481,96.02,Pass,Kumar,Approved
5482,5482,80.12,Pass,Anitha,Rejected
5483,5483,83.71,Pass,Rajesh,Rejected
5484,5484,71.62,Pass,Kumar,Rejected
5485,5485,92.17,Pass,Sneha,Minor issue found
5486,5486,73.19,Fail,Anitha,Rejected
5487,5487,86.25,Pass,Sneha,Requires inspection
5488,5488,78.81,Fail,Priya,Requires inspection
5489,5489,82.83,Pass,Anitha,Rejected
5490,5490,91.43,Pass,Sneha,Minor issue found
5491,5491,74.87,Pass,Anitha,Minor issue found
5492,5492,92.62,Fail,Kumar,Requires inspection
5493,5493,95.85,Fail,Kumar,Requires inspection
5494,5494,80.64,Pass,Anitha,Requires inspection
5495,5495,88.48,Pass,Rajesh,Approved
5496,5496,75.09,Pass,Anitha,Minor issue found
5497,5497,80.65,Pass,Sneha,Approved
5498,5498,94.77,Pass,Sneha,Rejected
5499,5499,79.13,Fail,Anitha,Requires inspection
5500,5500,70.01,Pass,Sneha,Approved
5501,5501,81.72,Pass,Priya,Requires inspection
5502,5502,88.83,Pass,Priya,Rejected
5503,5503,81.93,Pass,Rajesh,Requires inspection
5504,5504,74.3,Pass,Anitha,Rejected
5505,5505,82.72,Pass,Priya,Minor issue found
5506,5506,79.36,Pass,Anitha,Approved
5507,5507,84.5,Pass,Rajesh,Rejected
5508,5508,72.64,Pass,Kumar,Requires inspection
5509,5509,95.69,Pass,Rajesh,Minor issue found
5510,5510,79.69,Pass,Sneha,Rejected
5511,5511,97.45,Pass,Priya,Requires inspection
5512,5512,99.49,Pass,Anitha,Minor issue found
5513,5513,93.33,Pass,Priya,Minor issue found
5514,5514,94.75,Pass,Anitha,Rejected
5515,5515,88.93,Pass,Rajesh,Minor issue found
5516,5516,90.84,Fail,Anitha,Minor issue found
5517,5517,78.97,Pass,Kumar,Rejected
5518,5518,73.97,Fail,Sneha,Rejected
5519,5519,73.03,Pass,Rajesh,Requires inspection
5520,5520,70.4,Fail,Anitha,Minor issue found
5521,5521,83.31,Pass,Kumar,Requires inspection
5522,5522,95.5,Fail,Sneha,Approved
5523,5523,74.29,Fail,Anitha,Minor issue found
5524,5524,84.8,Pass,Kumar,Minor issue found
5525,5525,91.48,Pass,Kumar,Approved
5526,5526,87.29,Pass,Rajesh,Minor issue found
5527,5527,84.15,Pass,Sneha,Rejected
5528,5528,76.95,Pass,Priya,Rejected
5529,5529,72.87,Pass,Anitha,Minor issue found
5530,5530,80.57,Pass,Rajesh,Approved
5531,5531,73.97,Pass,Priya,Minor issue found
5532,5532,86.64,Pass,Anitha,Rejected
5533,5533,72.63,Pass,Sneha,Requires inspection
5534,5534,77.07,Pass,Kumar,Rejected
5535,5535,88.0,Pass,Sneha,Requires inspection
5536,5536,74.49,Pass,Kumar,Minor issue found
5537,5537,82.19,Pass,Anitha,Rejected
5538,5538,84.56,Pass,Priya,Requires inspection
5539,5539,73.62,Pass,Sneha,Minor issue found
5540,5540,77.93,Pass,Priya,Minor issue found
5541,5541,89.5,Pass,Anitha,Minor issue found
5542,5542,82.38,Pass,Rajesh,Approved
5543,5543,88.34,Pass,Anitha,Rejected
5544,5544,77.54,Pass,Sneha,Rejected
5545,5545,83.6,Pass,Rajesh,Minor issue found
5546,5546,73.19,Fail,Rajesh,Requires inspection
5547,5547,88.61,Pass,Anitha,Rejected
5548,5548,73.25,Pass,Rajesh,Minor issue found
5549,5549,72.95,Pass,Priya,Requires inspection
5550,5550,98.72,Pass,Sneha,Approved
5551,5551,82.94,Pass,Sneha,Requires inspection
5552,5552,72.96,Pass,Kumar,Rejected
5553,5553,97.97,Pass,Anitha,Minor issue found
5554,5554,92.73,Pass,Anitha,Approved
5555,5555,88.91,Pass,Anitha,Minor issue found
5556,5556,97.77,Pass,Kumar,Requires inspection
5557,5557,98.67,Fail,Sneha,Rejected
5558,5558,99.96,Pass,Priya,Rejected
5559,5559,82.03,Pass,Kumar,Approved
5560,5560,98.0,Pass,Priya,Approved
5561,5561,74.84,Fail,Priya,Rejected
5562,5562,75.16,Pass,Kumar,Rejected
5563,5563,86.85,Pass,Sneha,Requires inspection
5564,5564,89.03,Pass,Priya,Minor issue found
5565,5565,73.6,Pass,Anitha,Rejected
5566,5566,95.83,Pass,Sneha,Minor issue found
5567,5567,78.17,Pass,Kumar,Minor issue found
5568,5568,88.56,Pass,Anitha,Rejected
5569,5569,83.29,Pass,Sneha,Rejected
5570,5570,72.4,Pass,Sneha,Minor issue found
5571,5571,96.72,Fail,Sneha,Minor issue found
5572,5572,90.42,Pass,Priya,Minor issue found
5573,5573,86.23,Pass,Priya,Rejected
5574,5574,70.37,Pass,Priya,Minor issue found
5575,5575,78.18,Fail,Sneha,Approved
5576,5576,97.43,Pass,Anitha,Requires inspection
5577,5577,81.54,Pass,Sneha,Minor issue found
5578,5578,85.16,Pass,Priya,Requires inspection
5579,5579,76.63,Pass,Kumar,Requires inspection
5580,5580,78.13,Pass,Rajesh,Minor issue found
5581,5581,86.17,Pass,Priya,Approved
5582,5582,90.41,Pass,Rajesh,Requires inspection
5583,5583,90.15,Pass,Anitha,Minor issue found
5584,5584,98.66,Pass,Rajesh,Approved
5585,5585,97.8,Pass,Priya,Minor issue found
5586,5586,71.24,Fail,Kumar,Approved
5587,5587,83.43,Pass,Kumar,Rejected
5588,5588,74.72,Fail,Rajesh,Minor issue found
5589,5589,87.78,Pass,Anitha,Rejected
5590,5590,92.06,Pass,Kumar,Minor issue found
5591,5591,76.64,Pass,Kumar,Approved
5592,5592,89.92,Pass,Rajesh,Rejected
5593,5593,96.98,Pass,Anitha,Requires inspection
5594,5594,98.62,Fail,Sneha,Requires inspection
5595,5595,77.7,Pass,Anitha,Requires inspection
5596,5596,97.41,Fail,Priya,Requires inspection
5597,5597,97.28,Pass,Anitha,Requires inspection
5598,5598,97.74,Pass,Sneha,Requires inspection
5599,5599,94.14,Pass,Rajesh,Rejected
5600,5600,70.76,Pass,Kumar,Approved
5601,5601,88.59,Pass,Rajesh,Approved
5602,5602,93.91,Pass,Rajesh,Minor issue found
5603,5603,81.97,Pass,Priya,Approved
5604,5604,91.46,Pass,Sneha,Approved
5605,5605,73.29,Fail,Rajesh,Requires inspection
5606,5606,86.68,Pass,Priya,Approved
5607,5607,97.88,Pass,Rajesh,Minor issue found
5608,5608,82.04,Pass,Kumar,Minor issue found
5609,5609,86.17,Pass,Rajesh,Requires inspection
5610,5610,86.01,Pass,Anitha,Approved
5611,5611,70.96,Fail,Rajesh,Rejected
5612,5612,99.49,Pass,Anitha,Minor issue found
5613,5613,83.48,Pass,Kumar,Rejected
5614,5614,90.38,Pass,Kumar,Approved
5615,5615,96.37,Fail,Sneha,Approved
5616,5616,98.72,Pass,Kumar,Requires inspection
5617,5617,77.12,Pass,Sneha,Minor issue found
5618,5618,87.67,Pass,Sneha,Requires inspection
5619,5619,95.57,Pass,Priya,Approved
5620,5620,94.76,Pass,Sneha,Approved
5621,5621,82.24,Pass,Priya,Rejected
5622,5622,73.51,Pass,Sneha,Rejected
5623,5623,86.2,Pass,Rajesh,Requires inspection
5624,5624,93.78,Pass,Sneha,Rejected
5625,5625,72.16,Pass,Kumar,Minor issue found
5626,5626,92.11,Pass,Sneha,Minor issue found
5627,5627,72.3,Fail,Sneha,Rejected
5628,5628,92.16,Pass,Priya,Minor issue found
5629,5629,79.68,Pass,Sneha,Approved
5630,5630,96.89,Fail,Kumar,Minor issue found
5631,5631,79.04,Pass,Rajesh,Minor issue found
5632,5632,73.67,Pass,Rajesh,Rejected
5633,5633,90.06,Pass,Priya,Requires inspection
5634,5634,96.92,Pass,Rajesh,Minor issue found
5635,5635,87.41,Pass,Priya,Rejected
5636,5636,95.68,Pass,Anitha,Requires inspection
5637,5637,79.54,Pass,Kumar,Requires inspection
5638,5638,89.88,Pass,Sneha,Requires inspection
5639,5639,91.52,Fail,Kumar,Rejected
5640,5640,86.16,Pass,Rajesh,Rejected
5641,5641,96.49,Pass,Kumar,Requires inspection
5642,5642,79.59,Fail,Rajesh,Minor issue found
5643,5643,95.99,Fail,Sneha,Minor issue found
5644,5644,90.16,Pass,Anitha,Approved
5645,5645,88.4,Pass,Kumar,Approved
5646,5646,91.43,Pass,Rajesh,Minor issue found
5647,5647,73.66,Pass,Anitha,Approved
5648,5648,74.13,Pass,Rajesh,Approved
5649,5649,73.31,Pass,Kumar,Rejected
5650,5650,76.06,Pass,Sneha,Requires inspection
5651,5651,95.18,Pass,Kumar,Rejected
5652,5652,97.56,Pass,Rajesh,Minor issue found
5653,5653,82.81,Fail,Priya,Requires inspection
5654,5654,81.05,Pass,Rajesh,Minor issue found
5655,5655,97.52,Pass,Anitha,Rejected
5656,5656,87.24,Pass,Rajesh,Approved
5657,5657,78.93,Pass,Rajesh,Rejected
5658,5658,88.79,Pass,Anitha,Approved
5659,5659,95.48,Pass,Rajesh,Rejected
5660,5660,75.0,Pass,Priya,Minor issue found
5661,5661,89.9,Pass,Anitha,Approved
5662,5662,83.57,Pass,Anitha,Minor issue found
5663,5663,95.8,Pass,Sneha,Rejected
5664,5664,81.3,Fail,Priya,Approved
5665,5665,84.3,Pass,Sneha,Approved
5666,5666,96.45,Pass,Anitha,Requires inspection
5667,5667,82.03,Pass,Sneha,Requires inspection
5668,5668,90.28,Pass,Priya,Requires inspection
5669,5669,95.17,Pass,Sneha,Requires inspection
5670,5670,88.81,Pass,Priya,Minor issue found
5671,5671,92.16,Pass,Rajesh,Minor issue found
5672,5672,77.06,Pass,Kumar,Approved
5673,5673,72.57,Pass,Priya,Rejected
5674,5674,95.6,Pass,Kumar,Rejected
5675,5675,83.99,Pass,Anitha,Approved
5676,5676,77.64,Fail,Kumar,Requires inspection
5677,5677,95.62,Pass,Anitha,Requires inspection
5678,5678,79.69,Fail,Rajesh,Approved
5679,5679,74.03,Fail,Priya,Minor issue found
5680,5680,97.46,Pass,Priya,Rejected
5681,5681,96.59,Pass,Anitha,Minor issue found
5682,5682,78.45,Pass,Kumar,Requires inspection
5683,5683,70.33,Pass,Sneha,Minor issue found
5684,5684,98.88,Pass,Anitha,Approved
5685,5685,75.27,Pass,Sneha,Rejected
5686,5686,96.68,Pass,Anitha,Approved
5687,5687,92.33,Pass,Kumar,Rejected
5688,5688,80.95,Pass,Priya,Rejected
5689,5689,83.6,Pass,Priya,Approved
5690,5690,94.36,Pass,Anitha,Rejected
5691,5691,76.51,Pass,Sneha,Rejected
5692,5692,73.48,Pass,Kumar,Rejected
5693,5693,81.71,Fail,Priya,Minor issue found
5694,5694,93.17,Fail,Priya,Rejected
5695,5695,91.78,Pass,Kumar,Requires inspection
5696,5696,70.06,Fail,Rajesh,Minor issue found
5697,5697,85.82,Pass,Kumar,Approved
5698,5698,99.9,Pass,Sneha,Minor issue found
5699,5699,90.33,Pass,Priya,Rejected
5700,5700,99.14,Pass,Priya,Minor issue found
5701,5701,77.82,Pass,Rajesh,Minor issue found
5702,5702,77.13,Pass,Rajesh,Minor issue found
5703,5703,75.36,Fail,Priya,Minor issue found
5704,5704,79.44,Pass,Sneha,Approved
5705,5705,84.39,Pass,Priya,Rejected
5706,5706,75.77,Pass,Anitha,Requires inspection
5707,5707,76.58,Pass,Sneha,Rejected
5708,5708,80.09,Pass,Kumar,Approved
5709,5709,75.2,Pass,Rajesh,Minor issue found
5710,5710,86.29,Pass,Anitha,Rejected
5711,5711,90.2,Pass,Rajesh,Approved
5712,5712,89.02,Pass,Rajesh,Minor issue found
5713,5713,74.23,Pass,Anitha,Requires inspection
5714,5714,92.57,Pass,Kumar,Rejected
5715,5715,72.15,Pass,Anitha,Minor issue found
5716,5716,83.13,Fail,Anitha,Requires inspection
5717,5717,73.25,Pass,Priya,Approved
5718,5718,77.2,Fail,Rajesh,Requires inspection
5719,5719,71.83,Pass,Priya,Approved
5720,5720,95.71,Pass,Kumar,Approved
5721,5721,81.25,Fail,Kumar,Requires inspection
5722,5722,93.48,Pass,Kumar,Requires inspection
5723,5723,75.34,Pass,Kumar,Minor issue found
5724,5724,90.39,Pass,Anitha,Approved
5725,5725,87.37,Pass,Kumar,Approved
5726,5726,71.15,Pass,Rajesh,Requires inspection
5727,5727,71.77,Pass,Kumar,Rejected
5728,5728,76.94,Pass,Anitha,Rejected
5729,5729,83.75,Pass,Sneha,Minor issue found
5730,5730,79.64,Pass,Rajesh,Minor issue found
5731,5731,72.25,Pass,Priya,Minor issue found
5732,5732,88.62,Fail,Rajesh,Approved
5733,5733,70.59,Pass,Priya,Approved
5734,5734,81.11,Pass,Anitha,Approved
5735,5735,71.07,Pass,Sneha,Rejected
5736,5736,75.56,Pass,Rajesh,Minor issue found
5737,5737,97.36,Pass,Kumar,Minor issue found
5738,5738,74.08,Pass,Anitha,Minor issue found
5739,5739,90.68,Pass,Kumar,Approved
5740,5740,90.0,Pass,Priya,Rejected
5741,5741,73.4,Pass,Priya,Minor issue found
5742,5742,89.44,Pass,Priya,Approved
5743,5743,70.23,Pass,Sneha,Requires inspection
5744,5744,95.19,Pass,Anitha,Requires inspection
5745,5745,98.05,Pass,Kumar,Approved
5746,5746,86.61,Pass,Sneha,Requires inspection
5747,5747,99.45,Fail,Rajesh,Approved
5748,5748,72.1,Pass,Kumar,Requires inspection
5749,5749,83.03,Pass,Sneha,Rejected
5750,5750,73.15,Pass,Priya,Approved
5751,5751,93.06,Pass,Sneha,Approved
5752,5752,88.12,Pass,Rajesh,Requires inspection
5753,5753,90.96,Pass,Kumar,Minor issue found
5754,5754,79.99,Fail,Priya,Rejected
5755,5755,96.48,Pass,Anitha,Approved
5756,5756,72.41,Pass,Kumar,Rejected
5757,5757,70.32,Pass,Anitha,Approved
5758,5758,70.78,Pass,Sneha,Rejected
5759,5759,83.98,Pass,Sneha,Approved
5760,5760,75.82,Pass,Rajesh,Minor issue found
5761,5761,91.03,Pass,Rajesh,Requires inspection
5762,5762,98.82,Pass,Anitha,Approved
5763,5763,93.09,Pass,Kumar,Approved
5764,5764,95.08,Pass,Anitha,Requires inspection
5765,5765,77.45,Pass,Sneha,Approved
5766,5766,72.77,Pass,Priya,Approved
5767,5767,96.82,Fail,Sneha,Rejected
5768,5768,87.27,Fail,Rajesh,Rejected
5769,5769,70.1,Fail,Kumar,Minor issue found
5770,5770,99.1,Pass,Anitha,Requires inspection
5771,5771,89.0,Pass,Sneha,Approved
5772,5772,99.89,Pass,Kumar,Approved
5773,5773,72.41,Pass,Rajesh,Approved
5774,5774,93.01,Pass,Kumar,Minor issue found
5775,5775,95.84,Pass,Anitha,Approved
5776,5776,93.17,Pass,Priya,Minor issue found
5777,5777,96.63,Fail,Sneha,Minor issue found
5778,5778,91.19,Pass,Priya,Rejected
5779,5779,79.32,Pass,Anitha,Approved
5780,5780,86.29,Pass,Rajesh,Approved
5781,5781,97.99,Fail,Anitha,Requires inspection
5782,5782,89.77,Pass,Kumar,Rejected
5783,5783,95.46,Pass,Sneha,Minor issue found
5784,5784,99.88,Fail,Sneha,Minor issue found
5785,5785,84.75,Pass,Kumar,Rejected
5786,5786,70.89,Pass,Rajesh,Approved
5787,5787,78.97,Pass,Kumar,Rejected
5788,5788,82.09,Pass,Kumar,Requires inspection
5789,5789,72.1,Pass,Rajesh,Minor issue found
5790,5790,86.61,Pass,Anitha,Requires inspection
5791,5791,85.13,Fail,Sneha,Approved
5792,5792,99.96,Pass,Rajesh,Rejected
5793,5793,85.8,Pass,Sneha,Approved
5794,5794,81.67,Pass,Kumar,Approved
5795,5795,85.1,Pass,Anitha,Approved
5796,5796,82.61,Pass,Sneha,Requires inspection
5797,5797,81.4,Pass,Kumar,Requires inspection
5798,5798,77.94,Fail,Priya,Minor issue found
5799,5799,76.25,Pass,Sneha,Minor issue found
5800,5800,79.23,Pass,Rajesh,Approved
5801,5801,74.66,Pass,Anitha,Approved
5802,5802,93.65,Pass,Sneha,Approved
5803,5803,73.29,Pass,Priya,Approved
5804,5804,94.64,Fail,Rajesh,Rejected
5805,5805,77.99,Pass,Anitha,Requires inspection
5806,5806,83.63,Pass,Priya,Rejected
5807,5807,96.94,Pass,Anitha,Approved
5808,5808,81.77,Pass,Rajesh,Requires inspection
5809,5809,97.22,Pass,Rajesh,Rejected
5810,5810,97.18,Pass,Kumar,Requires inspection
5811,5811,87.34,Pass,Kumar,Approved
5812,5812,94.28,Fail,Sneha,Requires inspection
5813,5813,84.91,Pass,Kumar,Requires inspection
5814,5814,81.38,Pass,Anitha,Minor issue found
5815,5815,94.6,Pass,Priya,Rejected
5816,5816,95.67,Fail,Sneha,Approved
5817,5817,92.32,Pass,Kumar,Rejected
5818,5818,99.76,Pass,Sneha,Minor issue found
5819,5819,71.04,Pass,Priya,Rejected
5820,5820,73.37,Fail,Anitha,Approved
5821,5821,83.31,Pass,Anitha,Requires inspection
5822,5822,81.8,Pass,Priya,Requires inspection
5823,5823,88.48,Pass,Rajesh,Rejected
5824,5824,75.3,Pass,Anitha,Rejected
5825,5825,93.66,Pass,Sneha,Rejected
5826,5826,95.56,Pass,Priya,Rejected
5827,5827,88.07,Pass,Anitha,Minor issue found
5828,5828,73.55,Pass,Priya,Rejected
5829,5829,72.85,Pass,Priya,Requires inspection
5830,5830,74.83,Fail,Kumar,Approved
5831,5831,92.43,Pass,Rajesh,Rejected
5832,5832,72.56,Pass,Anitha,Minor issue found
5833,5833,75.09,Pass,Rajesh,Rejected
5834,5834,94.42,Pass,Rajesh,Minor issue found
5835,5835,72.16,Pass,Priya,Rejected
5836,5836,83.89,Pass,Sneha,Rejected
5837,5837,95.5,Fail,Anitha,Approved
5838,5838,73.7,Pass,Rajesh,Approved
5839,5839,91.05,Pass,Kumar,Approved
5840,5840,86.66,Fail,Rajesh,Minor issue found
5841,5841,76.03,Pass,Priya,Approved
5842,5842,86.54,Pass,Anitha,Rejected
5843,5843,90.51,Pass,Kumar,Minor issue found
5844,5844,96.13,Pass,Sneha,Rejected
5845,5845,77.58,Pass,Rajesh,Requires inspection
5846,5846,85.59,Pass,Rajesh,Requires inspection
5847,5847,94.72,Pass,Kumar,Approved
5848,5848,88.25,Pass,Sneha,Rejected
5849,5849,89.43,Fail,Sneha,Minor issue found
5850,5850,90.91,Pass,Sneha,Minor issue found
5851,5851,85.58,Fail,Kumar,Rejected
5852,5852,92.0,Pass,Sneha,Approved
5853,5853,93.78,Pass,Kumar,Requires inspection
5854,5854,70.41,Pass,Rajesh,Minor issue found
5855,5855,73.09,Pass,Kumar,Rejected
5856,5856,71.39,Pass,Anitha,Requires inspection
5857,5857,91.77,Pass,Kumar,Minor issue found
5858,5858,84.68,Pass,Rajesh,Requires inspection
5859,5859,97.76,Fail,Priya,Requires inspection
5860,5860,91.38,Pass,Priya,Minor issue found
5861,5861,74.94,Pass,Sneha,Requires inspection
5862,5862,76.14,Pass,Rajesh,Rejected
5863,5863,78.54,Pass,Anitha,Approved
5864,5864,90.06,Fail,Sneha,Approved
5865,5865,87.49,Pass,Anitha,Minor issue found
5866,5866,99.48,Pass,Sneha,Rejected
5867,5867,88.94,Pass,Rajesh,Requires inspection
5868,5868,80.89,Pass,Sneha,Requires inspection
5869,5869,85.58,Pass,Anitha,Approved
5870,5870,93.5,Pass,Sneha,Approved
5871,5871,75.74,Pass,Anitha,Rejected
5872,5872,89.63,Pass,Anitha,Approved
5873,5873,99.13,Pass,Kumar,Requires inspection
5874,5874,70.67,Pass,Priya,Rejected
5875,5875,94.85,Fail,Rajesh,Approved
5876,5876,97.74,Fail,Rajesh,Minor issue found
5877,5877,75.36,Pass,Priya,Requires inspection
5878,5878,78.5,Fail,Rajesh,Minor issue found
5879,5879,85.87,Pass,Priya,Approved
5880,5880,98.68,Pass,Priya,Minor issue found
5881,5881,70.48,Pass,Priya,Minor issue found
5882,5882,97.75,Pass,Sneha,Rejected
5883,5883,84.81,Fail,Kumar,Rejected
5884,5884,77.85,Pass,Priya,Rejected
5885,5885,90.04,Pass,Sneha,Requires inspection
5886,5886,80.94,Pass,Kumar,Requires inspection
5887,5887,87.34,Pass,Kumar,Approved
5888,5888,73.12,Pass,Anitha,Requires inspection
5889,5889,76.25,Pass,Rajesh,Minor issue found
5890,5890,99.88,Pass,Anitha,Minor issue found
5891,5891,70.23,Pass,Sneha,Requires inspection
5892,5892,99.13,Pass,Rajesh,Approved
5893,5893,98.48,Pass,Priya,Approved
5894,5894,88.02,Pass,Sneha,Requires inspection
5895,5895,88.13,Pass,Anitha,Rejected
5896,5896,72.22,Pass,Sneha,Rejected
5897,5897,70.47,Pass,Priya,Approved
5898,5898,71.98,Pass,Anitha,Requires inspection
5899,5899,74.32,Fail,Anitha,Approved
5900,5900,81.33,Pass,Rajesh,Requires inspection
5901,5901,87.58,Pass,Kumar,Approved
5902,5902,76.04,Pass,Rajesh,Approved
5903,5903,82.85,Pass,Anitha,Rejected
5904,5904,87.75,Pass,Anitha,Minor issue found
5905,5905,95.1,Pass,Kumar,Approved
5906,5906,91.48,Pass,Anitha,Minor issue found
5907,5907,82.36,Pass,Sneha,Rejected
5908,5908,79.11,Pass,Sneha,Rejected
5909,5909,71.44,Pass,Sneha,Approved
5910,5910,99.37,Pass,Priya,Requires inspection
5911,5911,99.8,Pass,Rajesh,Approved
5912,5912,89.01,Pass,Anitha,Requires inspection
5913,5913,82.01,Pass,Rajesh,Approved
5914,5914,77.74,Pass,Kumar,Minor issue found
5915,5915,90.19,Pass,Anitha,Approved
5916,5916,92.71,Pass,Kumar,Approved
5917,5917,87.24,Pass,Rajesh,Minor issue found
5918,5918,89.15,Fail,Sneha,Requires inspection
5919,5919,83.37,Pass,Rajesh,Approved
5920,5920,70.31,Pass,Anitha,Requires inspection
5921,5921,79.37,Pass,Kumar,Minor issue found
5922,5922,89.74,Pass,Kumar,Minor issue found
5923,5923,91.56,Pass,Sneha,Approved
5924,5924,72.72,Pass,Anitha,Requires inspection
5925,5925,76.8,Pass,Priya,Minor issue found
5926,5926,82.75,Pass,Anitha,Rejected
5927,5927,89.34,Pass,Sneha,Minor issue found
5928,5928,79.11,Pass,Kumar,Requires inspection
5929,5929,73.39,Pass,Kumar,Minor issue found
5930,5930,76.21,Pass,Rajesh,Requires inspection
5931,5931,74.06,Pass,Priya,Minor issue found
5932,5932,90.46,Pass,Anitha,Approved
5933,5933,99.05,Pass,Sneha,Minor issue found
5934,5934,91.39,Pass,Priya,Requires inspection
5935,5935,97.83,Pass,Priya,Approved
5936,5936,79.45,Pass,Sneha,Rejected
5937,5937,84.28,Pass,Anitha,Minor issue found
5938,5938,93.08,Pass,Anitha,Approved
5939,5939,75.03,Fail,Anitha,Approved
5940,5940,80.81,Pass,Sneha,Requires inspection
5941,5941,87.28,Pass,Sneha,Requires inspection
5942,5942,78.38,Fail,Priya,Requires inspection
5943,5943,88.63,Pass,Kumar,Minor issue found
5944,5944,71.81,Pass,Rajesh,Rejected
5945,5945,84.55,Pass,Sneha,Rejected
5946,5946,89.07,Fail,Rajesh,Approved
5947,5947,89.4,Pass,Anitha,Requires inspection
5948,5948,78.18,Pass,Anitha,Minor issue found
5949,5949,92.92,Pass,Priya,Requires inspection
5950,5950,80.06,Fail,Kumar,Minor issue found
5951,5951,84.34,Pass,Rajesh,Rejected
5952,5952,81.13,Pass,Priya,Approved
5953,5953,87.2,Fail,Sneha,Approved
5954,5954,87.25,Fail,Kumar,Rejected
5955,5955,89.7,Pass,Anitha,Requires inspection
5956,5956,93.41,Pass,Anitha,Rejected
5957,5957,83.6,Pass,Rajesh,Minor issue found
5958,5958,91.79,Pass,Anitha,Rejected
5959,5959,83.92,Pass,Kumar,Approved
5960,5960,89.09,Pass,Priya,Requires inspection
5961,5961,81.93,Pass,Priya,Minor issue found
5962,5962,70.43,Pass,Kumar,Minor issue found
5963,5963,97.04,Pass,Kumar,Approved
5964,5964,70.33,Pass,Kumar,Minor issue found
5965,5965,93.67,Pass,Priya,Rejected
5966,5966,82.51,Pass,Priya,Approved
5967,5967,90.24,Pass,Kumar,Minor issue found
5968,5968,96.19,Pass,Priya,Rejected
5969,5969,78.56,Pass,Kumar,Minor issue found
5970,5970,89.33,Pass,Anitha,Rejected
5971,5971,96.91,Pass,Anitha,Approved
5972,5972,85.12,Pass,Priya,Approved
5973,5973,79.78,Pass,Rajesh,Rejected
5974,5974,76.72,Pass,Priya,Requires inspection
5975,5975,87.47,Fail,Sneha,Minor issue found
5976,5976,82.66,Pass,Anitha,Rejected
5977,5977,89.59,Pass,Priya,Minor issue found
5978,5978,78.86,Pass,Anitha,Minor issue found
5979,5979,92.4,Pass,Sneha,Approved
5980,5980,83.97,Pass,Rajesh,Requires inspection
5981,5981,72.9,Pass,Sneha,Approved
5982,5982,83.35,Pass,Anitha,Approved
5983,5983,76.32,Pass,Priya,Minor issue found
5984,5984,93.06,Fail,Priya,Rejected
5985,5985,99.48,Pass,Priya,Approved
5986,5986,85.97,Pass,Priya,Requires inspection
5987,5987,71.36,Pass,Priya,Rejected
5988,5988,73.35,Pass,Kumar,Approved
5989,5989,86.01,Pass,Rajesh,Minor issue found
5990,5990,99.96,Pass,Priya,Minor issue found
5991,5991,86.73,Pass,Kumar,Minor issue found
5992,5992,96.18,Pass,Priya,Requires inspection
5993,5993,88.98,Fail,Priya,Approved
5994,5994,89.84,Pass,Sneha,Rejected
5995,5995,78.8,Pass,Sneha,Approved
5996,5996,87.53,Pass,Rajesh,Minor issue found
5997,5997,98.94,Pass,Sneha,Approved
5998,5998,95.43,Pass,Kumar,Minor issue found
5999,5999,87.62,Pass,Anitha,Requires inspection
6000,6000,79.43,Pass,Priya,Minor issue found
6001,6001,77.5,Fail,Kumar,Rejected
6002,6002,71.69,Pass,Sneha,Minor issue found
6003,6003,86.5,Pass,Kumar,Rejected
6004,6004,97.26,Pass,Rajesh,Minor issue found
6005,6005,91.37,Pass,Sneha,Approved
6006,6006,95.39,Pass,Rajesh,Approved
6007,6007,79.71,Fail,Anitha,Approved
6008,6008,71.83,Pass,Rajesh,Minor issue found
6009,6009,98.52,Pass,Rajesh,Requires inspection
6010,6010,76.13,Pass,Rajesh,Approved
6011,6011,70.98,Fail,Priya,Requires inspection
6012,6012,77.99,Pass,Sneha,Rejected
6013,6013,78.11,Pass,Anitha,Rejected
6014,6014,73.32,Pass,Kumar,Approved
6015,6015,85.36,Pass,Priya,Rejected
6016,6016,89.67,Pass,Anitha,Approved
6017,6017,85.1,Pass,Anitha,Requires inspection
6018,6018,76.02,Pass,Kumar,Requires inspection
6019,6019,89.41,Pass,Priya,Rejected
6020,6020,83.59,Pass,Priya,Minor issue found
6021,6021,74.2,Fail,Anitha,Minor issue found
6022,6022,76.83,Pass,Priya,Minor issue found
6023,6023,78.39,Fail,Kumar,Requires inspection
6024,6024,70.02,Pass,Rajesh,Approved
6025,6025,74.25,Pass,Priya,Approved
6026,6026,73.37,Fail,Rajesh,Minor issue found
6027,6027,91.29,Pass,Sneha,Requires inspection
6028,6028,88.88,Pass,Anitha,Minor issue found
6029,6029,95.68,Pass,Sneha,Rejected
6030,6030,97.62,Pass,Rajesh,Rejected
6031,6031,74.05,Pass,Rajesh,Minor issue found
6032,6032,97.45,Pass,Rajesh,Requires inspection
6033,6033,81.46,Pass,Anitha,Rejected
6034,6034,74.23,Pass,Rajesh,Requires inspection
6035,6035,97.89,Fail,Rajesh,Minor issue found
6036,6036,73.41,Pass,Sneha,Requires inspection
6037,6037,76.83,Pass,Priya,Minor issue found
6038,6038,89.51,Pass,Anitha,Minor issue found
6039,6039,70.3,Pass,Rajesh,Approved
6040,6040,72.73,Pass,Sneha,Minor issue found
6041,6041,71.26,Fail,Anitha,Minor issue found
6042,6042,99.85,Pass,Sneha,Approved
6043,6043,77.83,Pass,Rajesh,Approved
6044,6044,99.12,Pass,Priya,Requires inspection
6045,6045,84.48,Fail,Sneha,Requires inspection
6046,6046,87.17,Pass,Anitha,Rejected
6047,6047,80.54,Pass,Priya,Approved
6048,6048,97.87,Pass,Rajesh,Requires inspection
6049,6049,87.62,Fail,Priya,Requires inspection
6050,6050,93.9,Pass,Sneha,Requires inspection
6051,6051,82.77,Pass,Rajesh,Minor issue found
6052,6052,79.45,Pass,Sneha,Minor issue found
6053,6053,94.09,Pass,Rajesh,Minor issue found
6054,6054,87.15,Pass,Anitha,Minor issue found
6055,6055,71.04,Pass,Priya,Rejected
6056,6056,97.77,Pass,Kumar,Minor issue found
6057,6057,73.5,Pass,Anitha,Rejected
6058,6058,84.73,Pass,Kumar,Rejected
6059,6059,83.68,Pass,Kumar,Approved
6060,6060,96.85,Pass,Anitha,Requires inspection
6061,6061,89.58,Pass,Kumar,Rejected
6062,6062,99.14,Pass,Kumar,Approved
6063,6063,72.11,Fail,Sneha,Approved
6064,6064,91.09,Pass,Rajesh,Requires inspection
6065,6065,94.37,Pass,Anitha,Requires inspection
6066,6066,94.48,Pass,Rajesh,Approved
6067,6067,86.19,Pass,Anitha,Minor issue found
6068,6068,81.46,Pass,Anitha,Rejected
6069,6069,80.38,Fail,Priya,Rejected
6070,6070,72.89,Pass,Sneha,Approved
6071,6071,96.39,Fail,Priya,Requires inspection
6072,6072,98.57,Pass,Kumar,Rejected
6073,6073,93.71,Pass,Priya,Rejected
6074,6074,82.15,Pass,Kumar,Minor issue found
6075,6075,87.85,Pass,Anitha,Rejected
6076,6076,97.09,Pass,Anitha,Rejected
6077,6077,72.0,Pass,Anitha,Requires inspection
6078,6078,90.68,Pass,Priya,Minor issue found
6079,6079,93.25,Pass,Kumar,Rejected
6080,6080,93.69,Pass,Sneha,Requires inspection
6081,6081,89.89,Pass,Kumar,Approved
6082,6082,92.94,Pass,Priya,Minor issue found
6083,6083,73.22,Pass,Priya,Rejected
6084,6084,98.11,Fail,Sneha,Requires inspection
6085,6085,75.43,Pass,Kumar,Rejected
6086,6086,83.4,Fail,Kumar,Rejected
6087,6087,82.72,Fail,Sneha,Minor issue found
6088,6088,79.33,Pass,Rajesh,Rejected
6089,6089,73.5,Pass,Priya,Approved
6090,6090,74.68,Pass,Kumar,Approved
6091,6091,78.87,Pass,Kumar,Minor issue found
6092,6092,74.63,Pass,Rajesh,Requires inspection
6093,6093,89.94,Pass,Priya,Requires inspection
6094,6094,93.22,Pass,Rajesh,Requires inspection
6095,6095,89.86,Fail,Anitha,Requires inspection
6096,6096,96.92,Pass,Priya,Minor issue found
6097,6097,86.67,Pass,Kumar,Rejected
6098,6098,99.4,Pass,Anitha,Requires inspection
6099,6099,88.76,Pass,Rajesh,Approved
6100,6100,75.19,Pass,Rajesh,Requires inspection
6101,6101,90.89,Pass,Priya,Rejected
6102,6102,84.78,Pass,Sneha,Minor issue found
6103,6103,98.09,Pass,Priya,Rejected
6104,6104,84.5,Pass,Kumar,Minor issue found
6105,6105,87.67,Fail,Sneha,Rejected
6106,6106,92.69,Pass,Sneha,Minor issue found
6107,6107,96.72,Pass,Sneha,Minor issue found
6108,6108,79.88,Pass,Rajesh,Rejected
6109,6109,88.26,Pass,Rajesh,Approved
6110,6110,73.04,Pass,Anitha,Rejected
6111,6111,73.13,Pass,Rajesh,Approved
6112,6112,94.3,Pass,Anitha,Rejected
6113,6113,76.22,Fail,Kumar,Rejected
6114,6114,85.18,Pass,Kumar,Rejected
6115,6115,74.0,Pass,Sneha,Rejected
6116,6116,74.58,Pass,Priya,Rejected
6117,6117,97.37,Pass,Rajesh,Minor issue found
6118,6118,95.74,Pass,Sneha,Minor issue found
6119,6119,96.06,Pass,Anitha,Approved
6120,6120,90.03,Pass,Rajesh,Minor issue found
6121,6121,80.69,Pass,Sneha,Minor issue found
6122,6122,81.05,Pass,Anitha,Minor issue found
6123,6123,88.66,Pass,Sneha,Requires inspection
6124,6124,83.8,Pass,Rajesh,Minor issue found
6125,6125,97.92,Fail,Priya,Approved
6126,6126,93.64,Pass,Rajesh,Approved
6127,6127,97.64,Pass,Rajesh,Approved
6128,6128,94.19,Pass,Kumar,Minor issue found
6129,6129,85.53,Pass,Sneha,Rejected
6130,6130,95.12,Pass,Priya,Requires inspection
6131,6131,90.86,Pass,Rajesh,Minor issue found
6132,6132,74.45,Pass,Kumar,Rejected
6133,6133,98.86,Pass,Kumar,Minor issue found
6134,6134,99.99,Pass,Anitha,Approved
6135,6135,91.08,Pass,Priya,Rejected
6136,6136,96.37,Pass,Kumar,Rejected
6137,6137,97.08,Pass,Rajesh,Approved
6138,6138,89.44,Pass,Anitha,Minor issue found
6139,6139,99.49,Pass,Kumar,Requires inspection
6140,6140,82.26,Fail,Sneha,Minor issue found
6141,6141,86.62,Pass,Kumar,Minor issue found
6142,6142,76.6,Pass,Anitha,Minor issue found
6143,6143,88.03,Pass,Anitha,Minor issue found
6144,6144,73.47,Pass,Rajesh,Approved
6145,6145,98.85,Pass,Priya,Requires inspection
6146,6146,86.11,Fail,Anitha,Requires inspection
6147,6147,74.25,Pass,Sneha,Requires inspection
6148,6148,73.78,Pass,Priya,Requires inspection
6149,6149,90.06,Pass,Priya,Minor issue found
6150,6150,74.27,Fail,Anitha,Minor issue found
6151,6151,72.05,Fail,Anitha,Approved
6152,6152,83.96,Pass,Sneha,Minor issue found
6153,6153,95.7,Pass,Kumar,Minor issue found
6154,6154,94.98,Fail,Anitha,Approved
6155,6155,92.93,Pass,Priya,Approved
6156,6156,89.17,Pass,Priya,Approved
6157,6157,80.23,Pass,Kumar,Rejected
6158,6158,81.58,Pass,Anitha,Minor issue found
6159,6159,96.45,Pass,Kumar,Approved
6160,6160,93.19,Pass,Priya,Rejected
6161,6161,86.26,Pass,Kumar,Minor issue found
6162,6162,90.03,Pass,Priya,Minor issue found
6163,6163,86.24,Pass,Anitha,Requires inspection
6164,6164,72.73,Pass,Sneha,Approved
6165,6165,81.86,Pass,Priya,Approved
6166,6166,91.71,Pass,Rajesh,Approved
6167,6167,88.49,Pass,Anitha,Approved
6168,6168,74.88,Pass,Kumar,Approved
6169,6169,87.95,Pass,Rajesh,Approved
6170,6170,81.62,Pass,Sneha,Minor issue found
6171,6171,83.98,Fail,Anitha,Approved
6172,6172,84.02,Fail,Anitha,Minor issue found
6173,6173,88.15,Pass,Sneha,Rejected
6174,6174,91.13,Pass,Sneha,Minor issue found
6175,6175,92.39,Pass,Kumar,Minor issue found
6176,6176,91.62,Pass,Sneha,Minor issue found
6177,6177,96.82,Pass,Kumar,Requires inspection
6178,6178,82.67,Pass,Sneha,Approved
6179,6179,78.84,Fail,Priya,Approved
6180,6180,92.56,Pass,Priya,Requires inspection
6181,6181,78.37,Fail,Kumar,Approved
6182,6182,99.27,Pass,Rajesh,Requires inspection
6183,6183,91.69,Pass,Kumar,Approved
6184,6184,94.71,Pass,Priya,Approved
6185,6185,74.02,Pass,Sneha,Requires inspection
6186,6186,97.02,Pass,Rajesh,Minor issue found
6187,6187,99.84,Pass,Kumar,Minor issue found
6188,6188,76.54,Fail,Priya,Approved
6189,6189,74.41,Pass,Priya,Rejected
6190,6190,75.45,Pass,Priya,Rejected
6191,6191,94.8,Pass,Priya,Minor issue found
6192,6192,83.32,Pass,Kumar,Rejected
6193,6193,87.25,Pass,Kumar,Approved
6194,6194,99.0,Pass,Anitha,Requires inspection
6195,6195,80.51,Pass,Anitha,Minor issue found
6196,6196,81.07,Pass,Priya,Requires inspection
6197,6197,80.07,Pass,Sneha,Approved
6198,6198,77.56,Pass,Kumar,Approved
6199,6199,96.92,Pass,Priya,Approved
6200,6200,76.78,Pass,Priya,Minor issue found
6201,6201,91.56,Pass,Kumar,Minor issue found
6202,6202,95.44,Fail,Anitha,Requires inspection
6203,6203,81.13,Pass,Anitha,Minor issue found
6204,6204,99.31,Pass,Sneha,Rejected
6205,6205,78.96,Pass,Sneha,Approved
6206,6206,84.72,Pass,Sneha,Requires inspection
6207,6207,72.96,Pass,Priya,Rejected
6208,6208,90.28,Pass,Priya,Approved
6209,6209,96.09,Pass,Kumar,Minor issue found
6210,6210,80.93,Pass,Kumar,Rejected
6211,6211,78.91,Pass,Priya,Rejected
6212,6212,98.28,Fail,Anitha,Requires inspection
6213,6213,71.02,Fail,Priya,Minor issue found
6214,6214,88.75,Pass,Priya,Minor issue found
6215,6215,89.56,Pass,Rajesh,Minor issue found
6216,6216,73.53,Fail,Rajesh,Rejected
6217,6217,93.01,Pass,Kumar,Minor issue found
6218,6218,81.5,Pass,Sneha,Rejected
6219,6219,74.37,Pass,Anitha,Approved
6220,6220,72.59,Pass,Sneha,Requires inspection
6221,6221,88.72,Pass,Kumar,Requires inspection
6222,6222,70.71,Pass,Priya,Minor issue found
6223,6223,84.38,Pass,Priya,Rejected
6224,6224,95.01,Pass,Sneha,Minor issue found
6225,6225,93.19,Pass,Kumar,Approved
6226,6226,76.4,Pass,Kumar,Approved
6227,6227,79.21,Pass,Priya,Requires inspection
6228,6228,98.98,Pass,Anitha,Approved
6229,6229,82.76,Pass,Kumar,Requires inspection
6230,6230,85.93,Pass,Anitha,Minor issue found
6231,6231,89.94,Pass,Sneha,Approved
6232,6232,84.9,Pass,Sneha,Rejected
6233,6233,92.44,Pass,Anitha,Approved
6234,6234,94.09,Fail,Sneha,Rejected
6235,6235,95.32,Pass,Priya,Minor issue found
6236,6236,90.53,Fail,Anitha,Approved
6237,6237,81.04,Pass,Rajesh,Rejected
6238,6238,83.79,Pass,Sneha,Approved
6239,6239,96.51,Pass,Rajesh,Requires inspection
6240,6240,92.28,Pass,Rajesh,Minor issue found
6241,6241,74.32,Fail,Sneha,Requires inspection
6242,6242,83.59,Pass,Kumar,Approved
6243,6243,86.92,Pass,Rajesh,Rejected
6244,6244,71.4,Fail,Sneha,Minor issue found
6245,6245,95.87,Pass,Sneha,Rejected
6246,6246,92.2,Pass,Priya,Minor issue found
6247,6247,71.18,Pass,Priya,Requires inspection
6248,6248,76.59,Pass,Rajesh,Requires inspection
6249,6249,89.43,Pass,Anitha,Minor issue found
6250,6250,87.0,Fail,Rajesh,Approved
6251,6251,95.08,Pass,Rajesh,Requires inspection
6252,6252,81.3,Pass,Anitha,Rejected
6253,6253,94.72,Fail,Priya,Rejected
6254,6254,88.15,Pass,Anitha,Minor issue found
6255,6255,99.79,Pass,Anitha,Approved
6256,6256,88.32,Pass,Anitha,Minor issue found
6257,6257,93.83,Pass,Rajesh,Rejected
6258,6258,82.76,Pass,Sneha,Minor issue found
6259,6259,80.29,Pass,Priya,Rejected
6260,6260,86.35,Pass,Sneha,Minor issue found
6261,6261,71.49,Pass,Sneha,Requires inspection
6262,6262,87.02,Pass,Priya,Minor issue found
6263,6263,96.46,Pass,Anitha,Rejected
6264,6264,97.35,Pass,Priya,Minor issue found
6265,6265,98.2,Pass,Priya,Minor issue found
6266,6266,74.32,Pass,Anitha,Requires inspection
6267,6267,70.95,Pass,Rajesh,Minor issue found
6268,6268,99.01,Pass,Priya,Approved
6269,6269,90.03,Pass,Kumar,Requires inspection
6270,6270,80.93,Pass,Rajesh,Approved
6271,6271,74.96,Pass,Rajesh,Minor issue found
6272,6272,88.39,Pass,Sneha,Requires inspection
6273,6273,83.42,Pass,Kumar,Requires inspection
6274,6274,77.07,Pass,Rajesh,Approved
6275,6275,75.96,Pass,Rajesh,Requires inspection
6276,6276,91.24,Pass,Anitha,Rejected
6277,6277,98.22,Pass,Sneha,Rejected
6278,6278,74.44,Pass,Sneha,Requires inspection
6279,6279,90.15,Pass,Sneha,Minor issue found
6280,6280,84.1,Fail,Anitha,Minor issue found
6281,6281,85.32,Pass,Sneha,Rejected
6282,6282,75.45,Pass,Priya,Requires inspection
6283,6283,82.39,Pass,Sneha,Rejected
6284,6284,75.35,Pass,Kumar,Approved
6285,6285,76.11,Pass,Priya,Approved
6286,6286,77.81,Pass,Sneha,Rejected
6287,6287,91.93,Pass,Sneha,Approved
6288,6288,93.97,Pass,Kumar,Rejected
6289,6289,77.54,Pass,Rajesh,Requires inspection
6290,6290,79.51,Fail,Kumar,Requires inspection
6291,6291,83.72,Pass,Anitha,Rejected
6292,6292,84.08,Pass,Kumar,Approved
6293,6293,72.85,Pass,Rajesh,Requires inspection
6294,6294,80.75,Pass,Priya,Rejected
6295,6295,79.23,Fail,Rajesh,Minor issue found
6296,6296,75.74,Fail,Sneha,Rejected
6297,6297,88.08,Fail,Priya,Requires inspection
6298,6298,72.28,Pass,Rajesh,Approved
6299,6299,84.24,Pass,Anitha,Minor issue found
6300,6300,74.64,Pass,Rajesh,Minor issue found
6301,6301,74.94,Pass,Priya,Minor issue found
6302,6302,79.82,Pass,Sneha,Requires inspection
6303,6303,79.72,Pass,Kumar,Rejected
6304,6304,96.89,Fail,Priya,Approved
6305,6305,70.22,Pass,Kumar,Requires inspection
6306,6306,91.27,Fail,Rajesh,Requires inspection
6307,6307,85.27,Fail,Anitha,Rejected
6308,6308,83.09,Pass,Kumar,Minor issue found
6309,6309,83.02,Pass,Priya,Requires inspection
6310,6310,83.64,Pass,Priya,Requires inspection
6311,6311,76.68,Pass,Priya,Approved
6312,6312,77.92,Fail,Priya,Rejected
6313,6313,96.15,Pass,Anitha,Approved
6314,6314,72.41,Pass,Rajesh,Rejected
6315,6315,72.34,Pass,Kumar,Minor issue found
6316,6316,87.04,Pass,Rajesh,Requires inspection
6317,6317,72.76,Pass,Priya,Approved
6318,6318,72.08,Pass,Kumar,Approved
6319,6319,97.28,Pass,Kumar,Minor issue found
6320,6320,72.65,Pass,Kumar,Requires inspection
6321,6321,95.14,Pass,Rajesh,Minor issue found
6322,6322,88.56,Pass,Kumar,Requires inspection
6323,6323,93.08,Pass,Sneha,Rejected
6324,6324,93.62,Pass,Sneha,Rejected
6325,6325,79.94,Pass,Kumar,Minor issue found
6326,6326,83.17,Pass,Sneha,Minor issue found
6327,6327,80.24,Pass,Anitha,Approved
6328,6328,77.72,Pass,Rajesh,Requires inspection
6329,6329,96.41,Pass,Priya,Approved
6330,6330,99.07,Pass,Kumar,Requires inspection
6331,6331,70.87,Pass,Priya,Rejected
6332,6332,71.0,Pass,Anitha,Minor issue found
6333,6333,94.06,Pass,Rajesh,Requires inspection
6334,6334,70.96,Pass,Kumar,Minor issue found
6335,6335,86.69,Pass,Anitha,Requires inspection
6336,6336,78.47,Pass,Anitha,Minor issue found
6337,6337,77.82,Pass,Rajesh,Requires inspection
6338,6338,82.99,Pass,Sneha,Minor issue found
6339,6339,99.95,Pass,Sneha,Approved
6340,6340,85.68,Pass,Anitha,Minor issue found
6341,6341,90.32,Pass,Priya,Minor issue found
6342,6342,72.45,Pass,Anitha,Rejected
6343,6343,94.69,Pass,Anitha,Requires inspection
6344,6344,73.78,Pass,Priya,Requires inspection
6345,6345,81.26,Pass,Anitha,Minor issue found
6346,6346,91.34,Fail,Rajesh,Approved
6347,6347,96.28,Pass,Kumar,Rejected
6348,6348,85.64,Pass,Kumar,Requires inspection
6349,6349,83.81,Pass,Rajesh,Rejected
6350,6350,75.89,Pass,Sneha,Requires inspection
6351,6351,98.17,Fail,Priya,Requires inspection
6352,6352,97.01,Pass,Anitha,Minor issue found
6353,6353,88.31,Pass,Priya,Minor issue found
6354,6354,77.55,Fail,Rajesh,Minor issue found
6355,6355,76.29,Pass,Anitha,Minor issue found
6356,6356,97.09,Pass,Kumar,Requires inspection
6357,6357,72.45,Pass,Anitha,Approved
6358,6358,74.3,Pass,Kumar,Minor issue found
6359,6359,75.61,Pass,Priya,Requires inspection
6360,6360,73.25,Pass,Sneha,Requires inspection
6361,6361,85.08,Pass,Rajesh,Rejected
6362,6362,86.3,Pass,Anitha,Requires inspection
6363,6363,86.16,Pass,Sneha,Requires inspection
6364,6364,72.36,Pass,Sneha,Requires inspection
6365,6365,76.8,Pass,Anitha,Rejected
6366,6366,92.52,Pass,Anitha,Requires inspection
6367,6367,83.97,Pass,Sneha,Rejected
6368,6368,83.28,Pass,Rajesh,Rejected
6369,6369,96.48,Pass,Sneha,Approved
6370,6370,73.37,Pass,Priya,Rejected
6371,6371,87.75,Pass,Anitha,Minor issue found
6372,6372,72.57,Fail,Priya,Approved
6373,6373,81.19,Pass,Sneha,Approved
6374,6374,94.37,Pass,Kumar,Approved
6375,6375,76.95,Pass,Sneha,Rejected
6376,6376,97.63,Pass,Sneha,Approved
6377,6377,93.9,Pass,Kumar,Rejected
6378,6378,89.29,Pass,Sneha,Rejected
6379,6379,84.38,Pass,Rajesh,Rejected
6380,6380,98.33,Pass,Sneha,Minor issue found
6381,6381,74.63,Pass,Sneha,Approved
6382,6382,75.71,Pass,Sneha,Approved
6383,6383,95.62,Pass,Priya,Rejected
6384,6384,81.94,Fail,Rajesh,Rejected
6385,6385,88.38,Pass,Sneha,Requires inspection
6386,6386,81.26,Pass,Kumar,Requires inspection
6387,6387,75.28,Pass,Kumar,Requires inspection
6388,6388,92.69,Pass,Rajesh,Requires inspection
6389,6389,99.37,Pass,Rajesh,Rejected
6390,6390,98.25,Pass,Priya,Approved
6391,6391,75.47,Pass,Priya,Requires inspection
6392,6392,96.83,Pass,Kumar,Rejected
6393,6393,90.22,Pass,Priya,Minor issue found
6394,6394,71.44,Pass,Kumar,Minor issue found
6395,6395,70.9,Fail,Anitha,Rejected
6396,6396,82.9,Pass,Sneha,Requires inspection
6397,6397,85.86,Pass,Rajesh,Minor issue found
6398,6398,80.99,Pass,Sneha,Requires inspection
6399,6399,73.96,Fail,Priya,Requires inspection
6400,6400,97.61,Pass,Sneha,Minor issue found
6401,6401,71.28,Pass,Anitha,Requires inspection
6402,6402,95.53,Pass,Kumar,Rejected
6403,6403,90.06,Fail,Kumar,Requires inspection
6404,6404,79.25,Pass,Kumar,Minor issue found
6405,6405,91.3,Pass,Priya,Requires inspection
6406,6406,96.02,Pass,Priya,Requires inspection
6407,6407,81.45,Pass,Sneha,Requires inspection
6408,6408,84.44,Pass,Priya,Rejected
6409,6409,90.02,Pass,Anitha,Approved
6410,6410,78.96,Pass,Rajesh,Rejected
6411,6411,73.99,Pass,Priya,Requires inspection
6412,6412,98.91,Pass,Priya,Minor issue found
6413,6413,89.69,Pass,Anitha,Requires inspection
6414,6414,78.36,Fail,Rajesh,Requires inspection
6415,6415,71.74,Fail,Anitha,Rejected
6416,6416,84.62,Pass,Rajesh,Rejected
6417,6417,90.42,Pass,Sneha,Minor issue found
6418,6418,90.2,Pass,Anitha,Rejected
6419,6419,90.35,Pass,Rajesh,Minor issue found
6420,6420,73.91,Pass,Sneha,Requires inspection
6421,6421,84.39,Pass,Priya,Requires inspection
6422,6422,86.38,Pass,Anitha,Minor issue found
6423,6423,89.88,Fail,Sneha,Rejected
6424,6424,85.28,Pass,Priya,Minor issue found
6425,6425,72.96,Fail,Priya,Approved
6426,6426,81.97,Pass,Kumar,Requires inspection
6427,6427,72.29,Pass,Kumar,Minor issue found
6428,6428,78.24,Fail,Anitha,Minor issue found
6429,6429,95.31,Pass,Kumar,Approved
6430,6430,76.38,Pass,Priya,Minor issue found
6431,6431,88.46,Pass,Rajesh,Rejected
6432,6432,96.66,Pass,Rajesh,Approved
6433,6433,79.44,Pass,Kumar,Requires inspection
6434,6434,88.44,Fail,Anitha,Rejected
6435,6435,94.93,Fail,Rajesh,Minor issue found
6436,6436,93.95,Pass,Anitha,Rejected
6437,6437,88.38,Pass,Sneha,Approved
6438,6438,73.87,Fail,Sneha,Requires inspection
6439,6439,72.98,Pass,Kumar,Minor issue found
6440,6440,98.88,Pass,Kumar,Requires inspection
6441,6441,92.69,Pass,Kumar,Requires inspection
6442,6442,90.62,Pass,Rajesh,Minor issue found
6443,6443,80.06,Pass,Anitha,Minor issue found
6444,6444,78.28,Pass,Anitha,Requires inspection
6445,6445,90.66,Pass,Sneha,Rejected
6446,6446,70.56,Pass,Anitha,Minor issue found
6447,6447,72.94,Pass,Priya,Requires inspection
6448,6448,89.15,Pass,Priya,Minor issue found
6449,6449,91.85,Pass,Sneha,Minor issue found
6450,6450,97.53,Pass,Sneha,Rejected
6451,6451,96.52,Pass,Kumar,Approved
6452,6452,98.87,Pass,Rajesh,Rejected
6453,6453,92.12,Pass,Rajesh,Minor issue found
6454,6454,80.47,Pass,Priya,Requires inspection
6455,6455,87.18,Fail,Sneha,Requires inspection
6456,6456,91.43,Pass,Sneha,Rejected
6457,6457,87.17,Pass,Anitha,Requires inspection
6458,6458,95.4,Pass,Sneha,Approved
6459,6459,71.3,Pass,Rajesh,Approved
6460,6460,72.86,Pass,Priya,Approved
6461,6461,85.88,Pass,Kumar,Requires inspection
6462,6462,87.52,Pass,Sneha,Rejected
6463,6463,75.19,Pass,Anitha,Requires inspection
6464,6464,89.92,Pass,Kumar,Approved
6465,6465,83.34,Pass,Anitha,Minor issue found
6466,6466,99.51,Pass,Rajesh,Requires inspection
6467,6467,70.54,Pass,Anitha,Requires inspection
6468,6468,88.49,Pass,Kumar,Minor issue found
6469,6469,76.55,Pass,Kumar,Minor issue found
6470,6470,93.53,Fail,Rajesh,Approved
6471,6471,79.32,Pass,Priya,Rejected
6472,6472,71.25,Pass,Sneha,Approved
6473,6473,97.99,Pass,Anitha,Minor issue found
6474,6474,85.69,Pass,Sneha,Rejected
6475,6475,97.69,Pass,Kumar,Requires inspection
6476,6476,75.13,Pass,Kumar,Minor issue found
6477,6477,80.05,Pass,Sneha,Requires inspection
6478,6478,75.28,Pass,Rajesh,Approved
6479,6479,71.51,Pass,Priya,Requires inspection
6480,6480,98.59,Pass,Anitha,Requires inspection
6481,6481,87.93,Pass,Sneha,Approved
6482,6482,74.64,Pass,Priya,Rejected
6483,6483,93.08,Pass,Sneha,Requires inspection
6484,6484,97.49,Fail,Priya,Requires inspection
6485,6485,70.74,Pass,Priya,Requires inspection
6486,6486,91.78,Pass,Priya,Requires inspection
6487,6487,78.1,Fail,Rajesh,Rejected
6488,6488,74.01,Pass,Priya,Rejected
6489,6489,99.66,Pass,Priya,Requires inspection
6490,6490,91.16,Pass,Rajesh,Minor issue found
6491,6491,97.64,Pass,Sneha,Requires inspection
6492,6492,95.72,Pass,Sneha,Requires inspection
6493,6493,81.37,Pass,Rajesh,Rejected
6494,6494,83.7,Pass,Sneha,Requires inspection
6495,6495,81.17,Pass,Rajesh,Requires inspection
6496,6496,95.41,Fail,Priya,Requires inspection
6497,6497,84.33,Pass,Kumar,Minor issue found
6498,6498,81.36,Pass,Anitha,Minor issue found
6499,6499,99.53,Fail,Priya,Approved
6500,6500,75.96,Pass,Priya,Rejected
6501,6501,71.76,Pass,Kumar,Requires inspection
6502,6502,94.48,Pass,Priya,Rejected
6503,6503,77.4,Pass,Anitha,Approved
6504,6504,98.03,Pass,Anitha,Rejected
6505,6505,83.41,Pass,Rajesh,Requires inspection
6506,6506,88.45,Pass,Priya,Rejected
6507,6507,94.31,Pass,Anitha,Rejected
6508,6508,70.91,Pass,Anitha,Minor issue found
6509,6509,78.54,Pass,Priya,Requires inspection
6510,6510,94.55,Pass,Priya,Requires inspection
6511,6511,71.63,Pass,Rajesh,Rejected
6512,6512,79.57,Pass,Priya,Rejected
6513,6513,71.56,Pass,Sneha,Rejected
6514,6514,74.66,Fail,Rajesh,Minor issue found
6515,6515,94.03,Pass,Anitha,Approved
6516,6516,88.13,Pass,Rajesh,Rejected
6517,6517,90.84,Pass,Rajesh,Requires inspection
6518,6518,70.3,Pass,Sneha,Rejected
6519,6519,82.49,Fail,Rajesh,Minor issue found
6520,6520,99.92,Pass,Rajesh,Approved
6521,6521,91.88,Pass,Anitha,Approved
6522,6522,76.54,Pass,Anitha,Requires inspection
6523,6523,71.81,Pass,Rajesh,Rejected
6524,6524,74.48,Pass,Priya,Rejected
6525,6525,77.48,Pass,Kumar,Minor issue found
6526,6526,94.12,Pass,Priya,Minor issue found
6527,6527,97.39,Pass,Priya,Minor issue found
6528,6528,92.44,Pass,Rajesh,Requires inspection
6529,6529,88.5,Fail,Anitha,Requires inspection
6530,6530,83.29,Pass,Priya,Approved
6531,6531,98.53,Pass,Anitha,Approved
6532,6532,99.15,Pass,Rajesh,Approved
6533,6533,87.61,Fail,Rajesh,Minor issue found
6534,6534,70.25,Pass,Priya,Approved
6535,6535,75.88,Pass,Anitha,Rejected
6536,6536,77.92,Pass,Priya,Rejected
6537,6537,98.76,Pass,Priya,Requires inspection
6538,6538,83.13,Fail,Priya,Approved
6539,6539,84.94,Pass,Anitha,Minor issue found
6540,6540,95.22,Fail,Sneha,Requires inspection
6541,6541,95.51,Pass,Kumar,Requires inspection
6542,6542,92.54,Pass,Rajesh,Requires inspection
6543,6543,76.62,Pass,Sneha,Approved
6544,6544,84.63,Pass,Kumar,Requires inspection
6545,6545,75.71,Fail,Rajesh,Approved
6546,6546,88.29,Pass,Sneha,Minor issue found
6547,6547,95.28,Pass,Rajesh,Requires inspection
6548,6548,97.01,Fail,Sneha,Minor issue found
6549,6549,84.35,Pass,Kumar,Requires inspection
6550,6550,83.09,Pass,Kumar,Requires inspection
6551,6551,79.65,Pass,Sneha,Rejected
6552,6552,92.64,Fail,Kumar,Requires inspection
6553,6553,95.33,Pass,Rajesh,Approved
6554,6554,88.25,Pass,Priya,Minor issue found
6555,6555,77.37,Pass,Anitha,Rejected
6556,6556,79.86,Pass,Kumar,Requires inspection
6557,6557,85.56,Pass,Rajesh,Approved
6558,6558,84.16,Pass,Rajesh,Minor issue found
6559,6559,94.81,Pass,Kumar,Requires inspection
6560,6560,86.66,Fail,Sneha,Minor issue found
6561,6561,78.48,Pass,Rajesh,Rejected
6562,6562,70.57,Pass,Anitha,Requires inspection
6563,6563,74.64,Pass,Anitha,Approved
6564,6564,91.01,Pass,Priya,Requires inspection
6565,6565,91.04,Pass,Kumar,Minor issue found
6566,6566,93.94,Pass,Anitha,Requires inspection
6567,6567,97.22,Pass,Sneha,Minor issue found
6568,6568,94.2,Pass,Sneha,Requires inspection
6569,6569,86.25,Pass,Rajesh,Requires inspection
6570,6570,95.71,Pass,Rajesh,Requires inspection
6571,6571,81.47,Fail,Anitha,Rejected
6572,6572,93.71,Fail,Kumar,Requires inspection
6573,6573,81.55,Pass,Rajesh,Minor issue found
6574,6574,93.21,Pass,Rajesh,Approved
6575,6575,98.79,Pass,Priya,Requires inspection
6576,6576,80.36,Pass,Kumar,Rejected
6577,6577,80.59,Pass,Anitha,Requires inspection
6578,6578,94.56,Pass,Anitha,Requires inspection
6579,6579,70.01,Pass,Rajesh,Requires inspection
6580,6580,85.07,Pass,Priya,Requires inspection
6581,6581,87.47,Pass,Anitha,Rejected
6582,6582,91.79,Pass,Anitha,Minor issue found
6583,6583,83.81,Pass,Anitha,Requires inspection
6584,6584,99.39,Fail,Anitha,Minor issue found
6585,6585,87.13,Pass,Sneha,Rejected
6586,6586,84.62,Pass,Kumar,Requires inspection
6587,6587,77.0,Pass,Anitha,Requires inspection
6588,6588,75.62,Pass,Sneha,Minor issue found
6589,6589,71.79,Pass,Kumar,Requires inspection
6590,6590,90.5,Pass,Anitha,Requires inspection
6591,6591,80.7,Pass,Priya,Rejected
6592,6592,89.56,Pass,Rajesh,Rejected
6593,6593,70.91,Pass,Sneha,Rejected
6594,6594,79.39,Pass,Anitha,Requires inspection
6595,6595,76.9,Pass,Sneha,Requires inspection
6596,6596,72.92,Pass,Rajesh,Approved
6597,6597,84.53,Pass,Kumar,Approved
6598,6598,98.47,Pass,Rajesh,Rejected
6599,6599,73.18,Pass,Sneha,Approved
6600,6600,94.24,Pass,Sneha,Requires inspection
6601,6601,70.96,Pass,Anitha,Minor issue found
6602,6602,96.42,Pass,Rajesh,Rejected
6603,6603,73.46,Pass,Rajesh,Rejected
6604,6604,88.06,Fail,Rajesh,Rejected
6605,6605,96.33,Pass,Sneha,Approved
6606,6606,76.51,Pass,Kumar,Approved
6607,6607,98.86,Pass,Priya,Minor issue found
6608,6608,82.02,Pass,Rajesh,Approved
6609,6609,88.73,Pass,Rajesh,Requires inspection
6610,6610,91.24,Pass,Anitha,Rejected
6611,6611,83.5,Fail,Anitha,Rejected
6612,6612,91.51,Pass,Rajesh,Requires inspection
6613,6613,86.2,Pass,Rajesh,Approved
6614,6614,86.88,Pass,Kumar,Minor issue found
6615,6615,94.92,Pass,Kumar,Minor issue found
6616,6616,89.94,Pass,Anitha,Rejected
6617,6617,78.43,Pass,Rajesh,Requires inspection
6618,6618,80.26,Pass,Rajesh,Minor issue found
6619,6619,92.41,Pass,Kumar,Rejected
6620,6620,72.81,Pass,Priya,Requires inspection
6621,6621,81.13,Pass,Sneha,Rejected
6622,6622,75.69,Pass,Sneha,Rejected
6623,6623,89.04,Pass,Rajesh,Rejected
6624,6624,98.78,Pass,Kumar,Approved
6625,6625,90.38,Fail,Kumar,Approved
6626,6626,99.45,Fail,Anitha,Requires inspection
6627,6627,98.52,Pass,Priya,Requires inspection
6628,6628,97.09,Pass,Sneha,Requires inspection
6629,6629,74.41,Pass,Rajesh,Rejected
6630,6630,96.26,Pass,Priya,Approved
6631,6631,97.51,Pass,Anitha,Approved
6632,6632,80.17,Pass,Kumar,Minor issue found
6633,6633,95.49,Pass,Sneha,Approved
6634,6634,99.59,Fail,Sneha,Rejected
6635,6635,75.18,Pass,Anitha,Rejected
6636,6636,81.21,Pass,Priya,Minor issue found
6637,6637,81.85,Fail,Anitha,Approved
6638,6638,99.52,Pass,Anitha,Requires inspection
6639,6639,70.77,Pass,Kumar,Approved
6640,6640,87.95,Pass,Priya,Approved
6641,6641,73.44,Pass,Rajesh,Approved
6642,6642,88.57,Pass,Sneha,Requires inspection
6643,6643,91.9,Pass,Anitha,Requires inspection
6644,6644,81.35,Pass,Anitha,Minor issue found
6645,6645,78.15,Pass,Priya,Rejected
6646,6646,79.99,Pass,Sneha,Requires inspection
6647,6647,73.19,Fail,Anitha,Minor issue found
6648,6648,90.82,Pass,Kumar,Requires inspection
6649,6649,72.93,Pass,Anitha,Rejected
6650,6650,70.5,Fail,Kumar,Rejected
6651,6651,97.12,Pass,Sneha,Rejected
6652,6652,83.2,Pass,Anitha,Minor issue found
6653,6653,75.68,Pass,Kumar,Approved
6654,6654,88.9,Pass,Priya,Approved
6655,6655,85.5,Pass,Anitha,Rejected
6656,6656,73.05,Fail,Anitha,Approved
6657,6657,88.3,Pass,Kumar,Approved
6658,6658,96.65,Fail,Priya,Approved
6659,6659,83.96,Pass,Sneha,Rejected
6660,6660,98.01,Pass,Kumar,Rejected
6661,6661,74.15,Pass,Priya,Minor issue found
6662,6662,73.04,Pass,Priya,Minor issue found
6663,6663,75.72,Pass,Sneha,Minor issue found
6664,6664,92.75,Pass,Sneha,Minor issue found
6665,6665,97.58,Pass,Rajesh,Approved
6666,6666,95.39,Fail,Rajesh,Requires inspection
6667,6667,88.85,Pass,Rajesh,Rejected
6668,6668,79.69,Pass,Kumar,Requires inspection
6669,6669,83.49,Pass,Kumar,Minor issue found
6670,6670,92.9,Pass,Rajesh,Rejected
6671,6671,75.39,Pass,Kumar,Minor issue found
6672,6672,97.26,Pass,Rajesh,Rejected
6673,6673,77.37,Fail,Kumar,Approved
6674,6674,84.6,Pass,Kumar,Rejected
6675,6675,75.64,Pass,Priya,Approved
6676,6676,77.91,Pass,Anitha,Requires inspection
6677,6677,78.44,Pass,Rajesh,Minor issue found
6678,6678,76.26,Pass,Priya,Approved
6679,6679,98.96,Pass,Sneha,Rejected
6680,6680,89.65,Fail,Sneha,Requires inspection
6681,6681,80.77,Pass,Sneha,Requires inspection
6682,6682,90.65,Pass,Anitha,Requires inspection
6683,6683,78.87,Pass,Priya,Approved
6684,6684,98.16,Pass,Kumar,Approved
6685,6685,71.59,Pass,Sneha,Rejected
6686,6686,98.92,Pass,Kumar,Approved
6687,6687,90.89,Pass,Kumar,Approved
6688,6688,86.29,Fail,Rajesh,Requires inspection
6689,6689,80.91,Pass,Anitha,Minor issue found
6690,6690,79.73,Pass,Sneha,Approved
6691,6691,94.54,Pass,Kumar,Minor issue found
6692,6692,73.65,Pass,Anitha,Requires inspection
6693,6693,84.1,Pass,Kumar,Approved
6694,6694,94.8,Pass,Rajesh,Rejected
6695,6695,92.84,Pass,Sneha,Requires inspection
6696,6696,75.28,Pass,Rajesh,Rejected
6697,6697,76.08,Pass,Sneha,Requires inspection
6698,6698,78.52,Pass,Priya,Rejected
6699,6699,86.17,Pass,Rajesh,Rejected
6700,6700,72.94,Pass,Sneha,Minor issue found
6701,6701,80.65,Pass,Kumar,Minor issue found
6702,6702,95.69,Pass,Sneha,Approved
6703,6703,98.59,Pass,Anitha,Requires inspection
6704,6704,77.86,Fail,Sneha,Minor issue found
6705,6705,71.32,Pass,Rajesh,Requires inspection
6706,6706,83.35,Pass,Priya,Minor issue found
6707,6707,75.4,Pass,Sneha,Approved
6708,6708,76.34,Pass,Anitha,Minor issue found
6709,6709,82.02,Pass,Anitha,Minor issue found
6710,6710,93.66,Pass,Kumar,Requires inspection
6711,6711,71.76,Fail,Anitha,Requires inspection
6712,6712,85.51,Pass,Sneha,Requires inspection
6713,6713,78.67,Pass,Rajesh,Requires inspection
6714,6714,91.17,Pass,Rajesh,Requires inspection
6715,6715,86.54,Pass,Rajesh,Minor issue found
6716,6716,76.34,Pass,Anitha,Requires inspection
6717,6717,88.33,Fail,Anitha,Minor issue found
6718,6718,78.82,Fail,Sneha,Rejected
6719,6719,86.24,Pass,Sneha,Minor issue found
6720,6720,80.89,Pass,Priya,Approved
6721,6721,80.57,Pass,Kumar,Rejected
6722,6722,76.62,Pass,Anitha,Requires inspection
6723,6723,70.83,Fail,Anitha,Approved
6724,6724,71.99,Fail,Sneha,Approved
6725,6725,70.64,Pass,Kumar,Minor issue found
6726,6726,99.08,Pass,Sneha,Rejected
6727,6727,73.14,Pass,Kumar,Minor issue found
6728,6728,77.22,Pass,Sneha,Rejected
6729,6729,73.94,Pass,Anitha,Requires inspection
6730,6730,99.09,Fail,Kumar,Minor issue found
6731,6731,73.32,Fail,Sneha,Rejected
6732,6732,92.02,Pass,Sneha,Rejected
6733,6733,84.6,Pass,Rajesh,Minor issue found
6734,6734,95.71,Pass,Kumar,Approved
6735,6735,75.12,Fail,Anitha,Requires inspection
6736,6736,97.24,Fail,Kumar,Approved
6737,6737,93.62,Pass,Sneha,Requires inspection
6738,6738,71.65,Pass,Priya,Requires inspection
6739,6739,89.86,Fail,Priya,Requires inspection
6740,6740,96.12,Pass,Kumar,Approved
6741,6741,93.18,Pass,Rajesh,Requires inspection
6742,6742,97.99,Pass,Anitha,Approved
6743,6743,72.49,Pass,Sneha,Minor issue found
6744,6744,81.14,Pass,Rajesh,Rejected
6745,6745,76.74,Fail,Anitha,Requires inspection
6746,6746,97.73,Pass,Priya,Rejected
6747,6747,79.48,Pass,Priya,Rejected
6748,6748,88.67,Pass,Anitha,Minor issue found
6749,6749,70.08,Fail,Rajesh,Rejected
6750,6750,90.64,Pass,Kumar,Requires inspection
6751,6751,88.79,Fail,Kumar,Requires inspection
6752,6752,95.28,Pass,Priya,Rejected
6753,6753,85.36,Pass,Priya,Approved
6754,6754,90.17,Pass,Priya,Requires inspection
6755,6755,98.55,Pass,Anitha,Approved
6756,6756,78.22,Pass,Sneha,Approved
6757,6757,71.4,Pass,Sneha,Requires inspection
6758,6758,87.3,Pass,Anitha,Approved
6759,6759,81.2,Pass,Anitha,Requires inspection
6760,6760,91.85,Fail,Priya,Rejected
6761,6761,77.32,Pass,Priya,Approved
6762,6762,98.42,Pass,Sneha,Rejected
6763,6763,77.28,Pass,Sneha,Minor issue found
6764,6764,90.28,Pass,Priya,Approved
6765,6765,78.85,Pass,Rajesh,Requires inspection
6766,6766,84.72,Pass,Kumar,Minor issue found
6767,6767,98.77,Pass,Sneha,Requires inspection
6768,6768,86.35,Fail,Kumar,Requires inspection
6769,6769,85.59,Pass,Rajesh,Approved
6770,6770,76.69,Pass,Anitha,Requires inspection
6771,6771,98.37,Fail,Rajesh,Rejected
6772,6772,72.86,Pass,Priya,Approved
6773,6773,71.22,Pass,Sneha,Rejected
6774,6774,97.15,Pass,Rajesh,Rejected
6775,6775,78.26,Pass,Priya,Minor issue found
6776,6776,81.2,Pass,Kumar,Requires inspection
6777,6777,97.09,Pass,Kumar,Approved
6778,6778,83.11,Pass,Rajesh,Approved
6779,6779,93.49,Pass,Priya,Rejected
6780,6780,78.09,Pass,Priya,Rejected
6781,6781,87.2,Pass,Kumar,Approved
6782,6782,85.79,Pass,Priya,Rejected
6783,6783,90.27,Pass,Kumar,Approved
6784,6784,86.8,Pass,Sneha,Requires inspection
6785,6785,78.56,Fail,Rajesh,Approved
6786,6786,80.51,Pass,Anitha,Rejected
6787,6787,96.15,Pass,Priya,Rejected
6788,6788,84.92,Pass,Sneha,Rejected
6789,6789,93.35,Pass,Sneha,Requires inspection
6790,6790,74.24,Pass,Anitha,Minor issue found
6791,6791,88.6,Pass,Rajesh,Requires inspection
6792,6792,73.61,Pass,Rajesh,Approved
6793,6793,77.89,Pass,Kumar,Approved
6794,6794,95.8,Pass,Anitha,Approved
6795,6795,82.83,Fail,Anitha,Minor issue found
6796,6796,87.47,Pass,Kumar,Requires inspection
6797,6797,88.79,Pass,Sneha,Rejected
6798,6798,74.98,Pass,Anitha,Approved
6799,6799,90.89,Pass,Anitha,Requires inspection
6800,6800,74.26,Pass,Sneha,Requires inspection
6801,6801,97.02,Pass,Priya,Requires inspection
6802,6802,87.56,Fail,Anitha,Rejected
6803,6803,72.82,Pass,Priya,Rejected
6804,6804,89.89,Fail,Kumar,Requires inspection
6805,6805,90.93,Pass,Sneha,Minor issue found
6806,6806,79.29,Pass,Priya,Minor issue found
6807,6807,73.64,Pass,Kumar,Requires inspection
6808,6808,78.1,Fail,Anitha,Approved
6809,6809,98.57,Fail,Anitha,Requires inspection
6810,6810,76.01,Pass,Priya,Rejected
6811,6811,70.7,Fail,Rajesh,Rejected
6812,6812,87.26,Pass,Sneha,Rejected
6813,6813,74.63,Pass,Kumar,Minor issue found
6814,6814,71.13,Pass,Priya,Minor issue found
6815,6815,91.61,Pass,Rajesh,Minor issue found
6816,6816,77.65,Fail,Kumar,Rejected
6817,6817,90.09,Fail,Sneha,Rejected
6818,6818,83.31,Pass,Anitha,Approved
6819,6819,74.67,Pass,Rajesh,Minor issue found
6820,6820,74.15,Fail,Anitha,Minor issue found
6821,6821,75.16,Pass,Rajesh,Rejected
6822,6822,89.68,Pass,Anitha,Approved
6823,6823,91.6,Fail,Kumar,Requires inspection
6824,6824,77.29,Pass,Anitha,Requires inspection
6825,6825,85.86,Pass,Anitha,Rejected
6826,6826,79.32,Pass,Sneha,Rejected
6827,6827,83.95,Fail,Priya,Minor issue found
6828,6828,77.14,Pass,Priya,Requires inspection
6829,6829,92.72,Pass,Priya,Approved
6830,6830,75.18,Pass,Kumar,Requires inspection
6831,6831,91.91,Pass,Priya,Approved
6832,6832,81.29,Fail,Kumar,Rejected
6833,6833,71.81,Pass,Priya,Rejected
6834,6834,85.21,Pass,Priya,Approved
6835,6835,72.69,Pass,Rajesh,Minor issue found
6836,6836,73.85,Pass,Sneha,Requires inspection
6837,6837,99.96,Pass,Rajesh,Minor issue found
6838,6838,88.61,Pass,Kumar,Rejected
6839,6839,70.21,Pass,Rajesh,Requires inspection
6840,6840,96.06,Fail,Priya,Requires inspection
6841,6841,89.45,Pass,Anitha,Rejected
6842,6842,72.3,Pass,Anitha,Requires inspection
6843,6843,81.39,Pass,Priya,Requires inspection
6844,6844,98.93,Pass,Priya,Requires inspection
6845,6845,84.86,Pass,Anitha,Approved
6846,6846,88.79,Pass,Anitha,Approved
6847,6847,97.73,Pass,Kumar,Rejected
6848,6848,99.87,Pass,Rajesh,Approved
6849,6849,97.29,Pass,Sneha,Requires inspection
6850,6850,78.56,Pass,Anitha,Requires inspection
6851,6851,81.13,Pass,Kumar,Minor issue found
6852,6852,97.66,Pass,Rajesh,Minor issue found
6853,6853,99.27,Pass,Sneha,Approved
6854,6854,96.74,Pass,Priya,Rejected
6855,6855,86.81,Fail,Anitha,Requires inspection
6856,6856,72.74,Pass,Sneha,Minor issue found
6857,6857,79.73,Pass,Anitha,Minor issue found
6858,6858,81.36,Pass,Anitha,Requires inspection
6859,6859,93.55,Pass,Anitha,Requires inspection
6860,6860,84.35,Fail,Sneha,Minor issue found
6861,6861,75.87,Pass,Anitha,Minor issue found
6862,6862,96.01,Pass,Sneha,Approved
6863,6863,93.7,Pass,Priya,Rejected
6864,6864,83.46,Pass,Anitha,Minor issue found
6865,6865,89.55,Pass,Kumar,Requires inspection
6866,6866,72.0,Pass,Anitha,Rejected
6867,6867,75.77,Fail,Rajesh,Approved
6868,6868,90.57,Pass,Kumar,Requires inspection
6869,6869,98.21,Pass,Sneha,Requires inspection
6870,6870,87.99,Pass,Anitha,Requires inspection
6871,6871,82.21,Pass,Anitha,Requires inspection
6872,6872,82.49,Pass,Sneha,Approved
6873,6873,71.79,Pass,Rajesh,Rejected
6874,6874,85.84,Pass,Sneha,Requires inspection
6875,6875,93.77,Pass,Priya,Requires inspection
6876,6876,96.35,Pass,Kumar,Approved
6877,6877,88.44,Pass,Kumar,Requires inspection
6878,6878,77.14,Fail,Anitha,Rejected
6879,6879,96.13,Pass,Rajesh,Requires inspection
6880,6880,70.88,Pass,Rajesh,Approved
6881,6881,83.32,Pass,Priya,Rejected
6882,6882,96.09,Pass,Kumar,Approved
6883,6883,86.09,Pass,Rajesh,Minor issue found
6884,6884,75.82,Pass,Rajesh,Approved
6885,6885,93.63,Pass,Sneha,Requires inspection
6886,6886,78.0,Pass,Priya,Approved
6887,6887,73.27,Fail,Priya,Approved
6888,6888,97.27,Pass,Rajesh,Minor issue found
6889,6889,94.83,Pass,Kumar,Minor issue found
6890,6890,89.67,Pass,Anitha,Minor issue found
6891,6891,98.69,Fail,Kumar,Minor issue found
6892,6892,89.7,Pass,Priya,Rejected
6893,6893,70.0,Pass,Kumar,Rejected
6894,6894,75.95,Pass,Kumar,Requires inspection
6895,6895,76.46,Pass,Rajesh,Minor issue found
6896,6896,73.87,Pass,Kumar,Requires inspection
6897,6897,95.26,Pass,Kumar,Requires inspection
6898,6898,72.17,Pass,Sneha,Approved
6899,6899,89.35,Pass,Rajesh,Approved
6900,6900,76.73,Pass,Kumar,Minor issue found
6901,6901,94.18,Pass,Priya,Minor issue found
6902,6902,76.83,Pass,Rajesh,Minor issue found
6903,6903,78.62,Pass,Anitha,Requires inspection
6904,6904,98.09,Fail,Sneha,Minor issue found
6905,6905,71.3,Pass,Priya,Approved
6906,6906,70.84,Fail,Priya,Minor issue found
6907,6907,89.2,Pass,Kumar,Requires inspection
6908,6908,97.82,Pass,Anitha,Requires inspection
6909,6909,80.46,Pass,Rajesh,Rejected
6910,6910,94.42,Pass,Sneha,Requires inspection
6911,6911,74.09,Pass,Sneha,Requires inspection
6912,6912,84.89,Pass,Kumar,Minor issue found
6913,6913,91.82,Pass,Sneha,Rejected
6914,6914,95.37,Pass,Anitha,Rejected
6915,6915,94.22,Pass,Rajesh,Rejected
6916,6916,77.87,Pass,Sneha,Rejected
6917,6917,97.41,Pass,Kumar,Approved
6918,6918,88.28,Pass,Priya,Approved
6919,6919,82.76,Pass,Kumar,Requires inspection
6920,6920,71.14,Pass,Kumar,Requires inspection
6921,6921,83.05,Pass,Priya,Rejected
6922,6922,79.49,Pass,Kumar,Requires inspection
6923,6923,89.79,Pass,Priya,Minor issue found
6924,6924,73.16,Pass,Rajesh,Approved
6925,6925,87.44,Pass,Kumar,Rejected
6926,6926,78.43,Pass,Priya,Requires inspection
6927,6927,98.07,Pass,Rajesh,Requires inspection
6928,6928,99.9,Pass,Sneha,Requires inspection
6929,6929,83.95,Pass,Anitha,Approved
6930,6930,71.73,Pass,Priya,Rejected
6931,6931,90.42,Fail,Sneha,Rejected
6932,6932,90.16,Pass,Kumar,Requires inspection
6933,6933,91.0,Pass,Anitha,Minor issue found
6934,6934,70.97,Pass,Anitha,Requires inspection
6935,6935,81.55,Fail,Priya,Rejected
6936,6936,98.09,Pass,Kumar,Minor issue found
6937,6937,87.08,Pass,Rajesh,Requires inspection
6938,6938,97.11,Fail,Rajesh,Requires inspection
6939,6939,85.93,Fail,Priya,Requires inspection
6940,6940,88.66,Pass,Anitha,Approved
6941,6941,78.93,Fail,Anitha,Approved
6942,6942,88.21,Pass,Kumar,Requires inspection
6943,6943,92.34,Pass,Kumar,Approved
6944,6944,74.5,Pass,Priya,Requires inspection
6945,6945,91.6,Pass,Rajesh,Minor issue found
6946,6946,74.94,Pass,Anitha,Minor issue found
6947,6947,91.09,Pass,Rajesh,Approved
6948,6948,88.56,Pass,Rajesh,Minor issue found
6949,6949,89.46,Pass,Sneha,Minor issue found
6950,6950,87.53,Pass,Kumar,Rejected
6951,6951,91.39,Pass,Anitha,Requires inspection
6952,6952,79.66,Pass,Priya,Requires inspection
6953,6953,76.46,Pass,Rajesh,Minor issue found
6954,6954,70.86,Pass,Priya,Approved
6955,6955,81.94,Pass,Anitha,Approved
6956,6956,76.83,Pass,Anitha,Rejected
6957,6957,95.75,Pass,Anitha,Approved
6958,6958,81.08,Fail,Rajesh,Requires inspection
6959,6959,92.96,Pass,Anitha,Approved
6960,6960,74.7,Pass,Sneha,Rejected
6961,6961,79.12,Pass,Priya,Requires inspection
6962,6962,76.54,Fail,Anitha,Rejected
6963,6963,90.84,Pass,Priya,Approved
6964,6964,71.32,Pass,Rajesh,Rejected
6965,6965,91.08,Pass,Sneha,Requires inspection
6966,6966,88.19,Pass,Kumar,Minor issue found
6967,6967,84.66,Pass,Rajesh,Requires inspection
6968,6968,93.32,Fail,Rajesh,Rejected
6969,6969,76.5,Pass,Anitha,Approved
6970,6970,96.8,Fail,Sneha,Requires inspection
6971,6971,92.77,Pass,Kumar,Approved
6972,6972,83.23,Pass,Rajesh,Requires inspection
6973,6973,91.92,Pass,Anitha,Requires inspection
6974,6974,77.23,Pass,Anitha,Rejected
6975,6975,86.32,Pass,Anitha,Rejected
6976,6976,98.04,Pass,Priya,Requires inspection
6977,6977,89.32,Pass,Anitha,Approved
6978,6978,79.15,Pass,Priya,Rejected
6979,6979,77.68,Pass,Sneha,Minor issue found
6980,6980,84.97,Pass,Rajesh,Minor issue found
6981,6981,78.35,Fail,Sneha,Rejected
6982,6982,74.31,Fail,Sneha,Minor issue found
6983,6983,99.32,Pass,Priya,Requires inspection
6984,6984,83.35,Pass,Anitha,Rejected
6985,6985,87.46,Pass,Anitha,Rejected
6986,6986,81.41,Pass,Rajesh,Minor issue found
6987,6987,93.64,Pass,Kumar,Requires inspection
6988,6988,88.62,Pass,Anitha,Minor issue found
6989,6989,95.41,Pass,Priya,Approved
6990,6990,94.76,Pass,Anitha,Minor issue found
6991,6991,85.57,Pass,Kumar,Rejected
6992,6992,95.87,Pass,Rajesh,Minor issue found
6993,6993,96.77,Pass,Priya,Minor issue found
6994,6994,77.73,Fail,Rajesh,Approved
6995,6995,97.66,Pass,Sneha,Requires inspection
6996,6996,94.71,Pass,Kumar,Approved
6997,6997,82.46,Fail,Sneha,Requires inspection
6998,6998,70.38,Pass,Rajesh,Rejected
6999,6999,88.92,Pass,Priya,Rejected
7000,7000,89.65,Pass,Anitha,Approved
7001,7001,79.91,Pass,Kumar,Rejected
7002,7002,86.42,Pass,Anitha,Minor issue found
7003,7003,70.52,Fail,Priya,Minor issue found
7004,7004,95.19,Pass,Priya,Rejected
7005,7005,75.47,Pass,Sneha,Approved
7006,7006,75.89,Pass,Kumar,Requires inspection
7007,7007,97.88,Pass,Priya,Rejected
7008,7008,98.17,Pass,Sneha,Approved
7009,7009,96.79,Pass,Anitha,Minor issue found
7010,7010,70.76,Pass,Priya,Requires inspection
7011,7011,73.51,Pass,Kumar,Approved
7012,7012,98.73,Pass,Sneha,Approved
7013,7013,84.53,Pass,Anitha,Approved
7014,7014,84.06,Pass,Priya,Rejected
7015,7015,91.75,Pass,Priya,Rejected
7016,7016,84.82,Pass,Rajesh,Minor issue found
7017,7017,96.76,Pass,Kumar,Approved
7018,7018,74.43,Pass,Rajesh,Minor issue found
7019,7019,99.31,Pass,Kumar,Rejected
7020,7020,70.32,Pass,Anitha,Requires inspection
7021,7021,80.96,Pass,Rajesh,Requires inspection
7022,7022,91.31,Pass,Kumar,Requires inspection
7023,7023,96.14,Fail,Anitha,Requires inspection
7024,7024,77.51,Pass,Kumar,Requires inspection
7025,7025,71.08,Pass,Rajesh,Approved
7026,7026,83.83,Pass,Priya,Requires inspection
7027,7027,93.26,Fail,Priya,Requires inspection
7028,7028,78.87,Fail,Kumar,Rejected
7029,7029,70.43,Pass,Priya,Minor issue found
7030,7030,83.47,Pass,Kumar,Rejected
7031,7031,84.67,Fail,Anitha,Approved
7032,7032,92.57,Pass,Priya,Minor issue found
7033,7033,88.96,Fail,Priya,Requires inspection
7034,7034,98.9,Pass,Anitha,Minor issue found
7035,7035,89.41,Pass,Rajesh,Minor issue found
7036,7036,84.95,Pass,Priya,Approved
7037,7037,93.29,Pass,Sneha,Rejected
7038,7038,96.75,Pass,Sneha,Rejected
7039,7039,97.97,Pass,Sneha,Approved
7040,7040,86.23,Pass,Anitha,Rejected
7041,7041,85.05,Pass,Anitha,Approved
7042,7042,88.92,Pass,Rajesh,Approved
7043,7043,90.56,Fail,Kumar,Minor issue found
7044,7044,95.2,Pass,Anitha,Minor issue found
7045,7045,70.52,Pass,Anitha,Rejected
7046,7046,80.65,Pass,Priya,Approved
7047,7047,97.08,Pass,Sneha,Minor issue found
7048,7048,86.59,Fail,Sneha,Requires inspection
7049,7049,85.95,Pass,Rajesh,Approved
7050,7050,97.13,Pass,Priya,Requires inspection
7051,7051,95.9,Pass,Rajesh,Requires inspection
7052,7052,87.53,Pass,Anitha,Rejected
7053,7053,91.55,Pass,Kumar,Minor issue found
7054,7054,86.3,Pass,Sneha,Approved
7055,7055,74.38,Pass,Rajesh,Rejected
7056,7056,91.27,Pass,Sneha,Rejected
7057,7057,81.75,Pass,Priya,Rejected
7058,7058,83.37,Pass,Sneha,Rejected
7059,7059,97.44,Pass,Anitha,Approved
7060,7060,97.38,Pass,Priya,Requires inspection
7061,7061,90.5,Pass,Anitha,Requires inspection
7062,7062,82.68,Pass,Rajesh,Approved
7063,7063,95.87,Pass,Priya,Requires inspection
7064,7064,93.13,Pass,Priya,Minor issue found
7065,7065,71.19,Pass,Anitha,Minor issue found
7066,7066,75.32,Fail,Anitha,Minor issue found
7067,7067,72.94,Pass,Priya,Approved
7068,7068,72.88,Pass,Kumar,Minor issue found
7069,7069,90.97,Fail,Anitha,Requires inspection
7070,7070,72.0,Pass,Rajesh,Minor issue found
7071,7071,90.59,Pass,Anitha,Requires inspection
7072,7072,77.25,Pass,Rajesh,Minor issue found
7073,7073,75.49,Pass,Rajesh,Minor issue found
7074,7074,81.63,Fail,Kumar,Requires inspection
7075,7075,99.4,Fail,Priya,Rejected
7076,7076,93.64,Pass,Priya,Requires inspection
7077,7077,87.1,Pass,Anitha,Approved
7078,7078,78.72,Pass,Sneha,Minor issue found
7079,7079,94.64,Pass,Anitha,Requires inspection
7080,7080,94.2,Pass,Rajesh,Approved
7081,7081,80.71,Pass,Rajesh,Minor issue found
7082,7082,74.7,Fail,Sneha,Rejected
7083,7083,76.91,Fail,Sneha,Minor issue found
7084,7084,85.39,Pass,Kumar,Approved
7085,7085,98.68,Pass,Rajesh,Requires inspection
7086,7086,92.23,Pass,Rajesh,Requires inspection
7087,7087,94.41,Pass,Rajesh,Rejected
7088,7088,91.64,Fail,Kumar,Minor issue found
7089,7089,75.05,Pass,Kumar,Rejected
7090,7090,85.16,Pass,Kumar,Rejected
7091,7091,88.11,Pass,Anitha,Approved
7092,7092,79.56,Pass,Rajesh,Minor issue found
7093,7093,97.79,Pass,Sneha,Approved
7094,7094,75.81,Pass,Kumar,Minor issue found
7095,7095,89.36,Pass,Priya,Minor issue found
7096,7096,74.33,Pass,Priya,Rejected
7097,7097,98.72,Pass,Rajesh,Rejected
7098,7098,70.62,Pass,Kumar,Minor issue found
7099,7099,97.88,Pass,Priya,Minor issue found
7100,7100,75.46,Pass,Kumar,Rejected
7101,7101,93.1,Pass,Sneha,Requires inspection
7102,7102,87.05,Fail,Anitha,Approved
7103,7103,77.86,Pass,Priya,Minor issue found
7104,7104,96.55,Pass,Priya,Requires inspection
7105,7105,82.28,Pass,Priya,Rejected
7106,7106,88.09,Fail,Priya,Approved
7107,7107,79.92,Pass,Rajesh,Rejected
7108,7108,91.42,Pass,Sneha,Requires inspection
7109,7109,90.28,Pass,Priya,Minor issue found
7110,7110,85.91,Pass,Sneha,Requires inspection
7111,7111,71.17,Pass,Rajesh,Requires inspection
7112,7112,80.32,Pass,Rajesh,Minor issue found
7113,7113,83.58,Pass,Priya,Requires inspection
7114,7114,98.77,Pass,Rajesh,Rejected
7115,7115,80.37,Pass,Kumar,Minor issue found
7116,7116,76.74,Pass,Kumar,Requires inspection
7117,7117,71.83,Pass,Kumar,Rejected
7118,7118,74.77,Pass,Rajesh,Approved
7119,7119,73.66,Pass,Sneha,Requires inspection
7120,7120,83.4,Pass,Priya,Rejected
7121,7121,70.23,Fail,Rajesh,Requires inspection
7122,7122,80.8,Pass,Anitha,Approved
7123,7123,82.3,Pass,Sneha,Approved
7124,7124,87.16,Pass,Rajesh,Rejected
7125,7125,77.55,Pass,Anitha,Minor issue found
7126,7126,80.92,Pass,Priya,Minor issue found
7127,7127,99.32,Pass,Priya,Approved
7128,7128,70.1,Pass,Priya,Approved
7129,7129,89.65,Pass,Kumar,Requires inspection
7130,7130,74.58,Pass,Kumar,Approved
7131,7131,99.41,Pass,Anitha,Requires inspection
7132,7132,73.69,Pass,Anitha,Requires inspection
7133,7133,75.81,Pass,Rajesh,Rejected
7134,7134,96.03,Pass,Kumar,Minor issue found
7135,7135,80.02,Pass,Rajesh,Approved
7136,7136,86.62,Pass,Rajesh,Requires inspection
7137,7137,92.07,Pass,Sneha,Minor issue found
7138,7138,88.6,Pass,Kumar,Requires inspection
7139,7139,75.11,Pass,Priya,Approved
7140,7140,73.62,Pass,Sneha,Minor issue found
7141,7141,85.71,Pass,Priya,Rejected
7142,7142,98.45,Pass,Priya,Minor issue found
7143,7143,83.48,Pass,Anitha,Requires inspection
7144,7144,77.97,Pass,Rajesh,Approved
7145,7145,73.58,Pass,Kumar,Rejected
7146,7146,75.32,Pass,Priya,Approved
7147,7147,97.82,Pass,Rajesh,Requires inspection
7148,7148,77.37,Fail,Rajesh,Requires inspection
7149,7149,98.63,Fail,Priya,Approved
7150,7150,74.45,Pass,Kumar,Minor issue found
7151,7151,93.05,Fail,Rajesh,Rejected
7152,7152,78.39,Pass,Anitha,Rejected
7153,7153,86.91,Pass,Rajesh,Rejected
7154,7154,83.2,Pass,Priya,Approved
7155,7155,77.2,Pass,Sneha,Minor issue found
7156,7156,96.62,Pass,Priya,Minor issue found
7157,7157,93.17,Pass,Sneha,Minor issue found
7158,7158,75.02,Pass,Anitha,Approved
7159,7159,92.12,Pass,Kumar,Minor issue found
7160,7160,93.76,Pass,Kumar,Minor issue found
7161,7161,70.08,Pass,Priya,Rejected
7162,7162,75.19,Pass,Priya,Requires inspection
7163,7163,72.6,Fail,Anitha,Rejected
7164,7164,89.51,Pass,Rajesh,Requires inspection
7165,7165,70.26,Pass,Priya,Approved
7166,7166,98.68,Pass,Rajesh,Rejected
7167,7167,78.5,Pass,Sneha,Approved
7168,7168,72.62,Fail,Rajesh,Rejected
7169,7169,97.4,Pass,Kumar,Minor issue found
7170,7170,93.91,Pass,Rajesh,Rejected
7171,7171,95.4,Fail,Priya,Rejected
7172,7172,70.41,Pass,Anitha,Rejected
7173,7173,92.5,Fail,Priya,Approved
7174,7174,93.0,Pass,Kumar,Rejected
7175,7175,71.71,Fail,Sneha,Approved
7176,7176,86.8,Pass,Priya,Approved
7177,7177,93.51,Pass,Anitha,Approved
7178,7178,86.41,Fail,Priya,Requires inspection
7179,7179,77.51,Pass,Rajesh,Minor issue found
7180,7180,74.92,Pass,Sneha,Approved
7181,7181,88.61,Pass,Sneha,Requires inspection
7182,7182,79.24,Fail,Priya,Requires inspection
7183,7183,86.6,Pass,Rajesh,Approved
7184,7184,79.05,Pass,Anitha,Requires inspection
7185,7185,90.78,Pass,Priya,Approved
7186,7186,83.74,Pass,Anitha,Minor issue found
7187,7187,70.99,Pass,Priya,Requires inspection
7188,7188,79.63,Pass,Anitha,Approved
7189,7189,77.86,Pass,Sneha,Approved
7190,7190,97.68,Pass,Sneha,Rejected
7191,7191,87.78,Pass,Kumar,Requires inspection
7192,7192,73.55,Pass,Anitha,Requires inspection
7193,7193,92.66,Pass,Sneha,Minor issue found
7194,7194,79.79,Pass,Anitha,Rejected
7195,7195,70.28,Pass,Anitha,Rejected
7196,7196,89.73,Pass,Priya,Approved
7197,7197,82.98,Pass,Kumar,Minor issue found
7198,7198,86.9,Pass,Anitha,Rejected
7199,7199,93.44,Pass,Rajesh,Requires inspection
7200,7200,91.11,Pass,Sneha,Minor issue found
7201,7201,86.38,Pass,Sneha,Minor issue found
7202,7202,74.55,Pass,Kumar,Rejected
7203,7203,81.41,Pass,Rajesh,Minor issue found
7204,7204,96.9,Pass,Anitha,Approved
7205,7205,97.13,Pass,Sneha,Approved
7206,7206,87.33,Pass,Kumar,Minor issue found
7207,7207,93.81,Pass,Anitha,Requires inspection
7208,7208,91.67,Pass,Sneha,Minor issue found
7209,7209,81.34,Pass,Rajesh,Requires inspection
7210,7210,87.7,Pass,Priya,Rejected
7211,7211,94.5,Pass,Sneha,Rejected
7212,7212,77.98,Pass,Anitha,Rejected
7213,7213,78.3,Fail,Anitha,Minor issue found
7214,7214,94.1,Pass,Priya,Approved
7215,7215,79.52,Pass,Kumar,Approved
7216,7216,95.25,Pass,Sneha,Requires inspection
7217,7217,87.24,Pass,Anitha,Rejected
7218,7218,98.66,Pass,Sneha,Rejected
7219,7219,99.56,Pass,Priya,Requires inspection
7220,7220,80.16,Pass,Priya,Requires inspection
7221,7221,75.86,Pass,Rajesh,Rejected
7222,7222,97.9,Pass,Anitha,Minor issue found
7223,7223,72.89,Pass,Priya,Minor issue found
7224,7224,93.2,Fail,Sneha,Minor issue found
7225,7225,86.95,Pass,Priya,Approved
7226,7226,82.25,Pass,Kumar,Approved
7227,7227,73.15,Pass,Rajesh,Requires inspection
7228,7228,83.26,Pass,Sneha,Minor issue found
7229,7229,85.0,Pass,Priya,Rejected
7230,7230,81.47,Fail,Rajesh,Minor issue found
7231,7231,75.56,Pass,Kumar,Requires inspection
7232,7232,79.89,Pass,Anitha,Minor issue found
7233,7233,72.08,Fail,Sneha,Rejected
7234,7234,74.83,Pass,Priya,Requires inspection
7235,7235,76.98,Pass,Sneha,Requires inspection
7236,7236,81.93,Pass,Rajesh,Approved
7237,7237,98.04,Pass,Priya,Minor issue found
7238,7238,86.15,Pass,Rajesh,Approved
7239,7239,72.86,Pass,Anitha,Minor issue found
7240,7240,95.55,Pass,Sneha,Requires inspection
7241,7241,95.39,Pass,Kumar,Minor issue found
7242,7242,95.59,Pass,Anitha,Requires inspection
7243,7243,75.29,Fail,Sneha,Requires inspection
7244,7244,88.59,Fail,Rajesh,Requires inspection
7245,7245,91.43,Pass,Sneha,Requires inspection
7246,7246,71.22,Pass,Kumar,Minor issue found
7247,7247,84.78,Pass,Kumar,Approved
7248,7248,96.4,Pass,Anitha,Minor issue found
7249,7249,87.22,Pass,Priya,Requires inspection
7250,7250,94.36,Pass,Priya,Requires inspection
7251,7251,80.54,Fail,Sneha,Approved
7252,7252,85.58,Fail,Anitha,Requires inspection
7253,7253,85.4,Pass,Priya,Requires inspection
7254,7254,76.87,Pass,Kumar,Approved
7255,7255,71.82,Pass,Anitha,Rejected
7256,7256,70.82,Pass,Anitha,Requires inspection
7257,7257,80.08,Pass,Sneha,Minor issue found
7258,7258,74.5,Pass,Sneha,Requires inspection
7259,7259,98.65,Pass,Rajesh,Rejected
7260,7260,82.34,Pass,Sneha,Minor issue found
7261,7261,84.68,Pass,Priya,Rejected
7262,7262,87.19,Pass,Priya,Requires inspection
7263,7263,91.26,Fail,Sneha,Rejected
7264,7264,87.64,Pass,Anitha,Minor issue found
7265,7265,93.09,Pass,Priya,Rejected
7266,7266,75.17,Fail,Sneha,Approved
7267,7267,78.08,Fail,Kumar,Approved
7268,7268,98.89,Pass,Rajesh,Rejected
7269,7269,80.37,Fail,Sneha,Rejected
7270,7270,99.82,Pass,Priya,Requires inspection
7271,7271,79.13,Pass,Kumar,Approved
7272,7272,91.93,Pass,Priya,Rejected
7273,7273,80.1,Pass,Kumar,Rejected
7274,7274,86.11,Pass,Sneha,Minor issue found
7275,7275,94.92,Pass,Rajesh,Rejected
7276,7276,85.3,Fail,Sneha,Rejected
7277,7277,97.24,Fail,Sneha,Approved
7278,7278,86.24,Pass,Priya,Requires inspection
7279,7279,74.18,Pass,Priya,Minor issue found
7280,7280,76.06,Pass,Priya,Approved
7281,7281,77.45,Pass,Kumar,Rejected
7282,7282,83.83,Pass,Priya,Minor issue found
7283,7283,95.63,Fail,Sneha,Requires inspection
7284,7284,90.65,Fail,Sneha,Minor issue found
7285,7285,75.7,Pass,Priya,Minor issue found
7286,7286,87.89,Pass,Rajesh,Minor issue found
7287,7287,95.66,Pass,Sneha,Minor issue found
7288,7288,90.7,Pass,Priya,Requires inspection
7289,7289,87.78,Pass,Sneha,Approved
7290,7290,77.1,Fail,Anitha,Requires inspection
7291,7291,86.96,Pass,Sneha,Minor issue found
7292,7292,88.89,Pass,Rajesh,Approved
7293,7293,87.35,Pass,Anitha,Rejected
7294,7294,84.06,Pass,Priya,Approved
7295,7295,89.38,Fail,Rajesh,Rejected
7296,7296,90.39,Pass,Priya,Minor issue found
7297,7297,83.87,Pass,Priya,Approved
7298,7298,79.73,Pass,Kumar,Requires inspection
7299,7299,99.86,Pass,Rajesh,Requires inspection
7300,7300,98.86,Pass,Anitha,Approved
7301,7301,86.45,Pass,Kumar,Requires inspection
7302,7302,99.67,Pass,Sneha,Minor issue found
7303,7303,95.88,Pass,Anitha,Approved
7304,7304,71.38,Pass,Rajesh,Rejected
7305,7305,92.33,Pass,Priya,Rejected
7306,7306,84.26,Pass,Rajesh,Approved
7307,7307,74.55,Fail,Priya,Minor issue found
7308,7308,73.32,Fail,Priya,Rejected
7309,7309,94.26,Pass,Priya,Approved
7310,7310,72.18,Pass,Rajesh,Requires inspection
7311,7311,80.64,Fail,Anitha,Requires inspection
7312,7312,88.51,Fail,Priya,Approved
7313,7313,82.73,Pass,Priya,Requires inspection
7314,7314,92.25,Pass,Anitha,Minor issue found
7315,7315,82.98,Pass,Sneha,Requires inspection
7316,7316,83.86,Pass,Rajesh,Approved
7317,7317,88.41,Pass,Anitha,Minor issue found
7318,7318,89.38,Fail,Anitha,Minor issue found
7319,7319,71.22,Pass,Kumar,Approved
7320,7320,94.73,Pass,Rajesh,Approved
7321,7321,72.38,Pass,Anitha,Requires inspection
7322,7322,89.98,Fail,Priya,Requires inspection
7323,7323,84.98,Pass,Priya,Minor issue found
7324,7324,76.39,Pass,Priya,Approved
7325,7325,90.27,Pass,Priya,Requires inspection
7326,7326,92.19,Pass,Rajesh,Approved
7327,7327,79.38,Fail,Kumar,Rejected
7328,7328,72.64,Pass,Kumar,Requires inspection
7329,7329,76.7,Pass,Sneha,Approved
7330,7330,76.69,Fail,Rajesh,Approved
7331,7331,70.04,Pass,Rajesh,Rejected
7332,7332,74.38,Pass,Priya,Requires inspection
7333,7333,89.14,Pass,Rajesh,Minor issue found
7334,7334,79.97,Pass,Rajesh,Minor issue found
7335,7335,85.11,Pass,Anitha,Minor issue found
7336,7336,71.19,Pass,Sneha,Requires inspection
7337,7337,76.74,Pass,Anitha,Requires inspection
7338,7338,74.11,Pass,Anitha,Minor issue found
7339,7339,88.7,Pass,Kumar,Rejected
7340,7340,79.02,Pass,Priya,Requires inspection
7341,7341,94.37,Pass,Priya,Minor issue found
7342,7342,95.72,Pass,Anitha,Rejected
7343,7343,77.28,Fail,Anitha,Rejected
7344,7344,82.05,Pass,Rajesh,Minor issue found
7345,7345,94.48,Pass,Priya,Rejected
7346,7346,72.35,Pass,Rajesh,Rejected
7347,7347,79.7,Pass,Sneha,Approved
7348,7348,81.94,Fail,Priya,Rejected
7349,7349,87.1,Fail,Sneha,Requires inspection
7350,7350,85.26,Pass,Sneha,Minor issue found
7351,7351,86.29,Pass,Rajesh,Minor issue found
7352,7352,92.21,Pass,Anitha,Approved
7353,7353,93.44,Pass,Priya,Approved
7354,7354,78.42,Pass,Anitha,Rejected
7355,7355,72.78,Pass,Sneha,Minor issue found
7356,7356,98.0,Pass,Priya,Rejected
7357,7357,81.23,Pass,Rajesh,Approved
7358,7358,95.61,Pass,Priya,Approved
7359,7359,96.1,Pass,Anitha,Approved
7360,7360,92.55,Pass,Sneha,Minor issue found
7361,7361,79.91,Pass,Sneha,Minor issue found
7362,7362,85.51,Fail,Priya,Requires inspection
7363,7363,81.96,Pass,Sneha,Approved
7364,7364,76.64,Pass,Priya,Rejected
7365,7365,77.35,Pass,Priya,Minor issue found
7366,7366,90.5,Pass,Anitha,Requires inspection
7367,7367,96.78,Pass,Priya,Rejected
7368,7368,86.67,Pass,Kumar,Rejected
7369,7369,88.26,Fail,Kumar,Minor issue found
7370,7370,80.88,Pass,Sneha,Minor issue found
7371,7371,93.53,Pass,Sneha,Minor issue found
7372,7372,96.59,Pass,Sneha,Approved
7373,7373,96.83,Pass,Sneha,Requires inspection
7374,7374,99.41,Pass,Sneha,Approved
7375,7375,76.16,Pass,Sneha,Approved
7376,7376,84.22,Pass,Sneha,Minor issue found
7377,7377,97.19,Pass,Rajesh,Approved
7378,7378,70.42,Pass,Rajesh,Rejected
7379,7379,90.91,Pass,Kumar,Minor issue found
7380,7380,79.55,Pass,Kumar,Rejected
7381,7381,81.35,Pass,Sneha,Approved
7382,7382,97.72,Pass,Priya,Rejected
7383,7383,95.01,Pass,Sneha,Rejected
7384,7384,87.83,Pass,Priya,Approved
7385,7385,91.95,Pass,Anitha,Requires inspection
7386,7386,74.09,Pass,Anitha,Rejected
7387,7387,84.72,Pass,Rajesh,Rejected
7388,7388,91.71,Fail,Rajesh,Requires inspection
7389,7389,97.89,Pass,Priya,Requires inspection
7390,7390,92.47,Pass,Priya,Minor issue found
7391,7391,71.11,Pass,Priya,Approved
7392,7392,73.87,Pass,Rajesh,Rejected
7393,7393,73.06,Pass,Anitha,Minor issue found
7394,7394,97.44,Pass,Priya,Minor issue found
7395,7395,93.19,Pass,Anitha,Rejected
7396,7396,96.82,Fail,Sneha,Approved
7397,7397,91.5,Pass,Priya,Rejected
7398,7398,87.59,Pass,Priya,Rejected
7399,7399,73.34,Pass,Sneha,Minor issue found
7400,7400,79.21,Pass,Anitha,Minor issue found
7401,7401,72.75,Pass,Priya,Rejected
7402,7402,78.07,Pass,Priya,Requires inspection
7403,7403,81.94,Pass,Rajesh,Rejected
7404,7404,76.16,Pass,Sneha,Rejected
7405,7405,85.76,Pass,Priya,Requires inspection
7406,7406,90.67,Pass,Anitha,Rejected
7407,7407,81.36,Pass,Rajesh,Minor issue found
7408,7408,77.2,Pass,Priya,Rejected
7409,7409,93.11,Pass,Sneha,Minor issue found
7410,7410,92.5,Pass,Kumar,Rejected
7411,7411,94.78,Pass,Priya,Approved
7412,7412,89.95,Pass,Sneha,Rejected
7413,7413,88.1,Pass,Kumar,Minor issue found
7414,7414,75.74,Pass,Kumar,Approved
7415,7415,80.21,Pass,Sneha,Approved
7416,7416,87.46,Fail,Anitha,Approved
7417,7417,91.41,Pass,Priya,Requires inspection
7418,7418,98.62,Pass,Priya,Rejected
7419,7419,90.75,Pass,Rajesh,Requires inspection
7420,7420,81.39,Pass,Kumar,Requires inspection
7421,7421,89.84,Pass,Kumar,Approved
7422,7422,72.07,Pass,Sneha,Requires inspection
7423,7423,98.79,Pass,Sneha,Rejected
7424,7424,74.5,Pass,Sneha,Requires inspection
7425,7425,96.83,Pass,Sneha,Approved
7426,7426,97.71,Pass,Anitha,Minor issue found
7427,7427,76.13,Pass,Priya,Requires inspection
7428,7428,93.58,Pass,Priya,Requires inspection
7429,7429,89.56,Fail,Sneha,Approved
7430,7430,79.3,Pass,Anitha,Rejected
7431,7431,98.46,Pass,Rajesh,Requires inspection
7432,7432,91.17,Pass,Rajesh,Rejected
7433,7433,89.16,Pass,Rajesh,Approved
7434,7434,99.05,Fail,Priya,Minor issue found
7435,7435,81.63,Pass,Priya,Rejected
7436,7436,83.98,Fail,Kumar,Minor issue found
7437,7437,70.19,Pass,Anitha,Approved
7438,7438,97.0,Pass,Anitha,Requires inspection
7439,7439,96.56,Pass,Priya,Requires inspection
7440,7440,82.33,Pass,Sneha,Approved
7441,7441,88.61,Pass,Rajesh,Minor issue found
7442,7442,87.32,Pass,Kumar,Rejected
7443,7443,91.73,Pass,Sneha,Minor issue found
7444,7444,78.9,Pass,Anitha,Approved
7445,7445,87.35,Fail,Rajesh,Rejected
7446,7446,80.63,Pass,Sneha,Approved
7447,7447,70.7,Pass,Kumar,Requires inspection
7448,7448,98.28,Pass,Rajesh,Requires inspection
7449,7449,71.07,Fail,Kumar,Approved
7450,7450,70.05,Pass,Anitha,Rejected
7451,7451,80.84,Fail,Priya,Minor issue found
7452,7452,71.59,Pass,Kumar,Requires inspection
7453,7453,92.92,Pass,Kumar,Approved
7454,7454,78.48,Fail,Kumar,Requires inspection
7455,7455,72.54,Pass,Anitha,Rejected
7456,7456,94.55,Pass,Anitha,Minor issue found
7457,7457,88.15,Pass,Priya,Approved
7458,7458,93.47,Pass,Priya,Rejected
7459,7459,83.57,Pass,Priya,Minor issue found
7460,7460,94.61,Pass,Kumar,Approved
7461,7461,76.66,Pass,Priya,Rejected
7462,7462,77.88,Pass,Kumar,Minor issue found
7463,7463,91.25,Pass,Anitha,Rejected
7464,7464,92.35,Pass,Rajesh,Approved
7465,7465,74.9,Pass,Anitha,Minor issue found
7466,7466,96.24,Fail,Sneha,Requires inspection
7467,7467,88.25,Pass,Kumar,Approved
7468,7468,90.71,Pass,Kumar,Rejected
7469,7469,98.2,Pass,Rajesh,Minor issue found
7470,7470,73.02,Pass,Anitha,Minor issue found
7471,7471,72.32,Pass,Sneha,Rejected
7472,7472,98.2,Pass,Anitha,Approved
7473,7473,76.51,Fail,Anitha,Approved
7474,7474,81.92,Pass,Anitha,Rejected
7475,7475,79.49,Pass,Sneha,Minor issue found
7476,7476,78.38,Pass,Rajesh,Minor issue found
7477,7477,99.34,Pass,Priya,Approved
7478,7478,79.96,Pass,Anitha,Minor issue found
7479,7479,83.86,Pass,Sneha,Approved
7480,7480,72.6,Pass,Sneha,Rejected
7481,7481,90.27,Fail,Priya,Approved
7482,7482,75.24,Pass,Priya,Rejected
7483,7483,72.0,Pass,Rajesh,Requires inspection
7484,7484,80.93,Pass,Rajesh,Minor issue found
7485,7485,85.74,Pass,Rajesh,Rejected
7486,7486,71.72,Pass,Anitha,Requires inspection
7487,7487,87.44,Pass,Kumar,Approved
7488,7488,88.67,Pass,Kumar,Rejected
7489,7489,98.6,Pass,Priya,Minor issue found
7490,7490,95.44,Pass,Sneha,Minor issue found
7491,7491,99.3,Fail,Priya,Minor issue found
7492,7492,70.75,Pass,Rajesh,Rejected
7493,7493,70.87,Pass,Anitha,Rejected
7494,7494,83.7,Pass,Priya,Rejected
7495,7495,77.51,Pass,Kumar,Approved
7496,7496,95.25,Pass,Priya,Minor issue found
7497,7497,70.39,Pass,Kumar,Requires inspection
7498,7498,98.03,Fail,Anitha,Requires inspection
7499,7499,97.24,Pass,Priya,Requires inspection
7500,7500,83.65,Pass,Kumar,Rejected
7501,7501,96.36,Pass,Priya,Rejected
7502,7502,82.13,Pass,Kumar,Requires inspection
7503,7503,71.45,Fail,Priya,Requires inspection
7504,7504,77.11,Pass,Priya,Requires inspection
7505,7505,78.2,Fail,Priya,Rejected
7506,7506,89.76,Pass,Rajesh,Minor issue found
7507,7507,91.59,Pass,Anitha,Minor issue found
7508,7508,78.46,Pass,Rajesh,Approved
7509,7509,98.28,Pass,Sneha,Approved
7510,7510,80.02,Pass,Kumar,Requires inspection
7511,7511,88.2,Fail,Anitha,Minor issue found
7512,7512,75.11,Pass,Anitha,Rejected
7513,7513,77.73,Fail,Kumar,Minor issue found
7514,7514,95.11,Fail,Sneha,Approved
7515,7515,93.31,Pass,Rajesh,Rejected
7516,7516,88.57,Pass,Anitha,Rejected
7517,7517,77.39,Pass,Rajesh,Requires inspection
7518,7518,96.88,Pass,Kumar,Minor issue found
7519,7519,99.14,Pass,Priya,Approved
7520,7520,96.36,Pass,Sneha,Rejected
7521,7521,97.0,Pass,Priya,Requires inspection
7522,7522,87.32,Pass,Kumar,Approved
7523,7523,83.01,Pass,Sneha,Requires inspection
7524,7524,91.87,Pass,Rajesh,Minor issue found
7525,7525,94.9,Pass,Rajesh,Approved
7526,7526,86.14,Pass,Kumar,Approved
7527,7527,75.89,Pass,Anitha,Minor issue found
7528,7528,79.38,Pass,Rajesh,Rejected
7529,7529,83.12,Pass,Priya,Approved
7530,7530,98.14,Pass,Anitha,Approved
7531,7531,96.12,Pass,Rajesh,Minor issue found
7532,7532,87.87,Fail,Kumar,Requires inspection
7533,7533,70.63,Pass,Sneha,Approved
7534,7534,97.58,Pass,Anitha,Rejected
7535,7535,82.08,Pass,Anitha,Approved
7536,7536,92.1,Pass,Sneha,Requires inspection
7537,7537,84.99,Pass,Sneha,Rejected
7538,7538,85.67,Fail,Rajesh,Approved
7539,7539,93.98,Pass,Rajesh,Requires inspection
7540,7540,92.94,Pass,Anitha,Approved
7541,7541,76.48,Pass,Kumar,Rejected
7542,7542,77.83,Pass,Priya,Rejected
7543,7543,96.62,Pass,Priya,Rejected
7544,7544,94.2,Pass,Priya,Rejected
7545,7545,71.9,Pass,Sneha,Requires inspection
7546,7546,77.72,Pass,Sneha,Requires inspection
7547,7547,93.63,Pass,Kumar,Minor issue found
7548,7548,73.04,Pass,Priya,Approved
7549,7549,77.11,Pass,Sneha,Rejected
7550,7550,81.42,Pass,Priya,Requires inspection
7551,7551,88.74,Pass,Rajesh,Rejected
7552,7552,87.86,Pass,Anitha,Approved
7553,7553,84.62,Pass,Kumar,Rejected
7554,7554,79.77,Pass,Anitha,Minor issue found
7555,7555,76.0,Fail,Anitha,Rejected
7556,7556,79.09,Pass,Rajesh,Approved
7557,7557,94.93,Pass,Sneha,Rejected
7558,7558,75.14,Pass,Priya,Minor issue found
7559,7559,72.9,Pass,Rajesh,Rejected
7560,7560,74.48,Pass,Anitha,Minor issue found
7561,7561,79.25,Pass,Kumar,Minor issue found
7562,7562,89.83,Pass,Anitha,Approved
7563,7563,84.55,Pass,Sneha,Minor issue found
7564,7564,88.77,Pass,Sneha,Requires inspection
7565,7565,76.89,Pass,Rajesh,Requires inspection
7566,7566,95.69,Fail,Kumar,Rejected
7567,7567,76.0,Fail,Rajesh,Minor issue found
7568,7568,70.42,Pass,Rajesh,Minor issue found
7569,7569,84.02,Pass,Rajesh,Rejected
7570,7570,98.05,Pass,Rajesh,Minor issue found
7571,7571,72.03,Pass,Kumar,Rejected
7572,7572,97.17,Pass,Priya,Approved
7573,7573,81.45,Fail,Anitha,Approved
7574,7574,78.15,Pass,Priya,Requires inspection
7575,7575,83.56,Pass,Anitha,Approved
7576,7576,86.79,Pass,Kumar,Requires inspection
7577,7577,78.64,Pass,Kumar,Minor issue found
7578,7578,74.04,Pass,Rajesh,Approved
7579,7579,99.08,Pass,Priya,Rejected
7580,7580,72.57,Pass,Kumar,Requires inspection
7581,7581,95.17,Pass,Kumar,Approved
7582,7582,80.18,Pass,Rajesh,Minor issue found
7583,7583,81.41,Pass,Priya,Rejected
7584,7584,98.76,Pass,Rajesh,Approved
7585,7585,88.9,Pass,Anitha,Rejected
7586,7586,75.25,Pass,Anitha,Approved
7587,7587,76.12,Pass,Priya,Requires inspection
7588,7588,74.27,Pass,Sneha,Requires inspection
7589,7589,81.0,Pass,Sneha,Rejected
7590,7590,97.19,Pass,Anitha,Requires inspection
7591,7591,73.22,Fail,Kumar,Requires inspection
7592,7592,84.76,Pass,Rajesh,Approved
7593,7593,98.11,Pass,Anitha,Requires inspection
7594,7594,94.2,Pass,Kumar,Rejected
7595,7595,77.22,Pass,Anitha,Approved
7596,7596,84.94,Pass,Kumar,Rejected
7597,7597,99.71,Pass,Sneha,Rejected
7598,7598,84.03,Pass,Kumar,Rejected
7599,7599,73.26,Pass,Sneha,Minor issue found
7600,7600,84.43,Pass,Anitha,Requires inspection
7601,7601,98.78,Pass,Kumar,Minor issue found
7602,7602,85.41,Pass,Priya,Approved
7603,7603,71.85,Pass,Priya,Approved
7604,7604,96.14,Pass,Sneha,Approved
7605,7605,74.85,Pass,Kumar,Approved
7606,7606,77.99,Pass,Rajesh,Approved
7607,7607,95.92,Pass,Priya,Requires inspection
7608,7608,72.29,Pass,Kumar,Requires inspection
7609,7609,91.07,Pass,Kumar,Minor issue found
7610,7610,96.13,Pass,Kumar,Approved
7611,7611,80.05,Pass,Anitha,Requires inspection
7612,7612,91.64,Pass,Priya,Minor issue found
7613,7613,76.65,Pass,Sneha,Requires inspection
7614,7614,71.14,Pass,Anitha,Approved
7615,7615,90.6,Pass,Priya,Approved
7616,7616,90.39,Fail,Anitha,Requires inspection
7617,7617,80.2,Pass,Kumar,Requires inspection
7618,7618,95.99,Pass,Sneha,Approved
7619,7619,70.38,Pass,Rajesh,Rejected
7620,7620,73.11,Pass,Kumar,Rejected
7621,7621,85.97,Pass,Rajesh,Rejected
7622,7622,98.96,Pass,Anitha,Requires inspection
7623,7623,79.93,Pass,Kumar,Approved
7624,7624,80.3,Pass,Sneha,Approved
7625,7625,74.24,Pass,Sneha,Requires inspection
7626,7626,72.25,Pass,Priya,Minor issue found
7627,7627,92.04,Pass,Kumar,Approved
7628,7628,71.9,Pass,Kumar,Approved
7629,7629,97.4,Pass,Kumar,Requires inspection
7630,7630,99.46,Pass,Anitha,Approved
7631,7631,82.28,Pass,Rajesh,Minor issue found
7632,7632,84.32,Pass,Rajesh,Rejected
7633,7633,85.09,Pass,Sneha,Minor issue found
7634,7634,78.43,Pass,Sneha,Approved
7635,7635,82.56,Pass,Kumar,Requires inspection
7636,7636,92.98,Pass,Anitha,Minor issue found
7637,7637,87.95,Pass,Priya,Approved
7638,7638,78.15,Pass,Sneha,Minor issue found
7639,7639,91.16,Pass,Kumar,Rejected
7640,7640,97.06,Pass,Priya,Rejected
7641,7641,90.61,Pass,Sneha,Minor issue found
7642,7642,76.01,Pass,Priya,Requires inspection
7643,7643,99.38,Pass,Priya,Approved
7644,7644,93.47,Pass,Sneha,Requires inspection
7645,7645,92.91,Fail,Rajesh,Requires inspection
7646,7646,99.2,Pass,Anitha,Rejected
7647,7647,80.36,Pass,Priya,Minor issue found
7648,7648,84.71,Pass,Kumar,Requires inspection
7649,7649,75.64,Fail,Sneha,Approved
7650,7650,73.72,Pass,Anitha,Requires inspection
7651,7651,97.52,Fail,Kumar,Minor issue found
7652,7652,87.13,Pass,Rajesh,Requires inspection
7653,7653,92.7,Pass,Kumar,Requires inspection
7654,7654,70.19,Pass,Sneha,Rejected
7655,7655,95.78,Pass,Kumar,Approved
7656,7656,74.99,Pass,Anitha,Minor issue found
7657,7657,76.34,Fail,Priya,Approved
7658,7658,75.63,Pass,Priya,Rejected
7659,7659,76.66,Fail,Rajesh,Approved
7660,7660,74.91,Pass,Anitha,Approved
7661,7661,82.25,Pass,Priya,Requires inspection
7662,7662,74.02,Pass,Rajesh,Minor issue found
7663,7663,86.6,Pass,Sneha,Requires inspection
7664,7664,74.98,Pass,Kumar,Minor issue found
7665,7665,92.04,Fail,Priya,Minor issue found
7666,7666,81.21,Pass,Anitha,Minor issue found
7667,7667,77.59,Fail,Anitha,Requires inspection
7668,7668,94.62,Pass,Kumar,Minor issue found
7669,7669,81.87,Pass,Priya,Requires inspection
7670,7670,88.22,Pass,Kumar,Requires inspection
7671,7671,94.65,Pass,Sneha,Approved
7672,7672,82.5,Pass,Kumar,Requires inspection
7673,7673,89.65,Pass,Sneha,Rejected
7674,7674,82.65,Pass,Anitha,Rejected
7675,7675,94.94,Pass,Anitha,Requires inspection
7676,7676,88.28,Pass,Anitha,Approved
7677,7677,98.64,Pass,Priya,Minor issue found
7678,7678,75.73,Fail,Rajesh,Rejected
7679,7679,87.12,Fail,Anitha,Rejected
7680,7680,88.78,Pass,Kumar,Approved
7681,7681,94.31,Pass,Sneha,Approved
7682,7682,80.98,Pass,Sneha,Minor issue found
7683,7683,95.6,Pass,Rajesh,Rejected
7684,7684,91.76,Pass,Kumar,Minor issue found
7685,7685,86.84,Fail,Anitha,Rejected
7686,7686,72.77,Pass,Priya,Minor issue found
7687,7687,95.1,Fail,Sneha,Requires inspection
7688,7688,71.85,Pass,Sneha,Approved
7689,7689,93.42,Pass,Rajesh,Rejected
7690,7690,87.13,Pass,Rajesh,Rejected
7691,7691,84.05,Pass,Anitha,Minor issue found
7692,7692,96.64,Pass,Sneha,Minor issue found
7693,7693,82.34,Fail,Rajesh,Minor issue found
7694,7694,87.72,Pass,Kumar,Approved
7695,7695,84.92,Pass,Priya,Minor issue found
7696,7696,92.53,Pass,Rajesh,Requires inspection
7697,7697,77.55,Pass,Anitha,Approved
7698,7698,81.49,Pass,Kumar,Rejected
7699,7699,89.8,Pass,Anitha,Requires inspection
7700,7700,71.82,Fail,Kumar,Minor issue found
7701,7701,72.44,Fail,Kumar,Minor issue found
7702,7702,77.34,Pass,Rajesh,Approved
7703,7703,90.48,Fail,Sneha,Rejected
7704,7704,96.13,Pass,Anitha,Approved
7705,7705,80.34,Pass,Rajesh,Approved
7706,7706,78.35,Pass,Sneha,Approved
7707,7707,82.22,Pass,Kumar,Requires inspection
7708,7708,86.56,Pass,Anitha,Minor issue found
7709,7709,85.05,Fail,Anitha,Approved
7710,7710,78.84,Pass,Sneha,Minor issue found
7711,7711,78.02,Pass,Sneha,Approved
7712,7712,84.36,Pass,Anitha,Requires inspection
7713,7713,95.1,Pass,Sneha,Requires inspection
7714,7714,77.01,Pass,Priya,Rejected
7715,7715,99.68,Pass,Priya,Requires inspection
7716,7716,94.01,Pass,Anitha,Minor issue found
7717,7717,89.09,Pass,Priya,Rejected
7718,7718,75.67,Pass,Kumar,Requires inspection
7719,7719,86.46,Pass,Anitha,Approved
7720,7720,72.93,Pass,Anitha,Minor issue found
7721,7721,86.58,Pass,Rajesh,Approved
7722,7722,88.71,Pass,Anitha,Requires inspection
7723,7723,90.93,Pass,Anitha,Approved
7724,7724,77.66,Fail,Priya,Rejected
7725,7725,88.68,Pass,Priya,Approved
7726,7726,73.19,Fail,Kumar,Rejected
7727,7727,70.43,Pass,Rajesh,Rejected
7728,7728,87.43,Pass,Kumar,Approved
7729,7729,85.24,Pass,Kumar,Minor issue found
7730,7730,80.34,Pass,Sneha,Rejected
7731,7731,81.31,Pass,Anitha,Approved
7732,7732,87.85,Pass,Priya,Requires inspection
7733,7733,95.39,Pass,Kumar,Minor issue found
7734,7734,79.05,Fail,Kumar,Requires inspection
7735,7735,84.92,Pass,Anitha,Approved
7736,7736,84.16,Pass,Anitha,Approved
7737,7737,79.61,Pass,Priya,Minor issue found
7738,7738,73.29,Pass,Kumar,Approved
7739,7739,90.54,Pass,Priya,Approved
7740,7740,99.63,Pass,Rajesh,Minor issue found
7741,7741,74.63,Pass,Anitha,Approved
7742,7742,93.61,Fail,Priya,Requires inspection
7743,7743,98.47,Pass,Priya,Minor issue found
7744,7744,71.98,Pass,Anitha,Approved
7745,7745,91.76,Fail,Sneha,Approved
7746,7746,85.33,Pass,Priya,Approved
7747,7747,77.57,Pass,Kumar,Minor issue found
7748,7748,80.54,Pass,Anitha,Rejected
7749,7749,99.46,Pass,Rajesh,Rejected
7750,7750,90.54,Pass,Sneha,Approved
7751,7751,86.33,Pass,Rajesh,Approved
7752,7752,76.55,Pass,Anitha,Minor issue found
7753,7753,95.28,Pass,Anitha,Requires inspection
7754,7754,83.29,Pass,Kumar,Minor issue found
7755,7755,91.16,Pass,Anitha,Rejected
7756,7756,94.54,Pass,Priya,Rejected
7757,7757,75.24,Pass,Rajesh,Minor issue found
7758,7758,92.63,Pass,Kumar,Rejected
7759,7759,94.38,Pass,Kumar,Requires inspection
7760,7760,95.78,Pass,Priya,Requires inspection
7761,7761,80.39,Pass,Kumar,Approved
7762,7762,82.16,Pass,Priya,Rejected
7763,7763,93.93,Fail,Kumar,Approved
7764,7764,78.45,Fail,Priya,Requires inspection
7765,7765,87.87,Pass,Rajesh,Approved
7766,7766,70.53,Pass,Kumar,Minor issue found
7767,7767,71.3,Pass,Priya,Minor issue found
7768,7768,80.0,Pass,Priya,Requires inspection
7769,7769,81.43,Pass,Kumar,Minor issue found
7770,7770,99.42,Pass,Rajesh,Rejected
7771,7771,84.82,Pass,Sneha,Approved
7772,7772,75.88,Pass,Anitha,Requires inspection
7773,7773,70.91,Pass,Rajesh,Approved
7774,7774,98.47,Pass,Sneha,Minor issue found
7775,7775,71.96,Pass,Priya,Requires inspection
7776,7776,90.93,Fail,Rajesh,Minor issue found
7777,7777,79.93,Fail,Sneha,Requires inspection
7778,7778,97.82,Pass,Sneha,Approved
7779,7779,76.1,Fail,Kumar,Rejected
7780,7780,72.41,Fail,Kumar,Requires inspection
7781,7781,74.91,Pass,Kumar,Rejected
7782,7782,70.19,Pass,Kumar,Minor issue found
7783,7783,81.57,Pass,Kumar,Approved
7784,7784,73.4,Pass,Sneha,Requires inspection
7785,7785,80.76,Pass,Kumar,Minor issue found
7786,7786,77.89,Pass,Sneha,Rejected
7787,7787,99.48,Pass,Priya,Minor issue found
7788,7788,71.49,Pass,Rajesh,Requires inspection
7789,7789,89.31,Pass,Kumar,Approved
7790,7790,86.3,Pass,Kumar,Rejected
7791,7791,94.45,Pass,Kumar,Requires inspection
7792,7792,94.08,Pass,Rajesh,Approved
7793,7793,73.5,Pass,Rajesh,Rejected
7794,7794,87.04,Pass,Rajesh,Minor issue found
7795,7795,82.53,Pass,Rajesh,Minor issue found
7796,7796,99.59,Pass,Priya,Approved
7797,7797,82.24,Pass,Rajesh,Requires inspection
7798,7798,93.5,Pass,Priya,Requires inspection
7799,7799,80.85,Fail,Rajesh,Minor issue found
7800,7800,94.31,Pass,Anitha,Requires inspection
7801,7801,77.96,Pass,Rajesh,Minor issue found
7802,7802,87.49,Pass,Sneha,Requires inspection
7803,7803,75.0,Pass,Kumar,Minor issue found
7804,7804,79.64,Pass,Sneha,Approved
7805,7805,82.15,Pass,Priya,Requires inspection
7806,7806,79.98,Pass,Priya,Requires inspection
7807,7807,87.59,Pass,Sneha,Requires inspection
7808,7808,76.98,Pass,Priya,Requires inspection
7809,7809,91.71,Pass,Anitha,Approved
7810,7810,92.24,Pass,Priya,Requires inspection
7811,7811,80.27,Pass,Anitha,Requires inspection
7812,7812,77.67,Pass,Kumar,Approved
7813,7813,96.34,Fail,Kumar,Rejected
7814,7814,84.68,Pass,Rajesh,Approved
7815,7815,81.34,Pass,Priya,Approved
7816,7816,97.54,Pass,Kumar,Rejected
7817,7817,73.73,Pass,Sneha,Requires inspection
7818,7818,95.82,Pass,Sneha,Requires inspection
7819,7819,71.59,Pass,Sneha,Approved
7820,7820,99.89,Pass,Anitha,Minor issue found
7821,7821,87.78,Pass,Anitha,Rejected
7822,7822,87.71,Pass,Kumar,Requires inspection
7823,7823,92.45,Pass,Rajesh,Approved
7824,7824,70.22,Pass,Rajesh,Approved
7825,7825,85.63,Pass,Rajesh,Approved
7826,7826,82.72,Pass,Kumar,Minor issue found
7827,7827,83.1,Fail,Rajesh,Rejected
7828,7828,70.06,Pass,Anitha,Approved
7829,7829,94.71,Pass,Kumar,Requires inspection
7830,7830,92.19,Fail,Priya,Rejected
7831,7831,85.13,Fail,Kumar,Rejected
7832,7832,79.5,Pass,Kumar,Approved
7833,7833,83.87,Pass,Kumar,Requires inspection
7834,7834,82.81,Fail,Sneha,Requires inspection
7835,7835,75.72,Pass,Priya,Minor issue found
7836,7836,88.23,Pass,Kumar,Minor issue found
7837,7837,79.56,Pass,Anitha,Minor issue found
7838,7838,95.85,Pass,Priya,Minor issue found
7839,7839,87.39,Pass,Kumar,Requires inspection
7840,7840,72.45,Fail,Sneha,Approved
7841,7841,98.18,Pass,Rajesh,Approved
7842,7842,74.36,Fail,Rajesh,Approved
7843,7843,81.82,Pass,Rajesh,Approved
7844,7844,72.22,Pass,Sneha,Rejected
7845,7845,97.55,Fail,Priya,Requires inspection
7846,7846,91.95,Fail,Anitha,Rejected
7847,7847,75.15,Pass,Kumar,Rejected
7848,7848,93.52,Fail,Priya,Approved
7849,7849,86.35,Pass,Sneha,Minor issue found
7850,7850,89.0,Pass,Sneha,Minor issue found
7851,7851,84.02,Pass,Kumar,Minor issue found
7852,7852,81.29,Pass,Priya,Minor issue found
7853,7853,94.64,Pass,Anitha,Approved
7854,7854,91.91,Pass,Kumar,Rejected
7855,7855,78.98,Pass,Sneha,Approved
7856,7856,95.6,Pass,Priya,Minor issue found
7857,7857,74.57,Pass,Sneha,Minor issue found
7858,7858,84.8,Pass,Priya,Requires inspection
7859,7859,73.11,Pass,Rajesh,Requires inspection
7860,7860,76.99,Pass,Anitha,Requires inspection
7861,7861,97.67,Pass,Kumar,Minor issue found
7862,7862,76.09,Pass,Sneha,Rejected
7863,7863,92.25,Pass,Kumar,Minor issue found
7864,7864,90.69,Pass,Sneha,Approved
7865,7865,99.33,Pass,Kumar,Minor issue found
7866,7866,93.32,Fail,Sneha,Rejected
7867,7867,95.09,Fail,Kumar,Rejected
7868,7868,88.21,Fail,Anitha,Minor issue found
7869,7869,74.87,Pass,Anitha,Rejected
7870,7870,76.75,Pass,Rajesh,Minor issue found
7871,7871,99.94,Pass,Kumar,Rejected
7872,7872,75.06,Pass,Anitha,Minor issue found
7873,7873,85.01,Pass,Anitha,Minor issue found
7874,7874,86.04,Pass,Kumar,Approved
7875,7875,71.72,Fail,Anitha,Requires inspection
7876,7876,72.32,Pass,Sneha,Requires inspection
7877,7877,91.97,Pass,Rajesh,Minor issue found
7878,7878,84.76,Pass,Kumar,Requires inspection
7879,7879,85.48,Pass,Rajesh,Requires inspection
7880,7880,80.85,Pass,Rajesh,Requires inspection
7881,7881,89.82,Pass,Kumar,Minor issue found
7882,7882,87.26,Pass,Rajesh,Approved
7883,7883,87.05,Pass,Rajesh,Requires inspection
7884,7884,91.97,Pass,Rajesh,Rejected
7885,7885,76.11,Pass,Rajesh,Requires inspection
7886,7886,86.35,Pass,Kumar,Minor issue found
7887,7887,94.83,Pass,Sneha,Approved
7888,7888,84.16,Pass,Anitha,Minor issue found
7889,7889,75.51,Pass,Kumar,Rejected
7890,7890,95.39,Pass,Priya,Minor issue found
7891,7891,74.97,Pass,Sneha,Requires inspection
7892,7892,70.76,Pass,Sneha,Minor issue found
7893,7893,74.63,Pass,Kumar,Minor issue found
7894,7894,76.01,Pass,Sneha,Requires inspection
7895,7895,86.89,Pass,Sneha,Minor issue found
7896,7896,91.82,Pass,Anitha,Rejected
7897,7897,75.49,Pass,Rajesh,Requires inspection
7898,7898,91.21,Pass,Sneha,Requires inspection
7899,7899,85.95,Pass,Kumar,Requires inspection
7900,7900,73.73,Pass,Anitha,Rejected
7901,7901,84.97,Pass,Kumar,Requires inspection
7902,7902,82.41,Pass,Anitha,Minor issue found
7903,7903,72.13,Pass,Kumar,Minor issue found
7904,7904,87.22,Pass,Sneha,Minor issue found
7905,7905,96.97,Pass,Anitha,Approved
7906,7906,72.71,Pass,Priya,Minor issue found
7907,7907,77.81,Pass,Kumar,Rejected
7908,7908,72.78,Pass,Priya,Rejected
7909,7909,94.15,Pass,Rajesh,Approved
7910,7910,98.38,Pass,Sneha,Approved
7911,7911,75.96,Fail,Kumar,Minor issue found
7912,7912,76.07,Pass,Kumar,Rejected
7913,7913,83.38,Pass,Anitha,Minor issue found
7914,7914,92.0,Pass,Kumar,Approved
7915,7915,88.9,Pass,Sneha,Rejected
7916,7916,85.48,Pass,Kumar,Minor issue found
7917,7917,73.92,Pass,Sneha,Minor issue found
7918,7918,74.0,Pass,Sneha,Requires inspection
7919,7919,99.83,Pass,Kumar,Requires inspection
7920,7920,88.22,Fail,Rajesh,Rejected
7921,7921,82.07,Pass,Rajesh,Rejected
7922,7922,94.94,Fail,Rajesh,Approved
7923,7923,85.88,Pass,Kumar,Requires inspection
7924,7924,72.81,Pass,Priya,Rejected
7925,7925,88.62,Pass,Anitha,Requires inspection
7926,7926,91.89,Fail,Priya,Approved
7927,7927,83.45,Pass,Anitha,Minor issue found
7928,7928,98.89,Pass,Rajesh,Approved
7929,7929,73.82,Pass,Anitha,Minor issue found
7930,7930,89.29,Pass,Anitha,Requires inspection
7931,7931,88.49,Pass,Kumar,Minor issue found
7932,7932,82.94,Pass,Kumar,Requires inspection
7933,7933,87.72,Pass,Priya,Requires inspection
7934,7934,93.09,Pass,Anitha,Approved
7935,7935,72.21,Pass,Anitha,Approved
7936,7936,90.5,Pass,Rajesh,Rejected
7937,7937,99.76,Pass,Sneha,Approved
7938,7938,91.11,Pass,Sneha,Minor issue found
7939,7939,93.58,Pass,Sneha,Rejected
7940,7940,95.4,Pass,Rajesh,Rejected
7941,7941,71.68,Pass,Rajesh,Approved
7942,7942,74.95,Pass,Sneha,Rejected
7943,7943,80.86,Pass,Rajesh,Approved
7944,7944,75.78,Pass,Kumar,Approved
7945,7945,96.74,Pass,Priya,Minor issue found
7946,7946,75.09,Pass,Anitha,Approved
7947,7947,79.55,Pass,Sneha,Approved
7948,7948,97.45,Pass,Rajesh,Minor issue found
7949,7949,79.47,Pass,Anitha,Approved
7950,7950,75.76,Pass,Sneha,Minor issue found
7951,7951,73.42,Pass,Rajesh,Requires inspection
7952,7952,78.1,Pass,Rajesh,Minor issue found
7953,7953,74.9,Pass,Rajesh,Rejected
7954,7954,97.08,Pass,Rajesh,Rejected
7955,7955,82.01,Pass,Rajesh,Rejected
7956,7956,75.79,Fail,Sneha,Rejected
7957,7957,83.52,Pass,Priya,Rejected
7958,7958,92.48,Pass,Anitha,Requires inspection
7959,7959,86.22,Pass,Kumar,Requires inspection
7960,7960,85.22,Fail,Anitha,Minor issue found
7961,7961,92.3,Pass,Anitha,Minor issue found
7962,7962,73.59,Pass,Rajesh,Rejected
7963,7963,79.43,Pass,Anitha,Rejected
7964,7964,90.86,Pass,Sneha,Rejected
7965,7965,92.34,Pass,Sneha,Approved
7966,7966,72.36,Pass,Rajesh,Rejected
7967,7967,91.64,Pass,Kumar,Requires inspection
7968,7968,74.56,Pass,Sneha,Rejected
7969,7969,80.96,Pass,Rajesh,Requires inspection
7970,7970,70.31,Pass,Sneha,Requires inspection
7971,7971,91.9,Pass,Sneha,Requires inspection
7972,7972,97.03,Fail,Rajesh,Requires inspection
7973,7973,95.54,Pass,Rajesh,Minor issue found
7974,7974,94.18,Pass,Sneha,Rejected
7975,7975,74.45,Fail,Sneha,Requires inspection
7976,7976,91.03,Pass,Priya,Minor issue found
7977,7977,99.73,Pass,Sneha,Rejected
7978,7978,75.29,Pass,Priya,Requires inspection
7979,7979,70.37,Fail,Sneha,Approved
7980,7980,85.02,Fail,Priya,Minor issue found
7981,7981,79.86,Pass,Kumar,Rejected
7982,7982,98.61,Pass,Priya,Minor issue found
7983,7983,77.86,Pass,Anitha,Rejected
7984,7984,72.9,Pass,Anitha,Approved
7985,7985,88.94,Pass,Sneha,Approved
7986,7986,75.84,Pass,Rajesh,Requires inspection
7987,7987,93.46,Pass,Kumar,Minor issue found
7988,7988,97.79,Pass,Rajesh,Rejected
7989,7989,85.72,Pass,Priya,Approved
7990,7990,96.72,Pass,Anitha,Approved
7991,7991,97.26,Pass,Anitha,Approved
7992,7992,87.28,Pass,Anitha,Approved
7993,7993,99.91,Pass,Kumar,Approved
7994,7994,81.2,Pass,Sneha,Requires inspection
7995,7995,92.77,Pass,Anitha,Requires inspection
7996,7996,88.46,Pass,Sneha,Requires inspection
7997,7997,94.16,Pass,Sneha,Requires inspection
7998,7998,92.08,Pass,Anitha,Minor issue found
7999,7999,82.7,Pass,Anitha,Approved
8000,8000,75.96,Pass,Sneha,Minor issue found
8001,8001,80.26,Pass,Kumar,Rejected
8002,8002,95.94,Fail,Anitha,Approved
8003,8003,98.79,Pass,Priya,Rejected
8004,8004,95.45,Pass,Sneha,Minor issue found
8005,8005,79.38,Pass,Sneha,Requires inspection
8006,8006,95.69,Pass,Anitha,Rejected
8007,8007,72.5,Pass,Rajesh,Rejected
8008,8008,86.13,Fail,Kumar,Minor issue found
8009,8009,79.37,Fail,Rajesh,Requires inspection
8010,8010,73.1,Pass,Rajesh,Requires inspection
8011,8011,95.95,Pass,Anitha,Rejected
8012,8012,86.72,Fail,Rajesh,Minor issue found
8013,8013,85.79,Fail,Anitha,Minor issue found
8014,8014,71.3,Pass,Rajesh,Requires inspection
8015,8015,85.68,Pass,Rajesh,Minor issue found
8016,8016,93.3,Pass,Rajesh,Requires inspection
8017,8017,76.92,Pass,Anitha,Requires inspection
8018,8018,97.05,Fail,Priya,Requires inspection
8019,8019,70.12,Pass,Kumar,Approved
8020,8020,75.43,Pass,Anitha,Minor issue found
8021,8021,84.55,Pass,Kumar,Minor issue found
8022,8022,92.79,Pass,Sneha,Approved
8023,8023,84.09,Pass,Priya,Minor issue found
8024,8024,96.2,Pass,Kumar,Minor issue found
8025,8025,75.05,Pass,Rajesh,Minor issue found
8026,8026,70.08,Pass,Kumar,Minor issue found
8027,8027,85.65,Pass,Priya,Approved
8028,8028,88.64,Pass,Rajesh,Minor issue found
8029,8029,97.03,Pass,Rajesh,Approved
8030,8030,87.17,Fail,Kumar,Requires inspection
8031,8031,99.59,Fail,Priya,Requires inspection
8032,8032,84.83,Pass,Anitha,Approved
8033,8033,87.22,Pass,Anitha,Requires inspection
8034,8034,94.76,Pass,Anitha,Approved
8035,8035,74.11,Pass,Kumar,Approved
8036,8036,72.36,Pass,Priya,Approved
8037,8037,98.71,Pass,Rajesh,Approved
8038,8038,80.73,Pass,Rajesh,Rejected
8039,8039,84.0,Pass,Priya,Requires inspection
8040,8040,93.33,Pass,Rajesh,Requires inspection
8041,8041,87.41,Pass,Rajesh,Rejected
8042,8042,70.06,Pass,Priya,Minor issue found
8043,8043,75.81,Pass,Anitha,Minor issue found
8044,8044,80.59,Pass,Priya,Rejected
8045,8045,91.69,Pass,Anitha,Approved
8046,8046,80.34,Pass,Sneha,Requires inspection
8047,8047,97.33,Fail,Anitha,Minor issue found
8048,8048,98.16,Pass,Kumar,Minor issue found
8049,8049,99.32,Pass,Kumar,Approved
8050,8050,72.21,Pass,Anitha,Approved
8051,8051,84.99,Pass,Rajesh,Approved
8052,8052,78.39,Pass,Kumar,Minor issue found
8053,8053,91.27,Pass,Anitha,Approved
8054,8054,87.37,Pass,Rajesh,Requires inspection
8055,8055,95.5,Pass,Anitha,Rejected
8056,8056,70.23,Pass,Priya,Requires inspection
8057,8057,71.5,Pass,Kumar,Minor issue found
8058,8058,94.26,Fail,Rajesh,Requires inspection
8059,8059,85.46,Pass,Rajesh,Requires inspection
8060,8060,92.27,Pass,Anitha,Rejected
8061,8061,79.87,Pass,Kumar,Approved
8062,8062,80.62,Pass,Sneha,Requires inspection
8063,8063,72.12,Fail,Rajesh,Minor issue found
8064,8064,70.63,Pass,Kumar,Minor issue found
8065,8065,95.48,Pass,Kumar,Rejected
8066,8066,81.48,Pass,Kumar,Requires inspection
8067,8067,98.24,Pass,Kumar,Approved
8068,8068,98.74,Fail,Kumar,Minor issue found
8069,8069,96.33,Pass,Anitha,Rejected
8070,8070,79.39,Pass,Sneha,Rejected
8071,8071,92.26,Pass,Rajesh,Minor issue found
8072,8072,91.81,Pass,Anitha,Approved
8073,8073,74.05,Pass,Kumar,Rejected
8074,8074,87.11,Pass,Priya,Requires inspection
8075,8075,81.42,Pass,Sneha,Rejected
8076,8076,80.67,Pass,Priya,Rejected
8077,8077,79.6,Pass,Priya,Minor issue found
8078,8078,92.03,Pass,Sneha,Rejected
8079,8079,86.7,Pass,Priya,Minor issue found
8080,8080,98.81,Pass,Anitha,Minor issue found
8081,8081,75.18,Pass,Kumar,Minor issue found
8082,8082,89.27,Pass,Sneha,Requires inspection
8083,8083,86.11,Pass,Sneha,Rejected
8084,8084,99.57,Pass,Sneha,Rejected
8085,8085,84.17,Fail,Sneha,Approved
8086,8086,79.29,Fail,Kumar,Approved
8087,8087,82.59,Pass,Anitha,Requires inspection
8088,8088,79.59,Pass,Anitha,Minor issue found
8089,8089,94.0,Fail,Sneha,Requires inspection
8090,8090,82.97,Fail,Priya,Rejected
8091,8091,95.85,Pass,Rajesh,Minor issue found
8092,8092,86.06,Pass,Priya,Rejected
8093,8093,95.02,Fail,Sneha,Approved
8094,8094,91.94,Pass,Rajesh,Minor issue found
8095,8095,72.29,Pass,Kumar,Requires inspection
8096,8096,76.23,Pass,Kumar,Requires inspection
8097,8097,77.75,Pass,Priya,Approved
8098,8098,92.89,Pass,Kumar,Rejected
8099,8099,92.06,Pass,Anitha,Minor issue found
8100,8100,70.71,Pass,Sneha,Minor issue found
8101,8101,82.49,Pass,Sneha,Minor issue found
8102,8102,71.22,Pass,Priya,Minor issue found
8103,8103,74.26,Fail,Anitha,Rejected
8104,8104,71.77,Pass,Kumar,Requires inspection
8105,8105,85.46,Pass,Kumar,Approved
8106,8106,77.57,Pass,Sneha,Rejected
8107,8107,81.9,Pass,Priya,Approved
8108,8108,85.02,Pass,Sneha,Requires inspection
8109,8109,75.6,Pass,Anitha,Approved
8110,8110,82.54,Pass,Kumar,Requires inspection
8111,8111,85.47,Fail,Kumar,Requires inspection
8112,8112,78.35,Pass,Anitha,Approved
8113,8113,83.58,Pass,Kumar,Approved
8114,8114,70.11,Pass,Sneha,Rejected
8115,8115,94.15,Pass,Rajesh,Approved
8116,8116,71.2,Pass,Rajesh,Requires inspection
8117,8117,99.25,Pass,Anitha,Rejected
8118,8118,92.53,Pass,Rajesh,Rejected
8119,8119,72.23,Pass,Sneha,Rejected
8120,8120,81.87,Pass,Sneha,Rejected
8121,8121,89.29,Pass,Sneha,Approved
8122,8122,96.97,Fail,Sneha,Rejected
8123,8123,87.62,Pass,Kumar,Rejected
8124,8124,97.8,Pass,Anitha,Minor issue found
8125,8125,85.35,Pass,Anitha,Minor issue found
8126,8126,78.72,Pass,Rajesh,Minor issue found
8127,8127,98.15,Pass,Kumar,Rejected
8128,8128,70.09,Pass,Rajesh,Minor issue found
8129,8129,78.04,Pass,Anitha,Minor issue found
8130,8130,72.12,Pass,Kumar,Rejected
8131,8131,90.6,Pass,Sneha,Minor issue found
8132,8132,75.96,Pass,Anitha,Minor issue found
8133,8133,86.23,Pass,Sneha,Approved
8134,8134,92.17,Pass,Rajesh,Rejected
8135,8135,80.35,Pass,Sneha,Requires inspection
8136,8136,89.53,Fail,Sneha,Rejected
8137,8137,70.2,Pass,Priya,Approved
8138,8138,77.52,Pass,Priya,Requires inspection
8139,8139,98.22,Pass,Priya,Requires inspection
8140,8140,89.07,Pass,Kumar,Minor issue found
8141,8141,96.38,Pass,Priya,Approved
8142,8142,97.99,Pass,Rajesh,Requires inspection
8143,8143,80.38,Pass,Priya,Rejected
8144,8144,91.61,Pass,Anitha,Minor issue found
8145,8145,81.26,Pass,Priya,Minor issue found
8146,8146,84.2,Pass,Anitha,Minor issue found
8147,8147,91.66,Pass,Anitha,Approved
8148,8148,98.13,Pass,Kumar,Approved
8149,8149,86.28,Pass,Rajesh,Approved
8150,8150,80.13,Pass,Priya,Requires inspection
8151,8151,92.82,Pass,Kumar,Minor issue found
8152,8152,99.66,Pass,Priya,Rejected
8153,8153,81.73,Pass,Sneha,Requires inspection
8154,8154,89.97,Fail,Anitha,Approved
8155,8155,72.26,Pass,Rajesh,Approved
8156,8156,76.7,Fail,Sneha,Rejected
8157,8157,74.04,Pass,Rajesh,Approved
8158,8158,91.52,Pass,Anitha,Approved
8159,8159,70.85,Pass,Anitha,Approved
8160,8160,74.52,Pass,Priya,Rejected
8161,8161,79.62,Pass,Anitha,Minor issue found
8162,8162,94.92,Pass,Priya,Approved
8163,8163,88.54,Pass,Sneha,Requires inspection
8164,8164,90.39,Pass,Anitha,Minor issue found
8165,8165,71.68,Pass,Rajesh,Rejected
8166,8166,92.11,Fail,Anitha,Approved
8167,8167,77.81,Pass,Sneha,Approved
8168,8168,87.03,Pass,Sneha,Rejected
8169,8169,95.36,Pass,Anitha,Minor issue found
8170,8170,77.39,Pass,Priya,Requires inspection
8171,8171,87.53,Pass,Sneha,Requires inspection
8172,8172,83.54,Pass,Rajesh,Rejected
8173,8173,93.57,Pass,Priya,Minor issue found
8174,8174,72.33,Pass,Rajesh,Requires inspection
8175,8175,71.08,Pass,Priya,Rejected
8176,8176,99.93,Pass,Priya,Approved
8177,8177,96.94,Fail,Rajesh,Rejected
8178,8178,91.34,Pass,Sneha,Approved
8179,8179,71.7,Pass,Priya,Requires inspection
8180,8180,96.77,Pass,Rajesh,Approved
8181,8181,75.49,Pass,Anitha,Approved
8182,8182,89.24,Pass,Priya,Rejected
8183,8183,75.74,Pass,Rajesh,Rejected
8184,8184,70.83,Pass,Anitha,Minor issue found
8185,8185,94.36,Pass,Priya,Approved
8186,8186,80.61,Fail,Rajesh,Approved
8187,8187,89.22,Pass,Sneha,Approved
8188,8188,88.76,Pass,Anitha,Approved
8189,8189,82.48,Pass,Sneha,Rejected
8190,8190,77.99,Fail,Anitha,Minor issue found
8191,8191,98.35,Fail,Rajesh,Rejected
8192,8192,78.07,Pass,Rajesh,Minor issue found
8193,8193,97.13,Fail,Kumar,Approved
8194,8194,86.86,Pass,Anitha,Minor issue found
8195,8195,81.02,Fail,Kumar,Rejected
8196,8196,75.61,Pass,Kumar,Minor issue found
8197,8197,94.19,Pass,Priya,Minor issue found
8198,8198,85.81,Fail,Sneha,Minor issue found
8199,8199,95.28,Fail,Priya,Requires inspection
8200,8200,77.5,Pass,Anitha,Minor issue found
8201,8201,73.71,Pass,Kumar,Approved
8202,8202,89.07,Pass,Anitha,Minor issue found
8203,8203,96.13,Fail,Rajesh,Requires inspection
8204,8204,94.46,Pass,Rajesh,Minor issue found
8205,8205,87.48,Pass,Kumar,Rejected
8206,8206,70.81,Pass,Priya,Requires inspection
8207,8207,79.72,Pass,Sneha,Rejected
8208,8208,87.58,Pass,Sneha,Requires inspection
8209,8209,80.44,Pass,Kumar,Rejected
8210,8210,78.83,Pass,Sneha,Approved
8211,8211,93.62,Pass,Sneha,Approved
8212,8212,86.97,Pass,Rajesh,Rejected
8213,8213,85.87,Fail,Kumar,Minor issue found
8214,8214,81.04,Pass,Sneha,Rejected
8215,8215,86.53,Pass,Sneha,Rejected
8216,8216,72.15,Pass,Sneha,Minor issue found
8217,8217,88.88,Pass,Kumar,Approved
8218,8218,97.88,Pass,Rajesh,Rejected
8219,8219,93.81,Pass,Kumar,Minor issue found
8220,8220,77.8,Pass,Priya,Requires inspection
8221,8221,84.77,Pass,Priya,Minor issue found
8222,8222,87.82,Fail,Kumar,Rejected
8223,8223,73.79,Pass,Rajesh,Approved
8224,8224,84.75,Pass,Sneha,Requires inspection
8225,8225,76.8,Pass,Sneha,Requires inspection
8226,8226,81.44,Fail,Priya,Rejected
8227,8227,86.13,Pass,Kumar,Rejected
8228,8228,97.04,Pass,Sneha,Minor issue found
8229,8229,86.35,Pass,Anitha,Rejected
8230,8230,95.64,Pass,Sneha,Approved
8231,8231,82.69,Pass,Kumar,Approved
8232,8232,73.5,Pass,Rajesh,Approved
8233,8233,82.81,Pass,Kumar,Rejected
8234,8234,91.2,Pass,Priya,Minor issue found
8235,8235,95.84,Pass,Sneha,Requires inspection
8236,8236,84.69,Pass,Sneha,Minor issue found
8237,8237,96.37,Pass,Rajesh,Approved
8238,8238,90.61,Pass,Anitha,Requires inspection
8239,8239,79.01,Pass,Priya,Minor issue found
8240,8240,75.33,Pass,Anitha,Rejected
8241,8241,96.37,Pass,Priya,Approved
8242,8242,80.37,Pass,Rajesh,Approved
8243,8243,93.9,Pass,Anitha,Minor issue found
8244,8244,96.96,Pass,Kumar,Approved
8245,8245,76.4,Fail,Anitha,Minor issue found
8246,8246,79.9,Pass,Rajesh,Approved
8247,8247,74.34,Pass,Rajesh,Approved
8248,8248,91.35,Pass,Priya,Minor issue found
8249,8249,77.57,Pass,Rajesh,Approved
8250,8250,82.54,Pass,Kumar,Approved
8251,8251,87.6,Pass,Sneha,Approved
8252,8252,72.11,Pass,Anitha,Rejected
8253,8253,80.41,Pass,Kumar,Requires inspection
8254,8254,81.59,Pass,Anitha,Minor issue found
8255,8255,70.52,Pass,Rajesh,Approved
8256,8256,88.6,Pass,Priya,Rejected
8257,8257,88.94,Fail,Kumar,Rejected
8258,8258,78.22,Fail,Kumar,Rejected
8259,8259,70.26,Pass,Sneha,Requires inspection
8260,8260,89.85,Pass,Rajesh,Minor issue found
8261,8261,72.25,Pass,Priya,Approved
8262,8262,98.9,Pass,Rajesh,Requires inspection
8263,8263,78.02,Fail,Anitha,Rejected
8264,8264,78.38,Pass,Priya,Approved
8265,8265,79.45,Pass,Kumar,Approved
8266,8266,79.42,Pass,Rajesh,Requires inspection
8267,8267,92.55,Pass,Rajesh,Approved
8268,8268,71.62,Pass,Rajesh,Approved
8269,8269,95.38,Pass,Sneha,Minor issue found
8270,8270,98.36,Fail,Priya,Approved
8271,8271,92.32,Pass,Rajesh,Rejected
8272,8272,93.64,Pass,Rajesh,Rejected
8273,8273,96.96,Pass,Priya,Approved
8274,8274,76.8,Pass,Kumar,Requires inspection
8275,8275,93.65,Pass,Rajesh,Requires inspection
8276,8276,73.61,Pass,Priya,Requires inspection
8277,8277,75.53,Pass,Sneha,Requires inspection
8278,8278,92.82,Pass,Priya,Approved
8279,8279,70.54,Fail,Rajesh,Minor issue found
8280,8280,89.37,Pass,Kumar,Requires inspection
8281,8281,74.43,Pass,Sneha,Approved
8282,8282,88.46,Fail,Kumar,Minor issue found
8283,8283,90.87,Pass,Priya,Minor issue found
8284,8284,80.48,Pass,Priya,Approved
8285,8285,86.74,Fail,Sneha,Rejected
8286,8286,93.83,Pass,Rajesh,Approved
8287,8287,70.97,Fail,Priya,Requires inspection
8288,8288,93.09,Pass,Priya,Minor issue found
8289,8289,73.61,Pass,Kumar,Approved
8290,8290,82.85,Pass,Sneha,Minor issue found
8291,8291,74.41,Pass,Anitha,Rejected
8292,8292,94.74,Fail,Sneha,Requires inspection
8293,8293,93.4,Pass,Sneha,Approved
8294,8294,80.39,Pass,Anitha,Minor issue found
8295,8295,90.23,Pass,Anitha,Rejected
8296,8296,75.15,Pass,Kumar,Minor issue found
8297,8297,80.41,Pass,Priya,Minor issue found
8298,8298,85.63,Pass,Rajesh,Rejected
8299,8299,99.56,Pass,Kumar,Approved
8300,8300,87.58,Pass,Anitha,Approved
8301,8301,73.77,Pass,Rajesh,Rejected
8302,8302,97.92,Pass,Sneha,Rejected
8303,8303,82.51,Pass,Kumar,Minor issue found
8304,8304,82.2,Pass,Kumar,Minor issue found
8305,8305,86.59,Pass,Rajesh,Minor issue found
8306,8306,70.68,Fail,Rajesh,Requires inspection
8307,8307,92.6,Fail,Kumar,Rejected
8308,8308,73.89,Pass,Anitha,Rejected
8309,8309,86.59,Pass,Rajesh,Rejected
8310,8310,95.27,Pass,Sneha,Approved
8311,8311,72.64,Pass,Priya,Rejected
8312,8312,80.73,Fail,Rajesh,Rejected
8313,8313,86.37,Pass,Priya,Requires inspection
8314,8314,97.93,Pass,Kumar,Minor issue found
8315,8315,83.33,Pass,Sneha,Approved
8316,8316,71.95,Pass,Sneha,Approved
8317,8317,79.77,Pass,Kumar,Approved
8318,8318,73.25,Pass,Sneha,Approved
8319,8319,76.65,Pass,Rajesh,Rejected
8320,8320,89.75,Pass,Priya,Minor issue found
8321,8321,96.22,Pass,Sneha,Requires inspection
8322,8322,79.34,Pass,Rajesh,Approved
8323,8323,98.19,Fail,Anitha,Approved
8324,8324,99.09,Pass,Priya,Requires inspection
8325,8325,73.49,Pass,Rajesh,Requires inspection
8326,8326,70.44,Pass,Priya,Minor issue found
8327,8327,82.45,Pass,Kumar,Minor issue found
8328,8328,92.66,Fail,Priya,Requires inspection
8329,8329,94.66,Pass,Anitha,Minor issue found
8330,8330,81.92,Pass,Anitha,Requires inspection
8331,8331,74.02,Fail,Anitha,Minor issue found
8332,8332,90.26,Fail,Sneha,Rejected
8333,8333,93.68,Fail,Kumar,Requires inspection
8334,8334,89.59,Pass,Kumar,Minor issue found
8335,8335,95.95,Pass,Anitha,Approved
8336,8336,90.7,Pass,Sneha,Approved
8337,8337,79.41,Pass,Anitha,Rejected
8338,8338,92.99,Pass,Sneha,Minor issue found
8339,8339,86.07,Pass,Priya,Approved
8340,8340,85.14,Pass,Sneha,Approved
8341,8341,70.26,Pass,Sneha,Requires inspection
8342,8342,88.01,Pass,Kumar,Approved
8343,8343,96.95,Pass,Sneha,Approved
8344,8344,76.2,Pass,Anitha,Minor issue found
8345,8345,70.29,Pass,Priya,Rejected
8346,8346,82.92,Pass,Anitha,Minor issue found
8347,8347,84.31,Pass,Priya,Rejected
8348,8348,87.88,Pass,Sneha,Minor issue found
8349,8349,93.51,Fail,Sneha,Approved
8350,8350,97.41,Pass,Anitha,Approved
8351,8351,71.87,Pass,Anitha,Minor issue found
8352,8352,86.73,Pass,Rajesh,Rejected
8353,8353,99.39,Pass,Anitha,Requires inspection
8354,8354,93.43,Fail,Anitha,Minor issue found
8355,8355,75.11,Pass,Kumar,Minor issue found
8356,8356,82.35,Fail,Priya,Rejected
8357,8357,91.93,Pass,Kumar,Rejected
8358,8358,99.91,Pass,Rajesh,Rejected
8359,8359,77.32,Pass,Rajesh,Requires inspection
8360,8360,94.49,Pass,Kumar,Rejected
8361,8361,94.55,Pass,Priya,Rejected
8362,8362,85.77,Pass,Rajesh,Minor issue found
8363,8363,75.75,Pass,Priya,Minor issue found
8364,8364,87.95,Pass,Rajesh,Approved
8365,8365,95.62,Pass,Rajesh,Rejected
8366,8366,78.91,Fail,Priya,Rejected
8367,8367,90.46,Pass,Rajesh,Requires inspection
8368,8368,83.25,Pass,Priya,Requires inspection
8369,8369,85.79,Pass,Rajesh,Rejected
8370,8370,93.6,Pass,Kumar,Requires inspection
8371,8371,84.15,Pass,Rajesh,Minor issue found
8372,8372,83.77,Pass,Anitha,Rejected
8373,8373,77.49,Pass,Rajesh,Requires inspection
8374,8374,70.32,Pass,Priya,Approved
8375,8375,78.32,Pass,Priya,Approved
8376,8376,71.23,Pass,Anitha,Rejected
8377,8377,85.52,Fail,Kumar,Requires inspection
8378,8378,91.59,Fail,Priya,Approved
8379,8379,90.41,Pass,Priya,Approved
8380,8380,96.01,Fail,Kumar,Requires inspection
8381,8381,71.93,Fail,Sneha,Requires inspection
8382,8382,81.78,Pass,Priya,Requires inspection
8383,8383,83.39,Pass,Sneha,Approved
8384,8384,98.52,Pass,Priya,Rejected
8385,8385,94.5,Pass,Sneha,Rejected
8386,8386,76.88,Pass,Sneha,Approved
8387,8387,81.14,Pass,Sneha,Approved
8388,8388,95.99,Pass,Kumar,Approved
8389,8389,77.56,Pass,Priya,Minor issue found
8390,8390,80.77,Pass,Sneha,Rejected
8391,8391,91.4,Pass,Anitha,Minor issue found
8392,8392,72.52,Pass,Sneha,Rejected
8393,8393,79.7,Pass,Priya,Approved
8394,8394,92.21,Pass,Kumar,Minor issue found
8395,8395,78.84,Pass,Rajesh,Requires inspection
8396,8396,91.68,Pass,Anitha,Approved
8397,8397,95.46,Fail,Sneha,Minor issue found
8398,8398,90.94,Pass,Rajesh,Rejected
8399,8399,98.21,Pass,Priya,Minor issue found
8400,8400,77.77,Pass,Anitha,Requires inspection
8401,8401,75.94,Pass,Kumar,Rejected
8402,8402,84.99,Fail,Kumar,Approved
8403,8403,72.81,Pass,Sneha,Approved
8404,8404,80.39,Pass,Kumar,Rejected
8405,8405,88.23,Pass,Anitha,Requires inspection
8406,8406,99.41,Fail,Kumar,Requires inspection
8407,8407,70.17,Fail,Priya,Minor issue found
8408,8408,75.41,Pass,Anitha,Rejected
8409,8409,77.61,Pass,Sneha,Minor issue found
8410,8410,99.85,Pass,Priya,Approved
8411,8411,71.23,Pass,Sneha,Minor issue found
8412,8412,86.26,Pass,Priya,Minor issue found
8413,8413,98.21,Pass,Rajesh,Rejected
8414,8414,99.98,Pass,Kumar,Rejected
8415,8415,91.41,Pass,Kumar,Approved
8416,8416,85.26,Pass,Priya,Rejected
8417,8417,79.57,Fail,Sneha,Requires inspection
8418,8418,90.72,Fail,Sneha,Requires inspection
8419,8419,77.7,Pass,Kumar,Approved
8420,8420,74.16,Pass,Rajesh,Rejected
8421,8421,99.55,Fail,Priya,Rejected
8422,8422,84.34,Pass,Sneha,Rejected
8423,8423,79.22,Pass,Kumar,Minor issue found
8424,8424,83.84,Pass,Rajesh,Requires inspection
8425,8425,71.0,Pass,Kumar,Rejected
8426,8426,91.65,Pass,Priya,Approved
8427,8427,80.59,Pass,Priya,Minor issue found
8428,8428,84.35,Pass,Kumar,Requires inspection
8429,8429,73.36,Fail,Kumar,Rejected
8430,8430,87.56,Pass,Kumar,Approved
8431,8431,87.11,Pass,Sneha,Requires inspection
8432,8432,79.79,Pass,Kumar,Approved
8433,8433,71.56,Pass,Anitha,Minor issue found
8434,8434,82.02,Pass,Priya,Requires inspection
8435,8435,85.1,Pass,Sneha,Approved
8436,8436,93.07,Fail,Priya,Approved
8437,8437,97.61,Pass,Anitha,Requires inspection
8438,8438,73.55,Pass,Sneha,Approved
8439,8439,97.37,Pass,Rajesh,Requires inspection
8440,8440,76.5,Fail,Sneha,Minor issue found
8441,8441,93.01,Fail,Priya,Approved
8442,8442,91.61,Pass,Sneha,Minor issue found
8443,8443,93.96,Pass,Kumar,Minor issue found
8444,8444,82.31,Pass,Sneha,Approved
8445,8445,95.56,Pass,Kumar,Approved
8446,8446,92.0,Pass,Priya,Rejected
8447,8447,98.2,Pass,Priya,Minor issue found
8448,8448,74.5,Pass,Anitha,Approved
8449,8449,80.43,Pass,Priya,Minor issue found
8450,8450,72.11,Fail,Sneha,Approved
8451,8451,84.68,Pass,Sneha,Rejected
8452,8452,92.92,Pass,Rajesh,Approved
8453,8453,76.55,Pass,Rajesh,Requires inspection
8454,8454,79.96,Pass,Kumar,Minor issue found
8455,8455,89.78,Fail,Priya,Requires inspection
8456,8456,83.22,Fail,Priya,Requires inspection
8457,8457,85.6,Pass,Sneha,Rejected
8458,8458,86.07,Pass,Anitha,Minor issue found
8459,8459,78.44,Pass,Priya,Minor issue found
8460,8460,97.54,Pass,Priya,Rejected
8461,8461,96.24,Pass,Rajesh,Approved
8462,8462,76.29,Fail,Anitha,Approved
8463,8463,97.64,Pass,Sneha,Requires inspection
8464,8464,99.47,Pass,Priya,Approved
8465,8465,75.15,Pass,Kumar,Minor issue found
8466,8466,93.68,Pass,Sneha,Rejected
8467,8467,96.26,Pass,Rajesh,Approved
8468,8468,77.25,Pass,Sneha,Rejected
8469,8469,76.98,Pass,Kumar,Minor issue found
8470,8470,75.03,Pass,Sneha,Rejected
8471,8471,89.96,Pass,Kumar,Minor issue found
8472,8472,94.53,Pass,Anitha,Rejected
8473,8473,75.64,Pass,Rajesh,Requires inspection
8474,8474,78.14,Pass,Sneha,Minor issue found
8475,8475,70.15,Fail,Rajesh,Approved
8476,8476,82.44,Pass,Rajesh,Requires inspection
8477,8477,83.07,Pass,Anitha,Requires inspection
8478,8478,87.87,Fail,Kumar,Approved
8479,8479,77.18,Pass,Sneha,Requires inspection
8480,8480,75.74,Pass,Rajesh,Requires inspection
8481,8481,99.46,Pass,Rajesh,Minor issue found
8482,8482,90.95,Pass,Rajesh,Requires inspection
8483,8483,89.55,Fail,Priya,Approved
8484,8484,76.19,Pass,Anitha,Approved
8485,8485,72.76,Pass,Priya,Requires inspection
8486,8486,86.37,Pass,Priya,Minor issue found
8487,8487,84.41,Pass,Sneha,Rejected
8488,8488,89.64,Pass,Anitha,Approved
8489,8489,82.18,Pass,Sneha,Requires inspection
8490,8490,70.84,Pass,Anitha,Minor issue found
8491,8491,89.52,Pass,Anitha,Rejected
8492,8492,78.23,Pass,Priya,Requires inspection
8493,8493,87.75,Pass,Anitha,Requires inspection
8494,8494,94.98,Fail,Kumar,Rejected
8495,8495,88.14,Pass,Priya,Approved
8496,8496,75.23,Pass,Kumar,Requires inspection
8497,8497,70.12,Pass,Priya,Requires inspection
8498,8498,89.05,Pass,Rajesh,Minor issue found
8499,8499,73.63,Pass,Kumar,Approved
8500,8500,97.76,Pass,Anitha,Requires inspection
8501,8501,87.19,Fail,Sneha,Approved
8502,8502,95.45,Pass,Rajesh,Minor issue found
8503,8503,74.14,Pass,Rajesh,Minor issue found
8504,8504,84.27,Pass,Anitha,Rejected
8505,8505,80.63,Fail,Rajesh,Approved
8506,8506,97.0,Pass,Anitha,Approved
8507,8507,92.71,Pass,Rajesh,Minor issue found
8508,8508,97.48,Pass,Kumar,Requires inspection
8509,8509,88.86,Pass,Rajesh,Minor issue found
8510,8510,84.03,Pass,Rajesh,Requires inspection
8511,8511,83.19,Pass,Priya,Requires inspection
8512,8512,94.17,Pass,Rajesh,Requires inspection
8513,8513,88.55,Pass,Kumar,Rejected
8514,8514,76.66,Fail,Priya,Approved
8515,8515,73.18,Pass,Anitha,Requires inspection
8516,8516,88.45,Pass,Sneha,Approved
8517,8517,81.18,Pass,Sneha,Minor issue found
8518,8518,77.79,Pass,Rajesh,Minor issue found
8519,8519,82.59,Pass,Kumar,Approved
8520,8520,91.56,Pass,Anitha,Minor issue found
8521,8521,74.04,Fail,Sneha,Requires inspection
8522,8522,74.18,Pass,Priya,Minor issue found
8523,8523,70.01,Pass,Kumar,Rejected
8524,8524,93.52,Pass,Kumar,Rejected
8525,8525,93.7,Pass,Priya,Requires inspection
8526,8526,95.79,Pass,Anitha,Requires inspection
8527,8527,95.39,Pass,Kumar,Requires inspection
8528,8528,86.44,Pass,Rajesh,Minor issue found
8529,8529,77.88,Pass,Rajesh,Rejected
8530,8530,85.69,Pass,Sneha,Approved
8531,8531,86.47,Pass,Anitha,Rejected
8532,8532,97.19,Pass,Rajesh,Requires inspection
8533,8533,95.09,Pass,Priya,Requires inspection
8534,8534,83.86,Pass,Sneha,Requires inspection
8535,8535,87.11,Pass,Kumar,Rejected
8536,8536,75.29,Pass,Priya,Minor issue found
8537,8537,99.7,Pass,Anitha,Rejected
8538,8538,80.9,Pass,Sneha,Requires inspection
8539,8539,97.75,Fail,Rajesh,Minor issue found
8540,8540,86.39,Pass,Anitha,Requires inspection
8541,8541,92.98,Pass,Anitha,Approved
8542,8542,78.16,Fail,Anitha,Minor issue found
8543,8543,72.25,Pass,Kumar,Rejected
8544,8544,74.9,Pass,Sneha,Rejected
8545,8545,95.0,Fail,Kumar,Rejected
8546,8546,88.09,Pass,Rajesh,Rejected
8547,8547,91.23,Pass,Rajesh,Approved
8548,8548,70.62,Pass,Priya,Requires inspection
8549,8549,83.77,Pass,Sneha,Minor issue found
8550,8550,95.97,Pass,Sneha,Rejected
8551,8551,88.12,Fail,Kumar,Requires inspection
8552,8552,80.75,Pass,Rajesh,Rejected
8553,8553,95.64,Pass,Sneha,Minor issue found
8554,8554,89.45,Pass,Kumar,Minor issue found
8555,8555,94.7,Pass,Kumar,Requires inspection
8556,8556,88.86,Pass,Priya,Rejected
8557,8557,89.89,Pass,Sneha,Approved
8558,8558,84.13,Pass,Priya,Approved
8559,8559,72.18,Fail,Kumar,Approved
8560,8560,89.06,Pass,Kumar,Minor issue found
8561,8561,90.9,Pass,Priya,Rejected
8562,8562,92.69,Pass,Kumar,Approved
8563,8563,78.42,Pass,Kumar,Requires inspection
8564,8564,90.12,Pass,Priya,Minor issue found
8565,8565,99.97,Pass,Kumar,Minor issue found
8566,8566,86.44,Pass,Sneha,Minor issue found
8567,8567,97.69,Pass,Rajesh,Rejected
8568,8568,85.02,Pass,Priya,Approved
8569,8569,84.86,Fail,Sneha,Minor issue found
8570,8570,71.86,Pass,Priya,Rejected
8571,8571,80.11,Pass,Kumar,Approved
8572,8572,84.47,Pass,Rajesh,Requires inspection
8573,8573,93.52,Pass,Rajesh,Requires inspection
8574,8574,82.65,Pass,Priya,Minor issue found
8575,8575,79.92,Fail,Kumar,Minor issue found
8576,8576,91.24,Pass,Kumar,Requires inspection
8577,8577,70.59,Pass,Anitha,Requires inspection
8578,8578,74.5,Pass,Rajesh,Approved
8579,8579,73.04,Pass,Sneha,Minor issue found
8580,8580,96.55,Pass,Sneha,Rejected
8581,8581,88.11,Fail,Priya,Rejected
8582,8582,80.14,Pass,Kumar,Rejected
8583,8583,86.36,Pass,Kumar,Requires inspection
8584,8584,89.81,Pass,Kumar,Minor issue found
8585,8585,82.94,Pass,Rajesh,Minor issue found
8586,8586,81.66,Fail,Anitha,Requires inspection
8587,8587,79.66,Pass,Rajesh,Approved
8588,8588,70.19,Pass,Sneha,Minor issue found
8589,8589,83.47,Pass,Rajesh,Minor issue found
8590,8590,71.14,Pass,Kumar,Rejected
8591,8591,96.26,Pass,Kumar,Requires inspection
8592,8592,76.76,Pass,Priya,Approved
8593,8593,87.65,Pass,Kumar,Approved
8594,8594,77.0,Pass,Sneha,Approved
8595,8595,76.26,Pass,Sneha,Minor issue found
8596,8596,95.45,Pass,Kumar,Requires inspection
8597,8597,98.38,Pass,Kumar,Minor issue found
8598,8598,94.33,Pass,Sneha,Requires inspection
8599,8599,72.29,Pass,Priya,Approved
8600,8600,88.08,Fail,Priya,Rejected
8601,8601,75.32,Pass,Rajesh,Minor issue found
8602,8602,94.25,Pass,Rajesh,Approved
8603,8603,79.27,Pass,Priya,Requires inspection
8604,8604,92.86,Pass,Priya,Minor issue found
8605,8605,85.51,Fail,Kumar,Approved
8606,8606,96.86,Pass,Kumar,Minor issue found
8607,8607,79.72,Pass,Priya,Minor issue found
8608,8608,97.97,Pass,Sneha,Requires inspection
8609,8609,82.34,Pass,Priya,Rejected
8610,8610,73.74,Pass,Anitha,Requires inspection
8611,8611,70.69,Pass,Sneha,Minor issue found
8612,8612,94.14,Pass,Priya,Requires inspection
8613,8613,90.62,Pass,Anitha,Rejected
8614,8614,79.78,Pass,Rajesh,Rejected
8615,8615,98.18,Pass,Kumar,Rejected
8616,8616,93.88,Pass,Rajesh,Approved
8617,8617,94.79,Pass,Kumar,Rejected
8618,8618,96.01,Fail,Sneha,Approved
8619,8619,88.75,Pass,Sneha,Approved
8620,8620,72.99,Fail,Priya,Minor issue found
8621,8621,95.67,Fail,Anitha,Rejected
8622,8622,75.9,Pass,Anitha,Approved
8623,8623,82.85,Pass,Kumar,Requires inspection
8624,8624,82.96,Pass,Kumar,Approved
8625,8625,85.26,Pass,Anitha,Requires inspection
8626,8626,70.45,Pass,Anitha,Rejected
8627,8627,72.08,Pass,Rajesh,Rejected
8628,8628,80.73,Pass,Rajesh,Rejected
8629,8629,82.89,Fail,Priya,Requires inspection
8630,8630,77.95,Pass,Sneha,Approved
8631,8631,87.7,Pass,Priya,Rejected
8632,8632,81.43,Pass,Kumar,Minor issue found
8633,8633,70.8,Pass,Sneha,Approved
8634,8634,86.76,Pass,Sneha,Rejected
8635,8635,85.34,Pass,Rajesh,Requires inspection
8636,8636,78.39,Pass,Anitha,Approved
8637,8637,98.27,Pass,Anitha,Requires inspection
8638,8638,73.87,Pass,Kumar,Minor issue found
8639,8639,93.6,Pass,Kumar,Approved
8640,8640,96.89,Pass,Anitha,Rejected
8641,8641,88.91,Pass,Priya,Rejected
8642,8642,89.61,Pass,Rajesh,Rejected
8643,8643,89.01,Pass,Rajesh,Approved
8644,8644,87.8,Pass,Rajesh,Requires inspection
8645,8645,91.21,Pass,Kumar,Rejected
8646,8646,75.59,Pass,Kumar,Rejected
8647,8647,96.34,Pass,Anitha,Approved
8648,8648,75.05,Pass,Anitha,Minor issue found
8649,8649,91.05,Pass,Rajesh,Approved
8650,8650,92.53,Fail,Rajesh,Rejected
8651,8651,86.44,Pass,Anitha,Minor issue found
8652,8652,82.68,Pass,Sneha,Rejected
8653,8653,80.97,Pass,Anitha,Minor issue found
8654,8654,97.37,Pass,Rajesh,Minor issue found
8655,8655,80.03,Pass,Rajesh,Rejected
8656,8656,93.29,Pass,Priya,Requires inspection
8657,8657,70.37,Pass,Priya,Approved
8658,8658,90.8,Fail,Kumar,Requires inspection
8659,8659,91.91,Pass,Kumar,Rejected
8660,8660,99.2,Fail,Rajesh,Requires inspection
8661,8661,86.59,Pass,Anitha,Rejected
8662,8662,84.63,Pass,Priya,Requires inspection
8663,8663,75.77,Pass,Anitha,Approved
8664,8664,90.71,Pass,Kumar,Minor issue found
8665,8665,89.8,Pass,Sneha,Requires inspection
8666,8666,90.66,Pass,Sneha,Approved
8667,8667,73.34,Pass,Rajesh,Rejected
8668,8668,87.81,Pass,Rajesh,Approved
8669,8669,91.27,Pass,Kumar,Rejected
8670,8670,99.6,Fail,Anitha,Approved
8671,8671,88.88,Pass,Sneha,Approved
8672,8672,85.28,Pass,Anitha,Requires inspection
8673,8673,73.25,Pass,Anitha,Approved
8674,8674,75.12,Pass,Rajesh,Rejected
8675,8675,97.72,Fail,Anitha,Rejected
8676,8676,88.36,Pass,Kumar,Minor issue found
8677,8677,93.24,Pass,Kumar,Minor issue found
8678,8678,74.7,Pass,Rajesh,Requires inspection
8679,8679,99.1,Pass,Rajesh,Minor issue found
8680,8680,73.48,Pass,Sneha,Requires inspection
8681,8681,99.52,Pass,Kumar,Minor issue found
8682,8682,93.95,Pass,Priya,Minor issue found
8683,8683,80.18,Fail,Sneha,Rejected
8684,8684,78.75,Pass,Kumar,Requires inspection
8685,8685,96.61,Pass,Anitha,Approved
8686,8686,89.9,Pass,Kumar,Minor issue found
8687,8687,98.03,Pass,Anitha,Rejected
8688,8688,86.92,Fail,Kumar,Approved
8689,8689,73.52,Fail,Priya,Rejected
8690,8690,72.09,Pass,Rajesh,Approved
8691,8691,98.74,Pass,Anitha,Minor issue found
8692,8692,92.07,Fail,Priya,Approved
8693,8693,92.71,Pass,Rajesh,Requires inspection
8694,8694,81.47,Pass,Priya,Rejected
8695,8695,77.48,Pass,Kumar,Minor issue found
8696,8696,75.78,Pass,Priya,Requires inspection
8697,8697,89.78,Pass,Rajesh,Approved
8698,8698,78.54,Pass,Kumar,Requires inspection
8699,8699,73.68,Pass,Kumar,Minor issue found
8700,8700,71.09,Fail,Kumar,Rejected
8701,8701,87.03,Pass,Anitha,Rejected
8702,8702,75.64,Pass,Rajesh,Approved
8703,8703,92.06,Pass,Anitha,Approved
8704,8704,81.19,Pass,Sneha,Requires inspection
8705,8705,78.37,Pass,Kumar,Rejected
8706,8706,70.21,Pass,Priya,Requires inspection
8707,8707,99.29,Pass,Kumar,Rejected
8708,8708,80.57,Fail,Sneha,Rejected
8709,8709,76.26,Pass,Rajesh,Requires inspection
8710,8710,73.95,Pass,Priya,Rejected
8711,8711,77.83,Pass,Rajesh,Minor issue found
8712,8712,97.12,Pass,Rajesh,Minor issue found
8713,8713,71.81,Fail,Priya,Minor issue found
8714,8714,92.87,Pass,Rajesh,Requires inspection
8715,8715,95.95,Pass,Kumar,Approved
8716,8716,96.68,Fail,Priya,Minor issue found
8717,8717,73.02,Pass,Sneha,Rejected
8718,8718,89.07,Pass,Sneha,Approved
8719,8719,83.45,Fail,Anitha,Rejected
8720,8720,70.66,Fail,Anitha,Rejected
8721,8721,74.19,Pass,Anitha,Minor issue found
8722,8722,90.13,Pass,Kumar,Minor issue found
8723,8723,75.59,Pass,Rajesh,Rejected
8724,8724,78.24,Pass,Priya,Minor issue found
8725,8725,72.31,Pass,Sneha,Requires inspection
8726,8726,74.63,Pass,Anitha,Requires inspection
8727,8727,95.82,Pass,Rajesh,Rejected
8728,8728,80.34,Pass,Anitha,Approved
8729,8729,71.57,Pass,Priya,Requires inspection
8730,8730,88.26,Pass,Priya,Requires inspection
8731,8731,89.22,Pass,Priya,Requires inspection
8732,8732,72.44,Pass,Priya,Approved
8733,8733,81.46,Pass,Sneha,Minor issue found
8734,8734,74.19,Pass,Kumar,Requires inspection
8735,8735,86.46,Pass,Rajesh,Requires inspection
8736,8736,86.52,Fail,Rajesh,Approved
8737,8737,98.47,Pass,Rajesh,Approved
8738,8738,94.39,Fail,Sneha,Rejected
8739,8739,70.01,Pass,Anitha,Requires inspection
8740,8740,82.38,Pass,Kumar,Approved
8741,8741,97.19,Pass,Priya,Rejected
8742,8742,93.83,Pass,Priya,Approved
8743,8743,85.86,Pass,Anitha,Minor issue found
8744,8744,78.68,Pass,Priya,Approved
8745,8745,91.78,Pass,Rajesh,Minor issue found
8746,8746,95.12,Pass,Anitha,Minor issue found
8747,8747,95.67,Fail,Priya,Requires inspection
8748,8748,73.06,Pass,Kumar,Rejected
8749,8749,86.03,Pass,Anitha,Rejected
8750,8750,73.27,Pass,Rajesh,Minor issue found
8751,8751,75.37,Pass,Anitha,Rejected
8752,8752,76.18,Pass,Priya,Rejected
8753,8753,79.65,Pass,Rajesh,Approved
8754,8754,87.96,Pass,Priya,Approved
8755,8755,86.86,Pass,Priya,Rejected
8756,8756,80.44,Pass,Rajesh,Rejected
8757,8757,91.78,Pass,Kumar,Approved
8758,8758,88.21,Pass,Sneha,Rejected
8759,8759,92.9,Pass,Anitha,Rejected
8760,8760,82.35,Pass,Rajesh,Approved
8761,8761,96.22,Pass,Priya,Requires inspection
8762,8762,98.94,Pass,Kumar,Requires inspection
8763,8763,96.06,Pass,Rajesh,Approved
8764,8764,88.96,Fail,Anitha,Requires inspection
8765,8765,71.79,Pass,Anitha,Rejected
8766,8766,91.29,Pass,Priya,Approved
8767,8767,70.08,Pass,Priya,Rejected
8768,8768,90.65,Pass,Anitha,Rejected
8769,8769,79.55,Pass,Priya,Requires inspection
8770,8770,89.78,Pass,Anitha,Rejected
8771,8771,96.03,Pass,Sneha,Minor issue found
8772,8772,77.78,Pass,Kumar,Rejected
8773,8773,79.66,Pass,Kumar,Requires inspection
8774,8774,87.93,Pass,Sneha,Rejected
8775,8775,97.59,Pass,Rajesh,Rejected
8776,8776,76.25,Pass,Kumar,Approved
8777,8777,89.37,Pass,Sneha,Requires inspection
8778,8778,78.83,Pass,Sneha,Approved
8779,8779,99.65,Pass,Priya,Rejected
8780,8780,72.54,Pass,Anitha,Approved
8781,8781,78.48,Pass,Priya,Requires inspection
8782,8782,91.96,Pass,Rajesh,Minor issue found
8783,8783,76.39,Pass,Kumar,Minor issue found
8784,8784,88.79,Pass,Priya,Requires inspection
8785,8785,97.11,Fail,Sneha,Rejected
8786,8786,97.76,Pass,Rajesh,Approved
8787,8787,78.53,Pass,Priya,Minor issue found
8788,8788,78.62,Pass,Anitha,Approved
8789,8789,91.53,Fail,Priya,Approved
8790,8790,73.84,Pass,Priya,Approved
8791,8791,83.26,Pass,Anitha,Approved
8792,8792,72.33,Fail,Rajesh,Minor issue found
8793,8793,96.64,Fail,Anitha,Rejected
8794,8794,92.24,Pass,Priya,Rejected
8795,8795,99.81,Pass,Anitha,Requires inspection
8796,8796,80.5,Pass,Sneha,Requires inspection
8797,8797,89.38,Pass,Rajesh,Minor issue found
8798,8798,98.83,Pass,Priya,Approved
8799,8799,92.62,Pass,Anitha,Approved
8800,8800,90.1,Pass,Kumar,Requires inspection
8801,8801,70.14,Fail,Priya,Requires inspection
8802,8802,91.26,Pass,Kumar,Rejected
8803,8803,92.3,Pass,Rajesh,Approved
8804,8804,82.16,Fail,Priya,Approved
8805,8805,78.78,Pass,Sneha,Minor issue found
8806,8806,86.75,Pass,Rajesh,Rejected
8807,8807,70.93,Pass,Priya,Minor issue found
8808,8808,92.95,Fail,Anitha,Rejected
8809,8809,77.39,Pass,Priya,Minor issue found
8810,8810,92.15,Pass,Priya,Approved
8811,8811,87.21,Pass,Rajesh,Approved
8812,8812,81.33,Pass,Sneha,Requires inspection
8813,8813,74.83,Pass,Kumar,Approved
8814,8814,92.25,Pass,Anitha,Minor issue found
8815,8815,80.02,Pass,Anitha,Rejected
8816,8816,95.19,Fail,Rajesh,Minor issue found
8817,8817,92.26,Pass,Priya,Minor issue found
8818,8818,89.15,Pass,Priya,Minor issue found
8819,8819,85.99,Pass,Sneha,Requires inspection
8820,8820,70.06,Pass,Rajesh,Minor issue found
8821,8821,93.59,Pass,Rajesh,Approved
8822,8822,70.45,Pass,Sneha,Rejected
8823,8823,77.77,Pass,Rajesh,Minor issue found
8824,8824,94.55,Pass,Rajesh,Approved
8825,8825,74.42,Pass,Priya,Approved
8826,8826,90.57,Fail,Anitha,Rejected
8827,8827,71.12,Pass,Priya,Approved
8828,8828,99.56,Fail,Kumar,Approved
8829,8829,98.26,Pass,Sneha,Rejected
8830,8830,83.83,Pass,Rajesh,Requires inspection
8831,8831,83.16,Pass,Rajesh,Rejected
8832,8832,72.56,Fail,Priya,Approved
8833,8833,95.35,Pass,Rajesh,Requires inspection
8834,8834,97.62,Fail,Sneha,Requires inspection
8835,8835,78.34,Pass,Kumar,Requires inspection
8836,8836,82.18,Pass,Anitha,Minor issue found
8837,8837,92.28,Fail,Sneha,Requires inspection
8838,8838,95.01,Pass,Kumar,Rejected
8839,8839,94.45,Pass,Priya,Minor issue found
8840,8840,94.73,Pass,Sneha,Rejected
8841,8841,87.84,Pass,Priya,Approved
8842,8842,95.1,Pass,Rajesh,Requires inspection
8843,8843,94.18,Pass,Kumar,Approved
8844,8844,85.02,Pass,Sneha,Minor issue found
8845,8845,86.19,Pass,Sneha,Rejected
8846,8846,81.54,Pass,Rajesh,Approved
8847,8847,98.62,Pass,Kumar,Approved
8848,8848,75.83,Pass,Sneha,Approved
8849,8849,96.16,Pass,Kumar,Minor issue found
8850,8850,72.95,Pass,Priya,Requires inspection
8851,8851,74.41,Fail,Sneha,Minor issue found
8852,8852,85.5,Pass,Anitha,Rejected
8853,8853,99.15,Pass,Priya,Minor issue found
8854,8854,80.38,Pass,Anitha,Requires inspection
8855,8855,90.4,Pass,Kumar,Requires inspection
8856,8856,93.25,Pass,Sneha,Minor issue found
8857,8857,90.29,Fail,Sneha,Minor issue found
8858,8858,72.62,Pass,Rajesh,Requires inspection
8859,8859,76.21,Pass,Anitha,Requires inspection
8860,8860,71.04,Pass,Rajesh,Approved
8861,8861,70.13,Fail,Anitha,Approved
8862,8862,85.27,Pass,Kumar,Minor issue found
8863,8863,88.48,Pass,Sneha,Minor issue found
8864,8864,94.37,Pass,Sneha,Rejected
8865,8865,96.69,Pass,Priya,Rejected
8866,8866,87.11,Pass,Rajesh,Minor issue found
8867,8867,75.18,Pass,Priya,Approved
8868,8868,70.76,Pass,Rajesh,Requires inspection
8869,8869,79.2,Fail,Anitha,Minor issue found
8870,8870,77.43,Pass,Priya,Approved
8871,8871,85.93,Pass,Kumar,Requires inspection
8872,8872,76.91,Pass,Rajesh,Approved
8873,8873,96.07,Fail,Kumar,Minor issue found
8874,8874,75.69,Pass,Kumar,Approved
8875,8875,86.77,Pass,Priya,Requires inspection
8876,8876,96.64,Pass,Rajesh,Minor issue found
8877,8877,93.37,Fail,Priya,Approved
8878,8878,86.69,Pass,Priya,Minor issue found
8879,8879,75.51,Pass,Sneha,Rejected
8880,8880,93.97,Pass,Kumar,Approved
8881,8881,87.13,Pass,Kumar,Minor issue found
8882,8882,95.06,Fail,Sneha,Requires inspection
8883,8883,83.21,Pass,Anitha,Rejected
8884,8884,73.56,Pass,Sneha,Approved
8885,8885,91.79,Fail,Rajesh,Rejected
8886,8886,92.98,Pass,Kumar,Minor issue found
8887,8887,94.1,Pass,Sneha,Rejected
8888,8888,76.7,Fail,Rajesh,Requires inspection
8889,8889,94.9,Fail,Kumar,Approved
8890,8890,95.96,Pass,Anitha,Approved
8891,8891,82.17,Pass,Anitha,Requires inspection
8892,8892,74.21,Pass,Anitha,Approved
8893,8893,94.36,Pass,Priya,Approved
8894,8894,71.05,Pass,Priya,Requires inspection
8895,8895,82.63,Fail,Rajesh,Minor issue found
8896,8896,76.82,Pass,Priya,Requires inspection
8897,8897,73.88,Fail,Anitha,Minor issue found
8898,8898,90.5,Fail,Anitha,Requires inspection
8899,8899,85.84,Pass,Rajesh,Approved
8900,8900,95.58,Pass,Sneha,Approved
8901,8901,72.54,Fail,Kumar,Minor issue found
8902,8902,77.71,Fail,Rajesh,Minor issue found
8903,8903,98.03,Pass,Sneha,Minor issue found
8904,8904,96.71,Fail,Priya,Requires inspection
8905,8905,97.16,Pass,Rajesh,Approved
8906,8906,72.07,Pass,Priya,Approved
8907,8907,79.63,Pass,Kumar,Minor issue found
8908,8908,85.83,Pass,Priya,Minor issue found
8909,8909,90.86,Pass,Anitha,Rejected
8910,8910,76.47,Pass,Kumar,Minor issue found
8911,8911,84.59,Pass,Rajesh,Approved
8912,8912,77.95,Pass,Kumar,Approved
8913,8913,95.41,Pass,Priya,Requires inspection
8914,8914,79.87,Pass,Sneha,Approved
8915,8915,87.33,Pass,Priya,Approved
8916,8916,90.23,Pass,Kumar,Approved
8917,8917,85.03,Pass,Priya,Rejected
8918,8918,74.14,Pass,Kumar,Requires inspection
8919,8919,99.06,Pass,Sneha,Requires inspection
8920,8920,80.32,Pass,Kumar,Minor issue found
8921,8921,95.02,Pass,Priya,Rejected
8922,8922,82.2,Pass,Rajesh,Minor issue found
8923,8923,96.38,Pass,Kumar,Requires inspection
8924,8924,96.67,Pass,Anitha,Requires inspection
8925,8925,82.74,Pass,Rajesh,Rejected
8926,8926,78.88,Pass,Rajesh,Approved
8927,8927,76.62,Pass,Sneha,Rejected
8928,8928,78.28,Pass,Kumar,Requires inspection
8929,8929,88.86,Pass,Rajesh,Minor issue found
8930,8930,98.96,Pass,Kumar,Requires inspection
8931,8931,95.85,Pass,Sneha,Requires inspection
8932,8932,96.29,Pass,Priya,Requires inspection
8933,8933,83.55,Pass,Kumar,Rejected
8934,8934,72.93,Fail,Sneha,Requires inspection
8935,8935,84.5,Pass,Kumar,Rejected
8936,8936,84.0,Fail,Priya,Approved
8937,8937,78.76,Pass,Sneha,Rejected
8938,8938,86.8,Pass,Rajesh,Minor issue found
8939,8939,72.64,Pass,Kumar,Rejected
8940,8940,75.3,Pass,Kumar,Rejected
8941,8941,78.02,Fail,Anitha,Requires inspection
8942,8942,79.8,Pass,Kumar,Rejected
8943,8943,82.78,Fail,Anitha,Rejected
8944,8944,91.3,Pass,Priya,Minor issue found
8945,8945,87.03,Pass,Kumar,Requires inspection
8946,8946,77.34,Pass,Kumar,Minor issue found
8947,8947,98.4,Fail,Priya,Rejected
8948,8948,97.94,Pass,Anitha,Minor issue found
8949,8949,73.61,Pass,Anitha,Requires inspection
8950,8950,84.76,Pass,Priya,Minor issue found
8951,8951,76.85,Pass,Kumar,Approved
8952,8952,87.5,Pass,Sneha,Rejected
8953,8953,96.46,Pass,Priya,Approved
8954,8954,84.31,Pass,Priya,Approved
8955,8955,72.54,Pass,Priya,Rejected
8956,8956,92.61,Pass,Rajesh,Approved
8957,8957,85.18,Pass,Sneha,Rejected
8958,8958,88.06,Fail,Kumar,Minor issue found
8959,8959,90.28,Fail,Kumar,Approved
8960,8960,91.15,Pass,Kumar,Rejected
8961,8961,90.16,Pass,Sneha,Approved
8962,8962,73.38,Fail,Sneha,Rejected
8963,8963,76.29,Pass,Rajesh,Minor issue found
8964,8964,92.86,Pass,Anitha,Requires inspection
8965,8965,90.41,Fail,Kumar,Rejected
8966,8966,82.9,Fail,Priya,Requires inspection
8967,8967,73.84,Pass,Anitha,Requires inspection
8968,8968,72.9,Pass,Priya,Approved
8969,8969,98.59,Pass,Anitha,Rejected
8970,8970,93.23,Pass,Anitha,Requires inspection
8971,8971,91.81,Pass,Kumar,Approved
8972,8972,85.81,Pass,Priya,Rejected
8973,8973,92.27,Fail,Rajesh,Approved
8974,8974,90.23,Pass,Kumar,Rejected
8975,8975,98.86,Fail,Anitha,Approved
8976,8976,73.87,Pass,Rajesh,Rejected
8977,8977,75.75,Pass,Rajesh,Minor issue found
8978,8978,72.16,Fail,Kumar,Requires inspection
8979,8979,77.75,Pass,Anitha,Minor issue found
8980,8980,85.29,Pass,Anitha,Rejected
8981,8981,82.98,Pass,Sneha,Approved
8982,8982,79.68,Pass,Anitha,Approved
8983,8983,92.89,Pass,Rajesh,Minor issue found
8984,8984,91.37,Pass,Anitha,Minor issue found
8985,8985,93.81,Pass,Sneha,Requires inspection
8986,8986,98.09,Pass,Priya,Requires inspection
8987,8987,79.53,Pass,Kumar,Approved
8988,8988,91.83,Pass,Rajesh,Minor issue found
8989,8989,89.25,Pass,Rajesh,Approved
8990,8990,73.31,Pass,Rajesh,Approved
8991,8991,98.63,Pass,Sneha,Approved
8992,8992,91.62,Pass,Kumar,Minor issue found
8993,8993,80.35,Pass,Rajesh,Approved
8994,8994,99.31,Pass,Anitha,Approved
8995,8995,78.42,Pass,Kumar,Rejected
8996,8996,96.25,Pass,Kumar,Rejected
8997,8997,72.56,Pass,Rajesh,Minor issue found
8998,8998,92.89,Pass,Priya,Requires inspection
8999,8999,72.39,Pass,Rajesh,Rejected
9000,9000,89.73,Pass,Sneha,Rejected
9001,9001,91.3,Pass,Rajesh,Rejected
9002,9002,83.08,Pass,Kumar,Approved
9003,9003,83.18,Pass,Kumar,Minor issue found
9004,9004,72.73,Pass,Sneha,Requires inspection
9005,9005,87.5,Fail,Priya,Minor issue found
9006,9006,95.61,Fail,Kumar,Rejected
9007,9007,74.04,Pass,Anitha,Requires inspection
9008,9008,80.39,Pass,Anitha,Approved
9009,9009,90.87,Pass,Sneha,Minor issue found
9010,9010,75.05,Pass,Rajesh,Requires inspection
9011,9011,83.54,Pass,Anitha,Rejected
9012,9012,98.01,Pass,Rajesh,Minor issue found
9013,9013,87.77,Pass,Anitha,Requires inspection
9014,9014,70.5,Pass,Anitha,Requires inspection
9015,9015,88.51,Pass,Sneha,Requires inspection
9016,9016,92.76,Pass,Priya,Minor issue found
9017,9017,74.68,Fail,Priya,Requires inspection
9018,9018,81.82,Fail,Kumar,Rejected
9019,9019,95.95,Pass,Priya,Requires inspection
9020,9020,71.92,Pass,Rajesh,Minor issue found
9021,9021,96.19,Pass,Sneha,Rejected
9022,9022,75.35,Pass,Sneha,Rejected
9023,9023,92.95,Pass,Sneha,Rejected
9024,9024,95.15,Pass,Sneha,Rejected
9025,9025,75.53,Fail,Kumar,Requires inspection
9026,9026,70.07,Pass,Anitha,Approved
9027,9027,78.53,Pass,Sneha,Rejected
9028,9028,89.76,Pass,Priya,Requires inspection
9029,9029,84.72,Pass,Rajesh,Rejected
9030,9030,88.27,Pass,Kumar,Minor issue found
9031,9031,99.84,Pass,Kumar,Approved
9032,9032,98.57,Fail,Anitha,Approved
9033,9033,70.13,Pass,Kumar,Rejected
9034,9034,98.91,Pass,Rajesh,Approved
9035,9035,73.71,Pass,Sneha,Rejected
9036,9036,74.91,Pass,Priya,Rejected
9037,9037,94.47,Pass,Priya,Requires inspection
9038,9038,86.78,Pass,Priya,Approved
9039,9039,77.02,Fail,Kumar,Requires inspection
9040,9040,72.18,Pass,Kumar,Approved
9041,9041,70.85,Pass,Rajesh,Approved
9042,9042,78.0,Pass,Kumar,Requires inspection
9043,9043,90.39,Pass,Kumar,Minor issue found
9044,9044,88.53,Pass,Priya,Approved
9045,9045,98.95,Pass,Rajesh,Requires inspection
9046,9046,94.74,Pass,Kumar,Approved
9047,9047,80.86,Pass,Kumar,Rejected
9048,9048,87.8,Fail,Priya,Requires inspection
9049,9049,77.07,Fail,Kumar,Requires inspection
9050,9050,85.04,Pass,Anitha,Minor issue found
9051,9051,77.63,Fail,Priya,Minor issue found
9052,9052,96.49,Pass,Rajesh,Requires inspection
9053,9053,85.76,Pass,Kumar,Approved
9054,9054,83.75,Pass,Rajesh,Approved
9055,9055,88.29,Pass,Kumar,Requires inspection
9056,9056,78.01,Fail,Sneha,Requires inspection
9057,9057,90.95,Fail,Priya,Minor issue found
9058,9058,86.48,Pass,Priya,Requires inspection
9059,9059,79.1,Pass,Sneha,Approved
9060,9060,88.2,Pass,Priya,Requires inspection
9061,9061,71.91,Pass,Rajesh,Approved
9062,9062,73.74,Pass,Sneha,Minor issue found
9063,9063,89.15,Pass,Priya,Requires inspection
9064,9064,78.9,Fail,Rajesh,Requires inspection
9065,9065,76.93,Pass,Priya,Minor issue found
9066,9066,70.53,Pass,Rajesh,Minor issue found
9067,9067,75.3,Pass,Anitha,Approved
9068,9068,72.92,Pass,Anitha,Requires inspection
9069,9069,96.01,Pass,Priya,Requires inspection
9070,9070,83.66,Pass,Anitha,Rejected
9071,9071,91.85,Pass,Priya,Requires inspection
9072,9072,84.64,Pass,Kumar,Rejected
9073,9073,99.71,Pass,Sneha,Minor issue found
9074,9074,96.46,Pass,Anitha,Rejected
9075,9075,96.02,Pass,Anitha,Approved
9076,9076,96.9,Pass,Priya,Approved
9077,9077,73.45,Pass,Priya,Rejected
9078,9078,92.57,Pass,Priya,Requires inspection
9079,9079,84.02,Pass,Sneha,Minor issue found
9080,9080,74.2,Pass,Sneha,Approved
9081,9081,77.08,Pass,Kumar,Approved
9082,9082,71.99,Pass,Rajesh,Rejected
9083,9083,90.73,Pass,Priya,Rejected
9084,9084,97.99,Pass,Kumar,Approved
9085,9085,98.76,Pass,Anitha,Minor issue found
9086,9086,89.02,Pass,Priya,Minor issue found
9087,9087,78.26,Pass,Anitha,Approved
9088,9088,75.73,Pass,Sneha,Approved
9089,9089,78.02,Pass,Anitha,Minor issue found
9090,9090,79.19,Pass,Sneha,Rejected
9091,9091,90.98,Pass,Priya,Approved
9092,9092,77.16,Pass,Priya,Minor issue found
9093,9093,97.94,Pass,Rajesh,Rejected
9094,9094,93.72,Pass,Priya,Approved
9095,9095,87.2,Pass,Anitha,Rejected
9096,9096,86.93,Pass,Rajesh,Minor issue found
9097,9097,77.56,Pass,Kumar,Minor issue found
9098,9098,76.38,Pass,Sneha,Requires inspection
9099,9099,97.18,Fail,Anitha,Minor issue found
9100,9100,82.36,Fail,Priya,Requires inspection
9101,9101,93.69,Fail,Kumar,Approved
9102,9102,94.85,Pass,Sneha,Rejected
9103,9103,97.22,Pass,Kumar,Approved
9104,9104,98.27,Pass,Anitha,Approved
9105,9105,72.21,Pass,Anitha,Rejected
9106,9106,74.62,Pass,Priya,Minor issue found
9107,9107,79.12,Pass,Rajesh,Requires inspection
9108,9108,70.98,Pass,Anitha,Requires inspection
9109,9109,89.66,Pass,Sneha,Approved
9110,9110,72.01,Pass,Rajesh,Rejected
9111,9111,82.91,Pass,Sneha,Requires inspection
9112,9112,82.43,Fail,Priya,Minor issue found
9113,9113,98.36,Pass,Priya,Requires inspection
9114,9114,75.22,Pass,Anitha,Requires inspection
9115,9115,71.29,Pass,Anitha,Approved
9116,9116,97.95,Pass,Anitha,Requires inspection
9117,9117,83.14,Pass,Kumar,Requires inspection
9118,9118,97.77,Pass,Priya,Requires inspection
9119,9119,83.71,Pass,Rajesh,Approved
9120,9120,96.78,Pass,Anitha,Minor issue found
9121,9121,70.7,Pass,Rajesh,Minor issue found
9122,9122,74.72,Pass,Sneha,Rejected
9123,9123,98.46,Pass,Kumar,Approved
9124,9124,81.29,Fail,Sneha,Minor issue found
9125,9125,70.58,Pass,Anitha,Requires inspection
9126,9126,82.42,Pass,Rajesh,Rejected
9127,9127,73.43,Pass,Kumar,Rejected
9128,9128,84.48,Pass,Anitha,Requires inspection
9129,9129,87.16,Pass,Kumar,Rejected
9130,9130,74.78,Pass,Sneha,Requires inspection
9131,9131,84.53,Pass,Sneha,Approved
9132,9132,73.65,Pass,Anitha,Requires inspection
9133,9133,98.56,Pass,Priya,Rejected
9134,9134,91.01,Pass,Priya,Requires inspection
9135,9135,75.31,Pass,Rajesh,Minor issue found
9136,9136,87.76,Pass,Kumar,Rejected
9137,9137,82.58,Pass,Anitha,Requires inspection
9138,9138,89.07,Pass,Priya,Minor issue found
9139,9139,71.77,Pass,Kumar,Approved
9140,9140,89.09,Pass,Priya,Minor issue found
9141,9141,87.13,Pass,Sneha,Minor issue found
9142,9142,85.65,Pass,Priya,Requires inspection
9143,9143,72.37,Pass,Rajesh,Requires inspection
9144,9144,72.33,Pass,Anitha,Approved
9145,9145,75.87,Pass,Kumar,Rejected
9146,9146,71.43,Fail,Sneha,Approved
9147,9147,75.23,Pass,Rajesh,Approved
9148,9148,74.15,Fail,Sneha,Minor issue found
9149,9149,86.72,Fail,Anitha,Minor issue found
9150,9150,82.49,Fail,Rajesh,Minor issue found
9151,9151,90.38,Pass,Sneha,Approved
9152,9152,80.56,Fail,Priya,Approved
9153,9153,99.97,Pass,Anitha,Minor issue found
9154,9154,90.15,Pass,Sneha,Rejected
9155,9155,85.94,Pass,Rajesh,Rejected
9156,9156,92.16,Fail,Anitha,Approved
9157,9157,93.93,Fail,Kumar,Approved
9158,9158,91.25,Fail,Kumar,Requires inspection
9159,9159,73.23,Pass,Priya,Approved
9160,9160,72.87,Fail,Kumar,Minor issue found
9161,9161,99.08,Pass,Rajesh,Approved
9162,9162,72.17,Pass,Priya,Approved
9163,9163,72.79,Pass,Anitha,Approved
9164,9164,94.74,Pass,Sneha,Minor issue found
9165,9165,73.83,Pass,Rajesh,Requires inspection
9166,9166,97.88,Pass,Kumar,Minor issue found
9167,9167,83.44,Fail,Rajesh,Rejected
9168,9168,72.13,Fail,Kumar,Minor issue found
9169,9169,82.63,Pass,Priya,Rejected
9170,9170,91.78,Pass,Priya,Minor issue found
9171,9171,83.36,Pass,Kumar,Requires inspection
9172,9172,96.87,Pass,Sneha,Rejected
9173,9173,81.38,Pass,Anitha,Requires inspection
9174,9174,86.09,Pass,Rajesh,Approved
9175,9175,94.51,Pass,Sneha,Minor issue found
9176,9176,72.99,Pass,Kumar,Requires inspection
9177,9177,95.1,Pass,Priya,Requires inspection
9178,9178,91.78,Pass,Rajesh,Requires inspection
9179,9179,75.46,Pass,Rajesh,Requires inspection
9180,9180,99.14,Fail,Priya,Requires inspection
9181,9181,86.85,Pass,Sneha,Requires inspection
9182,9182,94.26,Pass,Sneha,Minor issue found
9183,9183,93.65,Pass,Kumar,Approved
9184,9184,78.82,Pass,Sneha,Requires inspection
9185,9185,75.78,Fail,Rajesh,Requires inspection
9186,9186,91.97,Pass,Sneha,Approved
9187,9187,98.84,Pass,Priya,Requires inspection
9188,9188,77.35,Pass,Rajesh,Approved
9189,9189,97.97,Pass,Priya,Minor issue found
9190,9190,90.08,Fail,Sneha,Approved
9191,9191,80.35,Pass,Rajesh,Approved
9192,9192,84.59,Fail,Kumar,Requires inspection
9193,9193,81.25,Pass,Rajesh,Minor issue found
9194,9194,81.43,Fail,Priya,Requires inspection
9195,9195,79.3,Pass,Sneha,Approved
9196,9196,86.58,Pass,Sneha,Rejected
9197,9197,87.44,Pass,Rajesh,Rejected
9198,9198,76.07,Pass,Priya,Rejected
9199,9199,95.64,Pass,Rajesh,Approved
9200,9200,71.58,Fail,Rajesh,Requires inspection
9201,9201,77.11,Fail,Anitha,Minor issue found
9202,9202,79.1,Pass,Rajesh,Approved
9203,9203,89.83,Pass,Rajesh,Minor issue found
9204,9204,70.99,Pass,Priya,Approved
9205,9205,78.27,Pass,Kumar,Approved
9206,9206,79.27,Pass,Kumar,Approved
9207,9207,73.42,Pass,Rajesh,Minor issue found
9208,9208,77.47,Pass,Rajesh,Minor issue found
9209,9209,94.4,Fail,Kumar,Minor issue found
9210,9210,77.17,Pass,Kumar,Rejected
9211,9211,75.95,Pass,Priya,Approved
9212,9212,99.11,Pass,Sneha,Approved
9213,9213,71.48,Pass,Rajesh,Approved
9214,9214,73.66,Fail,Sneha,Requires inspection
9215,9215,91.83,Pass,Priya,Requires inspection
9216,9216,98.18,Pass,Priya,Minor issue found
9217,9217,95.49,Pass,Priya,Requires inspection
9218,9218,76.37,Pass,Anitha,Requires inspection
9219,9219,80.34,Pass,Rajesh,Rejected
9220,9220,70.25,Pass,Rajesh,Minor issue found
9221,9221,81.8,Pass,Kumar,Rejected
9222,9222,87.03,Pass,Anitha,Minor issue found
9223,9223,94.11,Pass,Anitha,Rejected
9224,9224,82.53,Pass,Priya,Rejected
9225,9225,82.01,Fail,Kumar,Approved
9226,9226,85.46,Pass,Sneha,Minor issue found
9227,9227,76.58,Pass,Priya,Minor issue found
9228,9228,99.68,Pass,Kumar,Rejected
9229,9229,91.19,Pass,Anitha,Requires inspection
9230,9230,89.07,Fail,Sneha,Rejected
9231,9231,94.91,Fail,Kumar,Requires inspection
9232,9232,95.93,Pass,Sneha,Requires inspection
9233,9233,77.88,Pass,Priya,Approved
9234,9234,98.78,Pass,Kumar,Minor issue found
9235,9235,85.76,Pass,Rajesh,Minor issue found
9236,9236,96.81,Pass,Rajesh,Approved
9237,9237,83.04,Fail,Kumar,Requires inspection
9238,9238,82.27,Pass,Priya,Minor issue found
9239,9239,86.92,Pass,Rajesh,Approved
9240,9240,76.72,Pass,Anitha,Approved
9241,9241,95.52,Pass,Sneha,Requires inspection
9242,9242,89.36,Fail,Anitha,Requires inspection
9243,9243,98.73,Pass,Anitha,Approved
9244,9244,79.93,Pass,Sneha,Approved
9245,9245,79.65,Fail,Priya,Rejected
9246,9246,91.48,Pass,Anitha,Rejected
9247,9247,80.78,Pass,Rajesh,Rejected
9248,9248,79.46,Pass,Priya,Rejected
9249,9249,84.35,Pass,Kumar,Rejected
9250,9250,80.49,Pass,Sneha,Approved
9251,9251,83.42,Pass,Rajesh,Approved
9252,9252,93.99,Pass,Anitha,Approved
9253,9253,82.16,Pass,Priya,Requires inspection
9254,9254,94.01,Pass,Kumar,Requires inspection
9255,9255,73.01,Pass,Anitha,Approved
9256,9256,82.14,Pass,Kumar,Requires inspection
9257,9257,87.11,Pass,Sneha,Minor issue found
9258,9258,97.83,Pass,Kumar,Minor issue found
9259,9259,89.91,Pass,Rajesh,Approved
9260,9260,75.01,Pass,Priya,Rejected
9261,9261,70.62,Pass,Rajesh,Rejected
9262,9262,80.16,Fail,Anitha,Rejected
9263,9263,71.58,Pass,Sneha,Minor issue found
9264,9264,92.54,Pass,Kumar,Requires inspection
9265,9265,98.64,Pass,Rajesh,Requires inspection
9266,9266,98.64,Pass,Rajesh,Rejected
9267,9267,98.27,Pass,Sneha,Approved
9268,9268,95.14,Fail,Kumar,Rejected
9269,9269,79.93,Fail,Anitha,Rejected
9270,9270,82.01,Pass,Sneha,Requires inspection
9271,9271,77.42,Pass,Anitha,Rejected
9272,9272,85.25,Pass,Kumar,Requires inspection
9273,9273,85.25,Pass,Sneha,Requires inspection
9274,9274,84.0,Pass,Sneha,Rejected
9275,9275,70.97,Pass,Kumar,Approved
9276,9276,72.65,Fail,Sneha,Approved
9277,9277,73.25,Pass,Anitha,Rejected
9278,9278,97.28,Pass,Sneha,Rejected
9279,9279,86.49,Fail,Priya,Minor issue found
9280,9280,97.47,Pass,Anitha,Minor issue found
9281,9281,98.99,Fail,Rajesh,Requires inspection
9282,9282,91.24,Pass,Rajesh,Rejected
9283,9283,93.5,Pass,Kumar,Approved
9284,9284,75.23,Pass,Sneha,Minor issue found
9285,9285,84.37,Pass,Sneha,Rejected
9286,9286,81.25,Pass,Kumar,Minor issue found
9287,9287,93.04,Pass,Rajesh,Approved
9288,9288,83.24,Fail,Sneha,Requires inspection
9289,9289,96.01,Pass,Anitha,Approved
9290,9290,90.7,Fail,Anitha,Rejected
9291,9291,94.94,Pass,Rajesh,Approved
9292,9292,72.5,Fail,Sneha,Minor issue found
9293,9293,92.18,Pass,Rajesh,Approved
9294,9294,76.75,Pass,Sneha,Minor issue found
9295,9295,86.78,Pass,Rajesh,Rejected
9296,9296,96.92,Fail,Rajesh,Minor issue found
9297,9297,72.28,Pass,Priya,Approved
9298,9298,92.15,Pass,Kumar,Minor issue found
9299,9299,98.6,Pass,Kumar,Approved
9300,9300,86.16,Pass,Rajesh,Requires inspection
9301,9301,92.67,Pass,Anitha,Requires inspection
9302,9302,92.84,Fail,Priya,Approved
9303,9303,94.27,Fail,Priya,Rejected
9304,9304,70.26,Pass,Anitha,Approved
9305,9305,87.52,Pass,Sneha,Requires inspection
9306,9306,86.49,Pass,Rajesh,Approved
9307,9307,88.02,Pass,Priya,Rejected
9308,9308,72.0,Pass,Kumar,Rejected
9309,9309,92.57,Fail,Priya,Rejected
9310,9310,80.15,Pass,Priya,Approved
9311,9311,91.46,Pass,Sneha,Rejected
9312,9312,84.77,Pass,Sneha,Approved
9313,9313,79.56,Pass,Anitha,Rejected
9314,9314,81.67,Pass,Anitha,Approved
9315,9315,89.87,Fail,Anitha,Minor issue found
9316,9316,72.93,Pass,Anitha,Approved
9317,9317,88.42,Pass,Sneha,Minor issue found
9318,9318,77.06,Pass,Priya,Requires inspection
9319,9319,85.1,Pass,Anitha,Requires inspection
9320,9320,82.21,Pass,Rajesh,Requires inspection
9321,9321,77.13,Pass,Anitha,Requires inspection
9322,9322,96.81,Pass,Priya,Approved
9323,9323,93.97,Pass,Priya,Minor issue found
9324,9324,80.12,Pass,Rajesh,Approved
9325,9325,84.32,Pass,Kumar,Minor issue found
9326,9326,89.61,Pass,Anitha,Approved
9327,9327,98.86,Pass,Rajesh,Approved
9328,9328,92.74,Pass,Rajesh,Approved
9329,9329,91.91,Fail,Rajesh,Approved
9330,9330,70.9,Fail,Anitha,Approved
9331,9331,99.1,Pass,Kumar,Minor issue found
9332,9332,72.69,Pass,Priya,Approved
9333,9333,84.76,Pass,Rajesh,Minor issue found
9334,9334,72.05,Pass,Anitha,Requires inspection
9335,9335,71.66,Pass,Kumar,Minor issue found
9336,9336,71.83,Fail,Kumar,Rejected
9337,9337,72.97,Pass,Priya,Requires inspection
9338,9338,87.68,Pass,Sneha,Approved
9339,9339,79.33,Pass,Anitha,Requires inspection
9340,9340,76.05,Pass,Rajesh,Rejected
9341,9341,89.02,Pass,Anitha,Approved
9342,9342,72.33,Pass,Anitha,Rejected
9343,9343,79.6,Pass,Anitha,Requires inspection
9344,9344,72.83,Pass,Sneha,Rejected
9345,9345,82.05,Pass,Sneha,Approved
9346,9346,82.6,Pass,Rajesh,Minor issue found
9347,9347,74.28,Pass,Rajesh,Rejected
9348,9348,86.89,Pass,Priya,Rejected
9349,9349,70.03,Pass,Rajesh,Requires inspection
9350,9350,97.84,Pass,Rajesh,Requires inspection
9351,9351,71.95,Pass,Priya,Minor issue found
9352,9352,71.85,Pass,Sneha,Requires inspection
9353,9353,91.17,Pass,Rajesh,Requires inspection
9354,9354,79.38,Pass,Priya,Minor issue found
9355,9355,92.58,Fail,Anitha,Rejected
9356,9356,71.82,Fail,Sneha,Approved
9357,9357,77.02,Pass,Sneha,Requires inspection
9358,9358,73.51,Pass,Rajesh,Rejected
9359,9359,84.07,Pass,Sneha,Requires inspection
9360,9360,92.44,Pass,Anitha,Requires inspection
9361,9361,99.65,Fail,Rajesh,Approved
9362,9362,75.32,Pass,Rajesh,Minor issue found
9363,9363,71.95,Pass,Sneha,Requires inspection
9364,9364,81.83,Pass,Priya,Approved
9365,9365,94.61,Fail,Sneha,Rejected
9366,9366,77.14,Pass,Anitha,Rejected
9367,9367,78.93,Pass,Anitha,Minor issue found
9368,9368,89.93,Pass,Sneha,Approved
9369,9369,96.45,Pass,Sneha,Rejected
9370,9370,92.32,Fail,Anitha,Approved
9371,9371,93.14,Pass,Kumar,Minor issue found
9372,9372,92.78,Pass,Anitha,Rejected
9373,9373,88.86,Pass,Sneha,Approved
9374,9374,71.94,Pass,Sneha,Requires inspection
9375,9375,99.84,Pass,Sneha,Rejected
9376,9376,84.78,Pass,Kumar,Minor issue found
9377,9377,74.16,Pass,Priya,Minor issue found
9378,9378,99.12,Pass,Kumar,Approved
9379,9379,72.22,Pass,Rajesh,Requires inspection
9380,9380,73.44,Pass,Anitha,Rejected
9381,9381,89.83,Pass,Rajesh,Rejected
9382,9382,85.22,Fail,Sneha,Approved
9383,9383,96.59,Pass,Priya,Approved
9384,9384,76.76,Pass,Rajesh,Requires inspection
9385,9385,87.08,Pass,Kumar,Minor issue found
9386,9386,82.06,Pass,Rajesh,Minor issue found
9387,9387,87.84,Pass,Kumar,Requires inspection
9388,9388,77.04,Pass,Rajesh,Rejected
9389,9389,71.29,Pass,Rajesh,Minor issue found
9390,9390,89.86,Fail,Rajesh,Rejected
9391,9391,77.68,Pass,Priya,Rejected
9392,9392,72.94,Pass,Anitha,Minor issue found
9393,9393,79.12,Fail,Rajesh,Rejected
9394,9394,72.83,Pass,Kumar,Requires inspection
9395,9395,74.68,Pass,Rajesh,Requires inspection
9396,9396,85.82,Pass,Sneha,Rejected
9397,9397,76.38,Pass,Sneha,Rejected
9398,9398,95.68,Pass,Rajesh,Minor issue found
9399,9399,77.08,Pass,Priya,Rejected
9400,9400,93.03,Pass,Rajesh,Approved
9401,9401,99.41,Pass,Kumar,Requires inspection
9402,9402,71.19,Pass,Rajesh,Requires inspection
9403,9403,91.32,Pass,Rajesh,Requires inspection
9404,9404,83.9,Pass,Anitha,Rejected
9405,9405,76.14,Fail,Priya,Minor issue found
9406,9406,74.25,Pass,Rajesh,Minor issue found
9407,9407,77.5,Pass,Sneha,Requires inspection
9408,9408,95.8,Pass,Anitha,Rejected
9409,9409,99.2,Fail,Sneha,Requires inspection
9410,9410,94.51,Pass,Sneha,Requires inspection
9411,9411,76.62,Pass,Rajesh,Approved
9412,9412,95.1,Pass,Anitha,Rejected
9413,9413,72.9,Pass,Kumar,Approved
9414,9414,75.25,Pass,Priya,Minor issue found
9415,9415,79.69,Pass,Anitha,Approved
9416,9416,92.03,Pass,Kumar,Rejected
9417,9417,88.81,Pass,Anitha,Requires inspection
9418,9418,70.96,Fail,Rajesh,Approved
9419,9419,97.07,Fail,Kumar,Requires inspection
9420,9420,89.73,Pass,Priya,Minor issue found
9421,9421,95.59,Pass,Anitha,Approved
9422,9422,71.1,Pass,Anitha,Requires inspection
9423,9423,93.41,Pass,Priya,Rejected
9424,9424,83.97,Pass,Anitha,Rejected
9425,9425,92.36,Pass,Priya,Requires inspection
9426,9426,70.11,Pass,Anitha,Requires inspection
9427,9427,71.57,Pass,Rajesh,Requires inspection
9428,9428,84.79,Pass,Kumar,Approved
9429,9429,97.8,Fail,Sneha,Minor issue found
9430,9430,79.34,Fail,Rajesh,Minor issue found
9431,9431,83.18,Pass,Kumar,Requires inspection
9432,9432,76.55,Pass,Sneha,Rejected
9433,9433,79.36,Fail,Priya,Approved
9434,9434,95.77,Pass,Sneha,Approved
9435,9435,95.89,Pass,Rajesh,Minor issue found
9436,9436,81.82,Pass,Sneha,Approved
9437,9437,96.36,Pass,Kumar,Requires inspection
9438,9438,92.73,Pass,Priya,Rejected
9439,9439,80.68,Pass,Priya,Rejected
9440,9440,80.19,Pass,Rajesh,Minor issue found
9441,9441,97.2,Fail,Sneha,Requires inspection
9442,9442,93.71,Pass,Priya,Requires inspection
9443,9443,97.98,Pass,Sneha,Requires inspection
9444,9444,95.53,Pass,Priya,Rejected
9445,9445,94.95,Fail,Kumar,Requires inspection
9446,9446,79.56,Pass,Anitha,Approved
9447,9447,70.72,Pass,Kumar,Rejected
9448,9448,92.97,Pass,Priya,Minor issue found
9449,9449,97.88,Pass,Kumar,Approved
9450,9450,71.68,Pass,Anitha,Approved
9451,9451,86.67,Pass,Priya,Requires inspection
9452,9452,96.73,Pass,Anitha,Requires inspection
9453,9453,87.71,Pass,Sneha,Requires inspection
9454,9454,77.09,Fail,Rajesh,Minor issue found
9455,9455,96.03,Pass,Kumar,Requires inspection
9456,9456,95.19,Pass,Rajesh,Requires inspection
9457,9457,73.04,Pass,Sneha,Minor issue found
9458,9458,77.26,Pass,Kumar,Approved
9459,9459,75.02,Pass,Sneha,Approved
9460,9460,95.92,Pass,Priya,Rejected
9461,9461,76.75,Fail,Rajesh,Requires inspection
9462,9462,96.47,Fail,Kumar,Requires inspection
9463,9463,84.59,Pass,Priya,Requires inspection
9464,9464,97.34,Pass,Rajesh,Minor issue found
9465,9465,96.56,Pass,Sneha,Approved
9466,9466,70.26,Pass,Rajesh,Rejected
9467,9467,80.92,Pass,Priya,Approved
9468,9468,88.04,Pass,Kumar,Requires inspection
9469,9469,93.28,Pass,Sneha,Requires inspection
9470,9470,79.04,Pass,Kumar,Requires inspection
9471,9471,86.53,Pass,Anitha,Approved
9472,9472,98.92,Pass,Priya,Minor issue found
9473,9473,78.94,Fail,Kumar,Rejected
9474,9474,74.16,Pass,Kumar,Approved
9475,9475,86.84,Fail,Priya,Rejected
9476,9476,90.51,Pass,Sneha,Minor issue found
9477,9477,91.33,Pass,Sneha,Rejected
9478,9478,73.73,Pass,Sneha,Minor issue found
9479,9479,91.6,Pass,Sneha,Rejected
9480,9480,74.45,Pass,Priya,Requires inspection
9481,9481,73.67,Pass,Kumar,Approved
9482,9482,99.2,Pass,Rajesh,Minor issue found
9483,9483,77.94,Pass,Kumar,Rejected
9484,9484,82.71,Fail,Sneha,Minor issue found
9485,9485,85.8,Fail,Sneha,Minor issue found
9486,9486,95.77,Pass,Sneha,Minor issue found
9487,9487,70.62,Pass,Kumar,Requires inspection
9488,9488,95.61,Pass,Anitha,Minor issue found
9489,9489,98.1,Pass,Rajesh,Approved
9490,9490,89.09,Pass,Kumar,Approved
9491,9491,70.74,Pass,Sneha,Approved
9492,9492,87.28,Pass,Kumar,Rejected
9493,9493,79.21,Pass,Sneha,Requires inspection
9494,9494,81.15,Pass,Anitha,Rejected
9495,9495,74.1,Pass,Priya,Requires inspection
9496,9496,98.67,Pass,Rajesh,Requires inspection
9497,9497,99.25,Pass,Sneha,Approved
9498,9498,81.66,Fail,Priya,Rejected
9499,9499,87.01,Pass,Sneha,Rejected
9500,9500,90.94,Pass,Priya,Requires inspection
9501,9501,76.26,Pass,Kumar,Requires inspection
9502,9502,95.56,Pass,Rajesh,Rejected
9503,9503,99.2,Pass,Sneha,Minor issue found
9504,9504,72.42,Pass,Sneha,Requires inspection
9505,9505,95.52,Pass,Priya,Rejected
9506,9506,82.16,Pass,Rajesh,Requires inspection
9507,9507,96.17,Pass,Anitha,Requires inspection
9508,9508,88.21,Pass,Rajesh,Requires inspection
9509,9509,84.31,Pass,Anitha,Rejected
9510,9510,79.3,Pass,Sneha,Approved
9511,9511,72.05,Fail,Anitha,Approved
9512,9512,73.1,Pass,Priya,Rejected
9513,9513,84.84,Pass,Kumar,Rejected
9514,9514,98.69,Pass,Rajesh,Requires inspection
9515,9515,73.56,Pass,Rajesh,Requires inspection
9516,9516,74.73,Pass,Anitha,Rejected
9517,9517,81.3,Pass,Rajesh,Requires inspection
9518,9518,84.41,Pass,Rajesh,Requires inspection
9519,9519,74.83,Pass,Sneha,Approved
9520,9520,71.47,Pass,Priya,Approved
9521,9521,74.26,Fail,Anitha,Rejected
9522,9522,95.89,Pass,Anitha,Requires inspection
9523,9523,93.7,Pass,Sneha,Requires inspection
9524,9524,80.16,Pass,Kumar,Rejected
9525,9525,76.98,Pass,Sneha,Rejected
9526,9526,97.93,Pass,Sneha,Approved
9527,9527,96.12,Fail,Rajesh,Minor issue found
9528,9528,76.6,Pass,Sneha,Rejected
9529,9529,80.6,Pass,Kumar,Rejected
9530,9530,89.27,Pass,Priya,Rejected
9531,9531,91.13,Pass,Priya,Rejected
9532,9532,75.15,Pass,Rajesh,Rejected
9533,9533,94.89,Pass,Anitha,Rejected
9534,9534,73.03,Pass,Priya,Approved
9535,9535,95.47,Pass,Anitha,Requires inspection
9536,9536,70.11,Pass,Rajesh,Requires inspection
9537,9537,78.59,Fail,Anitha,Rejected
9538,9538,78.51,Pass,Anitha,Minor issue found
9539,9539,92.7,Pass,Sneha,Minor issue found
9540,9540,72.6,Pass,Sneha,Requires inspection
9541,9541,72.55,Pass,Rajesh,Approved
9542,9542,78.71,Pass,Sneha,Approved
9543,9543,87.3,Pass,Priya,Rejected
9544,9544,72.23,Pass,Kumar,Minor issue found
9545,9545,98.79,Pass,Sneha,Rejected
9546,9546,82.96,Pass,Kumar,Rejected
9547,9547,90.36,Pass,Anitha,Minor issue found
9548,9548,87.56,Fail,Rajesh,Rejected
9549,9549,73.67,Pass,Rajesh,Rejected
9550,9550,97.82,Fail,Kumar,Rejected
9551,9551,71.52,Pass,Rajesh,Requires inspection
9552,9552,70.98,Pass,Kumar,Rejected
9553,9553,81.88,Pass,Priya,Approved
9554,9554,87.17,Pass,Anitha,Approved
9555,9555,94.92,Pass,Rajesh,Minor issue found
9556,9556,85.5,Fail,Anitha,Requires inspection
9557,9557,94.04,Pass,Rajesh,Minor issue found
9558,9558,91.66,Pass,Rajesh,Minor issue found
9559,9559,93.83,Pass,Sneha,Minor issue found
9560,9560,83.62,Pass,Rajesh,Rejected
9561,9561,97.04,Pass,Kumar,Approved
9562,9562,72.87,Pass,Sneha,Approved
9563,9563,77.68,Pass,Anitha,Approved
9564,9564,82.11,Pass,Anitha,Approved
9565,9565,79.24,Pass,Kumar,Requires inspection
9566,9566,88.34,Pass,Kumar,Minor issue found
9567,9567,94.32,Pass,Rajesh,Minor issue found
9568,9568,80.88,Fail,Priya,Approved
9569,9569,90.32,Pass,Anitha,Approved
9570,9570,90.67,Fail,Priya,Approved
9571,9571,94.15,Pass,Kumar,Rejected
9572,9572,89.32,Pass,Priya,Minor issue found
9573,9573,88.59,Pass,Priya,Minor issue found
9574,9574,80.44,Pass,Rajesh,Minor issue found
9575,9575,74.69,Pass,Rajesh,Rejected
9576,9576,94.81,Pass,Priya,Rejected
9577,9577,97.86,Pass,Kumar,Rejected
9578,9578,99.88,Pass,Sneha,Minor issue found
9579,9579,73.79,Pass,Priya,Approved
9580,9580,70.37,Pass,Kumar,Minor issue found
9581,9581,96.12,Pass,Kumar,Requires inspection
9582,9582,71.46,Pass,Sneha,Minor issue found
9583,9583,76.86,Pass,Sneha,Minor issue found
9584,9584,89.13,Pass,Kumar,Approved
9585,9585,93.35,Pass,Sneha,Requires inspection
9586,9586,97.64,Pass,Priya,Requires inspection
9587,9587,78.87,Pass,Sneha,Rejected
9588,9588,75.27,Pass,Priya,Approved
9589,9589,99.18,Pass,Rajesh,Minor issue found
9590,9590,82.32,Pass,Sneha,Approved
9591,9591,92.44,Pass,Priya,Rejected
9592,9592,85.54,Fail,Kumar,Approved
9593,9593,98.39,Pass,Priya,Minor issue found
9594,9594,82.29,Pass,Sneha,Requires inspection
9595,9595,98.48,Pass,Anitha,Approved
9596,9596,73.05,Pass,Anitha,Requires inspection
9597,9597,88.06,Pass,Rajesh,Rejected
9598,9598,82.19,Pass,Anitha,Approved
9599,9599,93.39,Pass,Rajesh,Requires inspection
9600,9600,96.57,Pass,Kumar,Approved
9601,9601,83.28,Pass,Sneha,Minor issue found
9602,9602,78.58,Pass,Kumar,Approved
9603,9603,84.34,Pass,Anitha,Requires inspection
9604,9604,80.28,Pass,Kumar,Requires inspection
9605,9605,98.47,Pass,Sneha,Requires inspection
9606,9606,84.5,Pass,Rajesh,Requires inspection
9607,9607,76.32,Pass,Priya,Requires inspection
9608,9608,93.18,Fail,Anitha,Rejected
9609,9609,94.01,Pass,Priya,Minor issue found
9610,9610,87.78,Pass,Kumar,Minor issue found
9611,9611,81.45,Pass,Rajesh,Requires inspection
9612,9612,79.12,Pass,Rajesh,Minor issue found
9613,9613,78.67,Pass,Rajesh,Minor issue found
9614,9614,97.91,Pass,Sneha,Requires inspection
9615,9615,75.78,Pass,Anitha,Minor issue found
9616,9616,75.61,Pass,Rajesh,Rejected
9617,9617,79.45,Pass,Kumar,Rejected
9618,9618,75.49,Pass,Kumar,Rejected
9619,9619,75.05,Fail,Rajesh,Minor issue found
9620,9620,75.86,Pass,Sneha,Approved
9621,9621,74.79,Pass,Anitha,Approved
9622,9622,76.99,Pass,Anitha,Minor issue found
9623,9623,82.89,Pass,Anitha,Rejected
9624,9624,78.94,Pass,Priya,Requires inspection
9625,9625,72.65,Pass,Rajesh,Approved
9626,9626,78.77,Pass,Sneha,Minor issue found
9627,9627,82.53,Pass,Priya,Requires inspection
9628,9628,93.09,Pass,Priya,Requires inspection
9629,9629,92.51,Fail,Priya,Rejected
9630,9630,96.77,Pass,Sneha,Approved
9631,9631,91.41,Fail,Priya,Approved
9632,9632,84.99,Pass,Rajesh,Approved
9633,9633,91.29,Pass,Rajesh,Requires inspection
9634,9634,93.99,Pass,Anitha,Rejected
9635,9635,76.08,Pass,Sneha,Approved
9636,9636,95.14,Pass,Anitha,Requires inspection
9637,9637,76.51,Pass,Priya,Requires inspection
9638,9638,91.84,Pass,Anitha,Minor issue found
9639,9639,72.75,Fail,Anitha,Approved
9640,9640,89.58,Pass,Rajesh,Requires inspection
9641,9641,76.71,Pass,Sneha,Minor issue found
9642,9642,70.9,Pass,Rajesh,Approved
9643,9643,97.86,Pass,Kumar,Rejected
9644,9644,76.98,Pass,Anitha,Rejected
9645,9645,84.29,Pass,Priya,Minor issue found
9646,9646,75.47,Pass,Rajesh,Rejected
9647,9647,95.4,Pass,Priya,Rejected
9648,9648,94.82,Pass,Anitha,Rejected
9649,9649,98.52,Pass,Sneha,Minor issue found
9650,9650,87.23,Fail,Sneha,Approved
9651,9651,96.59,Pass,Sneha,Approved
9652,9652,72.88,Pass,Rajesh,Minor issue found
9653,9653,90.59,Pass,Priya,Approved
9654,9654,85.47,Pass,Priya,Requires inspection
9655,9655,74.97,Fail,Sneha,Approved
9656,9656,84.8,Pass,Anitha,Minor issue found
9657,9657,94.34,Pass,Anitha,Minor issue found
9658,9658,76.08,Pass,Anitha,Requires inspection
9659,9659,75.76,Fail,Priya,Rejected
9660,9660,76.74,Pass,Rajesh,Minor issue found
9661,9661,89.18,Pass,Priya,Approved
9662,9662,86.31,Pass,Priya,Minor issue found
9663,9663,73.47,Pass,Kumar,Requires inspection
9664,9664,90.63,Pass,Kumar,Requires inspection
9665,9665,83.57,Pass,Priya,Approved
9666,9666,97.76,Pass,Rajesh,Rejected
9667,9667,98.21,Pass,Kumar,Requires inspection
9668,9668,89.18,Pass,Rajesh,Approved
9669,9669,73.29,Fail,Anitha,Minor issue found
9670,9670,80.7,Pass,Kumar,Minor issue found
9671,9671,75.36,Fail,Sneha,Minor issue found
9672,9672,95.55,Fail,Priya,Approved
9673,9673,89.63,Pass,Anitha,Approved
9674,9674,79.97,Pass,Kumar,Minor issue found
9675,9675,78.94,Pass,Kumar,Approved
9676,9676,88.7,Pass,Rajesh,Requires inspection
9677,9677,97.4,Fail,Kumar,Rejected
9678,9678,90.3,Pass,Rajesh,Requires inspection
9679,9679,85.71,Pass,Priya,Approved
9680,9680,75.33,Pass,Anitha,Requires inspection
9681,9681,94.4,Pass,Anitha,Minor issue found
9682,9682,96.12,Fail,Kumar,Requires inspection
9683,9683,70.16,Pass,Priya,Requires inspection
9684,9684,88.93,Pass,Priya,Minor issue found
9685,9685,84.57,Pass,Kumar,Requires inspection
9686,9686,72.29,Pass,Rajesh,Rejected
9687,9687,78.39,Pass,Sneha,Rejected
9688,9688,81.1,Pass,Sneha,Minor issue found
9689,9689,89.14,Pass,Sneha,Requires inspection
9690,9690,90.13,Pass,Rajesh,Minor issue found
9691,9691,71.89,Pass,Priya,Approved
9692,9692,94.08,Pass,Priya,Requires inspection
9693,9693,71.99,Pass,Sneha,Requires inspection
9694,9694,74.45,Fail,Sneha,Requires inspection
9695,9695,73.81,Pass,Sneha,Rejected
9696,9696,99.39,Fail,Sneha,Approved
9697,9697,86.4,Pass,Sneha,Minor issue found
9698,9698,88.92,Pass,Sneha,Approved
9699,9699,77.39,Pass,Rajesh,Minor issue found
9700,9700,80.96,Pass,Sneha,Requires inspection
9701,9701,85.02,Pass,Sneha,Rejected
9702,9702,89.24,Pass,Sneha,Requires inspection
9703,9703,85.28,Pass,Kumar,Approved
9704,9704,71.18,Pass,Sneha,Rejected
9705,9705,73.21,Pass,Rajesh,Rejected
9706,9706,99.69,Pass,Kumar,Requires inspection
9707,9707,93.22,Pass,Priya,Approved
9708,9708,99.82,Fail,Anitha,Minor issue found
9709,9709,96.17,Pass,Priya,Requires inspection
9710,9710,94.09,Pass,Kumar,Rejected
9711,9711,91.81,Fail,Sneha,Rejected
9712,9712,98.62,Pass,Sneha,Requires inspection
9713,9713,83.08,Pass,Kumar,Rejected
9714,9714,82.64,Pass,Anitha,Rejected
9715,9715,79.09,Pass,Kumar,Approved
9716,9716,93.51,Pass,Priya,Approved
9717,9717,74.14,Pass,Sneha,Requires inspection
9718,9718,83.9,Pass,Anitha,Approved
9719,9719,82.15,Pass,Sneha,Requires inspection
9720,9720,86.19,Pass,Sneha,Minor issue found
9721,9721,78.15,Pass,Anitha,Minor issue found
9722,9722,84.14,Pass,Sneha,Approved
9723,9723,86.34,Fail,Priya,Rejected
9724,9724,80.41,Pass,Priya,Requires inspection
9725,9725,73.84,Pass,Sneha,Minor issue found
9726,9726,74.43,Pass,Kumar,Minor issue found
9727,9727,77.92,Pass,Rajesh,Minor issue found
9728,9728,84.61,Pass,Priya,Rejected
9729,9729,84.33,Pass,Rajesh,Minor issue found
9730,9730,83.39,Pass,Sneha,Rejected
9731,9731,95.61,Pass,Rajesh,Approved
9732,9732,98.6,Fail,Anitha,Requires inspection
9733,9733,95.42,Pass,Priya,Rejected
9734,9734,88.67,Fail,Priya,Requires inspection
9735,9735,84.5,Pass,Sneha,Minor issue found
9736,9736,79.09,Pass,Priya,Minor issue found
9737,9737,79.91,Pass,Kumar,Approved
9738,9738,90.84,Pass,Anitha,Rejected
9739,9739,72.09,Pass,Kumar,Requires inspection
9740,9740,94.09,Pass,Priya,Rejected
9741,9741,92.27,Pass,Rajesh,Requires inspection
9742,9742,90.22,Pass,Kumar,Requires inspection
9743,9743,94.34,Pass,Rajesh,Minor issue found
9744,9744,92.95,Pass,Anitha,Approved
9745,9745,94.8,Pass,Rajesh,Requires inspection
9746,9746,73.48,Fail,Rajesh,Minor issue found
9747,9747,72.21,Pass,Priya,Requires inspection
9748,9748,83.31,Fail,Kumar,Rejected
9749,9749,79.69,Pass,Rajesh,Approved
9750,9750,72.11,Pass,Anitha,Requires inspection
9751,9751,94.94,Pass,Priya,Requires inspection
9752,9752,92.12,Fail,Priya,Requires inspection
9753,9753,89.2,Pass,Rajesh,Rejected
9754,9754,96.5,Pass,Sneha,Approved
9755,9755,84.65,Pass,Rajesh,Rejected
9756,9756,94.82,Pass,Rajesh,Rejected
9757,9757,86.75,Pass,Sneha,Rejected
9758,9758,79.1,Pass,Priya,Approved
9759,9759,89.96,Fail,Rajesh,Requires inspection
9760,9760,76.11,Pass,Kumar,Minor issue found
9761,9761,86.92,Pass,Priya,Minor issue found
9762,9762,95.06,Fail,Sneha,Rejected
9763,9763,72.18,Pass,Anitha,Requires inspection
9764,9764,77.48,Pass,Kumar,Rejected
9765,9765,73.38,Pass,Sneha,Requires inspection
9766,9766,80.0,Pass,Priya,Minor issue found
9767,9767,75.58,Pass,Rajesh,Approved
9768,9768,74.3,Fail,Priya,Rejected
9769,9769,86.09,Fail,Kumar,Minor issue found
9770,9770,71.93,Pass,Sneha,Rejected
9771,9771,96.77,Fail,Priya,Approved
9772,9772,99.22,Pass,Anitha,Approved
9773,9773,77.21,Pass,Kumar,Minor issue found
9774,9774,90.66,Pass,Priya,Minor issue found
9775,9775,78.47,Pass,Anitha,Rejected
9776,9776,83.06,Pass,Kumar,Rejected
9777,9777,94.17,Pass,Priya,Minor issue found
9778,9778,98.34,Fail,Sneha,Approved
9779,9779,79.58,Pass,Sneha,Requires inspection
9780,9780,74.56,Pass,Rajesh,Rejected
9781,9781,99.37,Pass,Anitha,Minor issue found
9782,9782,73.0,Pass,Rajesh,Minor issue found
9783,9783,96.32,Fail,Priya,Requires inspection
9784,9784,79.97,Pass,Rajesh,Requires inspection
9785,9785,83.85,Pass,Rajesh,Rejected
9786,9786,73.47,Fail,Anitha,Requires inspection
9787,9787,74.66,Pass,Anitha,Requires inspection
9788,9788,98.15,Pass,Priya,Approved
9789,9789,78.21,Pass,Priya,Approved
9790,9790,75.77,Pass,Rajesh,Requires inspection
9791,9791,92.83,Pass,Priya,Approved
9792,9792,80.49,Pass,Kumar,Requires inspection
9793,9793,97.17,Pass,Priya,Rejected
9794,9794,70.74,Pass,Rajesh,Minor issue found
9795,9795,78.12,Pass,Priya,Requires inspection
9796,9796,95.63,Pass,Sneha,Approved
9797,9797,93.15,Pass,Priya,Minor issue found
9798,9798,94.16,Pass,Rajesh,Requires inspection
9799,9799,79.32,Fail,Priya,Rejected
9800,9800,96.39,Fail,Kumar,Approved
9801,9801,80.24,Fail,Kumar,Minor issue found
9802,9802,73.97,Pass,Kumar,Rejected
9803,9803,77.12,Pass,Priya,Rejected
9804,9804,96.03,Pass,Rajesh,Approved
9805,9805,77.25,Pass,Kumar,Rejected
9806,9806,80.59,Fail,Kumar,Requires inspection
9807,9807,85.64,Pass,Sneha,Rejected
9808,9808,81.03,Pass,Rajesh,Minor issue found
9809,9809,97.96,Pass,Rajesh,Requires inspection
9810,9810,83.31,Fail,Rajesh,Rejected
9811,9811,73.39,Fail,Kumar,Minor issue found
9812,9812,95.61,Pass,Kumar,Minor issue found
9813,9813,82.08,Pass,Sneha,Rejected
9814,9814,90.15,Fail,Priya,Approved
9815,9815,79.92,Pass,Anitha,Approved
9816,9816,86.86,Fail,Kumar,Rejected
9817,9817,79.09,Pass,Priya,Rejected
9818,9818,78.88,Pass,Anitha,Rejected
9819,9819,98.89,Pass,Rajesh,Requires inspection
9820,9820,82.93,Pass,Sneha,Minor issue found
9821,9821,81.72,Fail,Rajesh,Rejected
9822,9822,83.82,Pass,Rajesh,Approved
9823,9823,73.38,Fail,Priya,Rejected
9824,9824,84.06,Pass,Sneha,Rejected
9825,9825,79.68,Pass,Anitha,Minor issue found
9826,9826,97.45,Pass,Kumar,Minor issue found
9827,9827,90.25,Pass,Sneha,Requires inspection
9828,9828,86.78,Pass,Anitha,Requires inspection
9829,9829,73.85,Fail,Rajesh,Rejected
9830,9830,75.51,Pass,Rajesh,Requires inspection
9831,9831,78.67,Pass,Kumar,Rejected
9832,9832,92.81,Pass,Sneha,Approved
9833,9833,98.63,Pass,Anitha,Rejected
9834,9834,91.33,Pass,Rajesh,Rejected
9835,9835,78.43,Pass,Kumar,Requires inspection
9836,9836,88.87,Pass,Anitha,Approved
9837,9837,91.32,Pass,Priya,Rejected
9838,9838,90.57,Pass,Kumar,Approved
9839,9839,92.36,Pass,Sneha,Requires inspection
9840,9840,89.12,Pass,Rajesh,Requires inspection
9841,9841,70.47,Pass,Sneha,Minor issue found
9842,9842,87.8,Pass,Rajesh,Approved
9843,9843,97.22,Pass,Anitha,Rejected
9844,9844,96.29,Fail,Priya,Minor issue found
9845,9845,94.71,Fail,Sneha,Minor issue found
9846,9846,79.7,Pass,Priya,Requires inspection
9847,9847,97.13,Pass,Rajesh,Minor issue found
9848,9848,82.49,Pass,Rajesh,Rejected
9849,9849,80.38,Pass,Rajesh,Approved
9850,9850,90.51,Pass,Priya,Approved
9851,9851,92.0,Pass,Sneha,Approved
9852,9852,85.46,Pass,Sneha,Minor issue found
9853,9853,90.12,Pass,Rajesh,Requires inspection
9854,9854,84.1,Pass,Sneha,Requires inspection
9855,9855,73.15,Pass,Rajesh,Requires inspection
9856,9856,94.69,Pass,Kumar,Minor issue found
9857,9857,98.2,Pass,Kumar,Rejected
9858,9858,85.95,Pass,Priya,Rejected
9859,9859,96.28,Fail,Sneha,Requires inspection
9860,9860,84.29,Pass,Anitha,Requires inspection
9861,9861,79.29,Pass,Priya,Rejected
9862,9862,88.15,Pass,Anitha,Minor issue found
9863,9863,71.4,Pass,Anitha,Requires inspection
9864,9864,75.79,Pass,Rajesh,Minor issue found
9865,9865,89.89,Pass,Priya,Approved
9866,9866,93.57,Fail,Priya,Requires inspection
9867,9867,81.97,Pass,Kumar,Minor issue found
9868,9868,89.86,Fail,Kumar,Approved
9869,9869,90.17,Pass,Rajesh,Rejected
9870,9870,96.24,Pass,Anitha,Rejected
9871,9871,81.06,Pass,Kumar,Requires inspection
9872,9872,90.45,Pass,Kumar,Requires inspection
9873,9873,74.9,Pass,Anitha,Requires inspection
9874,9874,76.02,Pass,Rajesh,Minor issue found
9875,9875,78.22,Pass,Kumar,Approved
9876,9876,81.29,Fail,Rajesh,Rejected
9877,9877,85.67,Pass,Kumar,Requires inspection
9878,9878,74.78,Pass,Sneha,Approved
9879,9879,76.04,Pass,Priya,Requires inspection
9880,9880,98.86,Pass,Rajesh,Rejected
9881,9881,93.17,Pass,Rajesh,Rejected
9882,9882,79.71,Fail,Sneha,Rejected
9883,9883,99.27,Pass,Kumar,Approved
9884,9884,95.22,Pass,Rajesh,Approved
9885,9885,72.56,Pass,Rajesh,Requires inspection
9886,9886,70.72,Pass,Priya,Rejected
9887,9887,84.0,Pass,Sneha,Minor issue found
9888,9888,78.81,Pass,Sneha,Minor issue found
9889,9889,84.95,Pass,Priya,Rejected
9890,9890,72.34,Pass,Priya,Approved
9891,9891,85.9,Pass,Sneha,Rejected
9892,9892,95.09,Pass,Priya,Requires inspection
9893,9893,73.53,Pass,Sneha,Minor issue found
9894,9894,78.8,Fail,Sneha,Minor issue found
9895,9895,81.81,Pass,Sneha,Rejected
9896,9896,82.46,Pass,Kumar,Requires inspection
9897,9897,86.23,Pass,Rajesh,Requires inspection
9898,9898,91.63,Fail,Anitha,Rejected
9899,9899,74.69,Pass,Priya,Minor issue found
9900,9900,91.26,Fail,Anitha,Rejected
9901,9901,71.21,Pass,Sneha,Rejected
9902,9902,73.87,Pass,Rajesh,Rejected
9903,9903,98.82,Fail,Sneha,Minor issue found
9904,9904,99.49,Pass,Kumar,Approved
9905,9905,70.8,Pass,Sneha,Rejected
9906,9906,93.06,Pass,Rajesh,Approved
9907,9907,86.23,Pass,Anitha,Rejected
9908,9908,71.96,Pass,Priya,Minor issue found
9909,9909,89.09,Pass,Sneha,Approved
9910,9910,83.59,Pass,Kumar,Minor issue found
9911,9911,77.57,Pass,Kumar,Minor issue found
9912,9912,92.59,Pass,Anitha,Requires inspection
9913,9913,82.51,Pass,Priya,Minor issue found
9914,9914,70.28,Pass,Rajesh,Approved
9915,9915,81.38,Fail,Kumar,Requires inspection
9916,9916,75.93,Pass,Rajesh,Approved
9917,9917,78.79,Pass,Priya,Approved
9918,9918,75.77,Pass,Sneha,Requires inspection
9919,9919,90.7,Pass,Sneha,Approved
9920,9920,77.17,Pass,Sneha,Requires inspection
9921,9921,72.45,Pass,Kumar,Requires inspection
9922,9922,84.38,Fail,Priya,Rejected
9923,9923,70.82,Pass,Rajesh,Rejected
9924,9924,78.67,Pass,Kumar,Rejected
9925,9925,94.02,Fail,Sneha,Approved
9926,9926,81.11,Pass,Priya,Requires inspection
9927,9927,90.31,Pass,Priya,Approved
9928,9928,99.48,Pass,Kumar,Approved
9929,9929,91.91,Pass,Priya,Approved
9930,9930,73.12,Pass,Priya,Minor issue found
9931,9931,77.21,Pass,Rajesh,Minor issue found
9932,9932,75.38,Fail,Priya,Approved
9933,9933,97.38,Pass,Priya,Minor issue found
9934,9934,79.14,Pass,Anitha,Requires inspection
9935,9935,71.83,Pass,Sneha,Requires inspection
9936,9936,72.63,Pass,Rajesh,Requires inspection
9937,9937,90.75,Pass,Priya,Approved
9938,9938,89.94,Pass,Rajesh,Rejected
9939,9939,71.57,Pass,Priya,Rejected
9940,9940,72.85,Pass,Sneha,Minor issue found
9941,9941,71.96,Fail,Priya,Minor issue found
9942,9942,71.12,Fail,Sneha,Requires inspection
9943,9943,78.14,Pass,Rajesh,Minor issue found
9944,9944,94.02,Pass,Rajesh,Approved
9945,9945,98.28,Pass,Rajesh,Minor issue found
9946,9946,88.55,Pass,Sneha,Approved
9947,9947,74.72,Pass,Rajesh,Requires inspection
9948,9948,81.83,Fail,Rajesh,Minor issue found
9949,9949,93.64,Pass,Rajesh,Minor issue found
9950,9950,78.4,Pass,Kumar,Minor issue found
9951,9951,85.75,Pass,Sneha,Minor issue found
9952,9952,85.43,Pass,Anitha,Rejected
9953,9953,86.03,Pass,Sneha,Minor issue found
9954,9954,76.58,Pass,Kumar,Requires inspection
9955,9955,70.36,Pass,Anitha,Approved
9956,9956,71.49,Pass,Sneha,Minor issue found
9957,9957,72.45,Pass,Anitha,Approved
9958,9958,84.69,Pass,Rajesh,Requires inspection
9959,9959,95.25,Pass,Kumar,Approved
9960,9960,83.46,Pass,Kumar,Approved
9961,9961,78.98,Pass,Kumar,Minor issue found
9962,9962,85.75,Pass,Sneha,Rejected
9963,9963,96.31,Pass,Rajesh,Requires inspection
9964,9964,98.5,Pass,Priya,Approved
9965,9965,90.2,Pass,Kumar,Minor issue found
9966,9966,81.47,Pass,Anitha,Requires inspection
9967,9967,70.92,Pass,Sneha,Minor issue found
9968,9968,78.07,Pass,Anitha,Approved
9969,9969,70.66,Pass,Sneha,Requires inspection
9970,9970,74.73,Pass,Sneha,Minor issue found
9971,9971,71.35,Pass,Priya,Requires inspection
9972,9972,82.59,Pass,Kumar,Rejected
9973,9973,71.14,Pass,Sneha,Requires inspection
9974,9974,92.2,Pass,Rajesh,Approved
9975,9975,91.28,Fail,Sneha,Approved
9976,9976,94.01,Pass,Sneha,Minor issue found
9977,9977,83.11,Pass,Priya,Approved
9978,9978,98.51,Pass,Sneha,Rejected
9979,9979,99.88,Pass,Kumar,Rejected
9980,9980,71.6,Pass,Priya,Approved
9981,9981,75.19,Pass,Kumar,Requires inspection
9982,9982,95.12,Pass,Anitha,Rejected
9983,9983,86.29,Pass,Anitha,Minor issue found
9984,9984,87.94,Pass,Kumar,Minor issue found
9985,9985,74.43,Fail,Sneha,Rejected
9986,9986,74.65,Pass,Rajesh,Approved
9987,9987,89.29,Fail,Kumar,Rejected
9988,9988,84.46,Pass,Kumar,Requires inspection
9989,9989,73.88,Pass,Priya,Minor issue found
9990,9990,76.45,Fail,Sneha,Requires inspection
9991,9991,99.53,Pass,Kumar,Approved
9992,9992,89.15,Pass,Rajesh,Approved
9993,9993,95.24,Pass,Sneha,Approved
9994,9994,75.52,Pass,Priya,Minor issue found
9995,9995,84.26,Pass,Priya,Minor issue found
9996,9996,77.43,Pass,Priya,Requires inspection
9997,9997,73.07,Pass,Kumar,Minor issue found
9998,9998,87.2,Pass,Priya,Rejected
9999,9999,73.85,Pass,Anitha,Minor issue found
10000,10000,75.09,Pass,Sneha,Minor issue found
